target_index,target,pred_s0,pred_s1,pred_s2,ctrl_s0,ctrl_s1,ctrl_s2,B1,B2,B3,B4,group,event_sign,hours_since_onset,target_hour,target_day
24,52,37.679,39.410,39.652,92.265,91.268,91.367,21.000,88.167,110.000,61.343,after,1,24,0,0
25,55,43.433,49.719,49.703,91.765,90.718,91.530,52.000,85.750,102.000,59.743,after,1,25,1,0
26,63,48.629,55.319,50.909,91.425,90.333,91.726,55.000,83.792,116.000,61.829,after,1,26,2,0
27,81,56.679,62.676,55.066,90.997,89.858,91.904,63.000,81.583,83.000,63.543,after,1,27,3,0
28,47,70.995,75.544,64.375,91.308,90.148,92.237,81.000,81.500,130.000,60.000,after,1,28,4,0
29,62,51.852,58.640,60.156,90.446,89.223,92.324,47.000,78.042,39.000,77.171,other,0,-1,5,0
30,37,58.973,68.778,71.309,91.120,89.888,92.732,62.000,79.000,61.000,77.686,other,0,-1,6,0
31,91,58.224,65.476,70.814,91.112,89.847,92.998,37.000,78.000,35.000,91.543,other,0,-1,7,0
32,70,79.524,97.738,98.773,92.263,91.006,93.506,91.000,80.333,66.000,101.114,other,0,-1,8,0
33,86,88.906,102.497,98.371,92.662,91.386,93.856,70.000,80.500,96.000,122.829,other,0,-1,9,0
34,243,109.059,121.621,112.821,92.857,91.556,94.164,86.000,80.083,92.000,137.200,other,0,-1,10,0
35,140,245.967,234.839,213.462,95.385,94.139,94.960,243.000,86.375,158.000,150.314,other,0,-1,11,0
36,181,151.818,158.647,152.311,95.464,94.188,95.244,140.000,85.625,118.000,163.229,other,0,-1,12,0
37,191,175.500,180.956,179.956,96.717,95.452,95.773,181.000,88.250,122.000,172.800,other,0,-1,13,0
38,191,179.835,183.062,185.612,98.057,96.806,96.320,191.000,91.125,131.000,172.257,other,0,-1,14,0
39,280,173.254,175.412,181.225,99.266,98.025,96.840,191.000,93.625,153.000,183.343,other,0,-1,15,0
40,164,239.451,229.433,234.730,101.446,100.249,97.562,280.000,98.917,114.000,162.143,other,0,-1,16,0
41,110,139.496,136.652,145.594,102.510,101.318,98.052,164.000,101.000,105.000,148.800,other,0,-1,17,0
42,111,120.890,109.326,106.977,102.923,101.712,98.405,110.000,101.208,98.000,128.829,other,0,-1,18,0
43,99,101.716,92.573,96.906,103.451,102.227,98.783,111.000,101.750,45.000,110.171,other,0,-1,19,0
44,77,84.993,76.696,82.794,104.574,103.356,99.285,99.000,104.000,50.000,85.143,other,0,-1,20,0
45,85,72.134,63.712,69.406,105.305,104.080,99.705,77.000,105.125,30.000,75.143,other,0,-1,21,0
46,40,63.175,59.750,66.362,106.442,105.224,100.210,85.000,107.417,41.000,65.229,other,0,-1,22,0
47,39,55.915,48.661,53.437,106.768,105.529,100.545,40.000,107.375,21.000,63.543,other,0,-1,23,0
48,67,52.948,47.774,51.460,107.369,106.118,100.938,39.000,108.125,52.000,61.694,other,0,-1,0,1
49,64,58.218,57.246,56.825,107.760,106.545,101.296,67.000,108.750,55.000,62.000,other,0,-1,1,1
50,36,60.610,59.007,55.893,108.064,106.882,101.635,64.000,109.125,63.000,62.222,other,0,-1,2,1
51,54,54.840,51.255,51.827,107.847,106.679,101.866,36.000,108.000,81.000,61.389,other,0,-1,3,1
52,64,61.751,59.213,58.169,107.630,106.476,102.097,54.000,106.875,47.000,63.583,other,0,-1,4,1
53,74,66.582,65.098,65.317,108.050,106.933,102.460,64.000,107.583,62.000,65.139,other,0,-1,5,1
54,71,71.781,72.160,74.716,108.398,107.315,102.809,74.000,108.083,37.000,66.417,other,0,-1,6,1
55,62,76.337,77.633,82.480,109.064,108.026,103.224,71.000,109.500,91.000,77.639,other,0,-1,7,1
56,100,87.973,88.029,89.129,108.818,107.793,103.449,62.000,108.292,70.000,91.833,other,0,-1,8,1
57,96,107.913,112.692,113.510,109.427,108.445,103.852,100.000,109.542,86.000,109.944,other,0,-1,9,1
58,137,126.462,130.629,122.479,109.746,108.797,104.194,96.000,109.958,243.000,131.361,other,0,-1,10,1
59,178,150.069,152.947,151.272,108.384,107.410,104.186,137.000,105.542,140.000,148.500,other,0,-1,11,1
60,201,176.436,175.480,180.681,109.108,108.181,104.613,178.000,107.125,181.000,174.389,other,0,-1,12,1
61,162,192.359,190.314,197.460,109.572,108.683,104.986,201.000,107.958,191.000,191.778,other,0,-1,13,1
62,168,175.823,173.009,173.515,109.326,108.450,105.211,162.000,106.750,191.000,190.222,other,0,-1,14,1
63,189,172.123,169.999,170.797,109.167,108.307,105.454,168.000,105.792,280.000,183.056,other,0,-1,15,1
64,126,165.528,169.011,172.622,108.022,107.145,105.491,189.000,102.000,164.000,168.806,other,0,-1,16,1
65,108,146.709,136.905,128.042,107.646,106.777,105.688,126.000,100.417,110.000,158.750,other,0,-1,17,1
66,128,131.711,118.983,109.920,107.791,106.949,105.994,108.000,100.333,111.000,131.639,other,0,-1,18,1
67,99,110.923,105.441,108.696,108.211,107.406,106.358,128.000,101.042,99.000,103.944,other,0,-1,19,1
68,74,95.718,86.887,90.616,108.385,107.608,106.670,99.000,101.042,77.000,92.389,other,0,-1,20,1
69,86,82.840,72.815,76.375,108.515,107.765,106.974,74.000,100.917,85.000,77.389,other,0,-1,21,1
70,39,70.290,68.414,72.730,108.704,107.981,107.289,86.000,100.958,40.000,64.944,other,0,-1,22,1
71,35,64.401,56.492,55.505,108.863,108.168,107.598,39.000,100.917,39.000,62.889,other,0,-1,23,1
72,50,59.240,54.254,50.403,108.979,108.310,107.899,35.000,100.750,67.000,59.639,other,0,-1,0,2
73,37,58.631,58.553,56.955,108.610,107.988,107.898,50.000,100.042,64.000,64.167,other,0,-1,1,2
74,61,57.827,55.852,53.282,108.095,107.515,107.868,37.000,98.917,36.000,56.194,other,0,-1,2,2
75,58,64.254,64.538,57.861,108.334,107.822,107.994,61.000,99.958,54.000,60.528,other,0,-1,3,2
76,57,65.664,64.430,58.984,108.269,107.814,108.057,58.000,100.125,64.000,62.444,other,0,-1,4,2
77,46,68.029,65.326,62.111,108.044,107.642,108.087,57.000,99.833,74.000,62.833,other,0,-1,5,2
78,78,72.013,65.670,64.699,107.515,107.154,108.054,46.000,98.667,71.000,70.472,other,0,-1,6,2
79,46,83.610,78.488,79.721,107.493,107.191,108.126,78.000,98.958,62.000,78.639,other,0,-1,7,2
80,78,98.375,85.832,79.844,107.138,106.884,108.129,46.000,98.292,100.000,89.639,other,0,-1,8,2
81,100,114.256,104.861,99.872,106.696,106.486,108.113,78.000,97.375,96.000,104.833,other,0,-1,9,2
82,140,132.540,126.122,119.540,106.631,106.478,108.176,100.000,97.542,137.000,127.694,other,0,-1,10,2
83,137,151.326,146.896,147.708,106.551,106.455,108.236,140.000,97.667,178.000,145.361,other,0,-1,11,2
84,191,162.135,160.913,155.199,105.834,105.773,108.163,137.000,95.958,201.000,159.222,other,0,-1,12,2
85,140,179.356,180.497,185.716,105.566,105.555,108.184,191.000,95.542,162.000,182.222,other,0,-1,13,2
86,185,167.029,167.870,159.617,105.124,105.158,108.169,140.000,94.625,168.000,185.000,other,0,-1,14,2
87,182,168.993,177.596,175.608,105.247,105.345,108.271,185.000,95.333,189.000,172.750,other,0,-1,15,2
88,144,158.988,168.497,163.891,105.022,105.172,108.301,182.000,95.042,126.000,158.694,other,0,-1,16,2
89,192,144.454,143.933,133.762,105.159,105.374,108.407,144.000,95.792,108.000,148.139,other,0,-1,17,2
90,100,131.372,150.241,144.105,106.253,106.565,108.712,192.000,99.292,128.000,124.722,other,0,-1,18,2
91,135,114.429,105.115,94.472,105.724,106.078,108.678,100.000,98.125,99.000,108.833,other,0,-1,19,2
92,96,92.832,100.300,98.415,106.122,106.550,108.838,135.000,99.625,74.000,89.361,other,0,-1,20,2
93,95,80.207,78.963,76.551,106.318,106.812,108.956,96.000,100.542,86.000,75.500,other,0,-1,21,2
94,59,68.423,72.528,68.659,106.325,106.879,109.034,95.000,100.917,39.000,67.139,other,0,-1,22,2
95,80,61.731,59.606,53.554,106.491,107.111,109.146,59.000,101.750,35.000,62.722,other,0,-1,23,2
96,72,59.351,65.337,53.665,107.020,107.718,109.333,80.000,103.625,50.000,61.389,other,0,-1,0,3
97,62,57.741,65.772,61.641,107.011,107.761,109.151,72.000,104.542,37.000,64.194,other,0,-1,1,3
98,89,57.506,63.296,58.322,107.045,107.849,108.978,62.000,105.583,61.000,65.056,other,0,-1,2,3
99,90,70.052,75.984,64.007,107.123,107.983,108.814,89.000,106.750,58.000,61.583,other,0,-1,3,3
100,58,73.257,76.864,66.215,107.259,108.176,108.662,90.000,108.083,57.000,61.250,other,0,-1,4,3
101,114,64.488,64.402,62.699,106.946,107.905,108.416,58.000,108.125,46.000,63.500,other,0,-1,5,3
102,76,89.864,87.997,82.720,107.603,108.637,108.374,114.000,110.958,78.000,67.778,other,0,-1,6,3
103,47,80.693,75.932,80.090,107.247,108.321,108.119,76.000,110.875,46.000,79.889,other,0,-1,7,3
104,61,95.952,82.524,81.302,106.933,108.050,107.873,47.000,110.917,78.000,92.417,other,0,-1,8,3
105,98,113.244,101.833,96.161,106.359,107.508,107.573,61.000,110.208,100.000,115.000,other,0,-1,9,3
106,128,130.230,125.096,120.897,106.003,107.192,107.318,98.000,110.125,140.000,126.583,other,0,-1,10,3
107,168,148.026,147.626,144.126,105.501,106.726,107.033,128.000,109.625,137.000,145.861,other,0,-1,11,3
108,107,166.596,169.028,169.578,105.623,106.904,106.879,168.000,110.917,191.000,168.111,other,0,-1,12,3
109,212,163.241,160.225,149.476,104.078,105.358,106.376,107.000,107.417,140.000,177.472,other,0,-1,13,3
110,230,187.279,193.570,194.183,104.793,106.151,106.345,212.000,110.417,185.000,176.694,other,0,-1,14,3
111,238,188.955,200.504,198.690,105.118,106.539,106.232,230.000,112.292,182.000,173.972,other,0,-1,15,3
112,146,180.641,199.504,194.684,105.601,107.092,106.153,238.000,114.625,144.000,162.111,other,0,-1,16,3
113,141,139.989,141.093,139.237,105.302,106.836,105.911,146.000,114.708,192.000,150.028,other,0,-1,17,3
114,107,121.939,125.829,124.843,104.236,105.785,105.508,141.000,112.583,100.000,132.389,other,0,-1,18,3
115,113,104.993,102.249,100.421,104.010,105.603,105.280,107.000,112.875,135.000,108.528,other,0,-1,19,3
116,54,85.671,90.798,92.654,103.363,104.987,104.965,113.000,111.958,96.000,100.083,other,0,-1,20,3
117,11,76.657,66.357,67.611,102.427,104.071,104.589,54.000,110.208,95.000,85.306,inside,-1,0,21,3
118,17,69.004,52.330,52.602,100.883,102.526,104.087,11.000,106.708,59.000,74.778,inside,-1,1,22,3
119,10,56.622,44.695,49.324,99.947,101.609,103.711,17.000,104.958,80.000,70.444,inside,-1,2,23,3
120,16,49.639,39.415,44.695,98.605,100.274,103.250,10.000,102.042,72.000,60.917,inside,-1,3,0,4
121,68,42.776,39.817,42.612,97.508,99.145,102.720,16.000,99.708,62.000,56.972,after,-1,4,1,4
122,78,50.678,57.163,50.432,97.310,98.945,102.377,68.000,99.958,89.000,51.583,after,-1,5,2,4
123,68,58.372,63.353,53.008,96.865,98.491,101.982,78.000,99.500,90.000,54.556,after,-1,6,3,4
124,37,56.539,59.978,53.249,96.261,97.872,101.555,68.000,98.583,58.000,57.139,after,-1,7,4,4
125,55,51.463,50.428,50.608,95.672,97.268,101.130,37.000,97.708,114.000,54.694,after,-1,8,5,4
126,80,59.032,58.813,60.133,94.532,96.094,100.591,55.000,95.250,76.000,65.167,after,-1,9,6,4
127,55,70.300,72.277,75.535,94.304,95.864,100.241,80.000,95.417,47.000,74.667,after,-1,10,7,4
128,92,81.748,76.113,78.351,94.135,95.695,99.905,55.000,95.750,61.000,86.667,after,-1,11,8,4
129,111,98.487,101.005,104.138,94.299,95.870,99.637,92.000,97.042,98.000,109.861,after,-1,12,9,4
130,194,118.043,126.277,125.877,94.202,95.776,99.315,111.000,97.583,128.000,125.222,after,-1,13,10,4
131,205,158.840,182.357,178.589,94.872,96.476,99.154,194.000,100.333,168.000,147.361,after,-1,14,11,4
132,254,174.322,198.011,193.242,95.123,96.741,98.905,205.000,101.875,107.000,161.111,after,-1,15,12,4
133,173,214.841,238.317,224.798,96.967,98.655,98.988,254.000,108.000,212.000,174.694,after,-1,16,13,4
134,232,171.953,175.367,180.292,96.117,97.781,98.509,173.000,106.375,230.000,178.167,after,-1,17,14,4
135,123,186.204,204.828,205.438,95.861,97.522,98.154,232.000,106.458,238.000,172.583,after,-1,18,15,4
136,119,152.459,139.534,139.279,93.909,95.509,97.445,123.000,101.667,146.000,165.472,after,-1,19,16,4
137,151,135.462,126.201,125.332,93.233,94.815,97.002,119.000,100.542,141.000,138.861,after,-1,20,17,4
138,112,112.709,120.740,126.285,93.092,94.675,96.671,151.000,100.958,107.000,121.333,after,-1,21,18,4
139,81,95.782,94.775,99.647,92.880,94.461,96.325,112.000,101.167,113.000,101.944,after,-1,22,19,4
140,75,81.868,74.698,81.513,92.131,93.692,95.867,81.000,99.833,54.000,84.222,after,-1,23,20,4
141,48,65.275,61.930,73.694,92.150,93.717,95.570,75.000,100.708,11.000,70.889,after,-1,24,21,4
142,94,55.646,48.656,62.949,92.400,93.982,95.321,48.000,102.250,17.000,63.889,after,-1,25,22,4
143,38,44.110,58.449,68.893,93.230,94.847,95.192,94.000,105.458,10.000,57.111,after,-1,26,23,4
144,18,39.202,38.855,54.620,93.351,94.978,94.916,38.000,106.625,16.000,38.722,after,-1,27,0,5
145,26,35.735,34.373,34.281,93.352,94.933,94.720,18.000,106.708,68.000,42.139,other,0,-1,1,5
146,29,36.501,37.650,35.423,92.715,94.229,94.392,26.000,104.958,78.000,43.389,other,0,-1,2,5
147,39,38.832,39.983,36.725,91.977,93.420,94.042,29.000,102.917,68.000,43.528,other,0,-1,3,5
148,31,43.560,44.797,40.729,91.529,92.911,93.752,39.000,101.708,37.000,42.111,other,0,-1,4,5
149,55,44.698,43.542,42.449,91.414,92.747,93.533,31.000,101.458,55.000,43.028,other,0,-1,5,5
150,53,53.718,54.580,53.858,91.386,92.672,93.331,55.000,101.458,80.000,55.167,other,0,-1,6,5
151,66,59.221,58.690,60.346,90.966,92.193,93.048,53.000,100.333,55.000,63.917,other,0,-1,7,5
152,68,71.123,71.917,73.719,91.098,92.283,92.879,66.000,100.792,92.000,81.722,other,0,-1,8,5
153,91,87.450,85.138,84.203,90.722,91.849,92.605,68.000,99.792,111.000,98.167,other,0,-1,9,5
154,95,105.806,107.909,105.326,90.404,91.475,92.343,91.000,98.958,194.000,102.556,other,0,-1,10,5
155,148,124.111,121.544,116.803,88.942,89.916,91.841,95.000,94.833,205.000,122.722,other,0,-1,11,5
156,151,144.037,155.726,156.262,88.088,88.988,91.467,148.000,92.458,254.000,141.028,other,0,-1,12,5
157,230,153.676,158.428,161.844,86.568,87.369,90.954,151.000,88.167,173.000,161.333,other,0,-1,13,5
158,202,193.768,210.826,214.749,87.365,88.149,90.925,230.000,90.542,232.000,179.778,other,0,-1,14,5
159,160,166.511,178.611,188.780,86.903,87.625,90.632,202.000,89.292,123.000,180.472,other,0,-1,15,5
160,150,142.196,145.154,151.339,87.411,88.105,90.543,160.000,90.833,119.000,165.833,other,0,-1,16,5
161,94,122.562,128.309,130.888,87.832,88.496,90.435,150.000,92.125,151.000,148.556,other,0,-1,17,5
162,103,105.477,100.402,90.329,86.978,87.567,90.061,94.000,89.750,112.000,114.861,other,0,-1,18,5
163,119,84.561,85.562,80.766,86.819,87.357,89.832,103.000,89.375,81.000,90.528,other,0,-1,19,5
164,45,64.794,75.076,75.139,87.342,87.853,89.745,119.000,90.958,75.000,74.972,other,0,-1,20,5
165,46,57.619,50.802,50.348,86.879,87.328,89.453,45.000,89.708,48.000,60.444,other,0,-1,21,5
166,45,43.926,42.138,46.750,86.822,87.224,89.245,46.000,89.625,94.000,52.389,other,0,-1,22,5
167,46,35.529,37.760,43.734,86.084,86.415,88.895,45.000,87.583,38.000,44.139,other,0,-1,23,5
168,37,32.207,37.651,41.914,86.172,86.460,88.718,46.000,87.917,18.000,32.472,other,0,-1,0,6
169,25,32.667,35.814,33.517,86.697,86.942,88.885,37.000,88.708,26.000,34.500,other,0,-1,1,6
170,37,32.203,34.243,32.805,86.933,87.123,88.991,25.000,88.667,29.000,33.361,other,0,-1,2,6
171,28,38.674,41.185,37.496,87.299,87.440,89.125,37.000,89.000,39.000,35.222,other,0,-1,3,6
172,25,38.184,39.252,38.937,87.390,87.472,89.202,28.000,88.542,31.000,34.028,other,0,-1,4,6
173,26,39.926,40.035,42.629,87.554,87.578,89.293,25.000,88.292,55.000,36.611,other,0,-1,5,6
174,40,44.198,43.637,48.280,87.384,87.340,89.315,26.000,87.083,53.000,38.694,other,0,-1,6,6
175,37,53.173,53.995,58.986,87.446,87.342,89.385,40.000,86.542,66.000,47.194,other,0,-1,7,6
176,66,64.803,62.249,65.056,87.276,87.104,89.407,37.000,85.333,68.000,59.167,other,0,-1,8,6
177,42,81.570,83.227,84.085,87.497,87.270,89.511,66.000,85.250,91.000,78.778,other,0,-1,9,6
178,90,101.826,85.724,80.407,87.038,86.732,89.472,42.000,83.208,95.000,101.278,other,0,-1,10,6
179,140,119.519,112.860,109.469,87.215,86.854,89.567,90.000,83.000,148.000,121.778,other,0,-1,11,6
180,115,141.644,145.766,144.669,87.350,86.931,89.652,140.000,82.667,151.000,140.833,other,0,-1,12,6
181,131,146.841,136.648,130.802,87.079,86.587,89.653,115.000,81.167,230.000,148.472,other,0,-1,13,6
182,97,150.744,145.736,140.380,85.895,85.300,89.463,131.000,77.042,202.000,156.639,other,0,-1,14,6
183,179,143.966,134.804,115.861,84.624,83.923,89.255,97.000,72.667,160.000,153.306,other,0,-1,15,6
184,148,142.637,154.238,160.343,85.150,84.404,89.422,179.000,73.458,150.000,133.083,other,0,-1,16,6
185,158,120.282,128.757,127.870,85.371,84.571,89.526,148.000,73.375,94.000,123.667,other,0,-1,17,6
186,176,102.626,115.158,117.186,86.548,85.727,89.829,158.000,76.042,103.000,102.583,other,0,-1,18,6
187,64,91.644,104.407,107.155,87.856,87.017,90.160,176.000,79.083,119.000,79.889,other,0,-1,19,6
188,59,71.527,69.029,55.022,87.310,86.389,90.103,64.000,76.792,45.000,59.111,other,0,-1,20,6
189,51,57.179,56.843,47.492,87.763,86.796,90.255,59.000,77.375,46.000,47.306,other,0,-1,21,6
190,27,46.722,48.874,42.265,88.085,87.067,90.380,51.000,77.583,45.000,35.306,other,0,-1,22,6
191,20,40.519,41.573,36.192,88.075,86.994,90.435,27.000,76.833,46.000,32.556,other,0,-1,23,6
192,69,36.367,39.234,33.979,87.948,86.801,90.466,20.000,75.750,37.000,61.343,other,0,-1,0,0
193,34,49.211,57.839,46.554,88.752,87.600,90.901,69.000,77.083,25.000,59.743,other,0,-1,1,0
194,70,40.193,47.054,40.627,89.223,88.055,91.267,34.000,77.458,37.000,61.829,other,0,-1,2,0
195,38,59.859,67.089,51.262,90.041,88.869,91.705,70.000,78.833,28.000,63.543,other,0,-1,3,0
196,91,46.356,53.186,48.176,90.526,89.338,92.073,38.000,79.250,25.000,60.000,other,0,-1,4,0
197,65,77.726,83.433,68.906,91.822,90.647,92.612,91.000,82.000,26.000,77.171,other,0,-1,5,0
198,59,59.939,70.489,68.746,92.727,91.552,93.068,65.000,83.625,40.000,77.686,other,0,-1,6,0
199,106,61.056,73.405,75.333,93.343,92.156,93.464,59.000,84.417,37.000,91.543,other,0,-1,7,0
200,54,88.083,105.986,103.302,94.683,93.510,94.011,106.000,87.292,66.000,101.114,other,0,-1,8,0
201,128,87.672,97.759,90.937,94.849,93.650,94.313,54.000,86.792,42.000,122.829,other,0,-1,9,0
202,124,120.607,140.250,133.723,96.435,95.258,94.912,128.000,90.375,90.000,137.200,other,0,-1,10,0
203,135,134.149,146.710,139.021,97.268,96.088,95.353,124.000,91.792,140.000,150.314,other,0,-1,11,0
204,121,150.653,156.670,150.214,97.536,96.332,95.676,135.000,91.583,115.000,163.229,other,0,-1,12,0
205,152,156.149,153.989,144.041,97.963,96.742,96.033,121.000,91.833,131.000,172.800,other,0,-1,13,0
206,132,165.976,164.849,161.285,98.607,97.376,96.435,152.000,92.708,97.000,172.257,other,0,-1,14,0
207,210,158.847,153.625,144.653,99.454,98.220,96.879,132.000,94.167,179.000,183.343,other,0,-1,15,0
208,130,170.843,176.110,185.726,100.243,99.005,97.311,210.000,95.458,148.000,162.143,other,0,-1,16,0
209,131,133.962,132.055,126.192,100.323,99.054,97.595,130.000,94.708,158.000,148.800,other,0,-1,17,0
210,123,116.223,116.210,115.489,100.272,98.969,97.852,131.000,93.583,176.000,128.829,other,0,-1,18,0
211,54,98.094,98.054,101.200,99.844,98.494,98.030,123.000,91.375,64.000,110.171,other,0,-1,19,0
212,55,87.676,78.104,70.562,100.040,98.664,98.338,54.000,90.958,59.000,85.143,other,0,-1,20,0
213,97,71.874,65.154,64.215,100.322,98.923,98.664,55.000,90.792,51.000,75.143,other,0,-1,21,0
214,69,62.935,66.254,69.242,101.329,99.932,99.142,97.000,92.708,27.000,65.229,other,0,-1,22,0
215,69,55.931,58.306,59.627,102.277,100.882,99.607,69.000,94.458,20.000,63.543,other,0,-1,23,0
216,49,57.330,60.284,58.429,103.327,101.936,100.094,69.000,96.500,69.000,61.694,other,0,-1,0,1
217,54,52.114,53.933,53.367,103.211,101.838,100.346,49.000,95.667,34.000,62.000,other,0,-1,1,1
218,45,56.002,58.029,54.272,103.675,102.340,100.719,54.000,96.500,70.000,62.222,other,0,-1,2,1
219,39,55.800,56.707,53.835,103.487,102.167,100.955,45.000,95.458,38.000,61.389,other,0,-1,3,1
220,64,56.167,56.393,55.775,103.675,102.384,101.271,39.000,95.500,91.000,63.583,other,0,-1,4,1
221,61,65.836,67.275,66.153,103.458,102.181,101.501,64.000,94.375,65.000,65.139,other,0,-1,5,1
222,129,66.758,69.370,72.099,103.574,102.323,101.802,61.000,94.208,59.000,66.417,other,0,-1,6,1
223,68,106.229,104.288,102.850,104.762,103.574,102.326,129.000,97.125,106.000,77.639,other,0,-1,7,1
224,87,86.278,90.667,91.687,104.386,103.206,102.523,68.000,95.542,54.000,91.833,other,0,-1,8,1
225,93,104.824,111.560,108.710,105.038,103.903,102.935,87.000,96.917,128.000,109.944,other,0,-1,9,1
226,182,124.293,131.216,121.175,104.704,103.580,103.142,93.000,95.458,124.000,131.361,other,0,-1,10,1
227,134,172.577,168.770,174.934,105.719,104.651,103.629,182.000,97.875,135.000,148.500,other,0,-1,11,1
228,208,160.381,162.450,156.224,105.878,104.838,103.939,134.000,97.833,121.000,174.389,other,0,-1,12,1
229,216,196.831,194.265,201.068,107.312,106.344,104.514,208.000,101.458,152.000,191.778,other,0,-1,13,1
230,153,197.335,198.261,204.703,108.413,107.506,105.020,216.000,104.125,132.000,190.222,other,0,-1,14,1
231,206,169.417,165.307,162.278,108.891,108.022,105.396,153.000,105.000,210.000,183.056,other,0,-1,15,1
232,205,170.987,177.312,182.625,109.007,108.164,105.696,206.000,104.833,130.000,168.806,other,0,-1,16,1
233,96,155.997,162.467,169.113,110.268,109.490,106.236,205.000,107.958,131.000,158.750,other,0,-1,17,1
234,164,133.102,117.393,105.356,109.935,109.168,106.442,96.000,106.500,123.000,131.639,other,0,-1,18,1
235,109,111.879,113.385,123.581,110.703,109.984,106.878,164.000,108.208,54.000,103.944,other,0,-1,19,1
236,52,94.723,87.454,92.997,111.673,111.011,107.357,109.000,110.500,55.000,92.389,other,0,-1,20,1
237,128,86.065,70.540,69.570,111.804,111.168,107.660,52.000,110.375,97.000,77.389,other,0,-1,21,1
238,68,77.833,81.303,83.871,112.427,111.834,108.066,128.000,111.667,69.000,64.944,other,0,-1,22,1
239,38,64.030,61.678,60.947,112.586,112.021,108.376,68.000,111.625,69.000,62.889,other,0,-1,23,1
240,44,59.366,54.352,49.676,112.311,111.758,108.594,38.000,110.333,49.000,59.639,other,0,-1,0,2
241,64,58.559,56.595,54.465,112.115,111.615,108.630,44.000,110.125,54.000,64.167,other,0,-1,1,2
242,40,63.165,64.087,56.968,112.137,111.698,108.712,64.000,110.542,45.000,56.194,other,0,-1,2,2
243,95,60.200,57.554,52.904,111.941,111.555,108.748,40.000,110.333,39.000,60.528,other,0,-1,3,2
244,83,82.541,79.469,65.942,112.629,112.327,108.968,95.000,112.667,64.000,62.444,other,0,-1,4,2
245,88,77.448,74.471,67.273,112.781,112.544,109.077,83.000,113.458,61.000,62.833,other,0,-1,5,2
246,82,81.743,77.633,74.524,113.049,112.881,109.209,88.000,114.583,129.000,70.472,other,0,-1,6,2
247,70,85.474,79.559,80.714,112.245,112.108,109.118,82.000,112.625,68.000,78.639,other,0,-1,7,2
248,91,97.583,87.375,86.895,112.151,112.070,109.175,70.000,112.708,87.000,89.639,other,0,-1,8,2
249,142,115.279,105.523,104.814,112.085,112.063,109.239,91.000,112.875,93.000,104.833,other,0,-1,9,2
250,88,139.030,129.292,137.281,112.672,112.729,109.438,142.000,114.917,182.000,127.694,other,0,-1,10,2
251,149,150.178,147.255,126.495,111.187,111.252,109.205,88.000,111.000,134.000,145.361,other,0,-1,11,2
252,93,165.486,162.467,161.608,111.281,111.409,109.301,149.000,111.625,208.000,159.222,other,0,-1,12,2
253,118,164.361,161.373,140.551,109.492,109.618,109.004,93.000,106.833,216.000,182.222,other,0,-1,13,2
254,177,164.232,163.309,149.950,107.949,108.081,108.759,118.000,102.750,153.000,185.000,other,0,-1,14,2
255,217,169.168,174.529,171.971,108.173,108.373,108.882,177.000,103.750,206.000,172.750,other,0,-1,15,2
256,178,172.360,186.169,182.521,108.209,108.470,108.967,217.000,104.208,205.000,158.694,other,0,-1,16,2
257,152,146.493,156.506,150.104,107.695,107.997,108.936,178.000,103.083,96.000,148.139,other,0,-1,17,2
258,114,128.115,133.541,125.613,108.382,108.769,109.157,152.000,105.417,164.000,124.722,other,0,-1,18,2
259,132,111.028,109.151,99.702,107.535,107.952,109.056,114.000,103.333,109.000,108.833,other,0,-1,19,2
260,112,92.206,100.726,97.375,107.745,108.229,109.177,132.000,104.292,52.000,89.361,other,0,-1,20,2
261,85,78.034,85.069,81.357,108.491,109.060,109.410,112.000,106.792,128.000,75.500,other,0,-1,21,2
262,63,67.653,70.498,64.835,107.744,108.348,109.331,85.000,105.000,68.000,67.139,other,0,-1,22,2
263,55,60.389,61.082,52.778,107.549,108.205,109.367,63.000,104.792,38.000,62.722,other,0,-1,23,2
264,78,56.004,57.624,46.515,107.672,108.392,109.469,55.000,105.500,44.000,61.389,other,0,-1,0,3
265,53,59.072,68.249,60.170,107.837,108.616,109.323,78.000,106.917,64.000,64.194,other,0,-1,1,3
266,22,55.454,60.115,53.892,107.350,108.164,109.041,53.000,106.458,40.000,65.056,other,0,-1,2,3
267,60,53.711,52.220,48.555,106.761,107.608,108.738,22.000,105.708,95.000,61.583,other,0,-1,3,3
268,48,61.871,64.270,57.473,105.926,106.797,108.384,60.000,104.250,83.000,61.250,other,0,-1,4,3
269,62,62.633,61.439,58.609,105.092,105.986,108.029,48.000,102.792,88.000,63.500,other,0,-1,5,3
270,51,70.093,67.655,67.324,104.387,105.310,107.702,62.000,101.708,82.000,67.778,other,0,-1,6,3
271,76,79.324,70.900,72.152,103.611,104.558,107.359,51.000,100.417,70.000,79.889,other,0,-1,7,3
272,70,93.857,84.985,88.931,103.370,104.362,107.129,76.000,100.667,91.000,92.417,other,0,-1,8,3
273,187,112.015,101.509,98.731,102.738,103.761,106.817,70.000,99.792,142.000,115.000,other,0,-1,9,3
274,197,157.370,145.664,156.022,103.062,104.149,106.704,187.000,101.667,88.000,126.583,other,0,-1,10,3
275,129,170.596,165.283,172.735,104.313,105.496,106.785,197.000,106.208,149.000,145.861,other,0,-1,11,3
276,106,160.030,160.783,153.617,103.696,104.910,106.476,129.000,105.375,93.000,168.111,other,0,-1,12,3
277,172,163.192,160.289,149.232,103.557,104.819,106.267,106.000,105.917,118.000,177.472,other,0,-1,13,3
278,139,173.211,175.930,176.005,104.011,105.342,106.182,172.000,108.167,177.000,176.694,other,0,-1,14,3
279,275,162.069,159.643,155.801,103.133,104.486,105.818,139.000,106.583,217.000,173.972,other,0,-1,15,3
280,149,209.971,228.501,213.472,103.646,105.069,105.745,275.000,109.000,178.000,162.111,other,0,-1,16,3
281,129,139.234,142.344,140.088,102.898,104.347,105.408,149.000,107.792,152.000,150.028,other,0,-1,17,3
282,177,121.473,123.143,120.076,102.237,103.716,105.090,129.000,106.833,114.000,132.389,other,0,-1,18,3
283,125,102.729,133.532,128.702,102.822,104.374,105.032,177.000,109.458,132.000,108.528,other,0,-1,19,3
284,69,84.388,96.898,97.294,102.393,103.983,104.762,125.000,109.167,112.000,100.083,other,0,-1,20,3
285,76,74.518,70.924,71.534,101.442,103.052,104.384,69.000,107.375,85.000,85.306,other,0,-1,21,3
286,66,60.322,63.890,66.626,100.984,102.630,104.108,76.000,107.000,63.000,74.778,other,0,-1,22,3
287,64,52.168,56.165,58.724,100.700,102.389,103.868,66.000,107.125,55.000,70.444,other,0,-1,23,3
288,43,47.644,53.166,54.137,100.503,102.237,103.647,64.000,107.500,78.000,60.917,other,0,-1,0,4
289,60,44.763,49.416,46.350,99.710,101.423,103.180,43.000,106.042,53.000,56.972,other,0,-1,1,4
290,68,48.992,56.636,48.579,99.526,101.239,102.840,60.000,106.333,22.000,51.583,other,0,-1,2,4
291,80,54.291,61.376,50.841,99.907,101.639,102.618,68.000,108.250,60.000,54.556,other,0,-1,3,4
292,54,61.810,67.711,55.907,99.912,101.650,102.317,80.000,109.083,48.000,57.139,other,0,-1,4,4
293,62,54.844,57.573,54.271,99.713,101.450,101.974,54.000,109.333,62.000,54.694,other,0,-1,5,4
294,76,60.518,62.475,62.254,99.428,101.161,101.613,62.000,109.333,51.000,65.167,other,0,-1,6,4
295,78,69.680,71.773,74.800,99.505,101.246,101.328,76.000,110.375,76.000,74.667,other,0,-1,7,4
296,50,81.306,81.622,86.326,99.249,100.987,100.972,78.000,110.458,70.000,86.667,other,0,-1,8,4
297,64,100.141,93.412,88.575,98.673,100.398,100.551,50.000,109.625,187.000,109.861,other,0,-1,9,4
298,107,117.503,116.287,106.498,96.606,98.264,99.818,64.000,104.500,197.000,125.222,other,0,-1,10,4
299,174,134.867,141.906,137.141,95.017,96.626,99.184,107.000,100.750,129.000,147.361,other,0,-1,11,4
300,144,163.016,177.033,178.177,95.384,97.011,98.959,174.000,102.625,106.000,161.111,other,0,-1,12,4
301,127,163.014,164.500,167.916,95.649,97.291,98.713,144.000,104.208,172.000,174.694,other,0,-1,13,4
302,166,162.874,154.998,158.541,94.712,96.327,98.216,127.000,102.333,139.000,178.167,other,0,-1,14,4
303,243,165.608,163.088,170.877,94.818,96.443,97.936,166.000,103.458,275.000,172.583,other,0,-1,15,4
304,101,185.031,200.603,200.381,94.069,95.674,97.478,243.000,102.125,149.000,165.472,other,0,-1,16,4
305,106,129.218,122.851,117.902,93.088,94.665,96.972,101.000,100.125,129.000,138.861,other,0,-1,17,4
306,115,110.352,109.428,106.810,92.470,94.030,96.541,106.000,99.167,177.000,121.333,other,0,-1,18,4
307,116,90.180,96.256,98.199,91.286,92.812,95.993,115.000,96.583,125.000,101.944,other,0,-1,19,4
308,52,71.231,83.842,88.207,90.870,92.387,95.604,116.000,96.208,69.000,84.222,other,0,-1,20,4
309,56,63.497,58.663,63.166,90.339,91.843,95.192,52.000,95.500,76.000,70.889,other,0,-1,21,4
310,53,48.963,50.085,58.575,89.764,91.254,94.770,56.000,94.667,66.000,63.889,other,0,-1,22,4
311,75,39.774,44.341,53.563,89.290,90.770,94.370,53.000,94.125,64.000,57.111,other,0,-1,23,4
312,50,37.312,50.320,54.477,89.164,90.645,94.042,75.000,94.583,43.000,38.722,other,0,-1,0,5
313,56,35.338,43.892,34.323,89.237,90.676,93.861,50.000,94.875,60.000,42.139,other,0,-1,1,5
314,18,40.387,48.660,36.146,89.151,90.541,93.647,56.000,94.708,68.000,43.389,other,0,-1,2,5
315,59,33.161,36.100,30.735,88.399,89.717,93.295,18.000,92.625,80.000,43.528,other,0,-1,3,5
316,22,48.400,53.195,41.795,88.067,89.328,93.029,59.000,91.750,54.000,42.111,other,0,-1,4,5
317,34,39.731,40.505,37.698,87.575,88.774,92.731,22.000,90.417,62.000,43.028,other,0,-1,5,5
318,43,46.404,47.150,45.937,87.141,88.280,92.444,34.000,89.250,76.000,55.167,other,0,-1,6,5
319,50,55.018,55.368,55.643,86.635,87.711,92.143,43.000,87.875,78.000,63.917,other,0,-1,7,5
320,69,67.423,66.620,66.628,86.201,87.217,91.857,50.000,86.708,50.000,81.722,other,0,-1,8,5
321,43,83.823,85.268,84.187,86.449,87.427,91.712,69.000,87.500,64.000,98.167,other,0,-1,9,5
322,114,104.450,91.779,82.267,86.116,87.038,91.447,43.000,86.625,107.000,102.556,other,0,-1,10,5
323,81,122.399,130.165,127.603,86.190,87.068,91.267,114.000,86.917,174.000,122.722,other,0,-1,11,5
324,108,134.005,124.617,116.237,84.814,85.600,90.784,81.000,83.042,144.000,141.028,other,0,-1,12,5
325,150,145.190,138.950,135.461,84.265,84.986,90.473,108.000,81.542,127.000,161.333,other,0,-1,13,5
326,164,155.507,155.698,160.808,84.570,85.256,90.341,150.000,82.500,166.000,179.778,other,0,-1,14,5
327,202,153.590,156.787,163.999,84.513,85.151,90.133,164.000,82.417,243.000,180.472,other,0,-1,15,5
328,142,151.273,167.286,176.314,83.891,84.462,89.808,202.000,80.708,101.000,165.833,other,0,-1,16,5
329,91,118.775,126.792,126.122,84.456,85.003,89.730,142.000,82.417,106.000,148.556,other,0,-1,17,5
330,70,100.045,101.306,88.163,84.211,84.703,89.483,91.000,81.792,115.000,114.861,other,0,-1,18,5
331,51,83.866,82.921,68.871,83.531,83.954,89.145,70.000,79.917,116.000,90.528,other,0,-1,19,5
332,88,68.862,65.642,55.178,82.561,82.906,88.747,51.000,77.208,52.000,74.972,other,0,-1,20,5
333,47,49.291,58.463,57.370,83.055,83.371,88.654,88.000,78.708,56.000,60.444,other,0,-1,21,5
334,18,40.910,43.004,44.350,82.896,83.161,88.425,47.000,78.333,53.000,52.389,inside,-1,0,22,5
335,17,34.639,33.323,36.734,82.361,82.562,88.118,18.000,76.875,75.000,44.139,inside,-1,1,23,5
336,13,29.103,30.527,34.546,81.493,81.618,87.740,17.000,74.458,50.000,32.472,inside,-1,2,0,6
337,60,26.876,28.545,27.803,81.207,81.260,87.738,13.000,72.917,56.000,34.500,after,-1,3,1,6
338,30,43.366,49.159,38.408,81.515,81.517,87.860,60.000,73.083,18.000,33.361,after,-1,4,2,6
339,36,34.546,38.268,34.907,81.939,81.893,88.006,30.000,73.583,59.000,35.222,after,-1,5,3,6
340,24,39.325,42.537,39.855,81.856,81.745,88.046,36.000,72.625,22.000,34.028,after,-1,6,4,6
341,26,37.820,39.840,41.646,82.136,81.972,88.162,24.000,72.708,34.000,36.611,after,-1,7,5,6
342,45,42.169,43.960,47.734,82.270,82.048,88.247,26.000,72.375,43.000,38.694,after,-1,8,6,6
343,39,52.002,56.270,60.287,82.549,82.275,88.363,45.000,72.458,50.000,47.194,after,-1,9,7,6
344,45,62.242,63.574,65.408,82.640,82.307,88.439,39.000,72.000,69.000,59.167,after,-1,10,8,6
345,98,78.767,76.806,74.771,82.543,82.143,88.476,45.000,71.000,43.000,78.778,after,-1,11,9,6
346,99,100.515,109.576,107.005,83.590,83.164,88.752,98.000,73.292,114.000,101.278,after,-1,12,10,6
347,99,117.746,118.372,113.885,83.623,83.136,88.816,99.000,72.667,81.000,121.778,after,-1,13,11,6
348,164,133.017,125.232,118.218,84.134,83.603,88.981,99.000,73.417,108.000,140.833,after,-1,14,12,6
349,168,156.666,162.820,162.853,85.195,84.639,89.260,164.000,75.750,150.000,148.472,after,-1,15,13,6
350,138,159.392,163.130,165.153,85.706,85.105,89.424,168.000,76.500,164.000,156.639,after,-1,16,14,6
351,125,149.004,145.375,140.684,85.580,84.912,89.455,138.000,75.417,202.000,153.306,after,-1,17,15,6
352,154,137.833,134.296,125.468,84.715,83.954,89.331,125.000,72.208,142.000,133.083,after,-1,18,16,6
353,111,122.470,129.882,131.587,85.139,84.331,89.477,154.000,72.708,91.000,123.667,after,-1,19,17,6
354,112,104.612,104.233,95.247,85.679,84.827,89.648,111.000,73.542,70.000,102.583,after,-1,20,18,6
355,88,85.535,87.909,81.798,86.538,85.653,89.884,112.000,75.292,51.000,79.889,after,-1,21,19,6
356,58,70.409,70.299,63.070,87.324,86.404,90.106,88.000,76.833,88.000,59.111,after,-1,22,20,6
357,49,58.875,55.747,49.606,87.140,86.151,90.125,58.000,75.583,47.000,47.306,after,-1,23,21,6
358,34,48.000,47.431,44.563,87.419,86.378,90.240,49.000,75.667,18.000,35.306,after,-1,24,22,6
359,38,41.211,41.651,40.393,87.901,86.814,90.398,34.000,76.333,17.000,32.556,after,-1,25,23,6
360,65,38.415,42.527,40.355,88.455,87.326,90.572,38.000,77.208,13.000,61.343,after,-1,26,0,0
361,66,48.031,55.079,50.173,89.549,88.425,91.067,65.000,79.375,60.000,59.743,other,0,-1,1,0
362,93,53.566,60.852,51.598,89.976,88.834,91.424,66.000,79.625,30.000,61.829,other,0,-1,2,0
363,63,76.326,81.372,61.874,91.229,90.098,91.953,93.000,82.250,36.000,63.543,other,0,-1,3,0
364,68,58.503,65.040,58.414,91.960,90.823,92.373,63.000,83.375,24.000,60.000,other,0,-1,4,0
365,88,61.890,69.400,65.729,92.938,91.802,92.844,68.000,85.208,26.000,77.171,other,0,-1,5,0
366,71,74.112,83.460,79.778,94.176,93.051,93.370,88.000,87.792,45.000,77.686,other,0,-1,6,0
367,74,65.479,78.638,82.157,94.893,93.760,93.788,71.000,88.875,39.000,91.543,other,0,-1,7,0
368,69,74.397,89.796,91.904,95.740,94.604,94.232,74.000,90.333,45.000,101.114,other,0,-1,8,0
369,66,89.126,101.934,98.205,96.428,95.284,94.643,69.000,91.333,98.000,122.829,other,0,-1,9,0
370,122,108.589,115.015,104.186,96.305,95.123,94.884,66.000,90.000,99.000,137.200,other,0,-1,10,0
371,175,133.477,145.282,138.001,96.978,95.788,95.292,122.000,90.958,99.000,150.314,other,0,-1,11,0
372,71,169.011,177.920,174.447,98.419,97.247,95.861,175.000,94.125,164.000,163.229,other,0,-1,12,0
373,166,152.116,140.516,117.095,97.412,96.172,95.918,71.000,90.250,168.000,172.800,other,0,-1,13,0
374,198,169.744,171.064,169.766,97.723,96.462,96.250,166.000,90.167,138.000,172.257,other,0,-1,14,0
375,127,177.100,181.186,186.310,98.933,97.681,96.770,198.000,92.667,125.000,183.343,other,0,-1,15,0
376,105,149.338,143.629,134.809,99.302,98.030,97.114,127.000,92.750,154.000,162.143,other,0,-1,16,0
377,172,135.439,127.584,114.892,98.932,97.615,97.305,105.000,90.708,111.000,148.800,other,0,-1,17,0
378,88,119.963,126.001,137.517,100.156,98.849,97.828,172.000,93.250,112.000,128.829,other,0,-1,18,0
379,107,100.772,94.188,89.350,100.149,98.809,98.093,88.000,92.250,88.000,110.171,other,0,-1,19,0
380,55,81.596,81.259,86.442,100.764,99.413,98.489,107.000,93.042,58.000,85.143,other,0,-1,20,0
381,110,71.506,64.790,65.153,101.061,99.688,98.819,55.000,92.917,49.000,75.143,other,0,-1,21,0
382,54,65.802,71.513,73.869,102.285,100.922,99.342,110.000,95.458,34.000,65.229,other,0,-1,22,0
383,94,53.515,54.950,57.353,102.915,101.541,99.740,54.000,96.292,38.000,63.543,other,0,-1,23,0
384,42,67.744,72.497,65.386,104.066,102.700,100.248,94.000,98.625,65.000,61.694,other,0,-1,0,1
385,37,50.364,52.511,53.146,103.907,102.557,100.491,42.000,97.667,66.000,62.000,other,0,-1,1,1
386,67,50.999,52.898,51.750,103.661,102.325,100.716,37.000,96.458,93.000,62.222,other,0,-1,2,1
387,58,64.311,66.376,59.050,103.458,102.137,100.949,67.000,95.375,63.000,61.389,other,0,-1,3,1
388,52,62.236,63.976,60.333,103.559,102.264,101.247,58.000,95.167,68.000,63.583,other,0,-1,4,1
389,79,61.418,63.341,63.784,103.502,102.226,101.510,52.000,94.500,88.000,65.139,other,0,-1,5,1
390,40,73.043,76.533,77.319,103.545,102.293,101.796,79.000,94.125,71.000,66.417,other,0,-1,6,1
391,86,71.596,71.743,74.485,103.270,102.030,102.014,40.000,92.833,74.000,77.639,other,0,-1,7,1
392,126,88.409,94.545,97.931,103.618,102.412,102.363,86.000,93.333,69.000,91.833,other,0,-1,8,1
393,95,115.203,121.070,124.893,104.617,103.468,102.848,126.000,95.708,66.000,109.944,other,0,-1,9,1
394,158,124.349,131.533,122.176,105.211,104.105,103.248,95.000,96.917,122.000,131.361,other,0,-1,10,1
395,155,156.669,159.481,162.107,105.907,104.846,103.669,158.000,98.417,175.000,148.500,other,0,-1,11,1
396,180,165.872,167.837,167.629,105.791,104.748,103.921,155.000,97.583,71.000,174.389,other,0,-1,12,1
397,120,180.153,180.874,184.921,107.544,106.584,104.563,180.000,102.125,166.000,191.778,other,0,-1,13,1
398,159,168.395,162.276,150.309,107.052,106.096,104.736,120.000,100.208,198.000,190.222,other,0,-1,14,1
399,227,168.742,168.054,165.553,106.661,105.714,104.930,159.000,98.583,127.000,183.056,other,0,-1,15,1
400,102,183.477,190.231,195.117,108.283,107.415,105.545,227.000,102.750,105.000,168.806,other,0,-1,16,1
401,137,146.161,134.619,117.308,108.414,107.572,105.848,102.000,102.625,172.000,158.750,other,0,-1,17,1
402,126,128.462,124.623,122.718,108.081,107.249,106.055,137.000,101.167,88.000,131.639,other,0,-1,18,1
403,126,110.314,106.382,108.184,108.805,108.020,106.482,126.000,102.750,107.000,103.944,other,0,-1,19,1
404,70,92.941,92.463,99.885,109.254,108.507,106.852,126.000,103.542,55.000,92.389,other,0,-1,20,1
405,92,82.534,73.771,75.329,109.645,108.934,107.210,70.000,104.167,110.000,77.389,other,0,-1,21,1
406,57,70.179,70.955,74.133,109.559,108.866,107.467,92.000,103.417,54.000,64.944,other,0,-1,22,1
407,38,63.222,60.732,59.130,109.776,109.113,107.789,57.000,103.542,94.000,62.889,other,0,-1,23,1
408,61,58.999,55.781,49.592,109.139,108.475,107.932,38.000,101.208,42.000,59.639,other,0,-1,0,2
409,39,59.890,62.686,57.497,109.291,108.692,108.040,61.000,102.000,37.000,64.167,other,0,-1,1,2
410,58,57.842,57.108,52.258,109.196,108.654,108.097,39.000,102.083,67.000,56.194,other,0,-1,2,2
411,40,63.309,64.117,55.982,108.943,108.452,108.121,58.000,101.708,58.000,60.528,other,0,-1,3,2
412,77,61.852,59.515,54.390,108.559,108.114,108.118,40.000,100.958,52.000,62.444,other,0,-1,4,2
413,91,73.817,72.679,65.667,108.797,108.421,108.245,77.000,102.000,79.000,62.833,other,0,-1,5,2
414,61,81.542,79.151,75.010,108.848,108.533,108.332,91.000,102.500,40.000,70.472,other,0,-1,6,2
415,151,82.233,75.413,74.988,109.029,108.780,108.447,61.000,103.375,86.000,78.639,other,0,-1,7,2
416,94,124.351,110.732,114.038,109.847,109.687,108.694,151.000,106.083,126.000,89.639,other,0,-1,8,2
417,124,114.315,105.672,105.587,109.260,109.139,108.649,94.000,104.750,95.000,104.833,other,0,-1,9,2
418,105,134.544,126.643,129.315,109.557,109.506,108.787,124.000,105.958,158.000,127.694,other,0,-1,10,2
419,131,149.188,146.021,132.775,108.666,108.644,108.678,105.000,103.750,155.000,145.361,other,0,-1,11,2
420,167,162.055,159.972,152.495,108.195,108.216,108.657,131.000,102.750,180.000,159.222,other,0,-1,12,2
421,136,173.050,172.990,173.660,107.884,107.954,108.668,167.000,102.208,120.000,182.222,other,0,-1,13,2
422,137,166.741,167.006,157.807,107.992,108.126,108.768,136.000,102.875,159.000,185.000,other,0,-1,14,2
423,156,162.183,163.007,152.038,107.550,107.728,108.752,137.000,101.958,227.000,172.750,other,0,-1,15,2
424,215,155.497,160.092,150.954,106.398,106.596,108.589,156.000,99.000,102.000,158.694,other,0,-1,16,2
425,124,155.264,176.116,168.983,107.912,108.222,108.982,215.000,103.708,137.000,148.139,other,0,-1,17,2
426,131,128.857,126.693,114.025,107.600,107.960,108.993,124.000,103.167,126.000,124.722,other,0,-1,18,2
427,75,110.407,113.304,106.915,107.549,107.967,109.059,131.000,103.375,126.000,108.833,other,0,-1,19,2
428,142,98.806,89.549,78.544,106.687,107.134,108.956,75.000,101.250,70.000,89.361,other,0,-1,20,2
429,108,80.007,98.529,93.518,107.607,108.146,109.225,142.000,104.250,92.000,75.500,other,0,-1,21,2
430,36,68.559,78.864,73.560,107.715,108.318,109.325,108.000,104.917,57.000,67.139,other,0,-1,22,2
431,48,63.275,56.911,48.796,107.288,107.935,109.312,36.000,104.042,38.000,62.722,other,0,-1,23,2
432,47,56.440,56.639,46.966,107.310,108.017,109.393,48.000,104.458,61.000,61.389,other,0,-1,0,3
433,45,54.441,57.943,56.319,106.779,107.521,109.102,47.000,103.875,39.000,64.194,other,0,-1,1,3
434,45,54.720,58.045,54.612,106.538,107.325,108.872,45.000,104.125,58.000,65.056,other,0,-1,2,3
435,45,56.508,58.884,54.674,106.022,106.843,108.584,45.000,103.583,40.000,61.583,other,0,-1,3,3
436,71,59.011,59.694,56.299,105.767,106.632,108.350,45.000,103.792,77.000,61.250,other,0,-1,4,3
437,49,68.058,69.128,65.332,105.352,106.256,108.084,71.000,103.542,91.000,63.500,other,0,-1,5,3
438,67,69.026,64.663,65.460,104.416,105.339,107.708,49.000,101.792,61.000,67.778,other,0,-1,6,3
439,66,79.561,73.885,77.253,104.176,105.143,107.477,67.000,102.042,151.000,79.889,other,0,-1,7,3
440,87,93.667,83.740,86.172,102.617,103.582,106.972,66.000,98.500,94.000,92.417,other,0,-1,8,3
441,86,110.994,102.270,104.181,102.187,103.191,106.702,87.000,98.208,124.000,115.000,other,0,-1,9,3
442,158,129.790,124.762,116.337,101.309,102.335,106.338,86.000,96.625,105.000,126.583,other,0,-1,10,3
443,128,152.759,152.061,155.862,101.749,102.843,106.250,158.000,98.833,131.000,145.861,other,0,-1,11,3
444,217,159.241,160.662,152.916,101.378,102.512,105.992,128.000,98.708,167.000,168.111,other,0,-1,12,3
445,161,191.668,195.783,196.169,101.775,102.975,105.895,217.000,100.792,136.000,177.472,other,0,-1,13,3
446,127,170.058,172.152,170.879,101.809,103.063,105.722,161.000,101.833,137.000,176.694,other,0,-1,14,3
447,183,161.110,156.620,150.800,101.337,102.627,105.443,127.000,101.417,156.000,173.972,other,0,-1,15,3
448,127,157.964,166.678,166.651,101.400,102.745,105.276,183.000,102.542,215.000,162.111,other,0,-1,16,3
449,140,139.013,136.072,130.193,99.798,101.139,104.761,127.000,98.875,124.000,150.028,other,0,-1,17,3
450,125,121.241,125.783,124.412,99.702,101.093,104.561,140.000,99.542,131.000,132.389,other,0,-1,18,3
451,110,103.176,107.630,107.889,99.287,100.716,104.294,125.000,99.292,75.000,108.528,other,0,-1,19,3
452,60,86.147,91.085,93.176,99.467,100.955,104.151,110.000,100.750,142.000,100.083,other,0,-1,20,3
453,79,77.390,68.787,71.070,97.951,99.439,103.655,60.000,97.333,108.000,85.306,other,0,-1,21,3
454,82,60.120,64.343,69.773,97.203,98.718,103.318,79.000,96.125,36.000,74.778,other,0,-1,22,3
455,50,51.560,61.394,65.327,97.542,99.121,103.209,82.000,98.042,48.000,70.444,other,0,-1,23,3
456,40,47.160,49.255,54.502,97.243,98.865,102.966,50.000,98.125,47.000,60.917,other,0,-1,0,4
457,58,43.963,48.712,48.993,96.856,98.470,102.584,40.000,97.833,45.000,56.972,other,0,-1,1,4
458,21,47.805,56.202,51.238,96.759,98.376,102.262,58.000,98.375,45.000,51.583,other,0,-1,2,4
459,73,44.090,45.061,44.738,96.126,97.727,101.828,21.000,97.375,45.000,54.556,other,0,-1,3,4
460,104,58.311,64.640,56.494,96.247,97.857,101.552,73.000,98.542,71.000,57.139,other,0,-1,4,4
461,49,76.935,80.553,68.368,96.439,98.062,101.290,104.000,99.917,49.000,54.694,other,0,-1,5,4
462,91,58.215,58.314,60.101,96.154,97.773,100.929,49.000,99.917,67.000,65.167,other,0,-1,6,4
463,62,72.642,77.185,80.034,96.217,97.843,100.641,91.000,100.917,66.000,74.667,other,0,-1,7,4
464,90,80.934,77.669,80.802,95.873,97.494,100.268,62.000,100.750,87.000,86.667,other,0,-1,8,4
465,97,97.475,100.169,102.738,95.631,97.250,99.916,90.000,100.875,86.000,109.861,other,0,-1,9,4
466,169,116.716,122.029,118.478,95.505,97.125,99.588,97.000,101.333,158.000,125.222,other,0,-1,10,4
467,138,145.728,165.745,164.052,95.379,97.001,99.260,169.000,101.792,128.000,147.361,other,0,-1,11,4
468,148,151.897,161.016,157.627,95.239,96.861,98.929,138.000,102.208,217.000,161.111,other,0,-1,12,4
469,248,162.493,165.713,166.361,93.954,95.537,98.359,148.000,99.333,161.000,174.694,other,0,-1,13,4
470,136,211.628,224.871,217.959,94.929,96.552,98.261,248.000,102.958,127.000,178.167,other,0,-1,14,4
471,146,161.738,152.178,154.935,94.774,96.398,97.927,136.000,103.333,183.000,172.583,other,0,-1,15,4
472,85,150.421,146.133,149.118,93.953,95.554,97.454,146.000,101.792,127.000,165.472,other,0,-1,16,4
473,92,133.657,120.748,111.237,93.059,94.635,96.966,85.000,100.042,140.000,138.861,other,0,-1,17,4
474,113,115.387,107.593,102.227,92.078,93.626,96.460,92.000,98.042,125.000,121.333,other,0,-1,18,4
475,89,92.843,96.274,99.180,91.619,93.156,96.062,113.000,97.542,110.000,101.944,other,0,-1,19,4
476,106,77.227,77.402,82.741,91.030,92.552,95.638,89.000,96.667,60.000,84.222,other,0,-1,20,4
477,71,58.147,72.334,80.622,91.411,92.952,95.416,106.000,98.583,79.000,70.889,other,0,-1,21,4
478,32,49.165,54.681,66.393,91.010,92.543,95.030,71.000,98.250,82.000,63.889,other,0,-1,22,4
479,56,43.983,40.838,54.646,90.000,91.504,94.518,32.000,96.167,50.000,57.111,other,0,-1,23,4
480,40,36.671,44.487,56.138,89.802,91.305,94.175,56.000,96.417,40.000,38.722,other,0,-1,0,5
481,34,35.064,41.593,36.977,89.773,91.230,93.973,40.000,96.417,58.000,42.139,other,0,-1,1,5
482,35,35.622,41.155,36.188,89.398,90.796,93.699,34.000,95.417,21.000,43.389,other,0,-1,2,5
483,40,38.203,43.030,37.537,89.572,90.932,93.540,35.000,96.000,73.000,43.528,other,0,-1,3,5
484,48,42.162,46.080,40.811,89.066,90.362,93.238,40.000,94.625,104.000,42.111,other,0,-1,4,5
485,43,47.178,50.353,46.394,88.227,89.449,92.867,48.000,92.292,49.000,43.028,other,0,-1,5,5
486,54,49.287,50.741,50.391,88.112,89.284,92.647,43.000,92.042,91.000,55.167,other,0,-1,6,5
487,32,57.495,59.399,60.549,87.548,88.655,92.334,54.000,90.500,62.000,63.917,other,0,-1,7,5
488,72,70.505,62.984,60.905,87.085,88.131,92.041,32.000,89.250,90.000,81.722,other,0,-1,8,5
489,90,85.026,86.521,85.486,86.796,87.787,91.785,72.000,88.500,97.000,98.167,other,0,-1,9,5
490,109,103.754,107.423,104.082,86.667,87.607,91.562,90.000,88.208,169.000,102.556,other,0,-1,10,5
491,110,122.419,127.773,123.738,85.769,86.633,91.179,109.000,85.708,138.000,122.722,other,0,-1,11,5
492,146,137.852,135.823,131.381,85.336,86.139,90.893,110.000,84.542,148.000,141.028,other,0,-1,12,5
493,128,152.301,155.673,157.439,85.279,86.035,90.685,146.000,84.458,248.000,161.333,other,0,-1,13,5
494,182,152.327,146.745,145.580,83.512,84.162,90.120,128.000,79.458,136.000,179.778,other,0,-1,14,5
495,145,158.069,166.293,174.261,84.150,84.777,90.058,182.000,81.375,146.000,180.472,other,0,-1,15,5
496,69,138.878,140.354,141.499,84.108,84.687,89.853,145.000,81.333,85.000,165.833,other,0,-1,16,5
497,93,123.669,113.317,92.868,83.848,84.373,89.603,69.000,80.667,92.000,148.556,other,0,-1,17,5
498,95,103.618,102.227,89.515,83.834,84.314,89.404,93.000,80.708,113.000,114.861,other,0,-1,18,5
499,49,84.281,86.710,77.967,83.545,83.969,89.148,95.000,79.958,89.000,90.528,other,0,-1,19,5
500,84,73.335,66.831,56.475,82.938,83.295,88.825,49.000,78.292,106.000,74.972,other,0,-1,20,5
501,59,51.778,59.007,58.749,82.591,82.891,88.557,84.000,77.375,71.000,60.444,other,0,-1,21,5
502,47,42.317,46.740,49.152,82.389,82.637,88.319,59.000,76.875,32.000,52.389,other,0,-1,22,5
503,31,35.125,40.506,44.210,82.578,82.787,88.163,47.000,77.500,56.000,44.139,other,0,-1,23,5
504,26,30.980,35.453,39.634,82.188,82.338,87.886,31.000,76.458,40.000,32.472,other,0,-1,0,6
505,27,30.168,34.438,32.617,82.236,82.325,87.953,26.000,75.875,34.000,34.500,other,0,-1,1,6
506,30,32.234,37.156,34.257,82.384,82.416,88.041,27.000,75.583,35.000,33.361,other,0,-1,2,6
507,48,35.729,40.440,37.218,82.562,82.538,88.136,30.000,75.375,40.000,35.222,other,0,-1,3,6
508,30,45.471,50.254,45.087,82.928,82.854,88.270,48.000,75.708,48.000,34.028,other,0,-1,4,6
509,50,40.620,43.764,45.071,82.918,82.781,88.325,30.000,74.958,43.000,36.611,other,0,-1,5,6
510,49,49.852,54.716,56.554,83.270,83.083,88.456,50.000,75.250,54.000,38.694,other,0,-1,6,6
511,65,53.870,59.117,62.949,83.448,83.204,88.550,49.000,75.042,32.000,47.194,other,0,-1,7,6
512,60,65.981,74.002,76.424,84.176,83.896,88.760,65.000,76.417,72.000,59.167,other,0,-1,8,6
513,110,80.250,82.872,81.592,84.252,83.912,88.833,60.000,75.917,90.000,78.778,other,0,-1,9,6
514,73,103.480,117.129,113.802,84.792,84.409,89.003,110.000,76.750,109.000,101.278,other,0,-1,10,6
515,77,117.552,107.427,99.687,84.521,84.066,89.004,73.000,75.250,110.000,121.778,other,0,-1,11,6
516,147,132.388,117.137,105.523,84.293,83.768,89.014,77.000,73.875,146.000,140.833,other,0,-1,12,6
517,217,150.359,153.640,150.509,84.558,83.979,89.127,147.000,73.917,128.000,148.472,other,0,-1,13,6
518,135,187.050,198.563,201.384,86.098,85.510,89.505,217.000,77.625,182.000,156.639,other,0,-1,14,6
519,144,148.717,145.359,138.481,85.667,85.002,89.473,135.000,75.667,145.000,153.306,other,0,-1,15,6
520,169,138.384,140.472,137.174,85.903,85.183,89.579,144.000,75.625,69.000,133.083,other,0,-1,16,6
521,98,124.039,135.354,140.875,87.602,86.879,89.992,169.000,79.792,93.000,123.667,other,0,-1,17,6
522,80,104.774,102.718,89.833,87.924,87.151,90.116,98.000,80.000,95.000,102.583,other,0,-1,18,6
523,71,88.302,84.320,71.483,87.957,87.122,90.181,80.000,79.375,49.000,79.889,other,0,-1,19,6
524,69,71.416,68.094,59.492,88.526,87.649,90.357,71.000,80.292,84.000,59.111,other,0,-1,20,6
525,53,56.403,56.097,52.827,88.559,87.620,90.421,69.000,79.667,59.000,47.306,other,0,-1,21,6
526,42,46.520,46.880,46.291,88.723,87.727,90.513,53.000,79.417,47.000,35.306,other,0,-1,22,6
527,26,40.070,41.879,42.685,88.901,87.849,90.607,42.000,79.208,31.000,32.556,other,0,-1,23,6
528,53,36.347,37.858,39.332,89.078,87.970,90.702,26.000,79.000,26.000,61.343,other,0,-1,0,0
529,69,43.337,47.853,48.438,89.810,88.695,91.122,53.000,80.125,27.000,59.743,other,0,-1,1,0
530,63,55.440,60.630,53.430,90.758,89.644,91.587,69.000,81.875,30.000,61.829,other,0,-1,2,0
531,53,56.476,61.048,54.924,91.577,90.458,92.026,63.000,83.250,48.000,63.543,other,0,-1,3,0
532,54,53.446,57.986,56.560,91.989,90.853,92.379,53.000,83.458,30.000,60.000,other,0,-1,4,0
533,23,54.817,60.414,62.283,92.677,91.532,92.790,54.000,84.458,50.000,77.171,other,0,-1,5,0
534,44,48.863,51.881,60.143,92.626,91.447,93.047,23.000,83.333,49.000,77.686,other,0,-1,6,0
535,65,58.677,66.004,73.117,92.894,91.691,93.370,44.000,83.125,65.000,91.543,other,0,-1,7,0
536,159,72.499,84.632,88.301,93.234,92.011,93.708,65.000,83.125,60.000,101.114,other,0,-1,8,0
537,96,137.837,150.609,141.846,95.008,93.814,94.346,159.000,87.250,110.000,122.829,other,0,-1,9,0
538,123,110.732,124.763,117.766,95.146,93.924,94.642,96.000,86.667,73.000,137.200,other,0,-1,10,0
539,91,134.020,145.479,138.359,96.210,94.993,95.132,123.000,88.750,77.000,150.314,other,0,-1,11,0
540,92,144.818,140.061,125.654,96.753,95.523,95.513,91.000,89.333,147.000,163.229,other,0,-1,12,0
541,171,154.345,145.398,127.596,96.297,95.018,95.685,92.000,87.042,217.000,172.800,other,0,-1,13,0
542,268,171.441,173.389,172.828,95.971,94.648,95.884,171.000,85.125,135.000,172.257,other,0,-1,14,0
543,164,243.765,235.111,234.872,98.237,96.961,96.625,268.000,90.667,144.000,183.343,other,0,-1,15,0
544,153,153.532,153.440,156.177,98.867,97.580,97.024,164.000,91.500,169.000,162.143,other,0,-1,16,0
545,186,135.789,135.900,139.337,98.976,97.660,97.314,153.000,90.833,98.000,148.800,other,0,-1,17,0
546,98,124.888,128.196,144.001,100.591,99.299,97.918,186.000,94.500,80.000,128.829,other,0,-1,18,0
547,77,98.021,93.224,91.151,101.192,99.888,98.311,98.000,95.250,71.000,110.171,other,0,-1,19,0
548,86,82.285,76.168,75.714,101.619,100.298,98.668,77.000,95.500,69.000,85.143,other,0,-1,20,0
549,64,67.914,65.497,70.653,102.205,100.872,99.058,86.000,96.208,53.000,75.143,other,0,-1,21,0
550,66,58.572,55.995,60.105,102.705,101.357,99.429,64.000,96.667,42.000,65.229,other,0,-1,22,0
551,53,54.732,54.768,57.174,103.393,102.036,99.840,66.000,97.667,26.000,63.543,other,0,-1,23,0
552,65,52.499,52.198,52.888,104.124,102.760,100.260,53.000,98.792,53.000,61.694,other,0,-1,0,1
553,45,56.298,57.408,54.835,104.472,103.142,100.609,65.000,99.292,69.000,62.000,other,0,-1,1,1
554,45,53.248,52.780,50.528,104.298,102.984,100.849,45.000,98.292,63.000,62.222,other,0,-1,2,1
555,110,55.794,54.797,51.937,104.211,102.916,101.107,45.000,97.542,53.000,61.389,other,0,-1,3,1
556,37,94.107,87.249,70.328,105.211,103.973,101.591,110.000,99.917,54.000,63.583,other,0,-1,4,1
557,51,58.183,56.625,58.430,105.139,103.920,101.852,37.000,99.208,23.000,65.139,other,0,-1,5,1
558,66,64.951,64.992,68.212,105.718,104.541,102.249,51.000,100.375,44.000,66.417,other,0,-1,6,1
559,81,74.698,76.670,80.660,106.211,105.073,102.628,66.000,101.292,65.000,77.639,other,0,-1,7,1
560,48,88.756,92.586,95.396,106.616,105.515,102.989,81.000,101.958,159.000,91.833,other,0,-1,8,1
561,84,104.946,106.329,93.835,105.182,104.053,102.965,48.000,97.333,96.000,109.944,other,0,-1,9,1
562,148,124.509,129.358,117.202,105.182,104.075,103.242,84.000,96.833,123.000,131.361,other,0,-1,10,1
563,155,154.309,155.877,156.888,105.719,104.651,103.629,148.000,97.875,91.000,148.500,other,0,-1,11,1
564,143,167.214,167.295,167.861,106.820,105.813,104.135,155.000,100.542,92.000,174.389,other,0,-1,12,1
565,161,170.594,167.812,164.434,107.732,106.779,104.602,143.000,102.667,171.000,191.778,other,0,-1,13,1
566,184,175.324,172.662,172.909,107.761,106.831,104.884,161.000,102.250,268.000,190.222,other,0,-1,14,1
567,147,175.493,176.662,179.854,106.719,105.774,104.942,184.000,98.750,164.000,183.056,other,0,-1,15,1
568,231,158.830,154.491,149.489,106.646,105.721,105.203,147.000,98.042,153.000,168.806,other,0,-1,16,1
569,176,171.939,178.415,183.681,107.950,107.092,105.752,231.000,101.292,186.000,158.750,other,0,-1,17,1
570,141,130.618,133.830,139.711,107.979,107.144,106.034,176.000,100.875,98.000,131.639,other,0,-1,18,1
571,116,109.415,107.617,111.945,108.776,107.990,106.476,141.000,102.667,77.000,103.944,other,0,-1,19,1
572,60,92.638,89.019,93.047,109.515,108.777,106.906,116.000,104.292,86.000,92.389,other,0,-1,20,1
573,83,82.702,71.383,68.637,109.312,108.589,107.140,60.000,103.208,64.000,77.389,other,0,-1,21,1
574,42,69.074,67.586,67.561,109.761,109.076,107.510,83.000,104.000,66.000,64.944,other,0,-1,22,1
575,60,62.658,56.916,51.148,109.588,108.918,107.750,42.000,103.000,53.000,62.889,other,0,-1,23,1
576,101,59.980,60.632,50.295,109.863,109.225,108.083,60.000,103.292,65.000,59.639,other,0,-1,0,2
577,71,72.389,78.157,61.837,110.261,109.697,108.243,101.000,104.792,45.000,64.167,other,0,-1,1,2
578,61,64.227,67.230,54.427,110.515,110.019,108.373,71.000,105.875,45.000,56.194,other,0,-1,2,2
579,45,63.833,64.792,53.159,110.623,110.191,108.472,61.000,106.542,110.000,60.528,other,0,-1,3,2
580,80,62.256,60.556,52.213,109.558,109.148,108.327,45.000,103.833,37.000,62.444,other,0,-1,4,2
581,100,75.184,73.474,63.670,110.058,109.725,108.508,80.000,105.625,51.000,62.833,other,0,-1,5,2
582,100,86.853,82.543,75.422,110.644,110.392,108.707,100.000,107.667,66.000,70.472,other,0,-1,6,2
583,44,90.895,85.131,84.513,111.014,110.834,108.861,100.000,109.083,81.000,78.639,other,0,-1,7,2
584,66,98.423,85.830,78.529,110.354,110.211,108.800,44.000,107.542,48.000,89.639,other,0,-1,8,2
585,71,115.590,105.098,95.966,110.492,110.414,108.906,66.000,108.292,84.000,104.833,other,0,-1,9,2
586,90,134.063,128.002,109.289,110.180,110.151,108.917,71.000,107.750,148.000,127.694,other,0,-1,10,2
587,107,149.517,146.729,127.466,109.217,109.214,108.793,90.000,105.333,155.000,145.361,other,0,-1,11,2
588,122,160.707,158.555,143.026,108.398,108.426,108.699,107.000,103.333,143.000,159.222,other,0,-1,12,2
589,208,166.416,164.471,153.747,107.970,108.044,108.686,122.000,102.458,161.000,182.222,other,0,-1,13,2
590,194,189.094,189.932,194.784,108.528,108.680,108.880,208.000,104.417,184.000,185.000,other,0,-1,14,2
591,212,174.943,181.229,181.307,108.550,108.763,108.961,194.000,104.833,147.000,172.750,other,0,-1,15,2
592,166,171.637,183.137,180.433,109.368,109.669,109.209,212.000,107.542,231.000,158.694,other,0,-1,16,2
593,148,145.961,150.859,144.140,108.303,108.627,109.063,166.000,104.833,176.000,148.139,other,0,-1,17,2
594,152,128.623,130.733,123.602,107.774,108.139,109.030,148.000,103.667,141.000,124.722,other,0,-1,18,2
595,94,110.192,118.115,114.319,107.810,108.237,109.114,152.000,104.125,116.000,108.833,other,0,-1,19,2
596,140,95.401,88.594,83.068,107.368,107.839,109.098,94.000,103.208,60.000,89.361,other,0,-1,20,2
597,77,79.988,95.229,90.351,108.404,108.970,109.392,140.000,106.542,83.000,75.500,other,0,-1,21,2
598,66,67.881,66.317,62.619,108.194,108.813,109.424,77.000,106.292,42.000,67.139,other,0,-1,22,2
599,110,60.039,60.012,54.014,108.418,109.105,109.548,66.000,107.292,60.000,62.722,other,0,-1,23,2
600,70,69.025,77.654,59.523,109.019,109.786,109.750,110.000,109.375,101.000,61.389,other,0,-1,0,3
601,45,56.827,64.182,58.675,108.242,109.035,109.408,70.000,108.083,71.000,64.194,other,0,-1,1,3
602,49,53.829,56.578,52.860,107.538,108.359,109.081,45.000,107.000,61.000,65.056,other,0,-1,2,3
603,99,56.559,58.946,53.783,107.036,107.893,108.796,49.000,106.500,45.000,61.583,other,0,-1,3,3
604,57,80.316,80.924,66.163,107.491,108.416,108.710,99.000,108.750,80.000,61.250,other,0,-1,4,3
605,53,64.457,63.577,60.810,106.830,107.785,108.392,57.000,107.792,100.000,63.500,other,0,-1,5,3
606,73,69.481,64.908,65.341,105.821,106.794,108.001,53.000,105.833,100.000,67.778,other,0,-1,6,3
607,74,80.765,74.908,78.018,105.103,106.102,107.671,73.000,104.708,44.000,79.889,other,0,-1,7,3
608,82,94.599,84.761,88.497,105.210,106.266,107.513,74.000,105.958,66.000,92.417,other,0,-1,8,3
609,104,112.376,102.247,102.978,105.114,106.219,107.313,82.000,106.625,71.000,115.000,other,0,-1,9,3
610,104,131.138,125.301,123.660,105.264,106.427,107.164,104.000,108.000,90.000,126.583,other,0,-1,10,3
611,205,147.261,146.342,135.866,105.139,106.351,106.958,104.000,108.583,107.000,145.861,other,0,-1,11,3
612,173,183.775,183.068,186.939,106.231,107.534,107.006,205.000,112.667,122.000,168.111,other,0,-1,12,3
613,142,173.467,177.770,177.962,106.642,108.012,106.911,173.000,114.792,208.000,177.472,other,0,-1,13,3
614,121,168.038,166.335,163.596,105.358,106.736,106.463,142.000,112.042,194.000,176.694,other,0,-1,14,3
615,240,160.336,155.128,148.441,103.973,105.355,105.993,121.000,109.000,212.000,173.972,other,0,-1,15,3
616,87,181.288,200.675,194.941,104.051,105.488,105.830,240.000,110.167,166.000,162.111,other,0,-1,16,3
617,153,139.431,129.289,114.751,102.579,104.018,105.342,87.000,106.875,148.000,150.028,other,0,-1,17,3
618,135,120.770,130.636,130.023,102.324,103.806,105.108,153.000,107.083,152.000,132.389,other,0,-1,18,3
619,94,102.049,111.417,111.794,101.750,103.265,104.808,135.000,106.375,94.000,108.528,other,0,-1,19,3
620,103,88.337,87.109,87.984,101.422,102.978,104.560,94.000,106.375,140.000,100.083,other,0,-1,20,3
621,59,70.342,79.836,82.889,100.559,102.137,104.199,103.000,104.833,77.000,85.306,other,0,-1,21,3
622,69,62.752,59.900,64.631,99.970,101.581,103.896,59.000,104.083,66.000,74.778,other,0,-1,22,3
623,54,51.757,57.434,61.873,99.686,101.340,103.656,69.000,104.208,110.000,70.444,other,0,-1,23,3
624,58,47.028,50.443,54.581,98.547,100.214,103.238,54.000,101.875,70.000,60.917,other,0,-1,0,4
625,65,45.904,54.803,51.540,98.088,99.744,102.841,58.000,101.375,45.000,56.972,other,0,-1,1,4
626,34,49.790,59.140,51.943,98.092,99.755,102.540,65.000,102.208,49.000,51.583,other,0,-1,2,4
627,62,45.257,48.880,46.461,97.590,99.241,102.134,34.000,101.583,99.000,54.556,other,0,-1,3,4
628,62,54.099,59.873,53.633,96.768,98.397,101.661,62.000,100.042,57.000,57.139,other,0,-1,4,4
629,42,56.377,60.552,57.378,96.555,98.182,101.315,62.000,100.250,53.000,54.694,other,0,-1,5,4
630,47,57.689,56.496,58.080,96.111,97.728,100.920,42.000,99.792,73.000,65.167,other,0,-1,6,4
631,58,67.332,63.734,66.552,95.449,97.049,100.480,47.000,98.708,74.000,74.667,other,0,-1,7,4
632,97,81.086,76.846,79.347,94.932,96.520,100.071,58.000,98.042,82.000,86.667,other,0,-1,8,4
633,106,97.561,102.041,105.596,94.864,96.455,99.755,97.000,98.667,104.000,109.861,other,0,-1,9,4
634,173,116.727,124.298,122.638,94.607,96.196,99.400,106.000,98.750,104.000,125.222,other,0,-1,10,4
635,138,147.224,168.282,166.497,95.321,96.941,99.248,173.000,101.625,205.000,147.361,other,0,-1,11,4
636,144,151.897,160.997,158.126,94.066,95.647,98.684,138.000,98.833,173.000,161.111,other,0,-1,12,4
637,98,161.912,164.353,165.110,93.360,94.923,98.235,144.000,97.625,142.000,174.694,other,0,-1,13,4
638,199,159.105,147.247,143.271,92.437,93.974,97.741,98.000,95.792,121.000,178.167,other,0,-1,14,4
639,226,173.971,180.206,185.913,93.282,94.854,97.616,199.000,99.042,240.000,172.583,other,0,-1,15,4
640,178,171.264,187.496,189.997,92.794,94.354,97.212,226.000,98.458,87.000,165.472,other,0,-1,16,4
641,102,134.639,146.306,152.311,93.827,95.429,97.126,178.000,102.250,153.000,138.861,other,0,-1,17,4
642,103,110.179,109.101,105.558,92.803,94.375,96.611,102.000,100.125,135.000,121.333,other,0,-1,18,4
643,109,91.194,93.966,94.170,92.054,93.606,96.153,103.000,98.792,94.000,101.944,other,0,-1,19,4
644,90,72.196,81.918,85.995,91.986,93.542,95.837,109.000,99.417,103.000,84.222,other,0,-1,20,4
645,75,58.360,66.400,72.296,91.512,93.057,95.437,90.000,98.875,59.000,70.889,other,0,-1,21,4
646,59,47.591,55.086,62.354,91.459,93.008,95.124,75.000,99.542,69.000,63.889,other,0,-1,22,4
647,58,40.326,46.259,54.183,91.028,92.569,94.733,59.000,99.125,54.000,57.111,other,0,-1,23,4
648,38,36.291,44.286,50.511,90.801,92.339,94.384,58.000,99.292,58.000,38.722,other,0,-1,0,5
649,50,34.464,39.679,31.455,90.483,91.965,94.121,38.000,98.458,65.000,42.139,other,0,-1,1,5
650,37,39.549,45.969,34.103,90.238,91.666,93.874,50.000,97.833,34.000,43.389,other,0,-1,2,5
651,31,38.505,42.603,33.426,90.253,91.636,93.682,37.000,97.958,62.000,43.528,other,0,-1,3,5
652,32,39.441,41.783,35.043,89.776,91.097,93.386,31.000,96.667,62.000,42.111,other,0,-1,4,5
653,35,42.558,43.768,39.400,89.313,90.573,93.094,32.000,95.417,42.000,43.028,other,0,-1,5,5
654,55,47.485,47.748,45.857,89.184,90.394,92.871,35.000,95.125,47.000,55.167,other,0,-1,6,5
655,68,57.238,59.522,59.438,89.272,90.439,92.694,55.000,95.458,58.000,63.917,other,0,-1,7,5
656,71,68.966,72.830,73.711,89.388,90.515,92.522,68.000,95.875,97.000,81.722,other,0,-1,8,5
657,93,84.198,86.318,85.367,88.984,90.050,92.242,71.000,94.792,106.000,98.167,other,0,-1,9,5
658,90,103.076,108.821,106.706,88.767,89.781,92.001,93.000,94.250,173.000,102.556,other,0,-1,10,5
659,205,120.070,119.449,114.687,87.537,88.462,91.548,90.000,90.792,138.000,122.722,other,0,-1,11,5
660,142,175.535,199.288,195.853,88.479,89.392,91.549,205.000,93.583,144.000,141.028,other,0,-1,12,5
661,193,151.745,153.771,156.888,88.422,89.288,91.341,142.000,93.500,98.000,161.333,other,0,-1,13,5
662,159,170.358,180.929,190.176,89.770,90.638,91.427,193.000,97.458,199.000,179.778,other,0,-1,14,5
663,192,154.835,154.375,161.727,89.163,89.964,91.104,159.000,95.792,226.000,180.472,other,0,-1,15,5
664,196,148.634,160.927,170.753,88.642,89.379,90.800,192.000,94.375,178.000,165.833,other,0,-1,16,5
665,120,130.255,148.697,156.794,88.875,89.575,90.653,196.000,95.125,102.000,148.556,other,0,-1,17,5
666,92,102.222,105.345,100.659,89.107,89.770,90.505,120.000,95.875,103.000,114.861,other,0,-1,18,5
667,113,85.434,84.585,76.775,88.920,89.531,90.270,92.000,95.417,109.000,90.528,other,0,-1,19,5
668,77,65.238,74.183,72.764,88.950,89.517,90.081,113.000,95.583,90.000,74.972,other,0,-1,20,5
669,90,53.430,56.124,56.057,88.733,89.247,89.840,77.000,95.042,75.000,60.444,other,0,-1,21,5
670,38,43.019,53.804,54.120,88.922,89.398,89.684,90.000,95.667,59.000,52.389,other,0,-1,22,5
671,39,36.512,37.533,41.331,88.590,89.008,89.418,38.000,94.792,58.000,44.139,other,0,-1,23,5
672,28,32.312,36.759,39.360,88.287,88.649,89.159,39.000,94.000,38.000,32.472,other,0,-1,0,6
673,35,31.524,34.061,30.731,88.392,88.696,89.239,28.000,93.583,50.000,34.500,other,0,-1,1,6
674,29,35.415,39.018,33.381,88.425,88.668,89.303,35.000,92.958,37.000,33.361,other,0,-1,2,6
675,19,36.448,38.898,34.643,88.560,88.744,89.388,29.000,92.625,31.000,35.222,other,0,-1,3,6
676,31,36.201,36.952,35.948,88.636,88.761,89.462,19.000,92.125,32.000,34.028,other,0,-1,4,6
677,22,41.995,43.091,43.248,88.872,88.942,89.568,31.000,92.083,35.000,36.611,other,0,-1,5,6
678,69,44.026,43.307,46.581,88.934,88.944,89.639,22.000,91.542,55.000,38.694,other,0,-1,6,6
679,33,61.381,66.782,68.776,89.387,89.351,89.791,69.000,92.125,68.000,47.194,other,0,-1,7,6
680,54,65.066,61.984,63.487,89.130,89.023,89.794,33.000,90.667,71.000,59.167,other,0,-1,8,6
681,67,81.411,79.410,78.927,89.134,88.964,89.853,54.000,89.958,93.000,78.778,other,0,-1,9,6
682,56,100.149,94.739,91.930,89.008,88.771,89.884,67.000,88.875,90.000,101.278,other,0,-1,10,6
683,63,118.430,99.532,92.524,88.765,88.458,89.890,56.000,87.458,205.000,121.778,other,0,-1,11,6
684,126,130.126,110.924,99.896,86.959,86.526,89.570,63.000,81.542,142.000,140.833,other,0,-1,12,6
685,143,145.764,142.082,138.588,86.977,86.483,89.632,126.000,80.875,193.000,148.472,other,0,-1,13,6
686,149,151.194,151.123,149.158,86.503,85.930,89.590,143.000,78.792,159.000,156.639,other,0,-1,14,6
687,184,147.520,150.154,148.993,86.609,85.976,89.670,149.000,78.375,192.000,153.306,other,0,-1,15,6
688,184,144.236,156.426,164.160,86.743,86.053,89.755,184.000,78.042,196.000,133.083,other,0,-1,16,6
689,90,126.611,141.438,149.926,86.819,86.070,89.828,184.000,77.542,120.000,123.667,other,0,-1,17,6
690,65,101.368,101.749,85.692,86.635,85.816,89.847,90.000,76.292,92.000,102.583,other,0,-1,18,6
691,110,86.150,83.224,65.784,86.494,85.608,89.875,65.000,75.167,113.000,79.889,other,0,-1,19,6
692,85,65.787,72.649,68.736,86.701,85.760,89.976,110.000,75.042,77.000,59.111,other,0,-1,20,6
693,33,53.289,58.410,54.784,87.067,86.076,90.110,85.000,75.375,90.000,47.306,other,0,-1,21,6
694,51,45.449,43.742,41.014,86.492,85.418,90.047,33.000,73.000,38.000,35.306,other,0,-1,22,6
695,42,38.677,43.797,42.326,86.930,85.810,90.196,51.000,73.542,39.000,32.556,other,0,-1,23,6
696,52,36.402,42.005,40.156,87.224,86.051,90.314,42.000,73.667,28.000,61.343,other,0,-1,0,0
697,59,41.603,47.441,46.895,87.912,86.731,90.726,52.000,74.667,35.000,59.743,other,0,-1,1,0
698,57,49.027,55.340,49.697,88.600,87.410,91.137,59.000,75.667,29.000,61.829,other,0,-1,2,0
699,61,52.102,57.759,52.110,89.346,88.149,91.560,57.000,76.833,19.000,63.543,other,0,-1,3,0
700,91,56.768,62.166,57.481,90.294,89.099,92.025,61.000,78.583,31.000,60.000,other,0,-1,4,0
701,55,78.248,82.167,72.408,91.504,90.318,92.545,91.000,81.083,22.000,77.171,other,0,-1,5,0
702,60,55.320,64.157,68.594,92.322,91.132,92.983,55.000,82.458,69.000,77.686,other,0,-1,6,0
703,72,60.850,72.472,77.941,92.532,91.317,93.294,60.000,82.083,33.000,91.543,other,0,-1,7,0
704,121,73.017,88.064,90.775,93.437,92.221,93.751,72.000,83.708,54.000,101.114,other,0,-1,8,0
705,174,105.120,125.024,121.642,94.748,93.545,94.292,121.000,86.500,67.000,122.829,other,0,-1,9,0
706,122,158.788,170.487,160.523,96.638,95.468,94.954,174.000,90.958,56.000,137.200,other,0,-1,10,0
707,207,133.652,146.088,138.015,97.934,96.777,95.492,122.000,93.708,63.000,150.314,other,0,-1,11,0
708,166,196.657,201.451,195.519,100.360,99.255,96.266,207.000,99.708,126.000,163.229,other,0,-1,12,0
709,202,169.709,172.539,171.077,101.280,100.175,96.725,166.000,101.375,143.000,172.800,other,0,-1,13,0
710,164,187.261,190.238,193.757,102.475,101.379,97.242,202.000,103.833,149.000,172.257,other,0,-1,14,0
711,112,166.399,163.229,164.236,103.032,101.923,97.626,164.000,104.458,184.000,183.343,other,0,-1,15,0
712,169,153.492,140.177,126.823,102.330,101.163,97.747,112.000,101.458,184.000,162.143,other,0,-1,16,0
713,188,139.554,141.511,149.150,102.452,101.258,98.040,169.000,100.833,90.000,148.800,other,0,-1,17,0
714,148,126.324,130.526,146.078,104.212,103.047,98.675,188.000,104.917,65.000,128.829,other,0,-1,18,0
715,134,101.348,102.199,110.943,105.755,104.610,99.264,148.000,108.375,110.000,110.171,other,0,-1,19,0
716,109,85.559,86.547,93.444,106.443,105.290,99.675,134.000,109.375,85.000,85.143,other,0,-1,20,0
717,82,72.712,73.839,76.790,107.131,105.969,100.086,109.000,110.375,33.000,75.143,other,0,-1,21,0
718,45,63.412,64.433,64.607,108.181,107.023,100.573,82.000,112.417,51.000,65.229,other,0,-1,22,0
719,68,56.682,54.781,53.056,108.434,107.253,100.893,45.000,112.167,42.000,63.543,other,0,-1,23,0
720,49,59.214,62.514,55.825,109.151,107.962,101.310,68.000,113.250,52.000,61.694,other,0,-1,0,1
721,50,54.093,56.293,52.084,109.281,108.119,101.613,49.000,113.125,59.000,62.000,other,0,-1,1,1
722,25,56.395,58.861,51.850,109.325,108.186,101.898,50.000,112.750,57.000,62.222,other,0,-1,2,1
723,53,53.132,52.492,48.564,109.035,107.908,102.114,25.000,111.417,61.000,61.389,other,0,-1,3,1
724,40,61.696,63.092,56.811,109.093,107.990,102.402,53.000,111.083,91.000,63.583,other,0,-1,4,1
725,61,60.157,60.393,58.742,108.528,107.427,102.560,40.000,108.958,55.000,65.139,other,0,-1,5,1
726,63,67.792,70.368,70.170,108.789,107.719,102.891,61.000,109.208,60.000,66.417,other,0,-1,6,1
727,106,74.604,77.466,79.130,109.007,107.966,103.212,63.000,109.333,72.000,77.639,other,0,-1,7,1
728,105,94.788,101.107,103.749,109.673,108.678,103.627,106.000,110.750,121.000,91.833,other,0,-1,8,1
729,102,108.134,114.949,115.107,109.615,108.640,103.891,105.000,110.083,174.000,109.944,other,0,-1,9,1
730,178,126.051,131.938,124.988,108.746,107.762,103.986,102.000,107.083,122.000,131.361,other,0,-1,10,1
731,142,168.701,166.956,173.342,109.731,108.804,104.467,178.000,109.417,207.000,148.500,other,0,-1,11,1
732,93,163.094,164.111,161.491,108.964,108.031,104.583,142.000,106.708,166.000,174.389,other,0,-1,12,1
733,136,163.128,158.692,139.131,108.080,107.139,104.675,93.000,103.667,202.000,191.778,other,0,-1,13,1
734,102,169.243,166.485,159.594,107.298,106.351,104.787,136.000,100.917,164.000,190.222,other,0,-1,14,1
735,147,161.239,155.546,135.930,106.574,105.624,104.912,102.000,98.333,112.000,183.056,other,0,-1,15,1
736,150,157.451,156.550,149.394,107.255,106.350,105.330,147.000,99.792,169.000,168.806,other,0,-1,16,1
737,145,144.110,144.896,138.868,107.153,106.267,105.585,150.000,99.000,188.000,158.750,other,0,-1,17,1
738,88,126.800,128.443,124.690,106.704,105.825,105.767,145.000,97.208,148.000,131.639,other,0,-1,18,1
739,73,112.444,105.182,93.383,106.009,105.127,105.898,88.000,94.708,134.000,103.944,other,0,-1,19,1
740,83,96.990,89.028,82.376,105.299,104.415,106.026,73.000,92.167,109.000,92.389,other,0,-1,20,1
741,62,79.931,77.415,78.651,105.097,104.227,106.260,83.000,91.083,82.000,77.389,other,0,-1,21,1
742,57,69.967,67.148,65.740,104.981,104.129,106.512,62.000,90.250,45.000,64.944,other,0,-1,22,1
743,83,62.494,62.551,58.521,105.329,104.511,106.860,57.000,90.750,68.000,62.889,other,0,-1,23,1
744,59,65.643,70.986,59.846,105.720,104.937,107.218,83.000,91.375,49.000,59.639,other,0,-1,0,2
745,59,58.870,63.135,56.671,105.742,105.019,107.299,59.000,91.792,50.000,64.167,other,0,-1,1,2
746,69,60.603,64.242,55.477,105.749,105.087,107.378,59.000,92.167,25.000,56.194,other,0,-1,2,2
747,41,66.317,69.023,58.073,106.263,105.678,107.562,69.000,94.000,53.000,60.528,other,0,-1,3,2
748,95,61.247,60.601,54.360,105.966,105.431,107.576,41.000,93.500,40.000,62.444,other,0,-1,4,2
749,42,82.054,80.766,70.476,106.639,106.187,107.794,95.000,95.792,61.000,62.833,other,0,-1,5,2
750,111,70.706,66.021,63.375,106.240,105.835,107.787,42.000,95.000,63.000,70.472,other,0,-1,6,2
751,79,93.994,89.600,89.722,106.813,106.487,107.984,111.000,97.000,106.000,78.639,other,0,-1,7,2
752,80,95.399,88.765,89.538,106.298,106.014,107.953,79.000,95.875,105.000,89.639,other,0,-1,8,2
753,99,112.963,105.033,100.520,105.813,105.571,107.929,80.000,94.833,102.000,104.833,other,0,-1,9,2
754,74,131.638,125.779,118.818,105.646,105.459,107.971,99.000,94.708,178.000,127.694,other,0,-1,10,2
755,120,147.201,147.793,119.544,104.016,103.832,107.707,74.000,90.375,142.000,145.361,other,0,-1,11,2
756,208,159.727,158.622,146.522,103.574,103.434,107.692,120.000,89.458,93.000,159.222,other,0,-1,12,2
757,112,189.311,185.702,193.151,105.117,105.090,108.091,208.000,94.250,136.000,182.222,other,0,-1,13,2
758,241,163.590,162.178,145.863,104.646,104.663,108.069,112.000,93.250,102.000,185.000,other,0,-1,14,2
759,97,196.945,206.232,204.836,106.536,106.679,108.541,241.000,99.042,147.000,172.750,other,0,-1,15,2
760,163,155.002,147.032,124.481,105.688,105.861,108.440,97.000,96.958,150.000,158.694,other,0,-1,16,2
761,104,144.357,150.202,142.793,105.753,105.989,108.531,163.000,97.500,145.000,148.139,other,0,-1,17,2
762,224,131.197,122.089,106.470,105.036,105.306,108.458,104.000,95.792,88.000,124.722,other,0,-1,18,2
763,107,130.572,169.343,149.194,106.883,107.277,108.920,224.000,101.458,73.000,108.833,other,0,-1,19,2
764,63,94.499,92.695,88.926,107.252,107.719,109.074,107.000,102.875,83.000,89.361,other,0,-1,20,2
765,55,83.994,73.757,67.605,106.839,107.351,109.065,63.000,102.042,62.000,75.500,other,0,-1,21,2
766,85,70.992,63.762,58.934,106.615,107.179,109.095,55.000,101.750,57.000,67.139,other,0,-1,22,2
767,20,61.256,67.591,60.425,106.897,107.531,109.230,85.000,102.917,83.000,62.722,other,0,-1,23,2
768,67,57.379,50.262,41.984,105.861,106.518,109.091,20.000,100.292,59.000,61.389,other,0,-1,0,3
769,28,56.515,64.134,60.703,105.649,106.352,108.867,67.000,100.625,59.000,64.194,other,0,-1,1,3
770,86,52.905,52.875,52.203,104.872,105.601,108.524,28.000,99.333,69.000,65.056,other,0,-1,2,3
771,56,69.442,74.742,63.211,104.791,105.569,108.327,86.000,100.042,41.000,61.583,other,0,-1,3,3
772,57,60.951,62.947,58.746,104.681,105.508,108.124,56.000,100.667,95.000,61.250,other,0,-1,4,3
773,65,64.255,64.056,62.146,103.802,104.652,107.760,57.000,99.083,42.000,63.500,other,0,-1,5,3
774,63,70.771,68.435,69.273,103.808,104.710,107.581,65.000,100.042,111.000,67.778,other,0,-1,6,3
775,48,79.403,72.836,75.978,102.785,103.704,107.187,63.000,98.042,79.000,79.889,other,0,-1,7,3
776,84,95.231,82.311,81.006,102.008,102.953,106.845,48.000,96.750,80.000,92.417,other,0,-1,8,3
777,123,111.200,102.181,103.173,101.738,102.726,106.608,84.000,96.917,99.000,115.000,other,0,-1,9,3
778,158,130.843,126.587,129.843,101.758,102.800,106.432,123.000,97.917,74.000,126.583,other,0,-1,10,3
779,161,152.033,152.410,155.666,102.648,103.772,106.437,158.000,101.417,120.000,145.861,other,0,-1,11,3
780,164,163.574,167.603,166.042,102.914,104.101,106.313,161.000,103.125,208.000,168.111,other,0,-1,12,3
781,121,170.336,173.902,171.847,101.949,103.155,105.931,164.000,101.292,112.000,177.472,other,0,-1,13,3
782,155,164.997,160.828,153.526,101.751,103.003,105.710,121.000,101.667,241.000,176.694,other,0,-1,14,3
783,136,163.005,164.246,161.332,100.178,101.427,105.201,155.000,98.083,97.000,173.972,other,0,-1,15,3
784,157,151.792,150.095,144.714,100.415,101.726,105.070,136.000,99.708,163.000,162.111,other,0,-1,16,3
785,71,138.701,144.875,142.967,100.001,101.349,104.803,157.000,99.458,104.000,150.028,other,0,-1,17,3
786,101,125.556,114.118,98.369,99.195,100.568,104.455,71.000,98.083,224.000,132.389,other,0,-1,18,3
787,96,105.762,102.498,99.639,97.085,98.438,103.834,101.000,92.958,107.000,108.528,other,0,-1,19,3
788,57,87.993,87.870,89.559,96.598,97.986,103.552,96.000,92.500,63.000,100.083,other,0,-1,20,3
789,92,77.830,69.351,71.271,96.184,97.610,103.285,57.000,92.250,55.000,85.306,other,0,-1,21,3
790,60,58.780,69.734,74.582,96.392,97.878,103.149,92.000,93.792,85.000,74.778,other,0,-1,22,3
791,64,52.415,54.906,61.495,95.702,97.217,102.824,60.000,92.750,20.000,70.444,other,0,-1,23,3
792,67,47.111,53.636,58.599,96.012,97.590,102.709,64.000,94.583,67.000,60.917,other,0,-1,0,4
793,80,47.746,58.487,55.058,95.727,97.301,102.348,67.000,94.583,28.000,56.972,other,0,-1,1,4
794,68,55.104,66.101,56.848,96.195,97.791,102.144,80.000,96.750,86.000,51.583,other,0,-1,2,4
795,45,53.671,61.836,54.681,95.648,97.232,101.728,68.000,96.000,56.000,54.556,other,0,-1,3,4
796,66,49.439,53.481,51.612,95.204,96.778,101.334,45.000,95.542,57.000,57.139,other,0,-1,4,4
797,49,57.332,62.194,59.636,95.049,96.623,101.000,66.000,95.917,65.000,54.694,other,0,-1,5,4
798,65,57.936,58.411,60.669,94.532,96.094,100.591,49.000,95.250,63.000,65.167,other,0,-1,6,4
799,56,67.274,68.159,72.241,94.275,95.834,100.235,65.000,95.333,48.000,74.667,other,0,-1,7,4
800,63,80.948,76.533,78.721,94.106,95.665,99.898,56.000,95.667,84.000,86.667,other,0,-1,8,4
801,82,98.625,94.712,91.928,93.516,95.061,99.474,63.000,94.792,123.000,109.861,other,0,-1,9,4
802,114,116.538,118.735,111.300,92.637,94.157,98.989,82.000,93.083,158.000,125.222,other,0,-1,10,4
803,150,134.204,143.572,136.780,91.714,93.208,98.494,114.000,91.250,161.000,147.361,other,0,-1,11,4
804,150,152.855,165.042,162.365,91.270,92.754,98.100,150.000,90.792,164.000,161.111,other,0,-1,12,4
805,185,162.011,166.274,166.524,90.782,92.254,97.697,150.000,90.208,121.000,174.694,other,0,-1,13,4
806,130,173.288,179.550,183.535,91.423,92.924,97.529,185.000,92.875,155.000,178.167,other,0,-1,14,4
807,117,160.052,149.949,150.971,90.776,92.260,97.092,130.000,91.833,136.000,172.583,other,0,-1,15,4
808,175,148.076,137.754,135.297,90.215,91.686,96.674,117.000,91.042,157.000,165.472,other,0,-1,16,4
809,175,132.867,144.879,149.555,90.191,91.666,96.367,175.000,91.792,71.000,138.861,other,0,-1,17,4
810,94,110.923,131.750,135.738,91.412,92.936,96.320,175.000,96.125,101.000,121.333,other,0,-1,18,4
811,86,92.996,92.156,91.059,91.025,92.542,95.938,94.000,95.833,96.000,101.944,other,0,-1,19,4
812,64,75.505,76.575,79.230,90.595,92.103,95.547,86.000,95.417,57.000,84.222,other,0,-1,20,4
813,66,62.238,61.020,66.194,90.411,91.918,95.207,64.000,95.708,92.000,70.889,other,0,-1,21,4
814,58,48.225,53.162,60.981,89.749,91.239,94.767,66.000,94.625,60.000,63.889,other,0,-1,22,4
815,48,39.869,46.700,54.785,89.435,90.920,94.400,58.000,94.542,64.000,57.111,other,0,-1,23,4
816,38,35.216,42.080,49.469,88.918,90.390,93.990,48.000,93.875,67.000,38.722,other,0,-1,0,5
817,32,33.412,40.949,31.441,88.470,89.881,93.701,38.000,92.667,80.000,42.139,other,0,-1,1,5
818,68,33.923,40.463,30.755,87.746,89.087,93.354,32.000,90.667,68.000,43.389,other,0,-1,2,5
819,62,49.945,57.305,39.577,87.718,89.013,93.152,68.000,90.667,45.000,43.528,other,0,-1,3,5
820,46,49.935,55.550,41.821,87.936,89.193,93.002,62.000,91.375,66.000,42.111,other,0,-1,4,5
821,57,45.409,49.493,42.711,87.618,88.819,92.740,46.000,90.542,49.000,43.028,other,0,-1,5,5
822,65,51.869,55.950,52.084,87.706,88.864,92.562,57.000,90.875,65.000,55.167,other,0,-1,6,5
823,53,58.682,63.495,62.901,87.678,88.790,92.361,65.000,90.875,56.000,63.917,other,0,-1,7,5
824,70,67.646,68.023,67.768,87.607,88.671,92.150,53.000,90.750,63.000,81.722,other,0,-1,8,5
825,80,83.928,85.985,84.677,87.680,88.701,91.970,70.000,91.042,82.000,98.167,other,0,-1,9,5
826,91,102.635,103.540,99.538,87.623,88.597,91.762,80.000,90.958,114.000,102.556,other,0,-1,10,5
827,101,120.743,119.905,114.441,87.261,88.178,91.491,91.000,90.000,150.000,122.722,other,0,-1,11,5
828,120,135.416,132.142,127.133,86.524,87.369,91.141,101.000,87.958,150.000,141.028,other,0,-1,12,5
829,149,146.818,143.754,142.199,86.061,86.844,90.848,120.000,86.708,185.000,161.333,other,0,-1,13,5
830,106,154.594,155.522,159.496,85.511,86.230,90.538,149.000,85.208,130.000,179.778,other,0,-1,14,5
831,189,145.133,137.173,129.765,85.135,85.796,90.263,106.000,84.208,117.000,180.472,other,0,-1,15,5
832,69,146.511,160.122,168.117,86.150,86.801,90.280,189.000,87.208,175.000,165.833,other,0,-1,16,5
833,161,119.920,114.088,92.819,84.587,85.138,89.757,69.000,82.792,175.000,148.556,other,0,-1,17,5
834,65,99.835,119.360,118.838,84.356,84.853,89.513,161.000,82.208,94.000,114.861,other,0,-1,18,5
835,48,86.396,84.309,67.900,83.908,84.344,89.224,65.000,81.000,86.000,90.528,other,0,-1,19,5
836,68,71.464,67.506,55.050,83.329,83.700,88.907,48.000,79.417,64.000,74.972,other,0,-1,20,5
837,62,52.222,56.676,53.547,83.359,83.686,88.718,68.000,79.583,66.000,60.444,other,0,-1,21,5
838,59,40.922,47.947,47.844,83.273,83.551,88.504,62.000,79.417,58.000,52.389,other,0,-1,22,5
839,42,34.220,44.172,44.162,83.259,83.492,88.305,59.000,79.458,48.000,44.139,other,0,-1,23,5
840,22,30.478,38.932,39.107,83.144,83.327,88.085,42.000,79.208,38.000,32.472,other,0,-1,0,6
841,34,28.625,33.714,30.046,83.163,83.284,88.147,22.000,78.542,32.000,34.500,other,0,-1,1,6
842,42,33.325,40.236,33.904,83.442,83.511,88.262,34.000,78.625,68.000,33.361,other,0,-1,2,6
843,35,39.509,45.949,38.283,83.316,83.317,88.293,42.000,77.542,62.000,35.222,other,0,-1,3,6
844,14,39.384,44.476,40.416,83.175,83.109,88.321,35.000,76.417,46.000,34.028,other,0,-1,4,6
845,40,36.240,38.604,39.883,82.961,82.826,88.334,14.000,75.083,57.000,36.611,other,0,-1,5,6
846,38,45.931,50.688,52.526,82.965,82.768,88.392,40.000,74.375,65.000,38.694,other,0,-1,6,6
847,41,51.237,55.321,58.553,82.825,82.560,88.420,38.000,73.250,53.000,47.194,other,0,-1,7,6
848,70,62.810,65.329,66.623,82.901,82.576,88.494,41.000,72.750,70.000,59.167,other,0,-1,8,6
849,111,79.689,86.644,85.856,83.151,82.773,88.603,70.000,72.750,80.000,78.778,other,0,-1,9,6
850,103,103.313,117.686,114.384,83.851,83.434,88.807,111.000,74.042,91.000,101.278,other,0,-1,10,6
851,132,118.312,121.065,116.146,84.275,83.811,88.953,103.000,74.542,101.000,121.778,other,0,-1,11,6
852,151,138.075,142.336,138.451,84.974,84.472,89.156,132.000,75.833,120.000,140.833,other,0,-1,12,6
853,135,151.954,155.473,153.538,85.673,85.133,89.359,151.000,77.125,149.000,148.472,other,0,-1,13,6
854,167,151.523,148.081,142.171,85.721,85.120,89.427,135.000,76.542,106.000,156.639,other,0,-1,14,6
855,146,153.388,157.870,160.327,86.855,86.231,89.721,167.000,79.083,189.000,153.306,other,0,-1,15,6
856,105,138.630,140.841,138.519,86.482,85.783,89.701,146.000,77.292,69.000,133.083,other,0,-1,16,6
857,108,122.976,119.078,105.081,87.254,86.519,89.919,105.000,78.792,161.000,123.667,other,0,-1,17,6
858,116,105.719,104.611,94.655,86.737,85.921,89.868,108.000,76.583,65.000,102.583,other,0,-1,18,6
859,71,85.986,89.362,84.217,87.726,86.882,90.132,116.000,78.708,48.000,79.889,other,0,-1,19,6
860,60,73.609,69.577,59.796,88.309,87.424,90.312,71.000,79.667,68.000,59.111,other,0,-1,20,6
861,43,59.566,56.767,51.278,88.443,87.501,90.397,60.000,79.333,62.000,47.306,other,0,-1,21,6
862,22,49.472,47.156,44.713,88.418,87.412,90.449,43.000,78.542,59.000,35.306,other,0,-1,22,6
863,22,42.782,39.958,39.347,88.133,87.054,90.447,22.000,77.000,42.000,32.556,other,0,-1,23,6
864,39,38.204,38.543,38.401,88.093,86.951,90.496,22.000,76.167,22.000,61.343,other,0,-1,0,0
865,57,40.435,43.996,44.779,88.680,87.525,90.886,39.000,76.875,34.000,59.743,other,0,-1,1,0
866,46,49.754,55.681,49.579,89.353,88.190,91.294,57.000,77.833,42.000,61.829,other,0,-1,2,0
867,75,48.476,53.553,49.638,89.751,88.569,91.644,46.000,78.000,35.000,63.543,other,0,-1,3,0
868,50,66.115,71.290,61.087,90.671,89.488,92.104,75.000,79.667,14.000,60.000,other,0,-1,4,0
869,68,53.325,59.543,60.061,91.533,90.348,92.551,50.000,81.167,40.000,77.171,other,0,-1,5,0
870,48,61.951,71.294,72.237,92.278,91.087,92.974,68.000,82.333,38.000,77.686,other,0,-1,6,0
871,84,59.796,68.619,73.597,92.763,91.556,93.343,48.000,82.750,41.000,91.543,other,0,-1,7,0
872,142,77.299,93.838,95.153,93.727,92.521,93.811,84.000,84.542,70.000,101.114,other,0,-1,8,0
873,137,119.761,138.600,132.155,95.110,93.919,94.368,142.000,87.542,111.000,122.829,other,0,-1,9,0
874,152,124.579,145.205,138.700,95.827,94.629,94.785,137.000,88.625,103.000,137.200,other,0,-1,10,0
875,111,145.107,161.151,154.750,96.877,95.683,95.271,152.000,90.667,132.000,150.314,other,0,-1,11,0
876,137,146.375,147.334,136.084,96.913,95.688,95.546,111.000,89.792,151.000,163.229,other,0,-1,12,0
877,1018,160.241,159.969,152.724,97.050,95.797,95.842,137.000,89.208,135.000,172.800,inside,1,0,13,0
878,902,411.872,448.895,458.142,110.181,109.354,98.852,1018.000,126.000,167.000,172.257,inside,1,1,14,0
879,489,409.716,445.364,451.020,121.169,120.692,101.414,902.000,156.625,146.000,183.343,inside,1,2,15,0
880,746,377.211,394.364,363.634,126.478,126.153,102.790,489.000,170.917,105.000,162.143,inside,1,3,16,0
881,571,398.122,433.146,432.716,136.104,136.082,105.067,746.000,197.625,108.000,148.800,inside,1,4,17,0
882,309,375.579,376.214,378.160,143.151,143.342,106.806,571.000,216.917,116.000,128.829,inside,1,5,18,0
883,91,236.613,139.554,177.479,146.287,146.555,107.729,309.000,224.958,71.000,110.171,after,1,6,19,0
884,84,75.869,42.131,69.056,146.917,147.174,108.128,91.000,225.792,60.000,85.143,after,1,7,20,0
885,105,64.648,34.332,61.781,147.605,147.854,108.539,84.000,226.792,43.000,75.143,after,1,8,21,0
886,92,68.296,36.083,61.085,148.843,149.103,109.065,105.000,229.375,22.000,65.229,after,1,9,22,0
887,37,65.417,34.582,58.028,150.197,150.472,109.615,92.000,232.292,22.000,63.543,after,1,10,23,0
888,42,48.751,25.700,52.592,150.755,151.016,109.998,37.000,232.917,39.000,61.694,after,1,11,0,1
889,89,55.246,29.867,56.263,150.972,151.263,110.320,42.000,233.042,57.000,62.000,after,1,12,1,1
890,64,79.489,45.311,58.728,151.610,151.944,110.729,89.000,234.375,46.000,62.222,after,1,13,2,1
891,83,71.166,40.579,56.128,152.044,152.416,111.096,64.000,235.125,75.000,61.389,after,1,14,3,1
892,62,84.077,50.104,58.533,152.334,152.738,111.432,83.000,235.458,50.000,63.583,after,1,15,4,1
893,58,76.965,46.445,58.542,152.682,153.120,111.781,62.000,235.958,68.000,65.139,after,1,16,5,1
894,95,80.606,50.192,62.893,152.711,153.172,112.063,58.000,235.542,48.000,66.417,after,1,17,6,1
895,103,102.554,70.394,79.974,153.566,154.078,112.518,95.000,237.500,84.000,77.639,after,1,18,7,1
896,80,117.204,85.324,96.016,154.015,154.565,112.887,103.000,238.292,142.000,91.833,after,1,19,8,1
897,107,126.156,97.198,102.873,153.291,153.837,113.012,80.000,235.708,137.000,109.944,after,1,20,9,1
898,142,150.765,123.935,128.314,153.030,153.590,113.234,107.000,234.458,152.000,131.361,after,1,21,10,1
899,153,175.831,149.990,158.473,153.059,153.642,113.516,142.000,234.042,111.000,148.500,after,1,22,11,1
900,218,189.321,163.586,173.937,153.842,154.473,113.955,153.000,235.792,137.000,174.389,after,1,23,12,1
901,209,215.321,199.448,215.495,155.189,155.889,114.513,218.000,239.167,1018.000,191.778,after,1,24,13,1
902,173,216.685,191.880,207.808,143.644,143.964,112.378,209.000,205.458,902.000,190.222,after,1,25,14,1
903,281,186.406,170.180,177.751,133.257,133.237,110.484,173.000,175.083,489.000,183.056,after,1,26,15,1
904,176,254.094,227.716,229.348,130.418,130.321,110.168,281.000,166.417,746.000,168.806,after,1,27,16,1
905,203,152.879,148.658,150.603,122.335,121.978,108.756,176.000,142.667,571.000,158.750,after,1,28,17,1
906,111,141.267,144.473,151.800,117.178,116.663,107.955,203.000,127.333,309.000,131.639,after,1,29,18,1
907,110,112.619,101.269,101.163,114.484,113.897,107.668,111.000,119.083,91.000,103.944,other,0,-1,19,1
908,70,94.587,86.320,92.381,114.933,114.384,108.038,110.000,119.875,84.000,92.389,other,0,-1,20,1
909,83,82.806,70.284,73.061,114.904,114.376,108.308,70.000,119.292,105.000,77.389,other,0,-1,21,1
910,87,70.412,65.332,69.006,114.759,114.248,108.554,83.000,118.375,92.000,64.944,other,0,-1,22,1
911,62,66.519,65.321,63.087,114.861,114.375,108.851,87.000,118.167,37.000,62.889,other,0,-1,23,1
912,58,61.564,58.844,53.005,115.397,114.951,109.239,62.000,119.208,42.000,59.639,other,0,-1,0,2
913,50,60.258,59.435,55.318,115.505,115.123,109.338,58.000,119.875,89.000,64.167,other,0,-1,1,2
914,67,60.242,58.206,52.654,114.817,114.471,109.271,50.000,118.250,64.000,56.194,other,0,-1,2,2
915,69,67.206,65.400,56.216,114.737,114.448,109.331,67.000,118.375,83.000,60.528,other,0,-1,3,2
916,63,70.273,67.253,58.725,114.411,114.170,109.340,69.000,117.792,62.000,62.444,other,0,-1,4,2
917,52,70.739,66.390,61.454,114.302,114.118,109.394,63.000,117.833,58.000,62.833,other,0,-1,5,2
918,88,73.822,66.411,64.755,114.092,113.960,109.427,52.000,117.583,95.000,70.472,other,0,-1,6,2
919,53,87.658,80.908,81.668,113.867,113.787,109.457,88.000,117.292,103.000,78.639,other,0,-1,7,2
920,106,99.260,85.832,81.543,113.020,112.970,109.357,53.000,115.208,80.000,89.639,other,0,-1,8,2
921,88,117.485,106.902,110.094,113.273,113.292,109.487,106.000,116.292,107.000,104.833,other,0,-1,9,2
922,120,135.209,126.903,115.958,112.874,112.939,109.480,88.000,115.500,142.000,127.694,other,0,-1,10,2
923,228,152.369,146.434,140.472,112.433,112.542,109.465,120.000,114.583,153.000,145.361,other,0,-1,11,2
924,115,207.177,188.178,201.646,113.396,113.598,109.743,228.000,117.708,218.000,159.222,other,0,-1,12,2
925,136,167.419,164.301,151.251,111.780,111.986,109.482,115.000,113.417,209.000,182.222,other,0,-1,13,2
926,216,168.189,167.127,159.404,110.600,110.824,109.312,136.000,110.375,173.000,185.000,other,0,-1,14,2
927,226,183.494,192.307,193.365,111.099,111.401,109.493,216.000,112.167,281.000,172.750,other,0,-1,15,2
928,192,175.965,191.611,187.838,110.179,110.509,109.378,226.000,109.875,176.000,158.694,other,0,-1,16,2
929,149,149.797,162.148,157.228,110.288,110.681,109.478,192.000,110.542,203.000,148.139,other,0,-1,17,2
930,104,129.188,131.202,124.601,109.382,109.803,109.365,149.000,108.292,111.000,124.722,other,0,-1,18,2
931,104,113.822,105.826,96.274,109.157,109.631,109.395,104.000,108.000,110.000,108.833,other,0,-1,19,2
932,131,95.698,91.272,87.762,108.947,109.473,109.428,104.000,107.750,70.000,89.361,other,0,-1,20,2
933,61,79.477,90.961,88.725,109.707,110.320,109.664,131.000,110.292,83.000,75.500,other,0,-1,21,2
934,39,71.167,64.093,60.156,109.266,109.922,109.648,61.000,109.375,87.000,67.139,other,0,-1,22,2
935,38,63.608,55.277,49.248,108.447,109.135,109.554,39.000,107.375,62.000,62.722,other,0,-1,23,2
936,81,57.301,52.388,44.715,107.976,108.707,109.533,38.000,106.375,58.000,61.389,other,0,-1,0,3
937,79,60.337,68.094,62.722,107.981,108.765,109.354,81.000,107.333,50.000,64.194,other,0,-1,1,3
938,69,62.820,68.893,60.993,108.074,108.914,109.193,79.000,108.542,67.000,65.056,other,0,-1,2,3
939,58,62.405,66.016,59.166,107.775,108.657,108.950,69.000,108.625,69.000,61.583,other,0,-1,3,3
940,74,61.777,62.757,58.717,107.288,108.206,108.668,58.000,108.167,63.000,61.250,other,0,-1,4,3
941,53,68.950,69.426,65.764,107.120,108.084,108.453,74.000,108.625,52.000,63.500,other,0,-1,5,3
942,56,69.961,65.124,66.410,106.807,107.813,108.207,53.000,108.667,88.000,67.778,other,0,-1,6,3
943,63,80.196,71.676,74.351,106.015,107.047,107.862,56.000,107.333,53.000,79.889,other,0,-1,7,3
944,99,95.034,83.674,85.712,105.832,106.910,107.643,63.000,107.750,106.000,92.417,other,0,-1,8,3
945,91,112.249,104.022,108.826,105.403,106.519,107.373,99.000,107.458,88.000,115.000,other,0,-1,9,3
946,99,131.006,125.356,118.816,105.119,106.278,107.134,91.000,107.583,120.000,126.583,other,0,-1,10,3
947,194,147.252,146.598,133.779,104.487,105.676,106.822,99.000,106.708,228.000,145.861,other,0,-1,11,3
948,202,177.733,178.080,181.738,103.667,104.880,106.470,194.000,105.292,115.000,168.111,other,0,-1,12,3
949,160,183.570,189.395,190.747,104.600,105.898,106.485,202.000,108.917,136.000,177.472,other,0,-1,13,3
950,229,171.045,172.355,171.926,104.620,105.971,106.309,160.000,109.917,216.000,176.694,other,0,-1,14,3
951,206,186.726,200.893,199.102,104.480,105.880,106.099,229.000,110.458,226.000,173.972,other,0,-1,15,3
952,179,163.928,178.867,178.572,103.863,105.293,105.790,206.000,109.625,192.000,162.111,other,0,-1,16,3
953,116,142.033,153.831,153.971,103.347,104.812,105.502,179.000,109.083,149.000,150.028,other,0,-1,17,3
954,99,123.952,118.990,114.966,102.541,104.031,105.154,116.000,107.708,104.000,132.389,other,0,-1,18,3
955,161,107.143,100.389,98.178,102.141,103.670,104.890,99.000,107.500,104.000,108.528,other,0,-1,19,3
956,67,84.638,116.040,110.641,102.639,104.238,104.814,161.000,109.875,131.000,100.083,other,0,-1,20,3
957,116,76.159,68.196,71.937,101.384,102.992,104.371,67.000,107.208,61.000,85.306,other,0,-1,21,3
958,73,59.704,78.533,78.382,101.853,103.530,104.289,116.000,109.500,39.000,74.778,other,0,-1,22,3
959,101,52.062,56.793,62.144,102.018,103.753,104.143,73.000,110.917,38.000,70.444,other,0,-1,23,3
960,45,53.627,66.880,64.382,102.603,104.411,104.085,101.000,113.542,81.000,60.917,other,0,-1,0,4
961,44,44.402,48.955,49.315,101.796,103.582,103.615,45.000,112.042,79.000,56.972,other,0,-1,1,4
962,64,45.159,49.825,48.159,101.004,102.768,103.148,44.000,110.583,69.000,51.583,other,0,-1,2,4
963,53,52.655,58.978,52.143,100.646,102.404,102.772,64.000,110.375,58.000,54.556,other,0,-1,3,4
964,40,51.741,55.437,51.912,100.288,102.039,102.396,53.000,110.167,74.000,57.139,other,0,-1,4,4
965,48,52.316,52.304,52.651,99.511,101.240,101.932,40.000,108.750,53.000,54.694,other,0,-1,5,4
966,63,58.675,57.562,59.667,99.153,100.876,101.556,48.000,108.542,56.000,65.167,other,0,-1,6,4
967,65,68.382,67.375,71.340,98.969,100.692,101.216,63.000,108.833,63.000,74.667,other,0,-1,7,4
968,83,81.686,78.303,82.124,98.713,100.432,100.861,65.000,108.917,99.000,86.667,other,0,-1,8,4
969,130,98.727,98.859,100.865,98.195,99.903,100.451,83.000,108.250,91.000,109.861,other,0,-1,9,4
970,118,120.103,132.814,134.706,98.475,100.198,100.208,130.000,109.875,99.000,125.222,other,0,-1,10,4
971,153,136.796,146.076,141.720,98.465,100.194,99.904,118.000,110.667,194.000,147.361,other,0,-1,11,4
972,137,155.761,167.824,167.661,97.586,99.290,99.419,153.000,108.958,202.000,161.111,other,0,-1,12,4
973,164,162.061,162.055,164.062,96.359,98.026,98.861,137.000,106.250,160.000,174.694,other,0,-1,13,4
974,194,170.022,169.500,175.977,96.131,97.796,98.512,164.000,106.417,229.000,178.167,other,0,-1,14,4
975,188,172.753,177.478,184.495,95.339,96.982,98.045,194.000,104.958,206.000,172.583,other,0,-1,15,4
976,117,156.852,163.772,170.695,94.793,96.423,97.630,188.000,104.208,179.000,165.472,other,0,-1,16,4
977,146,130.807,126.134,124.250,93.610,95.204,97.081,117.000,101.625,116.000,138.861,other,0,-1,17,4
978,105,109.890,119.754,123.190,93.759,95.365,96.811,146.000,102.875,99.000,121.333,other,0,-1,18,4
979,82,91.794,94.321,95.127,93.560,95.165,96.468,105.000,103.125,161.000,101.944,other,0,-1,19,4
980,78,76.210,75.831,78.558,92.131,93.692,95.867,82.000,99.833,67.000,84.222,other,0,-1,20,4
981,81,60.130,63.556,70.196,92.005,93.567,95.540,78.000,100.292,116.000,70.889,other,0,-1,21,4
982,66,47.271,56.947,65.003,91.212,92.753,95.073,81.000,98.833,73.000,63.889,other,0,-1,22,4
983,74,40.101,48.444,57.116,90.826,92.359,94.690,66.000,98.542,101.000,57.111,other,0,-1,23,4
984,44,37.953,50.146,55.249,90.149,91.665,94.247,74.000,97.417,45.000,38.722,other,0,-1,0,5
985,47,35.206,41.956,33.927,90.107,91.575,94.043,44.000,97.375,44.000,42.139,other,0,-1,1,5
986,40,38.404,45.111,35.038,90.122,91.546,93.850,47.000,97.500,64.000,43.389,other,0,-1,2,5
987,37,39.157,43.993,35.296,89.746,91.111,93.576,40.000,96.500,53.000,43.528,other,0,-1,3,5
988,44,40.831,44.102,37.443,89.486,90.797,93.326,37.000,95.833,40.000,42.111,other,0,-1,4,5
989,28,45.487,48.141,43.282,89.516,90.783,93.136,44.000,96.000,48.000,43.028,other,0,-1,5,5
990,38,46.590,45.771,44.810,89.198,90.409,92.874,28.000,95.167,63.000,55.167,other,0,-1,6,5
991,55,55.540,54.325,54.449,88.808,89.959,92.597,38.000,94.125,65.000,63.917,other,0,-1,7,5
992,92,68.192,68.396,68.804,88.635,89.735,92.365,55.000,93.708,83.000,81.722,other,0,-1,8,5
993,130,85.700,94.598,95.162,88.737,89.795,92.190,92.000,94.083,130.000,98.167,other,0,-1,9,5
994,84,109.438,128.448,127.178,88.709,89.721,91.989,130.000,94.083,118.000,102.556,other,0,-1,10,5
995,153,121.234,117.203,110.828,88.189,89.137,91.684,84.000,92.667,153.000,122.722,other,0,-1,11,5
996,221,144.949,158.730,159.408,88.161,89.063,91.482,153.000,92.667,137.000,141.028,other,0,-1,12,5
997,161,190.132,210.449,210.030,89.349,90.247,91.535,221.000,96.167,164.000,161.333,other,0,-1,13,5
998,167,159.806,161.379,167.965,89.278,90.128,91.324,161.000,96.042,194.000,179.778,other,0,-1,14,5
999,124,156.134,158.240,165.960,88.858,89.649,91.041,167.000,94.917,188.000,180.472,other,0,-1,15,5
1000,176,140.447,133.609,130.537,87.903,88.615,90.646,124.000,92.250,117.000,165.833,other,0,-1,16,5
1001,162,125.166,139.111,144.921,88.730,89.425,90.622,176.000,94.708,146.000,148.556,other,0,-1,17,5
1002,90,102.485,117.871,119.969,88.933,89.590,90.469,162.000,95.375,105.000,114.861,other,0,-1,18,5
1003,45,86.934,85.019,76.573,88.688,89.291,90.222,90.000,94.750,82.000,90.528,other,0,-1,19,5
1004,79,76.338,65.846,55.713,88.124,88.662,89.908,45.000,93.208,78.000,74.972,other,0,-1,20,5
1005,73,54.093,57.338,57.483,88.110,88.603,89.710,79.000,93.250,81.000,60.444,other,0,-1,21,5
1006,51,43.248,49.568,51.675,87.966,88.408,89.484,73.000,92.917,66.000,52.389,other,0,-1,22,5
1007,55,36.739,41.213,44.470,87.721,88.109,89.237,51.000,92.292,74.000,44.139,other,0,-1,23,5
1008,19,34.344,42.346,42.988,87.418,87.750,88.978,55.000,91.500,44.000,32.472,other,0,-1,0,6
1009,35,30.835,32.277,29.651,87.306,87.572,89.012,19.000,90.458,47.000,34.500,other,0,-1,1,6
1010,33,35.872,39.745,33.877,87.382,87.588,89.085,35.000,89.958,40.000,33.361,other,0,-1,2,6
1011,39,38.142,41.159,35.957,87.531,87.680,89.174,33.000,89.667,37.000,35.222,other,0,-1,3,6
1012,28,42.853,45.324,40.995,87.810,87.906,89.289,39.000,89.750,44.000,34.028,other,0,-1,4,6
1013,41,41.542,42.626,43.033,87.829,87.863,89.350,28.000,89.083,28.000,36.611,other,0,-1,5,6
1014,34,48.270,50.362,52.511,88.267,88.255,89.499,41.000,89.625,38.000,38.694,other,0,-1,6,6
1015,54,53.216,53.488,57.100,88.460,88.391,89.597,34.000,89.458,55.000,47.194,other,0,-1,7,6
1016,85,65.996,68.924,71.549,88.696,88.573,89.704,54.000,89.417,92.000,59.167,other,0,-1,8,6
1017,76,83.919,92.663,93.085,88.844,88.664,89.792,85.000,89.125,130.000,78.778,other,0,-1,9,6
1018,97,100.492,98.843,96.125,88.312,88.052,89.738,76.000,86.875,84.000,101.278,other,0,-1,10,6
1019,85,120.041,117.053,113.401,88.751,88.443,89.887,97.000,87.417,153.000,121.778,other,0,-1,11,6
1020,147,133.698,119.198,110.955,88.016,87.620,89.791,85.000,84.583,221.000,140.833,other,0,-1,12,6
1021,124,150.851,153.162,151.723,87.195,86.707,89.677,147.000,81.500,161.000,148.472,other,0,-1,13,6
1022,157,148.899,143.991,135.850,86.909,86.349,89.675,124.000,79.958,167.000,156.639,other,0,-1,14,6
1023,118,149.901,153.937,153.859,87.014,86.396,89.754,157.000,79.542,124.000,153.306,other,0,-1,15,6
1024,129,134.728,133.717,121.786,87.178,86.503,89.846,118.000,79.292,176.000,133.083,other,0,-1,16,6
1025,172,119.976,124.583,117.420,86.747,85.995,89.813,129.000,77.333,162.000,123.667,other,0,-1,17,6
1026,69,105.628,120.470,125.646,87.142,86.341,89.953,172.000,77.750,90.000,102.583,other,0,-1,18,6
1027,102,89.137,85.399,67.617,87.088,86.223,89.999,69.000,76.875,45.000,79.889,other,0,-1,19,6
1028,51,68.077,73.607,66.985,88.164,87.274,90.281,102.000,79.250,79.000,59.111,other,0,-1,20,6
1029,55,58.545,56.385,48.027,88.009,87.051,90.306,51.000,78.083,73.000,47.306,other,0,-1,21,6
1030,42,46.724,49.438,45.204,87.998,86.978,90.361,55.000,77.333,51.000,35.306,other,0,-1,22,6
1031,49,40.398,44.153,41.035,88.118,87.039,90.444,42.000,76.958,55.000,32.556,other,0,-1,23,6
1032,61,39.545,46.641,41.418,88.282,87.146,90.535,49.000,76.708,19.000,61.343,other,0,-1,0,0
1033,71,46.216,53.931,48.722,89.230,88.095,91.001,61.000,78.458,35.000,59.743,other,0,-1,1,0
1034,46,56.335,64.298,52.537,90.092,88.954,91.448,71.000,79.958,33.000,61.829,other,0,-1,2,0
1035,53,47.786,54.728,49.557,90.620,89.469,91.826,46.000,80.500,39.000,63.543,other,0,-1,3,0
1036,101,53.191,60.117,55.366,91.163,89.998,92.207,53.000,81.083,28.000,60.000,other,0,-1,4,0
1037,59,86.622,90.917,75.928,92.561,91.412,92.766,101.000,84.125,41.000,77.171,other,0,-1,5,0
1038,100,57.579,67.756,69.861,93.162,92.001,93.159,59.000,84.875,34.000,77.686,other,0,-1,6,0
1039,71,81.988,95.383,93.036,94.458,93.310,93.697,100.000,87.625,54.000,91.543,other,0,-1,7,0
1040,101,73.363,89.205,90.617,95.045,93.885,94.087,71.000,88.333,85.000,101.114,other,0,-1,8,0
1041,81,94.853,115.349,112.200,95.617,94.444,94.473,101.000,89.000,76.000,122.829,other,0,-1,9,0
1042,94,108.347,120.585,110.871,96.029,94.839,94.827,81.000,89.208,97.000,137.200,other,0,-1,10,0
1043,151,127.863,135.100,123.294,96.326,95.113,95.156,94.000,89.083,85.000,150.314,other,0,-1,11,0
1044,106,156.122,164.392,159.538,97.622,96.422,95.694,151.000,91.833,147.000,163.229,other,0,-1,12,0
1045,162,154.204,149.563,135.304,97.369,96.127,95.909,106.000,90.125,124.000,172.800,other,0,-1,13,0
1046,114,168.633,169.354,167.304,98.259,97.016,96.362,162.000,91.708,157.000,172.257,other,0,-1,14,0
1047,184,157.114,149.787,134.332,97.977,96.691,96.570,114.000,89.917,118.000,183.343,other,0,-1,15,0
1048,112,157.908,163.539,168.964,99.273,98.000,97.108,184.000,92.667,129.000,162.143,other,0,-1,16,0
1049,139,133.989,129.708,118.031,99.367,98.065,97.395,112.000,91.958,172.000,148.800,other,0,-1,17,0
1050,112,116.027,118.563,120.958,99.229,97.890,97.634,139.000,90.583,69.000,128.829,other,0,-1,18,0
1051,66,98.045,97.551,97.727,100.192,98.854,98.102,112.000,92.375,102.000,110.171,other,0,-1,19,0
1052,60,85.609,78.808,74.752,100.011,98.634,98.332,66.000,90.875,51.000,85.143,other,0,-1,20,0
1053,58,70.747,66.053,66.591,100.481,99.088,98.698,60.000,91.250,55.000,75.143,other,0,-1,21,0
1054,46,59.458,58.373,60.876,100.865,99.453,99.045,58.000,91.375,42.000,65.229,other,0,-1,22,0
1055,62,52.988,53.233,54.732,101.263,99.832,99.396,46.000,91.542,49.000,63.543,other,0,-1,23,0
1056,41,54.545,58.354,56.218,101.792,100.347,99.773,62.000,92.083,61.000,61.694,other,0,-1,0,1
1057,70,50.131,51.960,51.246,101.676,100.249,100.025,41.000,91.250,71.000,62.000,other,0,-1,1,1
1058,67,62.224,64.983,56.820,101.835,100.436,100.334,70.000,91.208,46.000,62.222,other,0,-1,2,1
1059,75,64.541,65.928,57.838,102.313,100.952,100.710,67.000,92.083,53.000,61.389,other,0,-1,3,1
1060,51,71.009,71.076,63.226,102.806,101.484,101.089,75.000,93.000,101.000,63.583,other,0,-1,4,1
1061,55,61.131,62.913,62.500,102.256,100.936,101.250,51.000,90.917,59.000,65.139,other,0,-1,5,1
1062,48,65.054,67.800,70.064,102.372,101.078,101.551,55.000,90.750,100.000,66.417,other,0,-1,6,1
1063,49,71.523,73.465,75.977,101.792,100.501,101.706,48.000,88.583,71.000,77.639,other,0,-1,7,1
1064,95,85.636,87.408,85.073,101.648,100.373,101.951,49.000,87.667,101.000,91.833,other,0,-1,8,1
1065,104,105.168,112.540,111.519,101.735,100.485,102.245,95.000,87.417,81.000,109.944,other,0,-1,9,1
1066,185,124.822,132.344,125.732,102.242,101.031,102.627,104.000,88.375,94.000,131.361,other,0,-1,10,1
1067,111,174.081,170.036,176.318,103.734,102.598,103.215,185.000,92.167,151.000,148.500,other,0,-1,11,1
1068,181,156.371,158.017,144.123,103.328,102.200,103.406,111.000,90.500,106.000,174.389,other,0,-1,12,1
1069,131,180.293,181.174,184.874,104.589,103.526,103.946,181.000,93.625,162.000,191.778,other,0,-1,13,1
1070,228,168.788,164.567,155.626,104.314,103.263,104.164,131.000,92.333,114.000,190.222,other,0,-1,14,1
1071,228,196.816,200.286,205.668,106.139,105.174,104.821,228.000,97.083,184.000,183.056,other,0,-1,15,1
1072,107,183.559,190.126,195.506,106.950,106.036,105.267,228.000,98.917,112.000,168.806,other,0,-1,16,1
1073,93,146.573,133.837,119.236,107.052,106.162,105.564,107.000,98.708,139.000,158.750,other,0,-1,17,1
1074,140,132.056,117.385,104.136,106.560,105.675,105.737,93.000,96.792,112.000,131.639,other,0,-1,18,1
1075,146,109.891,107.111,113.724,107.139,106.296,106.134,140.000,97.958,66.000,103.944,other,0,-1,19,1
1076,77,94.032,95.726,106.324,108.472,107.698,106.689,146.000,101.292,60.000,92.389,other,0,-1,20,1
1077,85,81.302,72.471,76.185,108.892,108.154,107.052,77.000,102.000,58.000,77.389,other,0,-1,21,1
1078,75,69.731,67.515,71.685,109.457,108.761,107.446,85.000,103.125,46.000,64.944,other,0,-1,22,1
1079,80,63.947,63.613,63.353,110.051,109.398,107.846,75.000,104.333,62.000,62.889,other,0,-1,23,1
1080,40,64.993,67.094,59.883,110.486,109.869,108.213,80.000,105.083,41.000,59.639,other,0,-1,0,2
1081,67,57.627,55.541,54.408,110.348,109.787,108.261,40.000,105.042,70.000,64.167,other,0,-1,1,2
1082,69,63.162,65.442,58.179,110.181,109.674,108.303,67.000,104.917,67.000,56.194,other,0,-1,2,2
1083,72,66.578,67.574,58.873,110.087,109.636,108.360,69.000,105.000,75.000,60.528,other,0,-1,3,2
1084,68,69.949,69.606,61.390,109.920,109.523,108.402,72.000,104.875,51.000,62.444,other,0,-1,4,2
1085,53,70.743,68.903,64.279,110.043,109.710,108.505,68.000,105.583,55.000,62.833,other,0,-1,5,2
1086,23,72.542,67.113,66.313,109.891,109.613,108.550,53.000,105.500,48.000,70.472,other,0,-1,6,2
1087,68,84.661,70.858,66.148,109.406,109.170,108.525,23.000,104.458,49.000,78.639,other,0,-1,7,2
1088,139,96.998,87.084,86.366,109.557,109.387,108.634,68.000,105.250,95.000,89.639,other,0,-1,8,2
1089,77,124.445,113.533,122.547,110.072,109.979,108.818,139.000,107.083,104.000,104.833,other,0,-1,9,2
1090,136,133.842,127.523,111.302,109.557,109.506,108.787,77.000,105.958,185.000,127.694,other,0,-1,10,2
1091,198,152.489,146.397,146.390,108.724,108.704,108.690,136.000,103.917,111.000,145.361,other,0,-1,11,2
1092,168,182.519,173.849,185.084,109.861,109.940,109.004,198.000,107.542,181.000,159.222,other,0,-1,12,2
1093,150,172.910,174.003,174.810,109.549,109.678,109.016,168.000,107.000,131.000,182.222,other,0,-1,13,2
1094,317,168.988,170.543,165.042,109.701,109.895,109.125,150.000,107.792,228.000,185.000,other,0,-1,14,2
1095,218,288.178,259.447,248.089,110.867,111.161,109.445,317.000,111.500,228.000,172.750,other,0,-1,15,2
1096,185,169.990,186.691,183.391,110.599,110.943,109.466,218.000,111.083,107.000,158.694,other,0,-1,16,2
1097,91,148.525,158.243,153.913,111.606,112.045,109.753,185.000,114.333,93.000,148.139,other,0,-1,17,2
1098,158,134.048,119.074,101.239,111.454,111.947,109.798,91.000,114.250,140.000,124.722,other,0,-1,18,2
1099,116,111.648,119.653,117.703,111.591,112.149,109.903,158.000,115.000,146.000,108.833,other,0,-1,19,2
1100,93,95.554,92.413,92.272,111.033,111.632,109.864,116.000,113.750,77.000,89.361,other,0,-1,20,2
1101,102,81.662,76.215,76.817,111.142,111.804,109.963,93.000,114.417,85.000,75.500,other,0,-1,21,2
1102,37,69.685,72.707,72.139,111.265,111.991,110.066,102.000,115.125,75.000,67.139,other,0,-1,22,2
1103,65,64.479,53.204,50.721,110.591,111.353,110.002,37.000,113.542,80.000,62.722,other,0,-1,23,2
1104,63,58.458,57.423,51.767,110.250,111.061,110.008,65.000,112.917,40.000,61.389,other,0,-1,0,3
1105,57,57.209,60.202,60.775,110.256,111.119,109.829,63.000,113.875,67.000,64.194,other,0,-1,1,3
1106,68,57.511,59.401,58.356,109.783,110.683,109.550,57.000,113.458,69.000,65.056,other,0,-1,2,3
1107,41,62.528,64.875,60.463,109.441,110.381,109.298,68.000,113.417,72.000,61.583,other,0,-1,3,3
1108,88,59.472,56.712,56.898,108.664,109.630,108.956,41.000,112.125,68.000,61.250,other,0,-1,4,3
1109,47,74.462,74.813,69.992,108.626,109.643,108.767,88.000,112.958,53.000,63.500,other,0,-1,5,3
1110,98,70.570,63.463,65.961,108.212,109.267,108.501,47.000,112.708,23.000,67.778,other,0,-1,6,3
1111,59,86.268,82.594,86.735,108.970,110.105,108.479,98.000,115.833,68.000,79.889,other,0,-1,7,3
1112,97,96.426,83.523,85.179,108.512,109.684,108.203,59.000,115.458,139.000,92.417,other,0,-1,8,3
1113,73,113.103,104.284,108.569,107.576,108.768,107.827,97.000,113.708,77.000,115.000,other,0,-1,9,3
1114,94,132.827,126.471,113.009,107.191,108.421,107.566,73.000,113.542,136.000,126.583,other,0,-1,10,3
1115,122,148.221,147.178,132.594,106.255,107.505,107.191,94.000,111.792,198.000,145.861,other,0,-1,11,3
1116,203,160.622,160.492,152.730,104.826,106.079,106.712,122.000,108.625,168.000,168.111,other,0,-1,12,3
1117,133,185.170,189.892,192.035,105.005,106.318,106.569,203.000,110.083,150.000,177.472,other,0,-1,13,3
1118,180,167.917,163.810,161.033,104.431,105.776,106.269,133.000,109.375,317.000,176.694,other,0,-1,14,3
1119,175,168.988,173.613,174.460,102.119,103.436,105.606,180.000,103.667,218.000,173.972,other,0,-1,15,3
1120,144,156.455,162.938,162.669,101.168,102.505,105.228,175.000,101.875,185.000,162.111,other,0,-1,16,3
1121,218,138.522,140.509,137.358,100.247,101.604,104.855,144.000,100.167,91.000,150.028,other,0,-1,17,3
1122,145,133.027,170.358,159.739,101.759,103.222,104.990,218.000,105.458,158.000,132.389,other,0,-1,18,3
1123,191,101.256,115.045,114.291,101.243,102.740,104.702,145.000,104.917,116.000,108.528,other,0,-1,19,3
1124,49,91.754,143.549,121.596,102.002,103.578,104.681,191.000,108.042,93.000,100.083,other,0,-1,20,3
1125,75,77.134,67.171,65.050,101.037,102.632,104.299,49.000,106.208,102.000,85.306,other,0,-1,21,3
1126,79,59.318,63.194,64.791,100.318,101.941,103.969,75.000,105.083,37.000,74.778,other,0,-1,22,3
1127,69,50.737,60.603,60.165,100.598,102.284,103.847,79.000,106.833,65.000,70.444,other,0,-1,23,3
1128,71,46.761,55.348,53.727,100.329,102.058,103.610,69.000,107.000,63.000,60.917,other,0,-1,0,4
1129,49,47.985,60.575,50.402,100.159,101.888,103.273,71.000,107.333,57.000,56.972,other,0,-1,1,4
1130,69,44.959,53.427,45.517,99.758,101.479,102.888,49.000,107.000,68.000,51.583,other,0,-1,2,4
1131,49,54.034,62.779,49.860,99.487,101.204,102.530,69.000,107.042,41.000,54.556,other,0,-1,3,4
1132,51,49.877,55.278,48.209,99.318,101.035,102.193,49.000,107.375,88.000,57.139,other,0,-1,4,4
1133,21,53.251,56.816,52.530,98.497,100.191,101.720,51.000,105.833,47.000,54.694,other,0,-1,5,4
1134,83,56.916,52.078,51.564,97.835,99.512,101.280,21.000,104.750,98.000,65.167,other,0,-1,6,4
1135,76,70.646,74.138,76.074,97.332,98.998,100.874,83.000,104.125,59.000,74.667,other,0,-1,7,4
1136,92,80.714,80.873,85.196,97.293,98.963,100.564,76.000,104.833,97.000,86.667,other,0,-1,8,4
1137,76,97.947,100.720,104.292,96.935,98.599,100.188,92.000,104.625,73.000,109.861,other,0,-1,9,4
1138,118,117.114,117.982,111.521,96.693,98.354,99.836,76.000,104.750,94.000,125.222,other,0,-1,10,4
1139,120,136.113,145.216,142.220,96.756,98.425,99.547,118.000,105.750,122.000,147.361,other,0,-1,11,4
1140,133,150.269,154.859,152.435,96.441,98.105,99.180,120.000,105.667,203.000,161.111,other,0,-1,12,4
1141,137,160.274,159.899,162.592,95.142,96.767,98.607,133.000,102.750,133.000,174.694,other,0,-1,13,4
1142,179,163.842,158.069,163.301,94.915,96.537,98.258,137.000,102.917,180.000,178.167,other,0,-1,14,4
1143,107,168.573,168.969,177.155,94.615,96.233,97.894,179.000,102.875,175.000,172.583,other,0,-1,15,4
1144,209,144.307,135.744,132.542,93.344,94.924,97.327,107.000,100.042,144.000,165.472,other,0,-1,16,4
1145,74,144.286,163.666,167.775,94.001,95.609,97.163,209.000,102.750,218.000,138.861,other,0,-1,17,4
1146,91,111.487,105.737,95.121,91.629,93.161,96.366,74.000,96.750,145.000,121.333,other,0,-1,18,4
1147,84,91.997,92.350,89.874,90.562,92.062,95.841,91.000,94.500,191.000,101.944,other,0,-1,19,4
1148,118,74.690,76.631,78.523,88.726,90.169,95.157,84.000,90.042,49.000,84.222,other,0,-1,20,4
1149,78,55.820,77.359,80.471,89.441,90.914,95.004,118.000,92.917,75.000,70.889,other,0,-1,21,4
1150,90,46.296,56.815,63.505,89.199,90.669,94.652,78.000,93.042,79.000,63.889,other,0,-1,22,4
1151,61,40.392,58.320,61.428,89.073,90.545,94.324,90.000,93.500,69.000,57.111,other,0,-1,23,4
1152,38,35.312,46.313,51.778,88.672,90.135,93.939,61.000,93.167,71.000,38.722,other,0,-1,0,5
1153,37,32.960,40.988,32.256,88.165,89.566,93.637,38.000,91.792,49.000,42.139,other,0,-1,1,5
1154,36,34.643,42.321,32.627,87.964,89.312,93.399,37.000,91.292,69.000,43.389,other,0,-1,2,5
1155,53,36.970,43.419,33.996,87.457,88.743,93.098,36.000,89.917,49.000,43.528,other,0,-1,3,5
1156,47,45.667,51.647,40.613,87.487,88.728,92.908,53.000,90.083,51.000,42.111,other,0,-1,4,5
1157,36,45.560,50.076,43.806,87.401,88.594,92.695,47.000,89.917,21.000,43.028,other,0,-1,5,5
1158,69,46.481,48.620,46.798,87.590,88.745,92.538,36.000,90.542,83.000,55.167,other,0,-1,6,5
1159,68,59.534,65.351,64.766,87.359,88.460,92.294,69.000,89.958,76.000,63.917,other,0,-1,7,5
1160,115,67.930,73.045,73.802,87.215,88.266,92.068,68.000,89.625,92.000,81.722,other,0,-1,8,5
1161,72,90.795,106.885,106.760,87.521,88.536,91.936,115.000,90.583,76.000,98.167,other,0,-1,9,5
1162,71,102.109,100.848,95.291,87.434,88.402,91.722,72.000,90.417,118.000,102.556,other,0,-1,10,5
1163,117,119.637,112.618,103.445,86.726,87.623,91.379,71.000,88.458,120.000,122.722,other,0,-1,11,5
1164,121,136.652,139.041,135.928,86.654,87.503,91.168,117.000,88.333,133.000,141.028,other,0,-1,12,5
1165,125,147.045,144.251,142.226,86.452,87.249,90.930,121.000,87.833,137.000,161.333,other,0,-1,13,5
1166,212,151.428,145.903,144.533,86.250,86.995,90.692,125.000,87.333,179.000,179.778,other,0,-1,14,5
1167,117,172.199,186.028,194.476,86.700,87.415,90.590,212.000,88.708,107.000,180.472,other,0,-1,15,5
1168,83,136.182,132.786,126.912,86.817,87.491,90.419,117.000,89.125,209.000,165.833,other,0,-1,16,5
1169,93,122.186,115.936,98.480,84.963,85.527,89.836,83.000,83.875,74.000,148.556,other,0,-1,17,5
1170,83,102.602,103.167,89.586,85.211,85.738,89.692,93.000,84.667,91.000,114.861,other,0,-1,18,5
1171,80,84.766,86.019,74.156,85.067,85.543,89.466,83.000,84.333,84.000,90.528,other,0,-1,19,5
1172,56,66.757,70.499,64.138,84.980,85.409,89.252,80.000,84.167,118.000,74.972,other,0,-1,20,5
1173,78,54.084,54.835,52.336,84.054,84.405,88.863,56.000,81.583,78.000,60.444,other,0,-1,21,5
1174,39,40.574,51.879,52.794,84.026,84.331,88.661,78.000,81.583,90.000,52.389,other,0,-1,22,5
1175,31,34.299,38.710,42.544,83.259,83.492,88.305,39.000,79.458,61.000,44.139,other,0,-1,23,5
1176,31,29.953,35.429,39.304,82.797,82.968,88.013,31.000,78.208,38.000,32.472,other,0,-1,0,6
1177,27,30.176,36.037,33.460,82.945,83.059,88.101,31.000,77.917,37.000,34.500,other,0,-1,1,6
1178,21,31.545,37.127,34.217,83.051,83.106,88.181,27.000,77.500,36.000,33.361,other,0,-1,2,6
1179,12,32.567,36.920,35.270,83.084,83.078,88.245,21.000,76.875,53.000,35.222,other,0,-1,3,6
1180,27,32.944,35.424,36.408,82.740,82.660,88.230,12.000,75.167,47.000,34.028,other,0,-1,4,6
1181,48,39.346,42.527,44.042,82.701,82.556,88.280,27.000,74.333,36.000,36.611,other,0,-1,5,6
1182,39,48.897,53.774,55.664,83.125,82.933,88.426,48.000,74.833,69.000,38.694,other,0,-1,6,6
1183,40,51.628,55.437,59.296,82.940,82.680,88.444,39.000,73.583,68.000,47.194,other,0,-1,7,6
1184,46,63.094,64.829,66.435,82.785,82.457,88.469,40.000,72.417,115.000,59.167,other,0,-1,8,6
1185,97,79.600,77.571,75.481,82.036,81.619,88.370,46.000,69.542,72.000,78.778,other,0,-1,9,6
1186,75,100.241,109.327,106.488,82.648,82.190,88.556,97.000,70.583,71.000,101.278,other,0,-1,10,6
1187,87,117.123,107.748,100.755,82.957,82.447,88.677,75.000,70.750,117.000,121.778,other,0,-1,11,6
1188,110,132.247,120.453,111.137,82.772,82.193,88.696,87.000,69.500,121.000,140.833,other,0,-1,12,6
1189,87,144.051,135.931,126.633,82.863,82.225,88.773,110.000,69.042,125.000,148.472,other,0,-1,13,6
1190,168,146.707,133.098,112.547,82.563,81.852,88.767,87.000,67.458,212.000,156.639,other,0,-1,14,6
1191,157,151.510,159.455,160.609,82.176,81.389,88.744,168.000,65.625,117.000,153.306,other,0,-1,15,6
1192,105,137.287,145.599,145.301,83.006,82.185,88.974,157.000,67.292,83.000,133.083,other,0,-1,16,6
1193,110,119.212,120.167,104.626,83.575,82.712,89.151,105.000,68.208,93.000,123.667,other,0,-1,17,6
1194,124,101.277,105.817,94.466,84.071,83.163,89.312,110.000,68.917,83.000,102.583,other,0,-1,18,6
1195,93,82.363,91.400,85.837,84.915,83.974,89.545,124.000,70.625,80.000,79.889,other,0,-1,19,6
1196,55,67.327,72.230,63.861,85.354,84.366,89.694,93.000,71.167,56.000,59.111,other,0,-1,20,6
1197,20,56.532,56.590,48.364,85.590,84.547,89.801,55.000,71.125,78.000,47.306,inside,-1,0,21,6
1198,15,48.641,44.932,38.642,85.000,83.874,89.735,20.000,68.708,39.000,35.306,inside,-1,1,22,6
1199,14,40.217,38.998,35.961,84.902,83.711,89.772,15.000,67.708,31.000,32.556,inside,-1,2,23,6
1200,78,35.438,36.979,34.830,84.906,83.653,89.830,14.000,67.000,31.000,61.343,after,-1,3,0,0
1201,46,53.557,61.916,50.978,85.927,84.677,90.311,78.000,68.958,27.000,59.743,after,-1,4,1,0
1202,45,43.829,51.316,45.344,86.543,85.281,90.707,46.000,69.750,21.000,61.829,after,-1,5,2,0
1203,57,46.715,53.804,47.754,87.231,85.961,91.118,45.000,70.750,12.000,63.543,after,-1,6,3,0
1204,68,54.678,61.834,54.870,88.223,86.955,91.592,57.000,72.625,27.000,60.000,after,-1,7,4,0
1205,64,61.446,69.474,63.842,89.157,87.889,92.055,68.000,74.333,48.000,77.171,after,-1,8,5,0
1206,98,59.162,69.838,69.922,89.729,88.449,92.442,64.000,75.000,39.000,77.686,after,-1,9,6,0
1207,41,79.953,93.810,90.882,90.924,89.653,92.959,98.000,77.458,40.000,91.543,after,-1,10,7,0
1208,76,69.655,79.046,78.521,91.278,89.987,93.300,41.000,77.500,46.000,101.114,after,-1,11,8,0
1209,94,88.393,104.766,100.170,92.053,90.756,93.729,76.000,78.750,97.000,122.829,after,-1,12,9,0
1210,111,109.093,124.894,116.310,92.350,91.031,94.059,94.000,78.625,75.000,137.200,after,-1,13,10,0
1211,129,129.974,141.172,131.597,93.212,91.890,94.506,111.000,80.125,87.000,150.314,after,-1,14,11,0
1212,192,148.402,153.917,146.159,94.160,92.839,94.971,129.000,81.875,110.000,163.229,after,-1,15,12,0
1213,199,183.548,188.200,187.555,95.688,94.388,95.558,192.000,85.292,87.000,172.800,after,-1,16,13,0
1214,179,185.267,188.081,191.309,97.651,96.387,96.235,199.000,89.958,168.000,172.257,after,-1,17,14,0
1215,190,169.107,169.488,173.415,98.150,96.871,96.607,179.000,90.417,157.000,183.343,after,-1,18,15,0
1216,142,160.590,163.509,172.441,98.969,97.685,97.045,190.000,91.792,105.000,162.143,after,-1,19,16,0
1217,134,136.608,131.703,132.815,99.845,98.560,97.495,142.000,93.333,110.000,148.800,after,-1,20,17,0
1218,89,117.914,113.398,116.967,100.533,99.239,97.906,134.000,94.333,124.000,128.829,after,-1,21,18,0
1219,75,102.615,91.106,88.617,100.366,99.034,98.139,89.000,92.875,93.000,110.171,after,-1,22,19,0
1220,115,86.107,74.914,76.183,100.445,99.083,98.423,75.000,92.125,55.000,85.143,after,-1,23,20,0
1221,91,71.353,71.168,79.817,101.655,100.302,98.943,115.000,94.625,20.000,75.143,after,-1,24,21,0
1222,81,62.028,62.493,68.505,103.023,101.686,99.496,91.000,97.583,15.000,65.229,after,-1,25,22,0
1223,68,58.539,60.398,63.719,104.320,102.995,100.034,81.000,100.333,14.000,63.543,after,-1,26,23,0
1224,64,56.931,58.470,59.869,105.442,104.124,100.536,68.000,102.583,78.000,61.694,other,0,-1,0,1
1225,49,56.126,57.991,58.259,105.413,104.116,100.806,64.000,102.000,46.000,62.000,other,0,-1,1,1
1226,57,54.563,55.058,55.009,105.631,104.363,101.127,49.000,102.125,45.000,62.222,other,0,-1,2,1
1227,57,60.193,60.271,58.036,105.978,104.745,101.476,57.000,102.625,57.000,61.389,other,0,-1,3,1
1228,60,62.268,61.916,61.117,106.152,104.947,101.788,57.000,102.625,68.000,63.583,other,0,-1,4,1
1229,46,64.675,64.845,66.519,106.210,105.029,102.076,60.000,102.292,64.000,65.139,other,0,-1,5,1
1230,79,64.211,63.753,69.343,106.124,104.961,102.334,46.000,101.542,98.000,66.417,other,0,-1,6,1
1231,78,77.388,80.669,86.291,106.022,104.878,102.589,79.000,100.750,41.000,77.639,other,0,-1,7,1
1232,69,87.990,91.641,95.570,106.732,105.635,103.013,78.000,102.292,76.000,91.833,other,0,-1,8,1
1233,104,105.072,107.877,102.225,106.805,105.732,103.304,69.000,102.000,94.000,109.944,other,0,-1,9,1
1234,193,126.092,131.734,126.315,107.124,106.083,103.647,104.000,102.417,111.000,131.361,other,0,-1,10,1
1235,188,181.655,173.980,181.431,108.485,107.515,104.207,193.000,105.833,129.000,148.500,other,0,-1,11,1
1236,178,180.991,179.940,186.408,109.514,108.601,104.698,188.000,108.292,192.000,174.389,other,0,-1,12,1
1237,247,179.366,179.848,184.056,109.485,108.593,104.968,178.000,107.708,199.000,191.778,other,0,-1,13,1
1238,198,225.726,218.545,224.001,110.354,109.514,105.426,247.000,109.708,179.000,190.222,other,0,-1,14,1
1239,155,179.611,182.602,188.351,110.804,110.001,105.795,198.000,110.500,190.000,183.056,other,0,-1,15,1
1240,91,161.089,155.769,154.184,110.471,109.678,106.002,155.000,109.042,142.000,168.806,other,0,-1,16,1
1241,150,151.791,131.061,113.267,109.906,109.116,106.160,91.000,106.917,134.000,158.750,other,0,-1,17,1
1242,138,129.775,125.321,129.103,110.311,109.557,106.521,150.000,107.583,89.000,131.639,other,0,-1,18,1
1243,152,111.398,106.494,113.604,111.195,110.494,106.981,138.000,109.625,75.000,103.944,other,0,-1,19,1
1244,54,95.742,98.114,109.560,112.485,111.850,107.527,152.000,112.833,115.000,92.389,other,0,-1,20,1
1245,78,87.754,70.765,72.069,111.775,111.138,107.654,54.000,110.292,91.000,77.389,other,0,-1,21,1
1246,56,71.481,66.434,71.577,111.760,111.145,107.927,78.000,109.750,81.000,64.944,other,0,-1,22,1
1247,76,64.679,59.389,59.805,111.572,110.972,108.164,56.000,108.708,68.000,62.889,other,0,-1,23,1
1248,38,64.880,66.176,59.526,111.862,111.294,108.501,76.000,109.042,64.000,59.639,other,0,-1,0,2
1249,75,58.878,55.598,56.411,111.362,110.836,108.473,38.000,107.958,49.000,64.167,other,0,-1,1,2
1250,43,66.364,69.136,61.990,111.616,111.158,108.603,75.000,109.042,57.000,56.194,other,0,-1,2,2
1251,74,60.824,58.947,55.967,111.289,110.880,108.611,43.000,108.458,57.000,60.528,other,0,-1,3,2
1252,45,71.189,70.767,63.443,111.412,111.067,108.714,74.000,109.167,60.000,62.444,other,0,-1,4,2
1253,68,66.724,62.207,60.703,111.072,110.775,108.720,45.000,108.542,46.000,62.833,other,0,-1,5,2
1254,68,75.020,71.195,70.701,111.267,111.037,108.837,68.000,109.458,79.000,70.472,other,0,-1,6,2
1255,91,83.138,76.421,77.766,110.985,110.804,108.855,68.000,109.000,78.000,78.639,other,0,-1,7,2
1256,109,97.640,90.416,93.738,111.050,110.931,108.945,91.000,109.542,69.000,89.639,other,0,-1,8,2
1257,104,115.158,107.303,111.364,111.506,111.463,109.118,109.000,111.208,104.000,104.833,other,0,-1,9,2
1258,155,132.927,126.407,121.585,111.382,111.395,109.169,104.000,111.208,193.000,127.694,other,0,-1,10,2
1259,195,154.619,148.907,154.878,110.709,110.758,109.105,155.000,109.625,188.000,145.361,other,0,-1,11,2
1260,73,178.629,173.110,183.406,110.687,110.795,109.177,195.000,109.917,178.000,159.222,other,0,-1,12,2
1261,205,165.100,159.755,131.654,109.042,109.153,108.910,73.000,105.542,247.000,182.222,other,0,-1,13,2
1262,150,183.177,188.784,192.118,108.311,108.456,108.834,205.000,103.792,198.000,185.000,other,0,-1,14,2
1263,127,163.311,166.202,158.142,107.492,107.668,108.740,150.000,101.792,155.000,172.750,other,0,-1,15,2
1264,157,154.589,152.669,137.610,106.963,107.181,108.707,127.000,100.625,91.000,158.694,other,0,-1,16,2
1265,104,144.234,148.633,140.122,107.796,108.102,108.957,157.000,103.375,150.000,148.139,other,0,-1,17,2
1266,135,131.042,123.115,106.485,107.006,107.345,108.869,104.000,101.458,138.000,124.722,other,0,-1,18,2
1267,127,110.367,114.178,109.552,106.840,107.232,108.911,135.000,101.333,152.000,108.833,other,0,-1,19,2
1268,100,92.926,99.315,98.165,106.354,106.790,108.887,127.000,100.292,54.000,89.361,other,0,-1,20,2
1269,96,79.739,81.988,80.930,106.897,107.411,109.077,100.000,102.208,78.000,75.500,other,0,-1,21,2
1270,57,68.434,74.836,72.533,107.035,107.613,109.182,96.000,102.958,56.000,67.139,other,0,-1,22,2
1271,74,62.058,60.856,56.337,106.926,107.561,109.237,57.000,103.000,76.000,62.722,other,0,-1,23,2
1272,66,58.632,64.623,55.341,106.774,107.463,109.282,74.000,102.917,38.000,61.389,other,0,-1,0,3
1273,72,56.919,64.594,63.405,106.851,107.596,109.118,66.000,104.083,75.000,64.194,other,0,-1,1,3
1274,48,60.385,68.170,63.111,106.480,107.265,108.860,72.000,103.958,43.000,65.056,other,0,-1,2,3
1275,57,57.097,60.178,58.162,106.225,107.053,108.626,48.000,104.167,74.000,61.583,other,0,-1,3,3
1276,48,61.221,63.835,61.211,105.651,106.512,108.326,57.000,103.458,45.000,61.250,other,0,-1,4,3
1277,100,62.920,61.910,62.218,105.367,106.271,108.087,48.000,103.583,68.000,63.500,other,0,-1,5,3
1278,72,80.949,81.533,80.096,105.503,106.464,107.935,100.000,104.917,68.000,67.778,other,0,-1,6,3
1279,73,79.617,75.051,79.693,105.233,106.237,107.698,72.000,105.083,91.000,79.889,other,0,-1,7,3
1280,101,93.224,84.645,88.892,104.645,105.681,107.395,73.000,104.333,109.000,92.417,other,0,-1,8,3
1281,131,110.482,103.629,108.910,104.201,105.275,107.122,101.000,104.000,104.000,115.000,other,0,-1,9,3
1282,90,130.593,127.202,132.137,104.264,105.393,106.955,131.000,105.125,155.000,126.583,other,0,-1,10,3
1283,87,145.626,145.756,128.408,102.995,104.132,106.510,90.000,102.417,195.000,145.861,other,0,-1,11,3
1284,161,155.916,155.639,136.303,101.103,102.227,105.935,87.000,97.917,73.000,168.111,other,0,-1,12,3
1285,133,169.422,171.887,169.833,102.050,103.260,105.952,161.000,101.583,205.000,177.472,other,0,-1,13,3
1286,156,164.868,162.557,157.166,100.679,101.894,105.486,133.000,98.583,150.000,176.694,other,0,-1,14,3
1287,148,162.986,163.946,161.567,100.439,101.697,105.255,156.000,98.833,127.000,173.972,other,0,-1,15,3
1288,151,152.181,153.201,149.554,100.415,101.726,105.070,148.000,99.708,157.000,162.111,other,0,-1,16,3
1289,72,137.874,142.942,140.039,100.001,101.349,104.803,151.000,99.458,104.000,150.028,other,0,-1,17,3
1290,131,123.955,114.582,98.264,99.209,100.583,104.458,72.000,98.125,135.000,132.389,other,0,-1,18,3
1291,128,101.016,110.645,109.779,98.824,100.237,104.197,131.000,97.958,127.000,108.528,other,0,-1,19,3
1292,117,82.660,98.987,98.906,98.510,99.965,103.952,128.000,98.000,100.000,100.083,other,0,-1,20,3
1293,89,67.934,86.727,86.491,98.429,99.934,103.754,117.000,98.708,96.000,85.306,other,0,-1,21,3
1294,74,57.670,68.997,71.155,98.000,99.542,103.485,89.000,98.417,57.000,74.778,other,0,-1,22,3
1295,58,50.219,59.643,61.990,97.919,99.511,103.287,74.000,99.125,74.000,70.444,other,0,-1,23,3
1296,80,45.727,52.234,54.431,97.359,98.984,102.990,58.000,98.458,66.000,60.917,other,0,-1,0,4
1297,70,50.772,65.173,54.938,97.277,98.905,102.671,80.000,99.042,72.000,56.972,other,0,-1,1,4
1298,53,50.944,62.371,52.087,96.962,98.586,102.304,70.000,98.958,48.000,51.583,other,0,-1,2,4
1299,42,48.309,56.289,49.271,96.749,98.371,101.958,53.000,99.167,57.000,54.556,other,0,-1,3,4
1300,65,48.032,52.922,48.979,96.247,97.857,101.552,42.000,98.542,48.000,57.139,other,0,-1,4,4
1301,72,57.006,62.267,57.677,96.208,97.822,101.242,65.000,99.250,100.000,54.694,other,0,-1,5,4
1302,107,61.962,66.300,65.370,95.517,97.113,100.796,72.000,98.083,72.000,65.167,other,0,-1,6,4
1303,68,79.327,84.597,85.007,95.738,97.349,100.541,107.000,99.542,73.000,74.667,other,0,-1,7,4
1304,79,79.666,78.843,82.431,95.381,96.984,100.165,68.000,99.333,101.000,86.667,other,0,-1,8,4
1305,66,96.733,97.311,98.103,94.777,96.365,99.737,79.000,98.417,131.000,109.861,other,0,-1,9,4
1306,164,116.434,116.038,105.566,93.550,95.101,99.179,66.000,95.708,90.000,125.222,other,0,-1,10,4
1307,137,144.809,162.142,161.097,94.336,95.921,99.042,164.000,98.792,87.000,147.361,other,0,-1,11,4
1308,101,151.219,159.996,156.641,94.775,96.381,98.832,137.000,100.875,161.000,161.111,other,0,-1,12,4
1309,181,156.195,150.307,144.605,93.621,95.193,98.289,101.000,98.375,133.000,174.694,other,0,-1,13,4
1310,173,172.901,176.933,181.425,94.031,95.623,98.074,181.000,100.375,156.000,178.167,other,0,-1,14,4
1311,151,165.781,166.036,171.823,93.992,95.588,97.764,173.000,101.083,148.000,172.583,other,0,-1,15,4
1312,220,149.640,147.706,151.272,93.750,95.344,97.412,151.000,101.208,151.000,165.472,other,0,-1,16,4
1313,117,147.987,171.169,173.313,94.464,96.089,97.259,220.000,104.083,72.000,138.861,other,0,-1,17,4
1314,89,109.419,112.173,111.217,94.831,96.474,97.034,117.000,105.958,131.000,121.333,other,0,-1,18,4
1315,93,92.302,91.919,89.373,93.937,95.555,96.546,89.000,104.208,128.000,101.944,other,0,-1,19,4
1316,77,73.568,78.313,81.027,93.145,94.741,96.079,93.000,102.750,117.000,84.222,other,0,-1,20,4
1317,89,59.348,63.482,68.888,92.280,93.852,95.597,77.000,101.083,89.000,70.889,other,0,-1,21,4
1318,113,46.323,59.794,65.633,91.995,93.563,95.236,89.000,101.083,74.000,63.889,other,0,-1,22,4
1319,58,46.043,68.652,66.307,92.274,93.858,94.993,113.000,102.708,58.000,57.111,other,0,-1,23,4
1320,37,35.581,44.707,50.637,91.989,93.568,94.632,58.000,102.708,80.000,38.722,other,0,-1,0,5
1321,49,33.248,39.857,31.455,91.338,92.849,94.300,37.000,100.917,70.000,42.139,other,0,-1,1,5
1322,35,38.445,46.121,34.119,91.006,92.460,94.035,49.000,100.042,53.000,43.389,other,0,-1,2,5
1323,33,37.140,42.300,33.203,90.717,92.116,93.779,35.000,99.292,42.000,43.528,other,0,-1,3,5
1324,53,39.173,42.852,35.658,90.558,91.907,93.550,33.000,98.917,65.000,42.111,other,0,-1,4,5
1325,46,48.294,51.980,44.787,90.356,91.652,93.312,53.000,98.417,72.000,43.028,other,0,-1,5,5
1326,41,48.965,51.502,49.139,89.952,91.188,93.031,46.000,97.333,107.000,55.167,other,0,-1,6,5
1327,91,55.056,55.183,55.023,88.967,90.124,92.630,41.000,94.583,68.000,63.917,other,0,-1,7,5
1328,101,73.431,82.642,83.520,89.272,90.395,92.498,91.000,95.542,79.000,81.722,other,0,-1,8,5
1329,33,87.150,99.093,99.753,89.563,90.650,92.363,101.000,96.458,66.000,98.167,other,0,-1,9,5
1330,136,104.522,89.957,78.368,89.057,90.081,92.061,33.000,95.083,164.000,102.556,other,0,-1,10,5
1331,71,126.566,142.586,141.335,88.623,89.587,91.775,136.000,93.917,137.000,122.722,other,0,-1,11,5
1332,123,132.929,121.750,111.309,87.639,88.523,91.374,71.000,91.167,101.000,141.028,other,0,-1,12,5
1333,214,147.777,145.013,144.792,87.930,88.778,91.238,123.000,92.083,181.000,161.333,other,0,-1,13,5
1334,130,183.018,196.754,203.714,88.380,89.199,91.137,214.000,93.458,173.000,179.778,other,0,-1,14,5
1335,215,148.862,143.680,143.893,87.729,88.479,90.805,130.000,91.667,151.000,180.472,other,0,-1,15,5
1336,146,159.245,175.940,185.544,88.628,89.364,90.797,215.000,94.333,220.000,165.833,other,0,-1,16,5
1337,138,120.150,128.319,128.485,87.527,88.181,90.371,146.000,91.250,117.000,148.556,other,0,-1,17,5
1338,100,99.219,110.771,108.106,87.804,88.421,90.233,138.000,92.125,89.000,114.861,other,0,-1,18,5
1339,36,81.306,86.759,78.716,87.935,88.512,90.065,100.000,92.583,93.000,90.528,other,0,-1,19,5
1340,32,71.752,65.319,52.198,87.081,87.583,89.691,36.000,90.208,77.000,74.972,other,0,-1,20,5
1341,73,56.291,51.093,45.871,86.401,86.834,89.353,32.000,88.333,89.000,60.444,other,0,-1,21,5
1342,42,40.150,48.428,49.481,86.141,86.519,89.103,73.000,87.667,113.000,52.389,other,0,-1,22,5
1343,21,33.658,37.500,40.597,85.084,85.381,88.686,42.000,84.708,58.000,44.139,other,0,-1,23,5
1344,17,29.441,31.373,35.255,84.520,84.752,88.373,21.000,83.167,37.000,32.472,other,0,-1,0,6
1345,35,27.707,29.578,27.874,84.481,84.648,88.422,17.000,82.333,49.000,34.500,other,0,-1,1,6
1346,33,33.752,37.597,32.461,84.528,84.635,88.489,35.000,81.750,35.000,33.361,other,0,-1,2,6
1347,16,36.221,39.158,34.666,84.750,84.802,88.593,33.000,81.667,33.000,35.222,other,0,-1,3,6
1348,26,33.693,34.849,34.557,84.754,84.743,88.651,16.000,80.958,53.000,34.028,other,0,-1,4,6
1349,34,39.022,40.320,41.385,84.613,84.535,88.679,26.000,79.833,46.000,36.611,other,0,-1,5,6
1350,30,44.580,46.429,49.406,84.689,84.552,88.752,34.000,79.333,41.000,38.694,other,0,-1,6,6
1351,37,50.550,51.281,54.939,84.780,84.584,88.829,30.000,78.875,91.000,47.194,other,0,-1,7,6
1352,90,62.860,62.644,64.417,84.248,83.971,88.775,37.000,76.625,101.000,59.167,other,0,-1,8,6
1353,87,83.527,94.505,94.946,84.339,84.002,88.851,90.000,76.167,33.000,78.778,other,0,-1,9,6
1354,139,99.735,103.838,101.290,85.372,85.008,89.124,87.000,78.417,136.000,101.278,other,0,-1,10,6
1355,131,128.321,141.809,138.540,85.665,85.250,89.243,139.000,78.542,71.000,121.778,other,0,-1,11,6
1356,136,139.209,140.970,138.334,86.785,86.346,89.534,131.000,81.042,123.000,140.833,other,0,-1,12,6
1357,160,149.837,146.731,143.973,87.223,86.737,89.683,136.000,81.583,214.000,148.472,other,0,-1,13,6
1358,147,157.155,158.984,159.772,86.692,86.124,89.629,160.000,79.333,130.000,156.639,other,0,-1,14,6
1359,124,150.140,148.775,146.922,87.188,86.576,89.791,147.000,80.042,215.000,153.306,other,0,-1,15,6
1360,124,137.681,134.354,125.013,86.120,85.408,89.625,124.000,76.250,146.000,133.083,other,0,-1,16,6
1361,180,122.545,122.568,114.664,86.052,85.275,89.668,124.000,75.333,138.000,123.667,other,0,-1,17,6
1362,119,108.887,122.219,130.102,86.910,86.101,89.905,180.000,77.083,100.000,102.583,other,0,-1,18,6
1363,47,85.853,89.787,84.168,87.436,86.583,90.072,119.000,77.875,36.000,79.889,other,0,-1,19,6
1364,30,77.728,68.792,52.788,87.845,86.944,90.215,47.000,78.333,32.000,59.111,other,0,-1,20,6
1365,42,64.598,55.350,43.923,88.067,87.111,90.318,30.000,78.250,73.000,47.306,other,0,-1,21,6
1366,18,49.981,47.380,42.510,87.868,86.843,90.334,42.000,76.958,42.000,35.306,other,0,-1,22,6
1367,24,43.570,39.923,36.581,87.771,86.679,90.371,18.000,75.958,21.000,32.556,other,0,-1,23,6
1368,52,38.719,39.443,36.505,88.064,86.921,90.490,24.000,76.083,17.000,61.343,other,0,-1,0,0
1369,59,44.184,49.138,44.918,88.912,87.765,90.934,52.000,77.542,35.000,59.743,other,0,-1,1,0
1370,41,50.837,56.710,47.659,89.599,88.445,91.345,59.000,78.542,33.000,61.829,other,0,-1,2,0
1371,34,46.756,51.496,46.325,90.055,88.884,91.708,41.000,78.875,16.000,63.543,other,0,-1,3,0
1372,34,46.406,50.580,48.760,90.656,89.473,92.101,34.000,79.625,26.000,60.000,other,0,-1,4,0
1373,61,48.172,52.735,54.080,91.113,89.913,92.463,34.000,79.958,34.000,77.171,other,0,-1,5,0
1374,60,58.863,67.541,68.573,91.844,90.637,92.883,61.000,81.083,30.000,77.686,other,0,-1,6,0
1375,136,62.316,73.109,76.487,92.619,91.406,93.313,60.000,82.333,37.000,91.543,other,0,-1,7,0
1376,66,111.723,125.241,118.059,94.393,93.210,93.950,136.000,86.458,90.000,101.114,other,0,-1,8,0
1377,62,89.416,101.068,95.914,94.385,93.170,94.216,66.000,85.458,87.000,122.829,other,0,-1,9,0
1378,199,109.081,114.155,101.718,94.364,93.115,94.479,62.000,84.417,139.000,137.200,other,0,-1,10,0
1379,148,186.589,194.142,183.993,95.573,94.334,94.999,199.000,86.917,131.000,150.314,other,0,-1,11,0
1380,263,154.999,162.146,157.335,96.159,94.908,95.389,148.000,87.625,136.000,163.229,other,0,-1,12,0
1381,252,258.006,248.411,236.303,98.339,97.131,96.111,263.000,92.917,160.000,172.800,other,0,-1,13,0
1382,156,232.683,229.617,227.996,100.012,98.830,96.728,252.000,96.750,147.000,172.257,other,0,-1,14,0
1383,167,165.647,158.265,158.778,100.483,99.285,97.094,156.000,97.125,124.000,183.343,other,0,-1,15,0
1384,194,156.499,151.978,157.793,101.446,100.249,97.562,167.000,98.917,124.000,162.143,other,0,-1,16,0
1385,164,146.407,147.411,162.998,102.800,101.618,98.112,194.000,101.833,180.000,148.800,other,0,-1,17,0
1386,176,121.467,118.526,131.961,102.908,101.697,98.402,164.000,101.167,119.000,128.829,other,0,-1,18,0
1387,162,107.724,105.283,122.779,104.074,102.871,98.913,176.000,103.542,47.000,110.171,other,0,-1,19,0
1388,80,92.630,90.252,101.538,106.080,104.915,99.600,162.000,108.333,30.000,85.143,other,0,-1,20,0
1389,120,72.721,64.933,67.529,107.145,105.984,100.089,80.000,110.417,42.000,75.143,other,0,-1,21,0
1390,82,71.687,73.491,72.134,108.615,107.473,100.664,120.000,113.667,18.000,65.229,other,0,-1,22,0
1391,47,60.704,62.348,60.483,109.882,108.752,101.196,82.000,116.333,24.000,63.543,other,0,-1,23,0
1392,51,53.968,53.258,51.890,110.556,109.416,101.604,47.000,117.292,52.000,61.694,other,0,-1,0,1
1393,55,54.366,55.049,52.724,110.715,109.603,101.913,51.000,117.250,59.000,62.000,other,0,-1,1,1
1394,72,57.802,58.996,53.048,110.831,109.745,102.213,55.000,117.083,41.000,62.222,other,0,-1,2,1
1395,34,67.868,68.305,57.843,111.454,110.412,102.619,72.000,118.375,34.000,61.389,other,0,-1,3,1
1396,48,56.779,55.141,53.601,111.628,110.614,102.932,34.000,118.375,34.000,63.583,other,0,-1,4,1
1397,83,62.231,61.572,60.996,112.005,111.025,103.286,48.000,118.958,61.000,65.139,other,0,-1,5,1
1398,27,76.145,77.620,76.335,112.498,111.557,103.665,83.000,119.875,60.000,66.417,other,0,-1,6,1
1399,58,75.111,68.873,69.858,112.193,111.264,103.878,27.000,118.500,136.000,77.639,other,0,-1,7,1
1400,91,88.299,87.188,87.342,111.237,110.297,103.954,58.000,115.250,66.000,91.833,other,0,-1,8,1
1401,85,107.098,110.584,109.665,111.774,110.873,104.342,91.000,116.292,62.000,109.944,other,0,-1,9,1
1402,117,126.551,128.936,118.056,112.281,111.420,104.724,85.000,117.250,199.000,131.361,other,0,-1,10,1
1403,111,146.507,148.566,142.077,111.267,110.393,104.788,117.000,113.833,148.000,148.500,other,0,-1,11,1
1404,211,159.175,156.922,145.999,110.905,110.040,104.989,111.000,112.292,263.000,174.389,other,0,-1,12,1
1405,163,203.669,195.661,204.769,110.325,109.462,105.144,211.000,110.125,252.000,191.778,other,0,-1,13,1
1406,135,176.294,173.403,175.175,109.210,108.330,105.187,163.000,106.417,156.000,190.222,other,0,-1,14,1
1407,156,166.317,160.136,153.337,109.080,108.217,105.435,135.000,105.542,167.000,183.056,other,0,-1,15,1
1408,251,159.793,156.869,154.405,109.094,108.254,105.715,156.000,105.083,194.000,168.806,other,0,-1,16,1
1409,84,192.378,192.871,194.867,110.094,109.311,106.199,251.000,107.458,164.000,158.750,other,0,-1,17,1
1410,88,131.091,116.471,99.166,109.109,108.313,106.270,84.000,104.125,176.000,131.639,other,0,-1,18,1
1411,191,113.514,100.396,93.206,108.008,107.196,106.316,88.000,100.458,162.000,103.944,other,0,-1,19,1
1412,95,110.044,115.553,123.546,108.602,107.833,106.716,191.000,101.667,80.000,92.389,other,0,-1,20,1
1413,98,79.028,75.630,80.738,108.994,108.259,107.073,95.000,102.292,120.000,77.389,other,0,-1,21,1
1414,61,69.766,71.953,73.856,108.849,108.131,107.319,98.000,101.375,82.000,64.944,other,0,-1,22,1
1415,29,62.151,60.973,57.827,108.718,108.018,107.568,61.000,100.500,47.000,62.889,other,0,-1,23,1
1416,58,57.725,53.440,46.919,108.632,107.951,107.826,29.000,99.750,51.000,59.639,other,0,-1,0,2
1417,58,58.662,61.632,55.037,108.610,107.988,107.898,58.000,100.042,55.000,64.167,other,0,-1,1,2
1418,50,60.321,62.977,53.940,108.530,107.965,107.958,58.000,100.167,72.000,56.194,other,0,-1,2,2
1419,83,60.720,61.390,52.868,108.088,107.567,107.943,50.000,99.250,34.000,60.528,other,0,-1,3,2
1420,47,74.875,74.862,61.568,108.674,108.234,108.142,83.000,101.292,48.000,62.444,other,0,-1,4,2
1421,59,65.824,62.857,58.099,108.537,108.151,108.190,47.000,101.250,83.000,62.833,other,0,-1,5,2
1422,33,72.811,68.766,66.101,108.066,107.724,108.169,59.000,100.250,27.000,70.472,other,0,-1,6,2
1423,68,83.037,71.501,67.354,108.029,107.746,108.238,33.000,100.500,58.000,78.639,other,0,-1,7,2
1424,45,96.696,87.010,85.594,108.051,107.828,108.319,68.000,100.917,91.000,89.639,other,0,-1,8,2
1425,117,116.877,105.984,89.218,107.261,107.071,108.231,45.000,99.000,85.000,104.833,other,0,-1,9,2
1426,208,134.608,126.161,126.648,107.602,107.482,108.379,117.000,100.333,117.000,127.694,other,0,-1,10,2
1427,185,188.689,164.649,180.523,108.796,108.779,108.705,208.000,104.125,111.000,145.361,other,0,-1,11,2
1428,169,175.121,169.986,179.090,109.745,109.820,108.980,185.000,107.208,211.000,159.222,other,0,-1,12,2
1429,196,173.425,174.344,175.754,109.013,109.123,108.904,169.000,105.458,163.000,182.222,other,0,-1,13,2
1430,137,179.601,185.569,188.528,109.368,109.550,109.055,196.000,106.833,135.000,185.000,other,0,-1,14,2
1431,186,163.393,162.743,152.914,109.274,109.512,109.112,137.000,106.917,156.000,172.750,other,0,-1,15,2
1432,143,160.799,170.224,166.755,109.585,109.894,109.254,186.000,108.167,251.000,158.694,other,0,-1,16,2
1433,123,144.971,143.603,133.771,107.897,108.207,108.979,143.000,103.667,84.000,148.139,other,0,-1,17,2
1434,115,130.998,124.584,114.067,108.339,108.724,109.148,123.000,105.292,88.000,124.722,other,0,-1,18,2
1435,120,113.901,107.861,101.298,108.607,109.061,109.280,115.000,106.417,191.000,108.833,other,0,-1,19,2
1436,82,94.742,95.712,95.373,107.455,107.929,109.117,120.000,103.458,95.000,89.361,other,0,-1,20,2
1437,74,83.620,76.648,75.547,107.143,107.666,109.128,82.000,102.917,98.000,75.500,other,0,-1,21,2
1438,68,71.142,67.403,66.502,106.672,107.239,109.107,74.000,101.917,61.000,67.139,other,0,-1,22,2
1439,60,62.640,62.140,59.170,106.651,107.276,109.179,68.000,102.208,29.000,62.722,other,0,-1,23,2
1440,71,58.155,58.955,53.053,106.976,107.673,109.324,60.000,103.500,58.000,61.389,other,0,-1,0,3
1441,76,58.114,65.344,65.573,106.837,107.581,109.115,71.000,104.042,58.000,64.194,other,0,-1,1,3
1442,68,61.415,68.766,65.049,106.770,107.565,108.920,76.000,104.792,50.000,65.056,other,0,-1,2,3
1443,50,61.666,66.589,63.211,106.703,107.548,108.726,68.000,105.542,83.000,61.583,other,0,-1,3,3
1444,45,60.012,60.819,60.703,105.897,106.767,108.378,50.000,104.167,47.000,61.250,other,0,-1,4,3
1445,44,63.008,60.634,62.339,105.541,106.450,108.123,45.000,104.083,59.000,63.500,other,0,-1,5,3
1446,34,69.499,63.469,66.441,104.996,105.939,107.829,44.000,103.458,33.000,67.778,other,0,-1,6,3
1447,125,81.865,69.120,70.225,104.683,105.668,107.583,34.000,103.500,68.000,79.889,other,0,-1,7,3
1448,82,100.255,97.972,105.960,105.181,106.236,107.507,125.000,105.875,45.000,92.417,other,0,-1,8,3
1449,174,111.335,102.407,102.836,105.389,106.504,107.370,82.000,107.417,117.000,115.000,other,0,-1,9,3
1450,153,142.416,140.186,149.624,105.887,107.072,107.294,174.000,109.792,208.000,126.583,other,0,-1,10,3
1451,106,149.359,151.593,152.927,104.762,105.961,106.879,153.000,107.500,185.000,145.861,other,0,-1,11,3
1452,174,157.969,158.291,143.405,103.290,104.490,106.392,106.000,104.208,169.000,168.111,other,0,-1,12,3
1453,148,172.029,177.019,175.518,103.035,104.279,106.158,174.000,104.417,196.000,177.472,other,0,-1,13,3
1454,148,167.454,167.451,163.577,102.012,103.273,105.764,148.000,102.417,137.000,176.694,other,0,-1,14,3
1455,117,162.681,162.107,158.433,101.844,103.151,105.549,148.000,102.875,186.000,173.972,other,0,-1,15,3
1456,180,151.055,145.840,136.097,100.517,101.831,105.091,117.000,100.000,143.000,162.111,other,0,-1,16,3
1457,107,140.419,154.475,153.311,100.725,102.099,104.955,180.000,101.542,123.000,150.028,other,0,-1,17,3
1458,114,122.679,118.913,111.468,100.165,101.573,104.658,107.000,100.875,115.000,132.389,other,0,-1,18,3
1459,78,103.774,105.787,104.279,99.823,101.271,104.406,114.000,100.833,120.000,108.528,other,0,-1,19,3
1460,71,90.562,85.246,83.706,98.887,100.355,104.030,78.000,99.083,82.000,100.083,other,0,-1,20,3
1461,83,74.791,71.959,74.609,98.400,99.904,103.748,71.000,98.625,74.000,85.306,other,0,-1,21,3
1462,64,59.484,66.898,71.616,98.203,99.752,103.527,83.000,99.000,68.000,74.778,other,0,-1,22,3
1463,54,52.017,56.414,61.719,97.817,99.406,103.266,64.000,98.833,60.000,70.444,other,0,-1,23,3
1464,42,47.094,50.948,55.599,97.403,99.029,102.999,54.000,98.583,71.000,60.917,other,0,-1,0,4
1465,29,44.362,49.781,49.317,96.697,98.305,102.550,42.000,97.375,76.000,56.972,other,0,-1,1,4
1466,57,43.632,46.688,45.878,95.731,97.311,102.047,29.000,95.417,68.000,51.583,other,0,-1,2,4
1467,58,50.410,57.186,51.323,95.286,96.857,101.653,57.000,94.958,50.000,54.556,other,0,-1,3,4
1468,48,53.023,58.351,53.369,95.117,96.688,101.316,58.000,95.292,45.000,57.139,other,0,-1,4,4
1469,66,53.228,55.685,54.635,94.875,96.443,100.964,48.000,95.417,44.000,54.694,other,0,-1,5,4
1470,38,60.828,63.878,64.515,94.908,96.484,100.669,66.000,96.333,34.000,65.167,other,0,-1,6,4
1471,51,67.713,62.336,64.290,94.681,96.254,100.320,38.000,96.500,125.000,74.667,other,0,-1,7,4
1472,120,81.379,75.725,76.949,93.324,94.856,99.735,51.000,93.417,82.000,86.667,other,0,-1,8,4
1473,100,99.582,109.666,114.669,93.589,95.136,99.489,120.000,95.000,174.000,109.861,other,0,-1,9,4
1474,177,115.991,122.428,119.303,92.232,93.737,98.904,100.000,91.917,153.000,125.222,other,0,-1,10,4
1475,137,148.998,169.842,167.534,92.294,93.807,98.615,177.000,92.917,106.000,147.361,other,0,-1,11,4
1476,159,151.205,160.522,156.505,92.458,93.983,98.348,137.000,94.208,174.000,161.111,other,0,-1,12,4
1477,183,164.203,170.670,171.204,91.955,93.469,97.942,159.000,93.583,148.000,174.694,other,0,-1,13,4
1478,161,172.948,178.873,182.559,92.177,93.704,97.686,183.000,95.042,148.000,178.167,other,0,-1,14,4
1479,214,163.838,161.193,165.932,92.080,93.609,97.365,161.000,95.583,117.000,172.583,other,0,-1,15,4
1480,168,164.717,179.377,184.004,93.200,94.774,97.297,214.000,99.625,180.000,165.472,other,0,-1,16,4
1481,219,133.358,141.762,147.254,92.740,94.305,96.899,168.000,99.125,107.000,138.861,other,0,-1,17,4
1482,95,125.008,158.530,157.893,94.078,95.694,96.877,219.000,103.792,114.000,121.333,other,0,-1,18,4
1483,93,93.156,92.087,91.598,93.517,95.120,96.458,95.000,103.000,78.000,101.944,other,0,-1,19,4
1484,172,74.929,77.500,81.104,93.449,95.056,96.143,93.000,103.625,71.000,84.222,other,0,-1,20,4
1485,38,68.371,108.383,97.287,94.627,96.280,96.087,172.000,107.833,83.000,70.889,other,0,-1,21,4
1486,76,52.789,47.717,54.445,93.690,95.316,95.590,38.000,105.958,64.000,63.889,other,0,-1,22,4
1487,55,40.877,51.898,57.559,93.578,95.207,95.265,76.000,106.458,54.000,57.111,other,0,-1,23,4
1488,53,36.640,43.861,49.821,93.307,94.933,94.907,55.000,106.500,42.000,38.722,other,0,-1,0,5
1489,36,37.872,45.912,33.380,93.438,95.023,94.739,53.000,106.958,29.000,42.139,other,0,-1,1,5
1490,28,36.222,41.575,31.044,93.512,95.054,94.558,36.000,107.250,57.000,43.389,other,0,-1,2,5
1491,31,36.753,40.242,31.115,93.064,94.544,94.269,28.000,106.042,58.000,43.528,other,0,-1,3,5
1492,29,39.883,42.463,34.394,92.644,94.065,93.985,31.000,104.917,48.000,42.111,other,0,-1,4,5
1493,19,42.451,43.315,38.175,92.341,93.706,93.726,29.000,104.125,66.000,43.028,other,0,-1,5,5
1494,48,46.657,43.847,41.362,91.632,92.927,93.382,19.000,102.167,38.000,55.167,other,0,-1,6,5
1495,71,56.855,57.328,56.823,91.749,93.002,93.211,48.000,102.583,51.000,63.917,other,0,-1,7,5
1496,95,69.936,73.914,74.904,92.010,93.228,93.070,71.000,103.417,120.000,81.722,other,0,-1,8,5
1497,45,86.775,96.008,97.126,91.620,92.779,92.792,95.000,102.375,100.000,98.167,other,0,-1,9,5
1498,106,104.539,92.541,84.418,90.795,91.880,92.424,45.000,100.083,177.000,102.556,other,0,-1,10,5
1499,182,121.896,126.362,125.039,89.739,90.741,92.008,106.000,97.125,137.000,122.722,other,0,-1,11,5
1500,130,159.202,179.695,181.652,90.362,91.341,91.942,182.000,99.000,159.000,141.028,other,0,-1,12,5
1501,210,149.765,148.008,151.212,89.914,90.832,91.653,130.000,97.792,183.000,161.333,other,0,-1,13,5
1502,170,180.827,193.697,203.233,90.277,91.162,91.533,210.000,98.917,161.000,179.778,other,0,-1,14,5
1503,190,156.802,159.535,170.048,90.379,91.223,91.358,170.000,99.292,214.000,180.472,other,0,-1,15,5
1504,132,148.373,159.606,170.481,90.004,90.789,91.084,190.000,98.292,168.000,165.833,other,0,-1,16,5
1505,146,121.010,123.125,121.861,89.454,90.175,90.774,132.000,96.792,219.000,148.556,other,0,-1,17,5
1506,61,101.214,111.930,112.045,88.369,89.006,90.351,146.000,93.750,95.000,114.861,other,0,-1,18,5
1507,57,89.847,81.334,67.563,87.848,88.422,90.047,61.000,92.333,93.000,90.528,other,0,-1,19,5
1508,58,72.319,65.456,58.240,87.298,87.808,89.736,57.000,90.833,172.000,74.972,other,0,-1,20,5
1509,54,55.592,52.515,52.581,85.619,86.024,89.189,58.000,86.083,38.000,60.444,other,0,-1,21,5
1510,59,43.252,43.782,47.761,85.822,86.190,89.036,54.000,86.750,76.000,52.389,other,0,-1,22,5
1511,34,35.761,41.562,45.686,85.548,85.860,88.783,59.000,86.042,55.000,44.139,other,0,-1,23,5
1512,35,31.529,34.311,39.533,85.216,85.471,88.518,34.000,85.167,53.000,32.472,other,0,-1,0,6
1513,36,32.287,34.943,32.922,85.205,85.398,88.573,35.000,84.417,36.000,34.500,other,0,-1,1,6
1514,56,35.216,38.100,34.711,85.456,85.594,88.683,36.000,84.417,28.000,33.361,other,0,-1,2,6
1515,22,47.095,49.844,41.943,86.111,86.211,88.877,56.000,85.583,31.000,35.222,other,0,-1,3,6
1516,40,36.448,36.982,37.766,86.231,86.272,88.960,22.000,85.208,29.000,34.028,other,0,-1,4,6
1517,38,44.569,45.859,46.832,86.641,86.634,89.102,40.000,85.667,19.000,36.611,other,0,-1,5,6
1518,31,46.707,48.013,52.172,87.166,87.115,89.270,38.000,86.458,48.000,38.694,other,0,-1,6,6
1519,47,52.142,51.563,56.501,87.170,87.057,89.328,31.000,85.750,71.000,47.194,other,0,-1,7,6
1520,75,64.814,65.623,69.048,87.073,86.894,89.365,47.000,84.750,95.000,59.167,other,0,-1,8,6
1521,78,81.953,87.248,88.345,87.034,86.791,89.414,75.000,83.917,45.000,78.778,other,0,-1,9,6
1522,65,100.656,99.478,96.981,87.762,87.482,89.623,78.000,85.292,106.000,101.278,other,0,-1,10,6
1523,89,119.071,103.055,96.136,87.418,87.064,89.609,65.000,83.583,182.000,121.778,other,0,-1,11,6
1524,178,133.150,120.655,112.742,86.321,85.866,89.437,89.000,79.708,130.000,140.833,other,0,-1,12,6
1525,68,163.456,172.343,173.246,87.267,86.782,89.692,178.000,81.708,210.000,148.472,other,0,-1,13,6
1526,162,144.962,128.606,102.615,85.460,84.850,89.372,68.000,75.792,170.000,156.639,other,0,-1,14,6
1527,90,150.924,156.078,156.851,85.595,84.927,89.458,162.000,75.458,190.000,153.306,other,0,-1,15,6
1528,158,134.928,128.580,106.011,84.396,83.624,89.265,90.000,71.292,132.000,133.083,other,0,-1,16,6
1529,69,121.046,132.850,134.049,85.023,84.211,89.453,158.000,72.375,146.000,123.667,other,0,-1,17,6
1530,72,107.182,101.722,78.820,84.158,83.253,89.330,69.000,69.167,61.000,102.583,other,0,-1,18,6
1531,150,89.088,85.795,69.319,84.568,83.614,89.473,72.000,69.625,57.000,79.889,other,0,-1,19,6
1532,65,72.504,85.797,83.805,86.165,85.205,89.864,150.000,73.500,58.000,59.111,other,0,-1,20,6
1533,62,56.837,58.435,52.002,86.517,85.507,89.995,65.000,73.792,54.000,47.306,other,0,-1,21,6
1534,61,46.324,51.703,48.068,86.883,85.823,90.128,62.000,74.125,59.000,35.306,other,0,-1,22,6
1535,25,41.414,50.295,46.279,87.162,86.050,90.244,61.000,74.208,34.000,32.556,other,0,-1,23,6
1536,105,36.328,40.869,39.470,87.282,86.111,90.327,25.000,73.833,35.000,61.343,other,0,-1,0,0
1537,29,71.276,81.359,62.098,88.636,87.480,90.877,105.000,76.750,36.000,59.743,other,0,-1,1,0
1538,61,38.763,46.250,45.971,88.875,87.695,91.194,29.000,76.458,56.000,61.829,other,0,-1,2,0
1539,70,54.724,64.255,55.330,89.288,88.089,91.548,61.000,76.667,22.000,63.543,other,0,-1,3,0
1540,63,62.547,71.447,61.996,90.323,89.129,92.031,70.000,78.667,40.000,60.000,other,0,-1,4,0
1541,49,58.724,68.616,65.717,90.997,89.793,92.439,63.000,79.625,38.000,77.171,other,0,-1,5,0
1542,68,53.496,64.139,68.221,91.496,90.277,92.811,49.000,80.083,31.000,77.686,other,0,-1,6,0
1543,83,63.681,78.447,81.869,92.372,91.152,93.261,68.000,81.625,47.000,91.543,other,0,-1,7,0
1544,66,76.232,94.890,95.978,93.234,92.011,93.708,83.000,83.125,75.000,101.114,other,0,-1,8,0
1545,48,87.742,101.692,97.271,93.444,92.195,94.020,66.000,82.750,78.000,122.829,other,0,-1,9,0
1546,114,107.524,111.001,96.830,93.349,92.065,94.267,48.000,81.500,65.000,137.200,other,0,-1,10,0
1547,156,130.622,142.236,133.750,94.399,93.119,94.754,114.000,83.542,89.000,150.314,other,0,-1,11,0
1548,157,157.806,166.802,162.675,95.710,94.443,95.295,156.000,86.333,178.000,163.229,other,0,-1,12,0
1549,160,164.902,168.312,165.365,95.746,94.448,95.570,157.000,85.458,68.000,172.800,other,0,-1,13,0
1550,124,168.082,167.398,166.152,97.419,96.147,96.187,160.000,89.292,162.000,172.257,other,0,-1,14,0
1551,121,159.174,150.613,140.051,97.209,95.897,96.410,124.000,87.708,90.000,183.343,other,0,-1,15,0
1552,168,150.112,141.764,131.588,97.998,96.681,96.842,121.000,89.000,158.000,162.143,other,0,-1,16,0
1553,264,137.365,141.496,148.300,98.483,97.150,97.211,168.000,89.417,69.000,148.800,other,0,-1,17,0
1554,71,196.202,173.710,192.109,101.648,100.393,98.139,264.000,97.542,72.000,128.829,other,0,-1,18,0
1555,92,103.071,92.664,81.633,101.974,100.698,98.475,71.000,97.500,150.000,110.171,other,0,-1,19,0
1556,59,82.845,79.099,79.694,101.474,100.148,98.638,92.000,95.083,65.000,85.143,other,0,-1,20,0
1557,79,71.524,65.148,63.607,101.727,100.377,98.958,59.000,94.833,62.000,75.143,other,0,-1,21,0
1558,50,60.046,62.371,62.552,102.314,100.952,99.348,79.000,95.542,61.000,65.229,other,0,-1,22,0
1559,76,53.476,54.554,52.085,102.494,101.106,99.653,50.000,95.083,25.000,63.543,other,0,-1,23,0
1560,54,59.170,64.307,56.143,103.573,102.191,100.145,76.000,97.208,105.000,61.694,other,0,-1,0,1
1561,25,52.735,56.819,50.224,103.009,101.628,100.303,54.000,95.083,29.000,62.000,other,0,-1,1,1
1562,69,49.026,50.069,44.714,103.125,101.770,100.604,25.000,94.917,61.000,62.222,other,0,-1,2,1
1563,58,65.117,67.238,54.914,103.414,102.092,100.940,69.000,95.250,70.000,61.389,other,0,-1,3,1
1564,34,62.073,64.101,56.184,103.415,102.114,101.216,58.000,94.750,63.000,63.583,other,0,-1,4,1
1565,78,57.200,57.920,56.201,103.168,101.881,101.441,34.000,93.542,49.000,65.139,other,0,-1,5,1
1566,81,72.648,76.006,74.161,103.762,102.517,101.841,78.000,94.750,68.000,66.417,other,0,-1,6,1
1567,91,77.637,82.495,84.344,104.125,102.914,102.193,81.000,95.292,83.000,77.639,other,0,-1,7,1
1568,103,89.949,95.945,98.315,104.415,103.236,102.529,91.000,95.625,66.000,91.833,other,0,-1,8,1
1569,112,107.563,114.428,114.361,105.124,103.993,102.953,103.000,97.167,48.000,109.944,other,0,-1,9,1
1570,115,126.991,133.917,129.406,106.225,105.154,103.459,112.000,99.833,114.000,131.361,other,0,-1,10,1
1571,90,144.541,149.488,140.262,106.414,105.371,103.775,115.000,99.875,156.000,148.500,other,0,-1,11,1
1572,148,154.451,155.594,134.533,105.632,104.583,103.887,90.000,97.125,157.000,174.389,other,0,-1,12,1
1573,104,170.789,170.087,167.041,105.675,104.650,104.172,148.000,96.750,160.000,191.778,other,0,-1,13,1
1574,209,164.041,159.969,142.224,105.038,104.013,104.315,104.000,94.417,124.000,190.222,other,0,-1,14,1
1575,165,187.590,189.626,194.600,106.443,105.489,104.885,209.000,97.958,121.000,183.056,other,0,-1,15,1
1576,105,160.842,161.082,159.083,107.255,106.350,105.330,165.000,99.792,168.000,168.806,other,0,-1,16,1
1577,185,143.520,135.937,117.911,106.516,105.608,105.452,105.000,97.167,264.000,158.750,other,0,-1,17,1
1578,181,131.740,139.304,145.120,105.545,104.625,105.525,185.000,93.875,71.000,131.639,other,0,-1,18,1
1579,101,114.754,122.183,129.855,107.313,106.476,106.170,181.000,98.458,92.000,103.944,other,0,-1,19,1
1580,117,92.419,88.838,88.815,107.617,106.813,106.510,101.000,98.833,59.000,92.389,other,0,-1,20,1
1581,59,78.621,82.250,86.012,108.631,107.885,106.998,117.000,101.250,79.000,77.389,other,0,-1,21,1
1582,83,68.735,64.922,62.164,108.516,107.787,107.250,59.000,100.417,50.000,64.944,other,0,-1,22,1
1583,94,63.929,68.538,62.069,109.168,108.483,107.662,83.000,101.792,76.000,62.889,other,0,-1,23,1
1584,50,69.700,75.592,59.672,109.602,108.955,108.029,94.000,102.542,54.000,59.639,other,0,-1,0,2
1585,66,57.327,60.147,52.434,109.421,108.827,108.068,50.000,102.375,25.000,64.167,other,0,-1,1,2
1586,46,62.714,66.938,54.554,109.892,109.374,108.243,66.000,104.083,69.000,56.194,other,0,-1,2,2
1587,97,59.889,61.000,51.289,109.435,108.961,108.224,46.000,103.125,58.000,60.528,other,0,-1,3,2
1588,87,83.665,82.226,64.158,109.877,109.478,108.393,97.000,104.750,34.000,62.444,other,0,-1,4,2
1589,54,79.298,77.505,66.474,110.521,110.205,108.605,87.000,106.958,78.000,62.833,other,0,-1,5,2
1590,76,72.228,68.175,64.780,110.050,109.777,108.583,54.000,105.958,81.000,70.472,other,0,-1,6,2
1591,61,83.860,78.588,78.144,109.855,109.635,108.619,76.000,105.750,91.000,78.639,other,0,-1,7,2
1592,117,96.532,86.746,83.546,109.297,109.117,108.579,61.000,104.500,103.000,89.639,other,0,-1,8,2
1593,85,118.598,108.196,113.847,109.376,109.259,108.673,117.000,105.083,112.000,104.833,other,0,-1,9,2
1594,129,132.939,126.579,114.272,108.862,108.787,108.642,85.000,103.958,115.000,127.694,other,0,-1,10,2
1595,161,152.106,145.560,143.538,108.941,108.929,108.736,129.000,104.542,90.000,145.361,other,0,-1,11,2
1596,181,168.749,163.604,167.172,109.847,109.925,109.001,161.000,107.500,148.000,159.222,other,0,-1,12,2
1597,212,178.236,177.028,181.490,110.201,110.352,109.152,181.000,108.875,104.000,182.222,other,0,-1,13,2
1598,202,188.083,192.347,196.887,111.643,111.903,109.530,212.000,113.375,209.000,185.000,other,0,-1,14,2
1599,209,175.551,185.205,185.404,111.418,111.731,109.560,202.000,113.083,165.000,172.750,other,0,-1,15,2
1600,160,167.751,181.662,178.891,111.932,112.323,109.744,209.000,114.917,105.000,158.694,other,0,-1,16,2
1601,239,146.242,148.665,141.849,112.605,113.079,109.962,160.000,117.208,185.000,148.139,other,0,-1,17,2
1602,111,154.566,186.214,168.340,113.264,113.821,110.176,239.000,119.458,181.000,124.722,other,0,-1,18,2
1603,64,114.102,106.282,98.762,112.127,112.704,110.015,111.000,116.542,101.000,108.833,other,0,-1,19,2
1604,76,102.251,85.678,74.865,111.468,112.081,109.955,64.000,115.000,117.000,89.361,other,0,-1,20,2
1605,56,83.488,73.932,70.986,110.750,111.399,109.882,76.000,113.292,59.000,75.500,other,0,-1,21,2
1606,92,72.354,62.394,58.876,110.584,111.286,109.924,56.000,113.167,83.000,67.139,other,0,-1,22,2
1607,48,63.246,67.722,61.577,110.591,111.353,110.002,92.000,113.542,94.000,62.722,other,0,-1,23,2
1608,57,57.411,53.867,46.571,109.801,110.596,109.914,48.000,111.625,50.000,61.389,other,0,-1,0,3
1609,60,56.152,58.778,58.291,109.575,110.414,109.686,57.000,111.917,66.000,64.194,other,0,-1,1,3
1610,81,57.903,60.944,57.497,109.160,110.038,109.420,60.000,111.667,46.000,65.056,other,0,-1,2,3
1611,31,67.415,70.635,61.857,109.340,110.276,109.277,81.000,113.125,97.000,61.583,other,0,-1,3,3
1612,58,58.286,54.486,53.788,108.056,109.000,108.828,31.000,110.375,87.000,61.250,other,0,-1,4,3
1613,92,65.334,63.578,62.267,107.308,108.279,108.492,58.000,109.167,54.000,63.500,other,0,-1,5,3
1614,27,78.738,77.406,76.158,107.531,108.563,108.358,92.000,110.750,76.000,67.778,other,0,-1,6,3
1615,72,82.952,68.251,67.383,106.493,107.542,107.961,27.000,108.708,61.000,79.889,other,0,-1,7,3
1616,65,95.159,84.809,88.503,106.325,107.420,107.746,72.000,109.167,117.000,92.417,other,0,-1,8,3
1617,60,114.002,102.211,97.763,105.244,106.354,107.340,65.000,107.000,85.000,115.000,other,0,-1,9,3
1618,144,133.134,127.181,108.578,104.554,105.693,107.016,60.000,105.958,129.000,126.583,other,0,-1,10,3
1619,173,150.765,151.108,151.909,104.444,105.631,106.813,144.000,106.583,161.000,145.861,other,0,-1,11,3
1620,273,168.300,172.138,173.623,104.290,105.525,106.600,173.000,107.083,181.000,168.111,other,0,-1,12,3
1621,175,243.740,233.463,225.729,105.295,106.617,106.630,273.000,110.917,212.000,177.472,other,0,-1,13,3
1622,245,173.630,178.570,179.139,104.431,105.776,106.269,175.000,109.375,202.000,176.694,other,0,-1,14,3
1623,223,195.787,212.503,208.072,104.727,106.135,106.151,245.000,111.167,209.000,173.972,other,0,-1,15,3
1624,122,169.938,189.966,188.012,104.602,106.058,105.944,223.000,111.750,160.000,162.111,other,0,-1,16,3
1625,142,141.694,134.361,129.406,103.724,105.202,105.581,122.000,110.167,239.000,150.028,other,0,-1,17,3
1626,125,123.271,125.273,125.632,101.991,103.461,105.039,142.000,106.125,111.000,132.389,other,0,-1,18,3
1627,99,105.245,105.698,107.930,101.866,103.385,104.832,125.000,106.708,64.000,108.528,other,0,-1,19,3
1628,62,89.647,85.398,89.627,102.045,103.623,104.690,99.000,108.167,76.000,100.083,other,0,-1,20,3
1629,93,78.514,66.361,72.057,101.515,103.127,104.399,62.000,107.583,56.000,85.306,other,0,-1,21,3
1630,115,60.174,66.944,73.770,101.723,103.395,104.262,93.000,109.125,92.000,74.778,other,0,-1,22,3
1631,72,56.427,74.443,73.805,101.728,103.453,104.083,115.000,110.083,48.000,70.444,other,0,-1,23,3
1632,38,48.607,53.774,60.118,101.748,103.527,103.907,72.000,111.083,57.000,60.917,other,0,-1,0,4
1633,48,44.420,45.879,50.381,101.188,102.953,103.488,38.000,110.292,60.000,56.972,other,0,-1,1,4
1634,65,46.182,50.378,50.989,100.729,102.483,103.091,48.000,109.792,81.000,51.583,other,0,-1,2,4
1635,105,53.124,58.594,54.194,100.212,101.954,102.681,65.000,109.125,31.000,54.556,other,0,-1,3,4
1636,55,77.378,80.005,64.869,100.998,102.774,102.544,105.000,112.208,58.000,57.139,other,0,-1,4,4
1637,65,55.351,56.782,57.302,100.669,102.440,102.174,55.000,112.083,92.000,54.694,other,0,-1,5,4
1638,37,61.545,62.630,64.926,99.993,101.745,101.731,65.000,110.958,27.000,65.167,other,0,-1,6,4
1639,61,69.371,61.396,64.914,99.853,101.606,101.400,37.000,111.375,72.000,74.667,other,0,-1,7,4
1640,45,82.537,77.442,81.158,99.408,101.152,101.006,61.000,110.917,65.000,86.667,other,0,-1,8,4
1641,93,103.341,92.954,87.111,98.833,100.563,100.584,45.000,110.083,60.000,109.861,other,0,-1,9,4
1642,95,118.695,122.178,118.297,99.026,100.768,100.323,93.000,111.458,144.000,125.222,other,0,-1,10,4
1643,145,137.013,140.519,131.675,98.030,99.744,99.813,95.000,109.417,173.000,147.361,other,0,-1,11,4
1644,219,154.300,164.814,164.233,97.339,99.035,99.368,145.000,108.250,273.000,161.111,other,0,-1,12,4
1645,168,191.962,207.528,206.254,96.272,97.936,98.843,219.000,106.000,175.000,174.694,other,0,-1,13,4
1646,202,170.930,171.748,178.672,95.885,97.542,98.461,168.000,105.708,245.000,178.167,other,0,-1,14,4
1647,134,175.132,182.471,189.312,94.977,96.608,97.970,202.000,103.917,223.000,172.583,other,0,-1,15,4
1648,127,149.840,142.100,144.336,93.402,94.984,97.339,134.000,100.208,122.000,165.472,other,0,-1,16,4
1649,158,131.791,127.898,128.515,93.189,94.770,96.993,127.000,100.417,142.000,138.861,other,0,-1,17,4
1650,157,110.454,123.663,128.348,93.136,94.720,96.680,158.000,101.083,125.000,121.333,other,0,-1,18,4
1651,105,89.211,110.677,114.466,93.314,94.910,96.416,157.000,102.417,99.000,101.944,other,0,-1,19,4
1652,83,73.578,80.024,85.274,93.116,94.711,96.073,105.000,102.667,62.000,84.222,other,0,-1,20,4
1653,57,59.846,64.127,71.552,93.135,94.736,95.776,83.000,103.542,93.000,70.889,other,0,-1,21,4
1654,91,49.850,50.325,60.038,92.328,93.907,95.306,57.000,102.042,115.000,63.889,other,0,-1,22,4
1655,61,41.210,58.012,62.748,91.695,93.258,94.872,91.000,101.042,72.000,57.111,other,0,-1,23,4
1656,36,36.032,45.835,53.267,91.250,92.804,94.477,61.000,100.583,38.000,38.722,other,0,-1,0,5
1657,33,33.191,39.983,32.779,91.193,92.699,94.270,36.000,100.500,48.000,42.139,other,0,-1,1,5
1658,39,34.185,40.650,32.590,90.948,92.400,94.023,33.000,99.875,65.000,43.389,other,0,-1,2,5
1659,60,38.154,44.390,34.972,90.543,91.936,93.742,39.000,98.792,105.000,43.528,other,0,-1,3,5
1660,34,49.003,54.606,42.174,89.863,91.187,93.404,60.000,96.917,55.000,42.111,other,0,-1,4,5
1661,66,42.349,44.803,40.566,89.531,90.798,93.139,34.000,96.042,65.000,43.028,other,0,-1,5,5
1662,38,55.486,59.608,55.165,89.517,90.738,92.941,66.000,96.083,37.000,55.167,other,0,-1,6,5
1663,73,55.436,54.148,54.293,89.503,90.679,92.742,38.000,96.125,61.000,63.917,other,0,-1,7,5
1664,48,69.542,74.432,75.870,89.649,90.784,92.577,73.000,96.625,45.000,81.722,other,0,-1,8,5
1665,67,86.066,79.186,75.650,89.664,90.755,92.384,48.000,96.750,93.000,98.167,other,0,-1,9,5
1666,148,104.041,98.635,93.750,89.260,90.291,92.104,67.000,95.667,95.000,102.556,other,0,-1,10,5
1667,63,130.591,150.465,149.399,89.999,91.011,92.062,148.000,97.875,145.000,122.722,other,0,-1,11,5
1668,153,136.317,119.182,107.519,88.783,89.707,91.613,63.000,94.458,219.000,141.028,other,0,-1,12,5
1669,176,153.647,159.450,163.984,87.799,88.643,91.211,153.000,91.708,168.000,161.333,other,0,-1,13,5
1670,134,162.982,169.715,178.269,87.887,88.689,91.034,176.000,92.042,202.000,179.778,other,0,-1,14,5
1671,179,148.925,144.929,146.124,86.874,87.595,90.626,134.000,89.208,134.000,180.472,other,0,-1,15,5
1672,169,143.872,154.517,162.506,87.498,88.195,90.561,179.000,91.083,127.000,165.833,other,0,-1,16,5
1673,127,122.331,136.551,140.950,88.078,88.750,90.486,169.000,92.833,158.000,148.556,other,0,-1,17,5
1674,107,99.179,108.011,103.082,87.601,88.211,90.191,127.000,91.542,157.000,114.861,other,0,-1,18,5
1675,91,81.143,88.051,81.025,86.848,87.387,89.838,107.000,89.458,105.000,90.528,other,0,-1,19,5
1676,67,64.861,70.733,65.473,86.617,87.103,89.594,91.000,88.875,83.000,74.972,other,0,-1,20,5
1677,86,52.201,55.275,52.651,86.358,86.789,89.344,67.000,88.208,57.000,60.444,other,0,-1,21,5
1678,80,40.980,53.487,51.988,86.750,87.149,89.230,86.000,89.417,91.000,52.389,other,0,-1,22,5
1679,38,36.835,50.584,47.339,86.562,86.910,88.995,80.000,88.958,61.000,44.139,other,0,-1,23,5
1680,45,30.460,37.210,37.863,86.201,86.490,88.724,38.000,88.000,36.000,32.472,other,0,-1,0,6
1681,43,33.776,41.087,33.592,86.581,86.822,88.860,45.000,88.375,33.000,34.500,other,0,-1,1,6
1682,42,36.662,43.537,35.125,86.977,87.168,89.000,43.000,88.792,39.000,33.361,other,0,-1,2,6
1683,32,39.795,45.549,37.740,87.270,87.410,89.119,42.000,88.917,60.000,35.222,other,0,-1,3,6
1684,25,38.598,42.797,39.197,87.115,87.187,89.144,32.000,87.750,34.000,34.028,other,0,-1,4,6
1685,20,38.901,41.777,42.221,87.235,87.249,89.226,25.000,87.375,66.000,36.611,other,0,-1,5,6
1686,35,42.125,43.328,46.438,86.819,86.756,89.197,20.000,85.458,38.000,38.694,other,0,-1,6,6
1687,47,51.243,53.754,57.361,87.026,86.907,89.298,35.000,85.333,73.000,47.194,other,0,-1,7,6
1688,67,63.378,66.442,68.835,86.899,86.714,89.329,47.000,84.250,48.000,59.167,other,0,-1,8,6
1689,102,80.030,84.829,84.760,87.425,87.195,89.496,67.000,85.042,67.000,78.778,other,0,-1,9,6
1690,110,101.932,111.988,109.930,88.182,87.917,89.711,102.000,86.500,148.000,101.278,other,0,-1,10,6
1691,53,119.699,124.231,121.182,87.882,87.544,89.706,110.000,84.917,63.000,121.778,other,0,-1,11,6
1692,146,130.419,108.553,94.581,87.987,87.590,89.785,53.000,84.500,153.000,140.833,other,0,-1,12,6
1693,150,150.493,152.559,151.481,88.136,87.682,89.874,146.000,84.208,176.000,148.472,other,0,-1,13,6
1694,165,153.350,154.587,153.571,88.010,87.489,89.905,150.000,83.125,134.000,156.639,other,0,-1,14,6
1695,129,152.113,157.072,159.854,88.709,88.150,90.108,165.000,84.417,179.000,153.306,other,0,-1,15,6
1696,146,135.366,136.050,128.491,88.235,87.597,90.067,129.000,82.333,169.000,133.083,other,0,-1,16,6
1697,113,120.416,128.349,127.119,88.152,87.449,90.107,146.000,81.375,127.000,123.667,other,0,-1,17,6
1698,77,102.391,105.575,96.309,88.200,87.435,90.174,113.000,80.792,107.000,102.583,other,0,-1,18,6
1699,78,87.777,85.206,70.649,88.015,87.182,90.193,77.000,79.542,91.000,79.889,other,0,-1,19,6
1700,52,70.095,69.837,61.500,88.077,87.184,90.263,78.000,79.000,67.000,59.111,other,0,-1,20,6
1701,49,58.040,55.514,49.504,88.110,87.156,90.327,52.000,78.375,86.000,47.306,other,0,-1,21,6
1702,39,46.775,47.317,45.446,87.825,86.798,90.325,49.000,76.833,80.000,35.306,other,0,-1,22,6
1703,23,40.194,42.185,41.736,87.481,86.380,90.311,39.000,75.125,38.000,32.556,other,0,-1,23,6
1704,50,36.430,38.044,38.304,87.514,86.351,90.375,23.000,74.500,45.000,61.343,other,0,-1,0,0
1705,82,42.352,47.472,47.270,87.926,86.746,90.729,50.000,74.708,43.000,59.743,other,0,-1,1,0
1706,50,62.927,69.026,56.082,88.832,87.650,91.185,82.000,76.333,42.000,61.829,other,0,-1,2,0
1707,62,49.549,55.101,51.225,89.288,88.089,91.548,50.000,76.667,32.000,63.543,other,0,-1,3,0
1708,66,57.871,63.508,58.400,90.062,88.859,91.977,62.000,77.917,25.000,60.000,other,0,-1,4,0
1709,53,60.638,67.466,65.342,90.997,89.793,92.439,66.000,79.625,20.000,77.171,other,0,-1,5,0
1710,37,55.286,63.860,68.375,91.815,90.607,92.877,53.000,81.000,35.000,77.686,other,0,-1,6,0
1711,65,57.703,64.740,70.795,92.184,90.957,93.222,37.000,81.083,47.000,91.543,other,0,-1,7,0
1712,110,72.227,85.639,88.270,92.785,91.546,93.615,65.000,81.833,67.000,101.114,other,0,-1,8,0
1713,141,98.368,118.902,116.322,93.748,92.510,94.083,110.000,83.625,102.000,122.829,other,0,-1,9,0
1714,184,127.407,147.398,141.170,94.653,93.414,94.540,141.000,85.250,110.000,137.200,other,0,-1,10,0
1715,134,170.868,182.629,174.560,96.065,94.843,95.102,184.000,88.333,53.000,150.314,other,0,-1,11,0
1716,202,150.861,155.738,149.114,97.579,96.377,95.685,134.000,91.708,146.000,163.229,other,0,-1,12,0
1717,175,189.944,194.915,194.267,98.730,97.536,96.193,202.000,94.042,150.000,172.800,other,0,-1,13,0
1718,144,173.520,174.185,175.380,99.433,98.231,96.607,175.000,95.083,165.000,172.257,other,0,-1,14,0
1719,223,162.813,156.059,151.525,99.469,98.235,96.882,144.000,94.208,129.000,183.343,other,0,-1,15,0
1720,216,178.053,182.851,194.792,101.171,99.964,97.505,223.000,98.125,146.000,162.143,other,0,-1,16,0
1721,150,157.041,160.673,177.748,102.525,101.333,98.055,216.000,101.042,113.000,148.800,other,0,-1,17,0
1722,167,119.177,117.363,125.233,103.401,102.207,98.505,150.000,102.583,77.000,128.829,other,0,-1,18,0
1723,142,104.503,104.620,118.554,105.045,103.876,99.116,167.000,106.333,78.000,110.171,other,0,-1,19,0
1724,108,86.429,86.183,94.583,106.312,105.155,99.648,142.000,109.000,52.000,85.143,other,0,-1,20,0
1725,115,72.076,71.536,74.650,107.464,106.314,100.156,108.000,111.333,49.000,75.143,other,0,-1,21,0
1726,62,69.690,72.490,70.834,108.760,107.623,100.694,115.000,114.083,39.000,65.229,other,0,-1,22,0
1727,72,57.075,56.944,55.408,109.433,108.287,101.102,62.000,115.042,23.000,63.543,other,0,-1,23,0
1728,67,60.118,62.188,56.020,110.483,109.341,101.588,72.000,117.083,50.000,61.694,other,0,-1,0,1
1729,64,58.235,61.197,54.797,110.904,109.798,101.952,67.000,117.792,82.000,62.000,other,0,-1,1,1
1730,49,60.621,62.821,53.776,110.817,109.730,102.210,64.000,117.042,50.000,62.222,other,0,-1,2,1
1731,43,58.232,59.001,52.491,110.976,109.917,102.519,49.000,117.000,62.000,61.389,other,0,-1,3,1
1732,78,58.463,58.409,54.505,110.875,109.834,102.774,43.000,116.208,66.000,63.583,other,0,-1,4,1
1733,63,72.501,73.712,67.314,111.223,110.216,103.123,78.000,116.708,53.000,65.139,other,0,-1,5,1
1734,62,68.416,70.356,70.778,111.541,110.568,103.465,63.000,117.125,37.000,66.417,other,0,-1,6,1
1735,83,74.837,76.713,79.095,112.078,111.144,103.853,62.000,118.167,65.000,77.639,other,0,-1,7,1
1736,81,89.600,93.732,95.804,112.512,111.616,104.220,83.000,118.917,110.000,91.833,other,0,-1,8,1
1737,63,106.173,110.033,106.003,112.266,111.383,104.445,81.000,117.708,141.000,109.944,other,0,-1,9,1
1738,160,125.545,128.338,109.169,111.310,110.416,104.521,63.000,114.458,184.000,131.361,other,0,-1,10,1
1739,197,160.792,159.796,164.088,111.136,110.258,104.761,160.000,113.458,134.000,148.500,other,0,-1,11,1
1740,158,191.987,184.276,192.764,112.223,111.404,105.264,197.000,116.083,202.000,174.389,other,0,-1,12,1
1741,246,175.168,172.528,174.030,111.760,110.947,105.443,158.000,114.250,175.000,191.778,other,0,-1,13,1
1742,135,229.840,217.845,224.622,112.962,112.213,105.970,246.000,117.208,144.000,190.222,other,0,-1,14,1
1743,176,168.058,159.698,153.590,113.006,112.280,106.255,135.000,116.833,223.000,183.056,other,0,-1,15,1
1744,186,163.988,163.243,165.687,112.499,111.777,106.425,176.000,114.875,216.000,168.806,other,0,-1,16,1
1745,186,150.904,153.613,158.156,112.238,111.529,106.647,186.000,113.625,150.000,158.750,other,0,-1,17,1
1746,93,133.564,137.428,144.145,112.933,112.271,107.068,186.000,115.125,167.000,131.639,other,0,-1,18,1
1747,109,114.851,100.284,95.074,112.035,111.363,107.157,93.000,112.042,142.000,103.944,other,0,-1,19,1
1748,133,94.608,87.326,93.257,111.731,111.071,107.369,109.000,110.667,108.000,92.389,other,0,-1,20,1
1749,46,82.356,84.929,93.454,112.267,111.647,107.757,133.000,111.708,115.000,77.389,other,0,-1,21,1
1750,17,73.243,61.470,61.296,111.442,110.815,107.861,46.000,108.833,62.000,64.944,other,0,-1,22,1
1751,50,66.832,53.567,49.097,110.964,110.342,108.037,17.000,106.958,72.000,62.889,other,0,-1,23,1
1752,64,59.833,57.429,50.714,110.819,110.214,108.283,50.000,106.042,67.000,59.639,other,0,-1,0,2
1753,44,60.691,62.784,57.392,110.652,110.101,108.325,64.000,105.917,64.000,64.167,other,0,-1,1,2
1754,61,58.737,57.746,52.449,110.239,109.734,108.315,44.000,105.083,49.000,56.194,other,0,-1,2,2
1755,59,64.422,64.440,55.786,110.290,109.846,108.403,61.000,105.583,43.000,60.528,other,0,-1,3,2
1756,30,66.181,64.708,57.340,110.398,110.018,108.502,59.000,106.250,78.000,62.444,other,0,-1,4,2
1757,49,65.290,58.560,55.143,109.580,109.231,108.408,30.000,104.250,63.000,62.833,other,0,-1,5,2
1758,91,72.565,66.190,64.058,109.254,108.953,108.417,49.000,103.667,62.000,70.472,other,0,-1,6,2
1759,91,86.998,81.998,82.380,109.550,109.320,108.556,91.000,104.875,83.000,78.639,other,0,-1,7,2
1760,96,98.155,90.269,92.649,109.543,109.372,108.631,91.000,105.208,81.000,89.639,other,0,-1,8,2
1761,66,115.059,105.774,106.148,109.637,109.529,108.727,96.000,105.833,63.000,104.833,other,0,-1,9,2
1762,115,135.062,128.771,107.395,109.557,109.506,108.787,66.000,105.958,160.000,127.694,other,0,-1,10,2
1763,235,150.444,146.126,137.631,108.782,108.764,108.702,115.000,104.083,197.000,145.361,other,0,-1,11,2
1764,219,213.336,191.046,204.326,109.209,109.266,108.868,235.000,105.667,158.000,159.222,other,0,-1,12,2
1765,99,194.303,192.653,201.322,109.970,110.112,109.104,219.000,108.208,246.000,182.222,other,0,-1,13,2
1766,179,164.242,160.361,141.823,107.717,107.841,108.710,99.000,102.083,135.000,185.000,other,0,-1,14,2
1767,179,168.773,175.482,173.334,108.231,108.433,108.895,179.000,103.917,176.000,172.750,other,0,-1,15,2
1768,195,159.579,167.397,162.971,108.151,108.410,108.955,179.000,104.042,186.000,158.694,other,0,-1,16,2
1769,107,148.881,163.609,158.565,108.158,108.477,109.033,195.000,104.417,186.000,148.139,other,0,-1,17,2
1770,149,132.033,122.026,107.377,106.890,107.225,108.845,107.000,101.125,93.000,124.722,other,0,-1,18,2
1771,150,110.399,117.318,114.215,107.578,107.997,109.066,149.000,103.458,109.000,108.833,other,0,-1,19,2
1772,66,93.164,107.374,105.000,108.049,108.544,109.241,150.000,105.167,133.000,89.361,other,0,-1,20,2
1773,81,85.630,74.227,68.801,106.955,107.471,109.089,66.000,102.375,46.000,75.500,other,0,-1,21,2
1774,84,69.854,68.919,66.212,107.339,107.928,109.246,81.000,103.833,17.000,67.139,other,0,-1,22,2
1775,42,62.325,67.077,61.226,108.186,108.865,109.500,84.000,106.625,50.000,62.722,other,0,-1,23,2
1776,59,57.769,54.713,47.438,107.947,108.677,109.527,42.000,106.292,64.000,61.389,other,0,-1,0,3
1777,49,56.291,61.261,61.086,107.547,108.316,109.263,59.000,106.083,44.000,64.194,other,0,-1,1,3
1778,85,55.848,58.966,57.710,107.292,108.104,109.029,49.000,106.292,61.000,65.056,other,0,-1,2,3
1779,35,68.610,74.118,64.841,107.312,108.178,108.853,85.000,107.292,59.000,61.583,other,0,-1,3,3
1780,54,58.361,56.684,56.172,106.636,107.531,108.532,35.000,106.292,30.000,61.250,other,0,-1,4,3
1781,84,64.213,63.301,62.904,106.656,107.605,108.356,54.000,107.292,49.000,63.500,other,0,-1,5,3
1782,74,75.297,74.851,75.220,106.836,107.843,108.213,84.000,108.750,91.000,67.778,other,0,-1,6,3
1783,65,80.402,75.505,79.922,106.262,107.302,107.913,74.000,108.042,91.000,79.889,other,0,-1,7,3
1784,128,94.466,83.882,86.549,105.557,106.626,107.586,65.000,106.958,96.000,92.417,other,0,-1,8,3
1785,121,114.526,109.614,119.062,105.693,106.819,107.434,128.000,108.292,66.000,115.000,other,0,-1,9,3
1786,144,130.315,126.733,129.245,106.162,107.357,107.352,121.000,110.583,115.000,126.583,other,0,-1,10,3
1787,174,148.883,150.104,150.034,106.255,107.505,107.191,144.000,111.792,235.000,145.861,other,0,-1,11,3
1788,173,167.513,170.909,171.661,105.043,106.304,106.758,174.000,109.250,219.000,168.111,other,0,-1,12,3
1789,186,173.058,176.559,175.792,104.049,105.328,106.370,173.000,107.333,99.000,177.472,other,0,-1,13,3
1790,299,175.863,181.878,181.978,104.982,106.346,106.384,186.000,110.958,179.000,176.694,other,0,-1,14,3
1791,311,252.624,252.287,234.782,106.392,107.859,106.499,299.000,115.958,179.000,173.972,other,0,-1,15,3
1792,76,251.535,258.044,234.478,107.977,109.551,106.649,311.000,121.458,195.000,162.111,other,0,-1,16,3
1793,113,143.461,127.827,111.995,105.925,107.481,106.041,76.000,116.500,107.000,150.028,other,0,-1,17,3
1794,116,125.125,118.514,114.343,105.685,107.284,105.810,113.000,116.750,149.000,132.389,other,0,-1,18,3
1795,77,105.935,103.942,104.702,104.879,106.503,105.462,116.000,115.375,150.000,108.528,other,0,-1,19,3
1796,98,92.241,81.791,82.864,103.494,105.122,104.992,77.000,112.333,66.000,100.083,other,0,-1,20,3
1797,64,72.340,75.010,81.134,103.630,105.315,104.840,98.000,113.667,81.000,85.306,other,0,-1,21,3
1798,66,62.791,57.675,65.897,103.056,104.774,104.540,64.000,112.958,84.000,74.778,other,0,-1,22,3
1799,45,53.071,52.705,61.289,102.467,104.218,104.237,66.000,112.208,42.000,70.444,other,0,-1,23,3
1800,54,48.329,44.634,53.522,102.183,103.976,103.998,45.000,112.333,59.000,60.917,other,0,-1,0,4
1801,55,46.364,49.409,51.672,101.825,103.612,103.621,54.000,112.125,49.000,56.972,other,0,-1,1,4
1802,55,48.257,51.387,50.997,101.627,103.413,103.278,55.000,112.375,85.000,51.583,other,0,-1,2,4
1803,67,50.736,53.007,51.372,100.907,102.674,102.827,55.000,111.125,35.000,54.556,other,0,-1,3,4
1804,44,57.164,59.349,55.685,101.085,102.864,102.562,67.000,112.458,54.000,57.139,other,0,-1,4,4
1805,27,53.803,52.330,54.467,100.655,102.425,102.171,44.000,112.042,84.000,54.694,other,0,-1,5,4
1806,76,58.936,51.955,55.646,99.544,101.281,101.637,27.000,109.667,74.000,65.167,other,0,-1,6,4
1807,57,70.637,71.066,75.741,99.288,101.021,101.282,76.000,109.750,65.000,74.667,other,0,-1,7,4
1808,121,82.997,76.733,79.901,98.886,100.612,100.897,57.000,109.417,128.000,86.667,other,0,-1,8,4
1809,95,102.124,111.260,116.531,98.500,100.218,100.515,121.000,109.125,121.000,109.861,other,0,-1,9,4
1810,93,118.766,122.605,119.157,97.838,99.539,100.075,95.000,108.042,144.000,125.222,other,0,-1,10,4
1811,111,136.983,139.937,130.744,96.814,98.485,99.559,93.000,105.917,174.000,147.361,other,0,-1,11,4
1812,171,151.367,152.866,148.165,95.616,97.251,99.008,111.000,103.292,173.000,161.111,other,0,-1,12,4
1813,225,169.207,177.301,181.123,95.301,96.931,98.640,171.000,103.208,186.000,174.694,other,0,-1,13,4
1814,119,193.321,207.418,208.570,95.581,97.227,98.397,225.000,104.833,299.000,178.167,other,0,-1,14,4
1815,91,160.443,147.039,147.815,92.688,94.239,97.492,119.000,97.333,311.000,172.583,other,0,-1,15,4
1816,113,148.996,132.753,124.065,89.216,90.652,96.465,91.000,88.167,76.000,165.472,other,0,-1,16,4
1817,133,131.305,125.362,121.584,89.467,90.917,96.216,113.000,89.708,113.000,138.861,other,0,-1,17,4
1818,96,110.091,115.945,117.400,89.471,90.927,95.915,133.000,90.542,116.000,121.333,other,0,-1,18,4
1819,77,93.848,92.860,92.476,88.896,90.338,95.493,96.000,89.708,77.000,101.944,other,0,-1,19,4
1820,66,77.887,75.420,78.094,88.611,90.049,95.132,77.000,89.708,98.000,84.222,other,0,-1,20,4
1821,39,62.434,61.527,68.722,87.862,89.280,94.674,66.000,88.375,64.000,70.889,other,0,-1,21,4
1822,61,52.622,48.102,57.866,87.214,88.616,94.238,39.000,87.333,66.000,63.889,other,0,-1,22,4
1823,73,39.761,47.553,58.350,86.856,88.251,93.861,61.000,87.125,45.000,57.111,other,0,-1,23,4
1824,56,37.242,50.747,57.553,86.977,88.382,93.585,73.000,88.292,54.000,38.722,other,0,-1,0,5
1825,42,37.336,47.915,37.934,86.978,88.337,93.389,56.000,88.375,55.000,42.139,other,0,-1,1,5
1826,26,36.327,44.382,35.894,86.761,88.068,93.148,42.000,87.833,55.000,43.389,other,0,-1,2,5
1827,34,34.980,39.960,34.176,86.313,87.559,92.859,26.000,86.625,67.000,43.528,other,0,-1,3,5
1828,42,39.409,43.897,38.068,85.807,86.990,92.557,34.000,85.250,44.000,42.111,other,0,-1,4,5
1829,43,44.352,48.105,43.795,85.750,86.885,92.350,42.000,85.167,27.000,43.028,other,0,-1,5,5
1830,54,48.258,50.844,49.567,85.953,87.051,92.196,43.000,85.833,76.000,55.167,other,0,-1,6,5
1831,34,56.518,59.496,60.011,85.607,86.646,91.928,54.000,84.917,57.000,63.917,other,0,-1,7,5
1832,88,68.924,63.422,61.181,85.245,86.227,91.657,34.000,83.958,121.000,81.722,other,0,-1,8,5
1833,80,84.440,92.786,92.681,84.739,85.658,91.355,88.000,82.583,95.000,98.167,other,0,-1,9,5
1834,108,102.754,103.350,98.709,84.494,85.359,91.108,80.000,81.958,93.000,102.556,other,0,-1,10,5
1835,127,121.801,127.290,122.751,84.683,85.509,90.952,108.000,82.583,111.000,122.722,other,0,-1,11,5
1836,99,139.011,143.818,141.085,84.887,85.675,90.799,127.000,83.250,171.000,141.028,other,0,-1,12,5
1837,224,146.470,136.059,128.359,83.816,84.521,90.379,99.000,80.250,225.000,161.333,other,0,-1,13,5
1838,89,188.688,205.049,208.280,83.773,84.431,90.175,224.000,80.208,119.000,179.778,other,0,-1,14,5
1839,235,147.959,133.068,119.847,83.310,83.907,89.882,89.000,78.958,91.000,180.472,other,0,-1,15,5
1840,199,171.927,190.955,197.933,85.368,85.992,90.116,235.000,84.958,113.000,165.833,other,0,-1,16,5
1841,152,130.854,150.679,158.294,86.586,87.206,90.175,199.000,88.542,133.000,148.556,other,0,-1,17,5
1842,86,99.890,114.209,114.376,86.833,87.417,90.030,152.000,89.333,96.000,114.861,other,0,-1,18,5
1843,110,82.847,84.238,73.692,86.660,87.192,89.799,86.000,88.917,77.000,90.528,other,0,-1,19,5
1844,33,63.259,73.624,70.190,87.110,87.613,89.697,110.000,90.292,66.000,74.972,other,0,-1,20,5
1845,62,56.701,51.098,44.960,86.604,87.044,89.395,33.000,88.917,39.000,60.444,other,0,-1,21,5
1846,65,41.076,45.976,45.984,86.909,87.314,89.263,62.000,89.875,61.000,52.389,other,0,-1,22,5
1847,37,35.113,44.050,43.165,86.939,87.299,89.074,65.000,90.042,73.000,44.139,other,0,-1,23,5
1848,23,30.672,35.795,36.272,86.389,86.685,88.763,37.000,88.542,56.000,32.472,other,0,-1,0,6
1849,18,29.383,31.986,27.531,86.161,86.387,88.773,23.000,87.167,42.000,34.500,other,0,-1,1,6
1850,21,30.091,32.494,27.958,86.064,86.224,88.810,18.000,86.167,26.000,33.361,other,0,-1,2,6
1851,46,33.076,35.385,30.840,86.242,86.346,88.904,21.000,85.958,34.000,35.222,other,0,-1,3,6
1852,17,44.627,47.180,40.100,86.666,86.722,89.050,46.000,86.458,42.000,34.028,other,0,-1,4,6
1853,25,37.382,37.961,38.192,86.554,86.544,89.084,17.000,85.417,43.000,36.611,other,0,-1,5,6
1854,34,43.109,43.911,46.008,86.544,86.471,89.139,25.000,84.667,54.000,38.694,other,0,-1,6,6
1855,52,51.330,52.658,55.574,86.504,86.367,89.189,34.000,83.833,34.000,47.194,other,0,-1,7,6
1856,75,64.048,67.671,69.719,87.015,86.834,89.353,52.000,84.583,88.000,59.167,other,0,-1,8,6
1857,86,80.976,87.636,87.768,87.077,86.836,89.423,75.000,84.042,80.000,78.778,other,0,-1,9,6
1858,98,99.460,103.358,101.122,87.414,87.122,89.551,86.000,84.292,108.000,101.278,other,0,-1,10,6
1859,97,118.154,117.643,114.270,87.520,87.169,89.630,98.000,83.875,127.000,121.778,other,0,-1,11,6
1860,99,132.096,124.263,118.319,87.335,86.916,89.649,97.000,82.625,99.000,140.833,other,0,-1,12,6
1861,117,142.306,131.391,121.647,87.586,87.112,89.759,99.000,82.625,224.000,148.472,other,0,-1,13,6
1862,192,145.874,141.720,131.951,86.286,85.705,89.545,117.000,78.167,89.000,156.639,other,0,-1,14,6
1863,98,162.337,171.391,179.340,88.028,87.445,89.966,192.000,82.458,235.000,153.306,other,0,-1,15,6
1864,111,133.072,129.726,110.579,86.294,85.588,89.661,98.000,76.750,199.000,133.083,other,0,-1,16,6
1865,80,119.669,121.156,107.682,85.269,84.466,89.505,111.000,73.083,152.000,123.667,other,0,-1,17,6
1866,90,105.777,102.735,82.625,84.477,83.583,89.396,80.000,70.083,86.000,102.583,other,0,-1,18,6
1867,72,86.464,87.187,74.698,84.785,83.839,89.518,90.000,70.250,110.000,79.889,other,0,-1,19,6
1868,70,71.269,70.252,59.995,84.485,83.466,89.513,72.000,68.667,33.000,59.111,other,0,-1,20,6
1869,63,56.473,58.369,53.433,85.271,84.218,89.734,70.000,70.208,62.000,47.306,other,0,-1,21,6
1870,55,46.573,50.849,48.694,85.536,84.429,89.847,63.000,70.250,65.000,35.306,other,0,-1,22,6
1871,18,41.142,47.158,45.610,85.641,84.476,89.927,55.000,69.833,37.000,32.556,other,0,-1,23,6
1872,54,36.432,37.920,38.740,85.616,84.387,89.979,18.000,69.042,23.000,61.343,other,0,-1,0,0
1873,37,43.528,50.639,49.928,86.405,85.172,90.411,54.000,70.333,18.000,59.743,other,0,-1,1,0
1874,71,41.355,47.513,47.559,87.021,85.776,90.807,37.000,71.125,21.000,61.829,other,0,-1,2,0
1875,31,60.734,68.076,58.044,88.085,86.845,91.296,71.000,73.208,46.000,63.543,other,0,-1,3,0
1876,40,44.260,49.815,52.287,88.208,86.940,91.589,31.000,72.583,17.000,60.000,other,0,-1,4,0
1877,56,48.793,55.687,59.367,88.882,87.604,91.997,40.000,73.542,25.000,77.171,other,0,-1,5,0
1878,62,56.087,66.063,70.166,89.671,88.389,92.430,56.000,74.833,34.000,77.686,other,0,-1,6,0
1879,104,61.832,74.729,79.568,90.417,89.128,92.853,62.000,76.000,52.000,91.543,other,0,-1,7,0
1880,84,86.090,105.212,104.516,91.510,90.227,93.348,104.000,78.167,75.000,101.114,other,0,-1,8,0
1881,140,89.862,107.913,104.514,91.981,90.681,93.714,84.000,78.542,86.000,122.829,other,0,-1,9,0
1882,160,126.276,147.413,140.558,93.103,91.810,94.216,140.000,80.792,98.000,137.200,other,0,-1,10,0
1883,124,149.985,166.362,159.602,94.342,93.059,94.742,160.000,83.375,97.000,150.314,other,0,-1,11,0
1884,90,147.648,152.263,143.305,95.073,93.784,95.162,124.000,84.500,99.000,163.229,other,0,-1,12,0
1885,212,153.908,145.698,126.341,95.283,93.968,95.473,90.000,84.125,117.000,172.800,other,0,-1,13,0
1886,140,193.866,197.755,200.149,96.999,95.712,96.099,212.000,88.083,192.000,172.257,other,0,-1,14,0
1887,222,160.791,156.130,149.005,96.586,95.252,96.280,140.000,85.917,98.000,183.343,other,0,-1,15,0
1888,136,177.578,183.079,193.902,98.722,97.431,96.993,222.000,91.083,111.000,162.143,other,0,-1,16,0
1889,150,135.653,132.703,130.093,99.425,98.125,97.408,136.000,92.125,80.000,148.800,other,0,-1,17,0
1890,122,117.618,118.922,125.133,100.779,99.494,97.958,150.000,95.042,90.000,128.829,other,0,-1,18,0
1891,78,98.575,97.075,100.312,101.583,100.293,98.393,122.000,96.375,72.000,110.171,other,0,-1,19,0
1892,71,84.483,78.179,76.484,102.010,100.703,98.749,78.000,96.625,70.000,85.143,other,0,-1,20,0
1893,68,70.401,65.742,67.610,102.365,101.037,99.091,71.000,96.667,63.000,75.143,other,0,-1,21,0
1894,62,60.493,58.672,61.513,102.777,101.432,99.444,68.000,96.875,55.000,65.229,other,0,-1,22,0
1895,48,55.570,55.516,56.613,103.219,101.856,99.804,62.000,97.167,18.000,63.543,other,0,-1,23,0
1896,50,52.814,52.459,52.170,103.994,102.625,100.233,48.000,98.417,54.000,61.694,other,0,-1,0,1
1897,61,52.956,53.522,52.173,104.110,102.767,100.533,50.000,98.250,37.000,62.000,other,0,-1,1,1
1898,63,58.972,59.973,54.203,104.631,103.329,100.918,61.000,99.250,71.000,62.222,other,0,-1,2,1
1899,69,62.930,62.976,56.059,104.689,103.411,101.206,63.000,98.917,31.000,61.389,other,0,-1,3,1
1900,96,67.689,67.228,60.913,105.414,104.182,101.634,69.000,100.500,40.000,63.583,other,0,-1,4,1
1901,72,83.585,81.529,73.360,106.399,105.224,102.115,96.000,102.833,56.000,65.139,other,0,-1,5,1
1902,79,70.947,73.072,74.242,106.805,105.666,102.476,72.000,103.500,62.000,66.417,other,0,-1,6,1
1903,64,77.704,81.604,85.066,107.225,106.122,102.840,79.000,104.208,104.000,77.639,other,0,-1,7,1
1904,66,86.721,89.705,89.875,106.819,105.725,103.031,64.000,102.542,84.000,91.833,other,0,-1,8,1
1905,94,104.732,108.523,100.465,106.732,105.657,103.289,66.000,101.792,140.000,109.944,other,0,-1,9,1
1906,180,124.966,130.910,121.550,106.240,105.169,103.462,94.000,99.875,160.000,131.361,other,0,-1,10,1
1907,125,172.153,167.781,173.944,106.704,105.671,103.835,180.000,100.708,124.000,148.500,other,0,-1,11,1
1908,234,159.364,160.319,151.750,106.892,105.888,104.151,125.000,100.750,90.000,174.389,other,0,-1,12,1
1909,208,221.413,209.984,216.735,109.152,108.248,104.899,234.000,106.750,212.000,191.778,other,0,-1,13,1
1910,168,192.767,193.630,200.038,109.268,108.390,105.199,208.000,106.583,140.000,190.222,other,0,-1,14,1
1911,145,171.911,169.945,170.778,109.848,109.012,105.596,168.000,107.750,222.000,183.056,other,0,-1,15,1
1912,99,159.975,153.544,148.642,108.906,108.059,105.675,145.000,104.542,136.000,168.806,other,0,-1,16,1
1913,136,149.476,132.476,116.152,108.544,107.707,105.876,99.000,103.000,150.000,158.750,other,0,-1,17,1
1914,102,129.763,122.943,122.460,108.515,107.699,106.146,136.000,102.417,122.000,131.639,other,0,-1,18,1
1915,90,114.785,101.610,100.226,108.399,107.601,106.397,102.000,101.583,78.000,103.944,other,0,-1,19,1
1916,78,97.733,85.585,89.216,108.747,107.982,106.746,90.000,102.083,71.000,92.389,other,0,-1,20,1
1917,104,82.813,72.946,79.206,109.022,108.289,107.080,78.000,102.375,68.000,77.389,other,0,-1,21,1
1918,85,71.730,73.507,80.229,109.718,109.031,107.501,104.000,103.875,62.000,64.944,other,0,-1,22,1
1919,75,65.816,67.604,68.956,110.225,109.578,107.883,85.000,104.833,48.000,62.889,other,0,-1,23,1
1920,48,64.001,66.101,62.118,110.790,110.184,108.277,75.000,105.958,50.000,59.639,other,0,-1,0,2
1921,49,58.615,58.331,59.494,110.638,110.086,108.322,48.000,105.875,61.000,64.167,other,0,-1,1,2
1922,51,59.476,59.691,58.319,110.341,109.839,108.336,49.000,105.375,63.000,56.194,other,0,-1,2,2
1923,67,61.823,61.470,58.647,110.044,109.591,108.351,51.000,104.875,69.000,60.528,other,0,-1,3,2
1924,83,68.599,68.050,63.275,109.891,109.493,108.396,67.000,104.792,96.000,62.444,other,0,-1,4,2
1925,84,76.458,74.908,70.025,109.580,109.231,108.408,83.000,104.250,72.000,62.833,other,0,-1,5,2
1926,84,79.035,76.378,75.597,109.630,109.343,108.495,84.000,104.750,79.000,70.472,other,0,-1,6,2
1927,52,84.844,80.185,82.868,109.579,109.350,108.562,84.000,104.958,64.000,78.639,other,0,-1,7,2
1928,102,97.786,86.066,82.524,109.282,109.102,108.576,52.000,104.458,66.000,89.639,other,0,-1,8,2
1929,140,114.026,106.300,108.871,109.680,109.574,108.736,102.000,105.958,94.000,104.833,other,0,-1,9,2
1930,109,136.038,128.684,135.896,110.224,110.196,108.927,140.000,107.875,180.000,127.694,other,0,-1,10,2
1931,125,148.752,146.129,134.036,109.072,109.064,108.763,109.000,104.917,125.000,145.361,other,0,-1,11,2
1932,191,160.736,159.980,149.216,108.948,108.996,108.814,125.000,104.917,234.000,159.222,other,0,-1,12,2
1933,200,178.864,180.209,185.001,108.202,108.284,108.735,191.000,103.125,208.000,182.222,other,0,-1,13,2
1934,108,179.585,186.575,188.782,107.963,108.096,108.762,200.000,102.792,168.000,185.000,other,0,-1,14,2
1935,129,161.215,157.001,138.294,106.971,107.129,108.631,108.000,100.292,145.000,172.750,other,0,-1,15,2
1936,278,154.898,152.956,138.270,106.616,106.821,108.634,129.000,99.625,99.000,158.694,other,0,-1,16,2
1937,163,205.728,225.577,203.452,109.085,109.436,109.227,278.000,107.083,136.000,148.139,other,0,-1,17,2
1938,95,128.768,136.849,131.168,109.353,109.773,109.359,163.000,108.208,102.000,124.722,other,0,-1,18,2
1939,140,114.782,105.552,93.244,109.128,109.601,109.389,95.000,107.917,90.000,108.833,other,0,-1,19,2
1940,493,92.869,103.504,100.981,109.729,110.282,109.592,140.000,110.000,78.000,89.361,inside,1,0,20,2
1941,604,333.267,368.418,270.186,115.618,116.436,110.898,493.000,127.292,104.000,75.500,inside,1,1,21,2
1942,406,350.608,407.121,312.340,122.738,123.864,112.462,604.000,148.125,85.000,67.139,inside,1,2,22,2
1943,337,298.619,310.704,193.492,127.264,128.608,113.484,406.000,161.500,75.000,62.722,inside,1,3,23,2
1944,470,267.272,247.438,149.502,130.936,132.468,114.328,337.000,172.417,48.000,61.389,inside,1,4,0,3
1945,49,348.606,285.141,225.083,136.722,138.507,115.356,470.000,190.000,49.000,64.194,after,1,5,1,3
1946,64,55.636,68.393,62.455,136.394,138.221,115.107,49.000,190.000,51.000,65.056,after,1,6,2,3
1947,50,61.415,74.999,65.643,136.255,138.129,114.898,64.000,190.542,67.000,61.583,after,1,7,3,3
1948,86,60.439,68.018,64.335,135.681,137.588,114.597,50.000,189.833,83.000,61.250,after,1,8,4,3
1949,65,75.423,81.789,75.140,135.397,137.347,114.358,86.000,189.958,84.000,63.500,after,1,9,5,3
1950,53,72.126,72.163,74.797,134.794,136.775,114.052,65.000,189.167,84.000,67.778,after,1,10,6,3
1951,73,80.544,72.921,77.936,134.017,136.024,113.709,53.000,187.875,52.000,79.889,after,1,11,7,3
1952,83,95.537,85.313,91.750,133.994,136.053,113.524,73.000,188.750,102.000,92.417,after,1,12,8,3
1953,163,113.304,102.107,105.428,133.391,135.481,113.218,83.000,187.958,140.000,115.000,after,1,13,9,3
1954,122,159.427,133.042,148.235,133.396,135.540,113.039,163.000,188.917,109.000,126.583,after,1,14,10,3
1955,213,150.535,146.368,143.703,133.257,135.448,112.830,122.000,189.458,125.000,145.861,after,1,15,11,3
1956,287,221.329,182.427,192.998,134.204,136.481,112.847,213.000,193.125,191.000,168.111,after,1,16,12,3
1957,177,349.584,232.784,236.336,135.267,137.634,112.889,287.000,197.125,200.000,177.472,after,1,17,13,3
1958,217,178.668,178.020,180.771,134.606,137.002,112.571,177.000,196.167,108.000,176.694,after,1,18,14,3
1959,125,194.691,192.508,196.257,135.857,138.350,112.652,217.000,200.708,129.000,173.972,after,1,19,15,3
1960,150,154.382,148.036,143.377,135.472,138.004,112.391,125.000,200.542,278.000,162.111,after,1,20,16,3
1961,229,140.971,143.260,142.311,133.290,135.798,111.755,150.000,195.208,163.000,150.028,after,1,21,17,3
1962,136,150.294,183.977,168.091,133.918,136.501,111.706,229.000,197.958,95.000,132.389,after,1,22,18,3
1963,50,104.326,114.946,115.280,134.184,136.830,111.582,136.000,199.667,140.000,108.528,after,1,23,19,3
1964,93,99.871,82.266,79.913,132.553,135.194,111.061,50.000,195.917,493.000,100.083,after,1,24,20,3
1965,85,74.148,81.550,86.065,126.431,128.911,109.602,93.000,179.250,604.000,85.306,after,1,25,21,3
1966,71,61.780,70.403,76.920,118.585,120.844,107.783,85.000,157.625,406.000,74.778,after,1,26,22,3
1967,92,53.903,59.606,67.640,113.404,115.536,106.521,71.000,143.667,337.000,70.444,after,1,27,23,3
1968,54,52.312,64.436,67.705,109.527,111.577,105.531,92.000,133.458,470.000,60.917,after,1,28,0,4
1969,57,47.267,52.840,54.389,103.216,105.051,103.912,54.000,116.125,49.000,56.972,other,0,-1,1,4
1970,99,49.255,55.367,53.776,103.046,104.882,103.575,57.000,116.458,64.000,51.583,other,0,-1,2,4
1971,35,70.159,76.586,62.586,103.268,105.117,103.320,99.000,117.917,50.000,54.556,other,0,-1,3,4
1972,29,49.697,49.987,51.015,102.766,104.603,102.913,35.000,117.292,86.000,57.139,other,0,-1,4,4
1973,17,53.008,49.987,52.452,101.655,103.459,102.380,29.000,114.917,65.000,54.694,other,0,-1,5,4
1974,61,60.688,51.523,54.129,100.674,102.450,101.873,17.000,112.917,53.000,65.167,other,0,-1,6,4
1975,84,69.168,67.147,71.783,100.504,102.281,101.536,61.000,113.250,73.000,74.667,other,0,-1,7,4
1976,94,82.303,83.429,89.142,100.378,102.156,101.208,84.000,113.708,83.000,86.667,other,0,-1,8,4
1977,124,98.973,101.873,105.274,100.252,102.032,100.881,94.000,114.167,163.000,109.861,other,0,-1,9,4
1978,138,118.840,130.912,131.716,99.402,101.158,100.401,124.000,112.542,122.000,125.222,other,0,-1,10,4
1979,70,138.304,153.326,150.750,99.349,101.108,100.089,138.000,113.208,213.000,147.361,other,0,-1,11,4
1980,122,149.996,143.793,129.852,96.992,98.675,99.295,70.000,107.250,287.000,161.111,other,0,-1,12,4
1981,110,158.992,156.314,156.519,94.316,95.912,98.435,122.000,100.375,177.000,174.694,other,0,-1,13,4
1982,186,159.483,149.791,149.703,93.060,94.618,97.871,110.000,97.583,217.000,178.167,other,0,-1,14,4
1983,187,169.883,172.252,178.935,92.326,93.864,97.416,186.000,96.292,125.000,172.583,other,0,-1,15,4
1984,206,156.696,162.994,169.827,92.939,94.504,97.242,187.000,98.875,150.000,165.472,other,0,-1,16,4
1985,203,142.993,161.724,166.303,93.465,95.054,97.051,206.000,101.208,229.000,138.861,other,0,-1,17,4
1986,192,118.691,147.866,149.163,92.803,94.375,96.611,203.000,100.125,136.000,121.333,other,0,-1,18,4
1987,80,95.301,131.260,128.326,93.329,94.925,96.419,192.000,102.458,50.000,101.944,other,0,-1,19,4
1988,144,72.462,76.325,74.849,93.478,95.086,96.149,80.000,103.708,93.000,84.222,other,0,-1,20,4
1989,70,58.548,90.712,84.907,93.931,95.561,95.942,144.000,105.833,85.000,70.889,other,0,-1,21,4
1990,51,45.880,54.817,57.245,93.429,95.047,95.535,70.000,105.208,71.000,63.889,other,0,-1,22,4
1991,54,38.718,45.445,48.176,92.854,94.457,95.114,51.000,104.375,92.000,57.111,other,0,-1,23,4
1992,56,34.601,44.408,44.998,92.018,93.598,94.638,54.000,102.792,54.000,38.722,other,0,-1,0,5
1993,33,37.060,48.226,29.862,92.019,93.554,94.442,56.000,102.875,57.000,42.139,other,0,-1,1,5
1994,46,33.788,41.547,26.659,91.643,93.120,94.168,33.000,101.875,99.000,43.389,other,0,-1,2,5
1995,17,40.356,47.884,30.761,90.847,92.251,93.806,46.000,99.667,35.000,43.528,other,0,-1,3,5
1996,20,35.287,38.805,28.537,90.558,91.907,93.550,17.000,98.917,29.000,42.111,other,0,-1,4,5
1997,36,39.087,41.311,33.520,90.400,91.697,93.321,20.000,98.542,17.000,43.028,other,0,-1,5,5
1998,56,46.339,48.892,43.577,90.647,91.908,93.177,36.000,99.333,61.000,55.167,other,0,-1,6,5
1999,59,56.387,60.425,58.018,90.546,91.758,92.960,56.000,99.125,84.000,63.917,other,0,-1,7,5
2000,75,66.860,70.039,69.356,90.156,91.309,92.682,59.000,98.083,94.000,81.722,other,0,-1,8,5
2001,98,82.912,87.830,87.423,89.853,90.950,92.423,75.000,97.292,124.000,98.167,other,0,-1,9,5
2002,122,102.305,111.031,110.636,89.448,90.486,92.143,98.000,96.208,138.000,102.556,other,0,-1,10,5
2003,170,123.119,134.468,135.084,89.188,90.171,91.893,122.000,95.542,70.000,122.722,other,0,-1,11,5
2004,125,153.152,170.416,173.985,90.609,91.596,91.994,170.000,99.708,122.000,141.028,other,0,-1,12,5
2005,207,147.666,145.923,148.818,90.624,91.567,91.801,125.000,99.833,110.000,161.333,other,0,-1,13,5
2006,167,179.526,191.404,202.057,92.001,92.946,91.893,207.000,103.875,186.000,179.778,other,0,-1,14,5
2007,214,156.016,158.155,168.681,91.698,92.587,91.634,167.000,103.083,187.000,180.472,other,0,-1,15,5
2008,134,159.726,174.664,186.558,92.061,92.917,91.514,214.000,104.208,206.000,165.833,other,0,-1,16,5
2009,126,120.662,123.829,123.096,90.990,91.764,91.094,134.000,101.208,203.000,148.556,other,0,-1,17,5
2010,101,101.433,106.820,103.176,89.846,90.535,90.660,126.000,98.000,192.000,114.861,other,0,-1,18,5
2011,88,84.307,86.052,79.901,88.500,89.096,90.183,101.000,94.208,80.000,90.528,other,0,-1,19,5
2012,33,67.575,69.376,65.923,88.588,89.142,90.005,88.000,94.542,144.000,74.972,other,0,-1,20,5
2013,49,59.836,50.942,47.455,86.951,87.403,89.468,33.000,89.917,70.000,60.444,other,0,-1,21,5
2014,22,44.191,43.223,46.457,86.619,87.014,89.203,49.000,89.042,51.000,52.389,other,0,-1,22,5
2015,34,37.752,34.064,39.159,86.171,86.505,88.913,22.000,87.833,54.000,44.139,other,0,-1,23,5
2016,22,32.172,34.481,38.901,85.853,86.131,88.651,34.000,87.000,56.000,32.472,other,0,-1,0,6
2017,25,30.801,31.073,29.366,85.611,85.818,88.658,22.000,85.583,33.000,34.500,other,0,-1,1,6
2018,43,32.974,34.119,31.155,85.745,85.894,88.743,25.000,85.250,46.000,33.361,other,0,-1,2,6
2019,19,41.569,43.422,37.182,85.952,86.046,88.844,43.000,85.125,17.000,35.222,other,0,-1,3,6
2020,23,36.320,35.953,35.545,86.231,86.272,88.960,19.000,85.208,20.000,34.028,other,0,-1,4,6
2021,22,39.996,39.417,40.893,86.525,86.514,89.078,23.000,85.333,36.000,36.611,other,0,-1,5,6
2022,22,44.086,42.693,46.169,86.573,86.501,89.146,22.000,84.750,56.000,38.694,other,0,-1,6,6
2023,42,52.210,49.174,52.504,86.330,86.188,89.152,22.000,83.333,59.000,47.194,other,0,-1,7,6
2024,49,65.039,64.029,66.258,86.334,86.129,89.211,42.000,82.625,75.000,59.167,other,0,-1,8,6
2025,82,81.632,77.537,76.398,86.208,85.936,89.242,49.000,81.542,98.000,78.778,other,0,-1,9,6
2026,147,100.594,100.791,98.783,86.226,85.893,89.303,82.000,80.875,122.000,101.278,other,0,-1,10,6
2027,104,132.186,147.007,143.996,86.839,86.464,89.488,147.000,81.917,170.000,121.778,other,0,-1,11,6
2028,141,134.974,126.776,121.797,86.133,85.671,89.398,104.000,79.167,125.000,140.833,other,0,-1,12,6
2029,149,150.740,148.911,147.633,86.615,86.108,89.556,141.000,79.833,207.000,148.472,other,0,-1,13,6
2030,182,154.471,153.171,152.407,86.025,85.435,89.490,149.000,77.417,167.000,156.639,other,0,-1,14,6
2031,171,158.062,164.780,171.428,86.493,85.856,89.645,182.000,78.042,214.000,153.306,other,0,-1,15,6
2032,80,141.898,149.167,154.904,86.120,85.408,89.625,171.000,76.250,134.000,133.083,other,0,-1,16,6
2033,134,124.739,114.746,92.901,85.588,84.795,89.571,80.000,74.000,126.000,123.667,other,0,-1,17,6
2034,92,103.439,107.815,105.628,85.954,85.112,89.705,134.000,74.333,101.000,102.583,other,0,-1,18,6
2035,102,88.065,85.003,74.908,86.074,85.174,89.787,92.000,73.958,88.000,79.889,other,0,-1,19,6
2036,70,69.648,71.554,67.319,86.527,85.580,89.939,102.000,74.542,33.000,59.111,other,0,-1,20,6
2037,49,57.912,56.718,52.645,87.314,86.331,90.161,70.000,76.083,49.000,47.306,other,0,-1,21,6
2038,58,48.458,46.971,45.281,87.564,86.528,90.271,49.000,76.083,22.000,35.306,other,0,-1,22,6
2039,28,42.644,46.856,45.441,88.336,87.264,90.489,58.000,77.583,34.000,32.556,other,0,-1,23,6
2040,43,38.122,39.356,39.749,88.499,87.371,90.581,28.000,77.333,22.000,61.343,other,0,-1,0,0
2041,67,41.108,45.041,46.241,89.143,88.005,90.983,43.000,78.208,25.000,59.743,other,0,-1,1,0
2042,64,54.214,60.745,52.626,90.092,88.954,91.448,67.000,79.958,43.000,61.829,other,0,-1,2,0
2043,30,56.748,62.710,54.720,90.736,89.589,91.850,64.000,80.833,19.000,63.543,other,0,-1,3,0
2044,49,44.697,48.476,50.809,91.236,90.073,92.222,30.000,81.292,23.000,60.000,other,0,-1,4,0
2045,63,52.626,58.728,60.507,91.953,90.782,92.639,49.000,82.375,22.000,77.171,other,0,-1,5,0
2046,55,59.434,68.407,71.261,92.887,91.717,93.101,63.000,84.083,22.000,77.686,other,0,-1,6,0
2047,75,60.905,70.799,76.448,93.705,92.531,93.539,55.000,85.458,42.000,91.543,other,0,-1,7,0
2048,53,74.753,89.410,91.973,94.523,93.345,93.978,75.000,86.833,49.000,101.114,other,0,-1,8,0
2049,75,89.259,96.466,91.583,94.921,93.725,94.328,53.000,87.000,82.000,122.829,other,0,-1,9,0
2050,106,109.104,117.080,107.987,95.160,93.939,94.645,75.000,86.708,147.000,137.200,other,0,-1,10,0
2051,178,130.119,137.943,129.336,94.907,93.644,94.860,106.000,85.000,104.000,150.314,other,0,-1,11,0
2052,110,171.067,179.278,176.459,96.319,95.073,95.422,178.000,88.083,141.000,163.229,other,0,-1,12,0
2053,125,156.260,149.077,137.571,96.210,94.928,95.667,110.000,86.792,149.000,172.800,other,0,-1,13,0
2054,262,161.698,154.313,144.786,96.202,94.888,95.932,125.000,85.792,182.000,172.257,other,0,-1,14,0
2055,224,237.182,229.285,230.739,97.701,96.406,96.513,262.000,89.125,171.000,183.343,other,0,-1,15,0
2056,158,180.375,183.170,195.250,98.809,97.520,97.012,224.000,91.333,80.000,162.143,other,0,-1,16,0
2057,109,136.529,135.477,141.532,100.279,99.009,97.586,158.000,94.583,134.000,148.800,other,0,-1,17,0
2058,140,117.050,109.335,105.934,100.258,98.954,97.849,109.000,93.542,92.000,128.829,other,0,-1,18,0
2059,84,98.178,96.770,106.907,101.293,99.993,98.332,140.000,95.542,102.000,110.171,other,0,-1,19,0
2060,51,82.600,74.882,77.786,101.372,100.043,98.616,84.000,94.792,70.000,85.143,other,0,-1,20,0
2061,48,70.914,60.750,62.793,101.437,100.078,98.897,51.000,94.000,49.000,75.143,other,0,-1,21,0
2062,79,59.512,52.421,56.949,101.763,100.382,99.233,48.000,93.958,58.000,65.229,other,0,-1,22,0
2063,67,57.404,57.462,60.020,102.408,101.017,99.635,79.000,94.833,28.000,63.543,other,0,-1,23,0
2064,36,56.059,55.751,56.067,103.313,101.921,100.091,67.000,96.458,43.000,61.694,other,0,-1,0,1
2065,70,49.582,47.070,49.531,103.385,102.018,100.382,36.000,96.167,67.000,62.000,other,0,-1,1,1
2066,70,61.903,61.439,55.760,103.603,102.265,100.704,70.000,96.292,64.000,62.222,other,0,-1,2,1
2067,66,65.619,63.934,57.365,103.864,102.556,101.034,70.000,96.542,30.000,61.389,other,0,-1,3,1
2068,65,65.811,64.052,60.107,104.559,103.298,101.455,66.000,98.042,49.000,63.583,other,0,-1,4,1
2069,65,66.353,65.536,65.158,104.965,103.740,101.816,65.000,98.708,63.000,65.139,other,0,-1,5,1
2070,73,68.235,68.864,72.102,105.168,103.972,102.134,65.000,98.792,55.000,66.417,other,0,-1,6,1
2071,69,76.024,78.163,82.990,105.602,104.443,102.501,73.000,99.542,75.000,77.639,other,0,-1,7,1
2072,77,87.117,89.292,91.427,105.689,104.555,102.795,69.000,99.292,53.000,91.833,other,0,-1,8,1
2073,115,105.144,108.802,104.536,106.211,105.117,103.180,77.000,100.292,75.000,109.944,other,0,-1,9,1
2074,86,128.433,133.725,130.949,106.964,105.919,103.614,115.000,101.958,106.000,131.361,other,0,-1,10,1
2075,179,142.653,145.714,126.695,106.849,105.821,103.865,86.000,101.125,178.000,148.500,other,0,-1,11,1
2076,201,178.175,175.960,180.971,107.037,106.037,104.181,179.000,101.167,110.000,174.389,other,0,-1,12,1
2077,262,192.935,190.348,197.148,108.529,107.604,104.768,201.000,104.958,125.000,191.778,other,0,-1,13,1
2078,196,244.077,229.690,232.842,110.688,109.859,105.495,262.000,110.667,262.000,190.222,other,0,-1,14,1
2079,76,179.489,181.453,186.941,109.906,109.072,105.608,196.000,107.917,224.000,183.056,other,0,-1,15,1
2080,161,163.203,140.808,115.482,107.935,107.055,105.472,76.000,101.750,158.000,168.806,other,0,-1,16,1
2081,127,146.843,144.337,145.629,108.153,107.302,105.794,161.000,101.875,109.000,158.750,other,0,-1,17,1
2082,143,130.677,120.272,118.197,108.588,107.774,106.161,127.000,102.625,140.000,131.639,other,0,-1,18,1
2083,110,110.522,107.225,115.397,108.805,108.020,106.482,143.000,102.750,84.000,103.944,other,0,-1,19,1
2084,68,94.784,86.972,94.666,109.356,108.612,106.873,110.000,103.833,51.000,92.389,other,0,-1,20,1
2085,71,84.000,70.729,75.192,109.776,109.069,107.237,68.000,104.542,48.000,77.389,other,0,-1,21,1
2086,67,70.621,64.300,69.730,110.283,109.615,107.619,71.000,105.500,79.000,64.944,other,0,-1,22,1
2087,54,63.620,61.364,62.366,110.283,109.637,107.895,67.000,105.000,67.000,62.889,other,0,-1,23,1
2088,71,60.005,58.383,54.592,110.269,109.645,108.168,54.000,104.458,36.000,59.639,other,0,-1,0,2
2089,42,62.174,65.537,62.262,110.652,110.101,108.325,71.000,105.917,70.000,64.167,other,0,-1,1,2
2090,55,58.426,57.201,55.402,110.123,109.614,108.291,42.000,104.750,70.000,56.194,other,0,-1,2,2
2091,69,62.838,62.512,57.682,109.783,109.321,108.297,55.000,104.125,66.000,60.528,other,0,-1,3,2
2092,78,69.488,68.525,61.966,109.703,109.298,108.357,69.000,104.250,65.000,62.444,other,0,-1,4,2
2093,65,74.788,72.639,67.351,109.768,109.425,108.447,78.000,104.792,65.000,62.833,other,0,-1,5,2
2094,76,74.494,70.086,69.657,109.645,109.358,108.498,65.000,104.792,73.000,70.472,other,0,-1,6,2
2095,78,83.980,77.953,79.668,109.565,109.335,108.559,76.000,104.917,69.000,78.639,other,0,-1,7,2
2096,110,96.942,88.139,89.539,109.572,109.402,108.637,78.000,105.292,77.000,89.639,other,0,-1,8,2
2097,82,115.566,107.276,111.550,109.927,109.829,108.788,110.000,106.667,115.000,104.833,other,0,-1,9,2
2098,113,133.546,127.143,113.001,109.325,109.266,108.739,82.000,105.292,86.000,127.694,other,0,-1,10,2
2099,123,149.309,146.225,136.142,109.593,109.603,108.872,113.000,106.417,179.000,145.361,other,0,-1,11,2
2100,206,161.178,159.861,148.922,108.659,108.696,108.753,123.000,104.083,201.000,159.222,other,0,-1,12,2
2101,138,186.756,186.114,193.361,108.608,108.703,108.820,206.000,104.292,262.000,182.222,other,0,-1,13,2
2102,196,166.494,167.364,158.418,106.688,106.777,108.496,138.000,99.125,196.000,185.000,other,0,-1,14,2
2103,252,172.132,182.128,180.980,106.565,106.709,108.547,196.000,99.125,76.000,172.750,other,0,-1,15,2
2104,147,193.618,209.407,201.683,108.991,109.279,109.130,252.000,106.458,161.000,158.694,other,0,-1,16,2
2105,91,145.078,144.921,135.416,108.665,109.002,109.139,147.000,105.875,127.000,148.139,other,0,-1,17,2
2106,107,132.515,120.147,101.006,108.020,108.394,109.081,91.000,104.375,143.000,124.722,other,0,-1,18,2
2107,121,113.640,106.049,97.914,107.376,107.787,109.023,107.000,102.875,110.000,108.833,other,0,-1,19,2
2108,88,93.806,95.133,94.511,107.412,107.884,109.108,121.000,103.333,68.000,89.361,other,0,-1,20,2
2109,68,80.952,76.393,75.589,107.578,108.116,109.219,88.000,104.167,71.000,75.500,other,0,-1,21,2
2110,82,69.958,64.527,63.096,107.411,108.003,109.261,68.000,104.042,67.000,67.139,other,0,-1,22,2
2111,32,61.607,64.474,60.582,107.505,108.160,109.358,82.000,104.667,54.000,62.722,other,0,-1,23,2
2112,46,57.016,50.555,45.514,107.063,107.763,109.342,32.000,103.750,71.000,61.389,other,0,-1,0,3
2113,56,54.490,55.449,57.169,106.373,107.101,109.018,46.000,102.708,42.000,64.194,other,0,-1,1,3
2114,53,56.541,59.616,57.721,106.249,107.025,108.811,56.000,103.292,55.000,65.056,other,0,-1,2,3
2115,56,58.104,59.739,57.226,105.892,106.708,108.557,53.000,103.208,69.000,61.583,other,0,-1,3,3
2116,57,61.311,61.751,59.350,105.376,106.227,108.269,56.000,102.667,78.000,61.250,other,0,-1,4,3
2117,41,64.683,63.249,62.767,104.744,105.626,107.957,57.000,101.792,65.000,63.500,other,0,-1,5,3
2118,52,69.349,62.275,64.183,104.069,104.980,107.635,41.000,100.792,76.000,67.778,other,0,-1,6,3
2119,87,80.063,70.814,73.549,103.393,104.334,107.314,52.000,99.792,78.000,79.889,other,0,-1,7,3
2120,74,94.497,87.007,92.839,103.196,104.182,107.093,87.000,100.167,110.000,92.417,other,0,-1,8,3
2121,80,112.389,102.027,100.101,102.347,103.356,106.735,74.000,98.667,82.000,115.000,other,0,-1,9,3
2122,92,130.969,125.566,114.446,101.990,103.039,106.480,80.000,98.583,113.000,126.583,other,0,-1,10,3
2123,174,146.821,146.566,130.633,101.358,102.438,106.168,92.000,97.708,123.000,145.861,other,0,-1,11,3
2124,194,167.314,171.626,172.525,101.769,102.916,106.074,174.000,99.833,206.000,168.111,other,0,-1,12,3
2125,182,179.047,185.493,186.241,101.268,102.450,105.789,194.000,99.333,138.000,177.472,other,0,-1,13,3
2126,153,174.349,180.545,180.977,101.578,102.823,105.673,182.000,101.167,196.000,176.694,other,0,-1,14,3
2127,225,164.123,164.079,162.202,100.627,101.892,105.295,153.000,99.375,252.000,173.972,other,0,-1,15,3
2128,151,169.757,190.300,186.938,99.908,101.201,104.964,225.000,98.250,147.000,162.111,other,0,-1,16,3
2129,99,139.473,142.478,140.660,99.638,100.974,104.728,151.000,98.417,91.000,150.028,other,0,-1,17,3
2130,130,124.680,115.977,108.192,99.427,100.808,104.503,99.000,98.750,107.000,132.389,other,0,-1,18,3
2131,89,102.920,108.416,109.100,99.432,100.866,104.324,130.000,99.708,121.000,108.528,other,0,-1,19,3
2132,86,89.304,84.398,85.580,98.641,100.100,103.979,89.000,98.375,88.000,100.083,other,0,-1,20,3
2133,29,72.589,72.554,76.972,98.284,99.784,103.724,86.000,98.292,68.000,85.306,other,0,-1,21,3
2134,89,67.642,53.876,57.381,97.392,98.913,103.357,29.000,96.667,82.000,74.778,other,0,-1,22,3
2135,93,51.713,62.479,65.578,97.165,98.731,103.130,89.000,96.958,32.000,70.444,other,0,-1,23,3
2136,60,50.937,62.792,62.375,97.721,99.359,103.066,93.000,99.500,46.000,60.917,other,0,-1,0,4
2137,57,45.876,53.988,51.734,97.639,99.280,102.747,60.000,100.083,56.000,56.972,other,0,-1,1,4
2138,53,47.249,54.400,50.271,97.368,99.005,102.389,57.000,100.125,53.000,51.583,other,0,-1,2,4
2139,54,48.727,54.199,49.902,97.083,98.716,102.028,53.000,100.125,56.000,54.556,other,0,-1,3,4
2140,48,51.481,55.594,51.935,96.768,98.397,101.661,54.000,100.042,57.000,57.139,other,0,-1,4,4
2141,50,52.974,54.655,54.170,96.353,97.972,101.272,48.000,99.667,41.000,54.694,other,0,-1,5,4
2142,68,58.283,57.998,59.996,96.198,97.818,100.938,50.000,100.042,52.000,65.167,other,0,-1,6,4
2143,97,68.219,68.694,72.627,96.144,97.768,100.626,68.000,100.708,87.000,74.667,other,0,-1,7,4
2144,89,82.971,87.383,92.977,96.004,97.629,100.295,97.000,101.125,74.000,86.667,other,0,-1,8,4
2145,92,97.942,100.071,102.627,95.936,97.564,99.979,89.000,101.750,80.000,109.861,other,0,-1,9,4
2146,165,117.325,121.198,116.904,95.824,97.455,99.654,92.000,102.250,92.000,125.222,other,0,-1,10,4
2147,73,144.175,164.382,162.751,96.596,98.260,99.514,165.000,105.292,174.000,147.361,other,0,-1,11,4
2148,97,148.569,143.897,129.885,94.848,96.456,98.847,73.000,101.083,194.000,161.111,other,0,-1,12,4
2149,126,156.391,149.334,144.347,93.157,94.713,98.193,97.000,97.042,182.000,174.694,other,0,-1,13,4
2150,143,161.703,154.128,155.656,92.061,93.584,97.662,126.000,94.708,153.000,178.167,other,0,-1,14,4
2151,183,159.931,153.777,157.327,91.631,93.145,97.271,143.000,94.292,225.000,172.583,other,0,-1,15,4
2152,139,154.345,160.855,166.193,90.737,92.226,96.783,183.000,92.542,151.000,165.472,other,0,-1,16,4
2153,156,128.521,132.155,132.795,90.278,91.756,96.385,139.000,92.042,99.000,138.861,other,0,-1,17,4
2154,71,108.315,124.172,126.880,90.818,92.321,96.196,156.000,94.417,130.000,121.333,other,0,-1,18,4
2155,84,92.025,90.957,83.121,89.678,91.148,95.657,71.000,91.958,89.000,101.944,other,0,-1,19,4
2156,91,73.056,77.680,77.841,89.320,90.783,95.281,84.000,91.750,86.000,84.222,other,0,-1,20,4
2157,76,56.478,68.092,71.950,89.107,90.569,94.935,91.000,91.958,29.000,70.889,other,0,-1,21,4
2158,70,45.787,56.901,61.842,89.503,90.984,94.716,76.000,93.917,89.000,63.889,other,0,-1,22,4
2159,61,38.617,50.980,55.593,88.942,90.410,94.297,70.000,93.125,93.000,57.111,other,0,-1,23,4
2160,26,35.109,46.448,50.114,88.194,89.641,93.839,61.000,91.792,60.000,38.722,other,0,-1,0,5
2161,31,31.284,37.446,28.486,87.673,89.057,93.535,26.000,90.375,57.000,42.139,other,0,-1,1,5
2162,53,33.301,40.252,29.759,87.268,88.592,93.254,31.000,89.292,53.000,43.389,other,0,-1,2,5
2163,52,42.977,50.422,35.764,87.240,88.518,93.053,53.000,89.292,54.000,43.528,other,0,-1,3,5
2164,53,45.339,51.146,38.965,87.183,88.414,92.845,52.000,89.208,48.000,42.111,other,0,-1,4,5
2165,23,47.848,52.634,44.166,87.227,88.414,92.658,53.000,89.417,50.000,43.028,other,0,-1,5,5
2166,46,44.693,45.282,42.373,86.808,87.935,92.375,23.000,88.292,68.000,55.167,other,0,-1,6,5
2167,41,54.641,57.235,56.180,86.461,87.531,92.107,46.000,87.375,97.000,63.917,other,0,-1,7,5
2168,69,66.480,65.212,63.054,85.622,86.617,91.736,41.000,85.042,89.000,81.722,other,0,-1,8,5
2169,36,82.485,85.724,83.958,85.304,86.243,91.473,69.000,84.208,92.000,98.167,other,0,-1,9,5
2170,76,101.869,90.438,79.124,84.465,85.329,91.102,36.000,81.875,165.000,102.556,other,0,-1,10,5
2171,145,117.197,113.882,106.551,83.147,83.920,90.631,76.000,78.167,73.000,122.722,other,0,-1,11,5
2172,110,141.569,153.423,154.096,84.162,84.925,90.648,145.000,81.167,97.000,141.028,other,0,-1,12,5
2173,116,145.273,139.647,136.559,84.323,85.045,90.485,110.000,81.708,126.000,161.333,other,0,-1,13,5
2174,118,149.886,142.345,140.079,84.150,84.821,90.253,116.000,81.292,143.000,179.778,other,0,-1,14,5
2175,110,146.327,139.784,136.484,83.759,84.372,89.976,118.000,80.250,183.000,180.472,other,0,-1,15,5
2176,128,134.657,130.760,122.647,82.674,83.203,89.553,110.000,77.208,139.000,165.833,other,0,-1,16,5
2177,79,118.168,123.754,118.498,82.486,82.964,89.319,128.000,76.750,156.000,148.556,other,0,-1,17,5
2178,123,103.269,100.960,83.807,81.343,81.735,88.884,79.000,73.542,71.000,114.861,other,0,-1,18,5
2179,113,79.620,92.887,86.950,82.068,82.440,88.840,123.000,75.708,84.000,90.528,other,0,-1,19,5
2180,66,62.738,77.353,72.239,82.460,82.801,88.726,113.000,76.917,91.000,74.972,other,0,-1,20,5
2181,41,52.655,57.153,52.824,82.070,82.351,88.448,66.000,75.875,76.000,60.444,other,0,-1,21,5
2182,45,43.258,45.150,43.626,81.535,81.752,88.141,41.000,74.417,70.000,52.389,other,0,-1,22,5
2183,54,34.090,41.793,41.359,81.144,81.303,87.863,45.000,73.375,61.000,44.139,other,0,-1,23,5
2184,29,31.509,44.494,40.803,81.015,81.124,87.641,54.000,73.083,26.000,32.472,other,0,-1,0,6
2185,49,29.426,38.029,30.747,81.308,81.365,87.759,29.000,73.208,31.000,34.500,other,0,-1,1,6
2186,32,38.172,49.245,36.569,81.819,81.832,87.923,49.000,73.958,53.000,33.361,other,0,-1,2,6
2187,29,35.206,43.819,35.618,81.766,81.713,87.970,32.000,73.083,52.000,35.222,other,0,-1,3,6
2188,30,36.777,43.898,38.507,81.683,81.565,88.010,29.000,72.125,53.000,34.028,other,0,-1,4,6
2189,25,39.511,45.606,43.404,81.600,81.417,88.050,30.000,71.167,23.000,36.611,other,0,-1,5,6
2190,49,42.151,46.531,47.707,81.879,81.644,88.165,25.000,71.250,46.000,38.694,other,0,-1,6,6
2191,36,52.783,60.231,61.944,82.173,81.885,88.284,49.000,71.375,41.000,47.194,other,0,-1,7,6
2192,54,62.535,64.515,64.575,82.351,82.007,88.379,36.000,71.167,69.000,59.167,other,0,-1,8,6
2193,105,78.765,80.994,78.723,82.384,81.978,88.443,54.000,70.542,36.000,78.778,other,0,-1,9,6
2194,32,101.474,114.562,111.079,83.633,83.209,88.761,105.000,73.417,76.000,101.278,other,0,-1,10,6
2195,123,116.353,93.756,80.770,83.246,82.746,88.738,32.000,71.583,145.000,121.778,other,0,-1,11,6
2196,88,134.683,137.596,132.990,83.178,82.613,88.781,123.000,70.667,110.000,140.833,other,0,-1,12,6
2197,145,139.916,128.798,113.967,83.109,82.480,88.824,88.000,69.750,116.000,148.472,other,0,-1,13,6
2198,128,151.140,152.805,149.200,83.780,83.111,89.021,145.000,70.958,118.000,156.639,other,0,-1,14,6
2199,179,145.031,143.617,134.376,84.175,83.458,89.161,128.000,71.375,110.000,153.306,other,0,-1,15,6
2200,107,142.342,154.636,160.414,85.425,84.689,89.480,179.000,74.250,128.000,133.083,other,0,-1,16,6
2201,259,119.292,120.120,105.757,85.371,84.570,89.526,107.000,73.375,79.000,123.667,other,0,-1,17,6
2202,96,175.644,166.179,180.285,88.229,87.465,90.180,259.000,80.875,123.000,102.583,other,0,-1,18,6
2203,75,82.961,86.807,74.152,88.088,87.257,90.208,96.000,79.750,113.000,79.889,other,0,-1,19,6
2204,55,68.247,69.613,57.388,87.788,86.884,90.203,75.000,78.167,66.000,59.111,other,0,-1,20,6
2205,50,55.809,55.987,46.191,87.878,86.916,90.279,55.000,77.708,41.000,47.306,other,0,-1,21,6
2206,43,45.229,48.084,41.453,88.259,87.247,90.416,50.000,78.083,45.000,35.306,other,0,-1,22,6
2207,42,39.002,44.029,38.112,88.480,87.414,90.519,43.000,78.000,54.000,32.556,other,0,-1,23,6
2208,73,37.185,44.182,36.882,88.557,87.431,90.593,42.000,77.500,29.000,61.343,other,0,-1,0,0
2209,53,50.952,59.077,47.484,89.534,88.410,91.064,73.000,79.333,49.000,59.743,other,0,-1,1,0
2210,54,46.631,54.472,44.447,89.933,88.789,91.415,53.000,79.500,32.000,61.829,other,0,-1,2,0
2211,40,50.860,58.035,47.632,90.591,89.439,91.820,54.000,80.417,29.000,63.543,other,0,-1,3,0
2212,100,46.844,53.496,48.838,91.091,89.923,92.191,40.000,80.875,30.000,60.000,other,0,-1,4,0
2213,64,85.642,88.982,72.405,92.445,91.292,92.742,100.000,83.792,25.000,77.171,other,0,-1,5,0
2214,17,59.441,69.635,68.985,93.350,92.196,93.198,64.000,85.417,49.000,77.686,other,0,-1,6,0
2215,76,56.177,59.901,62.909,93.227,92.036,93.440,17.000,84.083,36.000,91.543,other,0,-1,7,0
2216,71,74.203,90.259,91.192,94.147,92.955,93.899,76.000,85.750,54.000,101.114,other,0,-1,8,0
2217,99,87.999,102.375,98.150,94.733,93.530,94.289,71.000,86.458,105.000,122.829,other,0,-1,9,0
2218,128,110.412,126.192,119.050,94.986,93.759,94.609,99.000,86.208,32.000,137.200,other,0,-1,10,0
2219,163,135.451,148.035,141.373,96.717,95.518,95.238,128.000,90.208,123.000,150.314,other,0,-1,11,0
2220,107,162.694,170.388,167.209,97.637,96.437,95.697,163.000,91.875,88.000,163.229,other,0,-1,12,0
2221,140,154.540,148.752,136.245,98.252,97.042,96.093,107.000,92.667,145.000,172.800,other,0,-1,13,0
2222,127,163.356,159.623,153.997,98.520,97.286,96.417,140.000,92.458,128.000,172.257,other,0,-1,14,0
2223,252,157.980,151.664,141.830,98.846,97.591,96.752,127.000,92.417,179.000,183.343,other,0,-1,15,0
2224,152,209.252,205.677,214.894,100.243,99.005,97.311,252.000,95.458,107.000,162.143,other,0,-1,16,0
2225,131,135.051,135.738,138.031,101.236,99.999,97.786,152.000,97.333,259.000,148.800,other,0,-1,17,0
2226,79,116.180,114.907,116.237,99.722,98.399,97.737,131.000,92.000,96.000,128.829,other,0,-1,18,0
2227,87,101.254,93.113,85.835,99.815,98.464,98.024,79.000,91.292,75.000,110.171,other,0,-1,19,0
2228,60,83.061,78.084,79.749,100.329,98.964,98.399,87.000,91.792,55.000,85.143,other,0,-1,20,0
2229,76,70.999,64.341,65.723,100.742,99.358,98.752,60.000,92.000,50.000,75.143,other,0,-1,21,0
2230,68,60.186,59.795,64.256,101.459,100.067,99.169,76.000,93.083,43.000,65.229,other,0,-1,22,0
2231,86,55.705,56.754,59.177,102.161,100.762,99.583,68.000,94.125,42.000,63.543,other,0,-1,23,0
2232,63,63.864,65.812,62.038,103.139,101.741,100.055,86.000,95.958,73.000,61.694,other,0,-1,0,1
2233,55,55.449,57.733,55.922,103.168,101.793,100.337,63.000,95.542,53.000,62.000,other,0,-1,1,1
2234,39,56.043,57.408,54.063,103.371,102.025,100.655,55.000,95.625,54.000,62.222,other,0,-1,2,1
2235,64,53.870,53.808,52.405,103.328,102.002,100.922,39.000,95.000,40.000,61.389,other,0,-1,3,1
2236,85,64.687,64.862,61.014,103.849,102.563,101.307,64.000,96.000,100.000,63.583,other,0,-1,4,1
2237,63,75.821,75.816,71.421,103.806,102.540,101.574,85.000,95.375,64.000,65.139,other,0,-1,5,1
2238,79,67.138,69.563,72.658,103.965,102.727,101.883,63.000,95.333,17.000,66.417,other,0,-1,6,1
2239,72,77.148,81.419,85.883,105.037,103.859,102.383,79.000,97.917,76.000,77.639,other,0,-1,7,1
2240,74,86.763,91.134,93.207,105.153,104.001,102.683,72.000,97.750,71.000,91.833,other,0,-1,8,1
2241,57,104.317,109.380,103.860,105.371,104.247,103.005,74.000,97.875,99.000,109.944,other,0,-1,9,1
2242,104,123.971,128.734,106.557,104.936,103.820,103.190,57.000,96.125,128.000,131.361,other,0,-1,10,1
2243,127,142.981,147.580,134.936,104.762,103.662,103.430,104.000,95.125,163.000,148.500,other,0,-1,11,1
2244,166,159.243,160.614,152.630,104.415,103.324,103.633,127.000,93.625,107.000,174.389,other,0,-1,12,1
2245,232,175.999,175.335,176.754,105.444,104.410,104.124,166.000,96.083,140.000,191.778,other,0,-1,13,1
2246,250,213.574,208.122,214.408,106.950,105.992,104.715,232.000,99.917,127.000,190.222,other,0,-1,14,1
2247,139,219.384,215.347,219.573,108.906,108.037,105.399,250.000,105.042,252.000,183.056,other,0,-1,15,1
2248,147,159.606,151.487,145.535,107.443,106.545,105.370,139.000,100.333,152.000,168.806,other,0,-1,16,1
2249,146,146.213,140.191,138.516,107.544,106.672,105.667,147.000,100.125,131.000,158.750,other,0,-1,17,1
2250,155,128.665,123.635,126.658,107.936,107.099,106.025,146.000,100.750,79.000,131.639,other,0,-1,18,1
2251,189,110.379,109.629,119.304,109.211,108.440,106.567,155.000,103.917,87.000,103.944,other,0,-1,19,1
2252,67,109.854,113.238,122.478,110.862,110.171,107.188,189.000,108.167,60.000,92.389,other,0,-1,20,1
2253,71,81.539,69.507,72.614,111.137,110.478,107.521,67.000,108.458,76.000,77.389,other,0,-1,21,1
2254,95,68.796,63.311,66.794,111.239,110.605,107.818,71.000,108.250,68.000,64.944,other,0,-1,22,1
2255,40,66.979,70.077,66.723,111.804,111.212,108.212,95.000,109.375,86.000,62.889,other,0,-1,23,1
2256,60,57.420,53.991,49.354,111.312,110.724,108.386,40.000,107.458,63.000,59.639,other,0,-1,0,2
2257,27,59.278,61.278,56.343,111.145,110.611,108.428,60.000,107.333,55.000,64.167,other,0,-1,1,2
2258,31,56.141,52.719,49.678,110.616,110.124,108.394,27.000,106.167,39.000,56.194,other,0,-1,2,2
2259,38,57.948,54.854,50.532,110.377,109.936,108.421,31.000,105.833,64.000,60.528,other,0,-1,3,2
2260,47,61.465,57.980,53.301,109.877,109.478,108.393,38.000,104.750,85.000,62.444,other,0,-1,4,2
2261,66,66.424,62.071,58.191,109.203,108.841,108.329,47.000,103.167,63.000,62.833,other,0,-1,5,2
2262,85,74.919,70.074,67.610,109.123,108.818,108.390,66.000,103.292,79.000,70.472,other,0,-1,6,2
2263,44,86.429,80.049,80.287,109.087,108.840,108.459,85.000,103.542,72.000,78.639,other,0,-1,7,2
2264,127,98.930,85.158,78.645,108.558,108.353,108.425,44.000,102.375,74.000,89.639,other,0,-1,8,2
2265,92,121.538,110.382,117.430,109.202,109.079,108.636,127.000,104.583,57.000,104.833,other,0,-1,9,2
2266,156,134.103,126.469,117.164,109.586,109.536,108.793,92.000,106.042,104.000,127.694,other,0,-1,10,2
2267,134,157.320,149.113,156.294,110.216,110.248,109.002,156.000,108.208,127.000,145.361,other,0,-1,11,2
2268,211,163.382,160.993,155.505,110.194,110.285,109.074,134.000,108.500,166.000,159.222,other,0,-1,12,2
2269,290,190.958,189.088,198.064,110.723,110.892,109.261,211.000,110.375,232.000,182.222,other,0,-1,13,2
2270,167,261.805,240.528,239.898,111.440,111.694,109.488,290.000,112.792,250.000,185.000,other,0,-1,14,2
2271,177,166.690,171.350,167.863,110.114,110.382,109.288,167.000,109.333,139.000,172.750,other,0,-1,15,2
2272,129,159.695,166.476,162.466,110.541,110.883,109.454,177.000,110.917,147.000,158.694,other,0,-1,16,2
2273,117,146.766,139.902,127.593,110.157,110.546,109.450,129.000,110.167,146.000,148.139,other,0,-1,17,2
2274,135,132.732,122.683,111.440,109.614,110.043,109.414,117.000,108.958,155.000,124.722,other,0,-1,18,2
2275,69,112.283,111.502,108.987,109.201,109.676,109.404,135.000,108.125,189.000,108.833,other,0,-1,19,2
2276,59,103.777,85.451,78.974,107.339,107.809,109.092,69.000,103.125,67.000,89.361,other,0,-1,20,2
2277,75,87.918,71.540,69.879,107.100,107.621,109.119,59.000,102.792,71.000,75.500,other,0,-1,21,2
2278,52,71.053,65.423,68.017,107.035,107.613,109.182,75.000,102.958,95.000,67.139,other,0,-1,22,2
2279,92,63.638,56.211,56.802,106.288,106.901,109.103,52.000,101.167,40.000,62.722,other,0,-1,23,2
2280,78,63.033,67.874,61.352,106.918,107.613,109.312,92.000,103.333,60.000,61.389,other,0,-1,0,3
2281,41,60.136,66.388,68.154,106.851,107.596,109.118,78.000,104.083,27.000,64.194,other,0,-1,1,3
2282,31,55.521,54.737,59.715,106.727,107.520,108.911,41.000,104.667,31.000,65.056,other,0,-1,2,3
2283,37,56.133,53.046,57.551,106.399,107.233,108.663,31.000,104.667,38.000,61.583,other,0,-1,3,3
2284,94,59.117,55.894,59.397,106.057,106.932,108.411,37.000,104.625,47.000,61.250,other,0,-1,4,3
2285,67,77.226,77.653,74.292,106.410,107.350,108.305,94.000,106.583,66.000,63.500,other,0,-1,5,3
2286,57,71.901,68.583,72.565,106.097,107.078,108.059,67.000,106.625,85.000,67.778,other,0,-1,6,3
2287,94,80.609,71.739,76.430,105.363,106.372,107.726,57.000,105.458,44.000,79.889,other,0,-1,7,3
2288,48,94.832,88.713,95.962,105.760,106.835,107.628,94.000,107.542,127.000,92.417,other,0,-1,8,3
2289,131,116.146,102.608,92.186,104.288,105.365,107.140,48.000,104.250,92.000,115.000,other,0,-1,9,3
2290,116,130.502,128.883,132.767,104.525,105.663,107.010,131.000,105.875,156.000,126.583,other,0,-1,10,3
2291,160,146.656,147.866,138.862,103.618,104.777,106.640,116.000,104.208,134.000,145.861,other,0,-1,11,3
2292,154,162.069,168.352,165.648,103.667,104.880,106.470,160.000,105.292,211.000,168.111,other,0,-1,12,3
2293,158,167.988,171.618,167.688,102.514,103.739,106.049,154.000,102.917,290.000,177.472,other,0,-1,13,3
2294,119,168.722,170.671,167.988,100.274,101.474,105.401,158.000,97.417,167.000,176.694,other,0,-1,14,3
2295,136,159.874,154.472,145.991,99.251,100.468,105.007,119.000,95.417,177.000,173.972,other,0,-1,15,3
2296,153,151.585,149.984,143.774,98.329,99.567,104.635,136.000,93.708,129.000,162.111,other,0,-1,16,3
2297,170,138.158,143.470,140.791,98.349,99.640,104.459,153.000,94.708,117.000,150.028,other,0,-1,17,3
2298,200,120.387,138.198,137.182,98.789,100.148,104.370,170.000,96.917,135.000,132.389,other,0,-1,18,3
2299,122,106.372,152.163,139.124,99.403,100.836,104.318,200.000,99.625,69.000,108.528,other,0,-1,19,3
2300,116,83.924,96.099,96.345,99.843,101.344,104.230,122.000,101.833,59.000,100.083,other,0,-1,20,3
2301,43,68.702,86.270,85.547,100.341,101.913,104.154,116.000,104.208,75.000,85.306,other,0,-1,21,3
2302,32,64.816,58.224,59.244,99.550,101.146,103.808,43.000,102.875,52.000,74.778,other,0,-1,22,3
2303,66,55.276,50.245,52.056,98.933,100.560,103.499,32.000,102.042,92.000,70.444,other,0,-1,23,3
2304,46,46.837,55.507,54.934,98.228,99.884,103.172,66.000,100.958,78.000,60.917,other,0,-1,0,4
2305,46,43.977,52.299,47.263,97.479,99.115,102.714,46.000,99.625,41.000,56.972,other,0,-1,1,4
2306,62,44.944,53.387,46.268,97.266,98.900,102.368,46.000,99.833,31.000,51.583,other,0,-1,2,4
2307,51,51.462,60.606,49.765,97.430,99.076,102.100,62.000,101.125,37.000,54.556,other,0,-1,3,4
2308,39,50.594,56.784,49.637,97.348,98.996,101.782,51.000,101.708,94.000,57.139,other,0,-1,4,4
2309,56,51.373,53.610,50.722,96.266,97.882,101.254,39.000,99.417,67.000,54.694,other,0,-1,5,4
2310,119,58.607,60.957,60.315,95.821,97.428,100.860,56.000,98.958,57.000,65.167,other,0,-1,6,4
2311,44,85.702,90.977,88.744,96.434,98.068,100.686,119.000,101.542,94.000,74.667,other,0,-1,7,4
2312,178,81.845,74.773,74.686,95.424,97.029,100.174,44.000,99.458,48.000,86.667,other,0,-1,8,4
2313,189,133.188,142.228,142.068,97.022,98.689,100.206,178.000,104.875,131.000,109.861,other,0,-1,9,4
2314,116,147.362,163.288,162.136,97.577,99.269,100.020,189.000,107.292,116.000,125.222,other,0,-1,10,4
2315,153,135.268,144.133,138.876,97.292,98.979,99.659,116.000,107.292,160.000,147.361,other,0,-1,11,4
2316,190,155.056,166.425,164.899,96.905,98.585,99.277,153.000,107.000,154.000,161.111,other,0,-1,12,4
2317,112,175.341,186.965,187.468,97.141,98.835,99.025,190.000,108.500,158.000,174.694,other,0,-1,13,4
2318,215,160.438,150.843,148.972,96.189,97.856,98.524,112.000,106.583,119.000,178.167,other,0,-1,14,4
2319,202,181.380,190.775,194.213,97.295,99.006,98.454,215.000,110.583,136.000,172.583,other,0,-1,15,4
2320,166,161.875,171.941,177.940,97.965,99.706,98.292,202.000,113.333,153.000,165.472,other,0,-1,16,4
2321,154,133.559,141.511,146.817,97.868,99.612,97.970,166.000,113.875,170.000,138.861,other,0,-1,17,4
2322,113,110.726,123.168,127.317,97.351,99.082,97.561,154.000,113.208,200.000,121.333,other,0,-1,18,4
2323,106,91.613,96.950,98.712,95.806,97.489,96.936,113.000,109.583,122.000,101.944,other,0,-1,19,4
2324,131,73.739,81.865,86.476,95.289,96.960,96.527,106.000,108.917,116.000,84.222,other,0,-1,20,4
2325,69,58.534,82.677,85.817,95.221,96.895,96.211,131.000,109.542,43.000,70.889,other,0,-1,21,4
2326,118,49.237,54.315,62.788,95.312,96.995,95.929,69.000,110.625,32.000,63.889,other,0,-1,22,4
2327,59,49.160,71.780,69.636,96.272,97.995,95.828,118.000,114.208,66.000,57.111,other,0,-1,23,4
2328,67,37.551,45.694,52.749,95.886,97.601,95.445,59.000,113.917,46.000,38.722,other,0,-1,0,5
2329,27,43.124,52.294,38.278,96.162,97.841,95.307,67.000,114.792,46.000,42.139,other,0,-1,1,5
2330,19,35.329,38.936,31.644,95.858,97.482,95.048,27.000,114.000,62.000,43.389,other,0,-1,2,5
2331,58,35.926,37.735,31.474,95.207,96.763,94.716,19.000,112.208,51.000,43.528,other,0,-1,3,5
2332,50,50.217,53.795,42.136,95.281,96.794,94.536,58.000,112.500,39.000,42.111,other,0,-1,4,5
2333,43,48.983,51.388,44.920,95.412,96.884,94.367,50.000,112.958,56.000,43.028,other,0,-1,5,5
2334,56,50.137,51.182,49.066,95.196,96.615,94.126,43.000,112.417,119.000,55.167,other,0,-1,6,5
2335,64,58.531,60.530,60.535,94.255,95.596,93.734,56.000,109.792,44.000,63.917,other,0,-1,7,5
2336,62,69.691,72.030,72.759,94.516,95.821,93.593,64.000,110.625,178.000,81.722,other,0,-1,8,5
2337,81,85.100,83.600,81.861,92.808,94.008,93.040,62.000,105.792,189.000,98.167,other,0,-1,9,5
2338,58,102.961,103.799,101.058,91.215,92.314,92.512,81.000,101.292,116.000,102.556,other,0,-1,10,5
2339,120,120.494,108.165,98.849,90.347,91.371,92.135,58.000,98.875,153.000,122.722,other,0,-1,11,5
2340,181,137.860,140.376,140.338,89.841,90.801,91.833,120.000,97.500,190.000,141.028,other,0,-1,12,5
2341,143,164.628,177.164,183.764,89.682,90.592,91.605,181.000,97.125,112.000,161.333,other,0,-1,13,5
2342,137,155.423,152.644,158.316,90.103,90.982,91.497,143.000,98.417,215.000,179.778,other,0,-1,14,5
2343,138,149.527,145.806,148.703,88.945,89.739,91.059,137.000,95.167,202.000,180.472,other,0,-1,15,5
2344,189,137.328,138.058,138.548,87.990,88.705,90.664,138.000,92.500,166.000,165.833,other,0,-1,16,5
2345,170,127.050,146.079,152.266,88.295,88.975,90.532,189.000,93.458,154.000,148.556,other,0,-1,17,5
2346,177,101.556,121.835,123.269,88.499,89.141,90.378,170.000,94.125,113.000,114.861,other,0,-1,18,5
2347,107,85.284,110.218,108.488,89.398,90.026,90.370,177.000,96.792,106.000,90.528,other,0,-1,19,5
2348,119,63.177,74.632,69.089,89.384,89.966,90.172,107.000,96.833,131.000,74.972,other,0,-1,20,5
2349,61,50.850,69.805,63.982,89.182,89.712,89.934,119.000,96.333,69.000,60.444,other,0,-1,21,5
2350,47,40.885,48.166,45.540,89.038,89.518,89.708,61.000,96.000,118.000,52.389,other,0,-1,22,5
2351,46,34.013,41.700,39.627,87.982,88.379,89.291,47.000,93.042,59.000,44.139,other,0,-1,23,5
2352,30,30.839,41.382,37.172,87.765,88.109,89.050,46.000,92.500,67.000,32.472,other,0,-1,0,6
2353,34,29.853,37.861,27.779,87.480,87.751,89.048,30.000,90.958,27.000,34.500,other,0,-1,1,6
2354,28,33.327,41.967,30.045,87.831,88.053,89.179,34.000,91.250,19.000,33.361,other,0,-1,2,6
2355,44,34.395,41.608,31.520,88.212,88.384,89.316,28.000,91.625,58.000,35.222,other,0,-1,3,6
2356,27,43.225,49.827,38.842,88.259,88.371,89.383,44.000,91.042,50.000,34.028,other,0,-1,4,6
2357,47,39.186,43.877,39.919,88.176,88.223,89.423,27.000,90.083,43.000,36.611,other,0,-1,5,6
2358,33,48.418,54.135,51.755,88.485,88.479,89.545,47.000,90.250,56.000,38.694,other,0,-1,6,6
2359,76,50.781,53.834,54.890,88.402,88.331,89.585,33.000,89.292,64.000,47.194,other,0,-1,7,6
2360,84,68.537,78.846,79.247,88.826,88.708,89.731,76.000,89.792,62.000,59.167,other,0,-1,8,6
2361,29,82.252,92.845,92.150,89.395,89.234,89.907,84.000,90.708,81.000,78.778,other,0,-1,9,6
2362,95,98.807,83.543,75.513,88.892,88.651,89.859,29.000,88.542,58.000,101.278,other,0,-1,10,6
2363,62,117.476,116.548,113.331,89.678,89.402,90.081,95.000,90.083,120.000,121.778,other,0,-1,11,6
2364,105,128.742,111.407,100.169,89.088,88.729,90.015,62.000,87.667,181.000,140.833,other,0,-1,12,6
2365,166,140.050,134.471,126.218,88.238,87.787,89.895,105.000,84.500,143.000,148.472,other,0,-1,13,6
2366,184,157.501,163.128,166.019,88.821,88.328,90.074,166.000,85.458,137.000,156.639,other,0,-1,14,6
2367,239,158.334,167.244,174.268,89.752,89.229,90.326,184.000,87.417,138.000,153.306,other,0,-1,15,6
2368,179,184.015,192.151,205.132,91.465,90.940,90.741,239.000,91.625,189.000,133.083,other,0,-1,16,6
2369,153,125.492,138.540,146.703,91.571,90.987,90.821,179.000,91.208,170.000,123.667,other,0,-1,17,6
2370,68,100.977,112.183,113.758,91.575,90.928,90.879,153.000,90.500,177.000,102.583,other,0,-1,18,6
2371,60,84.194,82.575,66.135,90.246,89.491,90.659,68.000,85.958,107.000,79.889,other,0,-1,19,6
2372,45,68.196,65.896,54.981,89.816,88.983,90.626,60.000,84.000,119.000,59.111,other,0,-1,20,6
2373,56,55.048,51.838,45.704,88.994,88.070,90.512,45.000,80.917,61.000,47.306,other,0,-1,21,6
2374,55,43.828,45.095,44.115,89.172,88.192,90.606,56.000,80.708,47.000,35.306,other,0,-1,22,6
2375,39,39.013,42.562,42.086,89.538,88.508,90.740,55.000,81.042,46.000,32.556,other,0,-1,23,6
2376,56,35.936,38.769,38.603,89.687,88.600,90.829,39.000,80.750,30.000,61.343,other,0,-1,0,0
2377,59,43.406,46.193,46.484,90.404,89.309,91.246,56.000,81.833,34.000,59.743,other,0,-1,1,0
2378,70,49.477,52.223,48.530,91.106,90.004,91.660,59.000,82.875,28.000,61.829,other,0,-1,2,0
2379,70,60.256,61.730,54.261,92.055,90.953,92.125,70.000,84.625,44.000,63.543,other,0,-1,3,0
2380,45,62.862,64.373,59.007,92.771,91.662,92.542,70.000,85.708,27.000,60.000,other,0,-1,4,0
2381,71,50.323,54.035,58.252,93.372,92.251,92.935,45.000,86.458,47.000,77.171,other,0,-1,5,0
2382,57,63.352,69.966,73.049,94.060,92.931,93.346,71.000,87.458,33.000,77.686,other,0,-1,6,0
2383,75,60.593,69.711,76.637,94.748,93.610,93.757,57.000,88.458,76.000,91.543,other,0,-1,7,0
2384,84,74.335,87.884,91.788,95.074,93.915,94.093,75.000,88.417,84.000,101.114,other,0,-1,8,0
2385,100,90.400,105.518,104.251,95.414,94.234,94.431,84.000,88.417,29.000,122.829,other,0,-1,9,0
2386,169,111.521,125.811,119.780,96.783,95.618,94.984,100.000,91.375,95.000,137.200,other,0,-1,10,0
2387,111,159.003,171.093,165.416,98.195,97.047,95.547,169.000,94.458,62.000,150.314,other,0,-1,11,0
2388,204,146.612,146.135,136.495,99.245,98.101,96.033,111.000,96.500,105.000,163.229,other,0,-1,12,0
2389,169,193.360,195.901,196.034,101.019,99.905,96.671,204.000,100.625,166.000,172.800,other,0,-1,13,0
2390,231,172.608,170.682,171.891,101.403,100.269,97.019,169.000,100.750,184.000,172.257,other,0,-1,14,0
2391,259,200.873,201.606,209.050,102.424,101.293,97.499,231.000,102.708,239.000,183.343,other,0,-1,15,0
2392,201,215.235,209.863,220.007,103.054,101.913,97.898,259.000,103.542,179.000,162.143,other,0,-1,16,0
2393,181,149.501,151.287,168.050,103.713,102.562,98.303,201.000,104.458,153.000,148.800,other,0,-1,17,0
2394,111,124.308,123.957,141.490,104.459,103.301,98.726,181.000,105.625,68.000,128.829,other,0,-1,18,0
2395,129,99.721,91.792,95.770,105.422,104.266,99.195,111.000,107.417,60.000,110.171,other,0,-1,19,0
2396,96,83.730,80.309,90.659,106.761,105.620,99.742,129.000,110.292,45.000,85.143,other,0,-1,20,0
2397,109,69.998,65.697,72.215,107.840,106.704,100.234,96.000,112.417,56.000,75.143,other,0,-1,21,0
2398,60,66.892,66.595,69.936,108.948,107.818,100.733,109.000,114.625,55.000,65.229,other,0,-1,22,0
2399,48,55.341,52.586,55.389,109.361,108.212,101.087,60.000,114.833,39.000,63.543,other,0,-1,23,0
2400,35,52.803,50.227,51.161,109.831,108.667,101.452,48.000,115.208,56.000,61.694,other,0,-1,0,1
2401,80,50.819,47.340,48.347,109.701,108.554,101.701,35.000,114.333,59.000,62.000,other,0,-1,1,1
2402,69,67.743,66.283,56.632,110.179,109.070,102.077,80.000,115.208,70.000,62.222,other,0,-1,2,1
2403,50,66.001,63.831,56.030,110.339,109.257,102.386,69.000,115.167,70.000,61.389,other,0,-1,3,1
2404,49,60.296,58.016,55.544,110.223,109.159,102.638,50.000,114.333,45.000,63.583,other,0,-1,4,1
2405,47,61.897,59.849,60.321,110.455,109.421,102.963,49.000,114.500,71.000,65.139,other,0,-1,5,1
2406,102,65.225,63.235,66.419,110.281,109.263,103.202,47.000,113.500,57.000,66.417,other,0,-1,6,1
2407,53,87.865,88.925,90.995,111.107,110.140,103.651,102.000,115.375,75.000,77.639,other,0,-1,7,1
2408,133,88.029,86.369,85.597,110.962,110.012,103.897,53.000,114.458,84.000,91.833,other,0,-1,8,1
2409,50,120.719,122.459,127.168,111.846,110.948,104.357,133.000,116.500,100.000,109.944,other,0,-1,9,1
2410,90,126.329,127.804,103.956,111.296,110.401,104.518,50.000,114.417,169.000,131.361,other,0,-1,10,1
2411,179,143.885,145.547,129.143,110.325,109.418,104.591,90.000,111.125,111.000,148.500,other,0,-1,11,1
2412,186,179.619,175.841,182.159,111.484,110.640,105.110,179.000,113.958,204.000,174.389,other,0,-1,12,1
2413,122,186.745,183.080,189.719,111.397,110.572,105.367,186.000,113.208,169.000,191.778,other,0,-1,13,1
2414,197,169.641,161.945,152.544,110.890,110.069,105.538,122.000,111.250,231.000,190.222,other,0,-1,14,1
2415,197,182.435,182.532,188.166,110.572,109.761,105.747,197.000,109.833,259.000,183.056,other,0,-1,15,1
2416,168,169.925,172.850,177.376,109.848,109.034,105.872,197.000,107.250,201.000,168.806,other,0,-1,16,1
2417,142,147.340,147.453,148.376,109.544,108.741,106.084,168.000,105.875,181.000,158.750,other,0,-1,17,1
2418,86,128.133,124.380,123.645,109.153,108.358,106.279,142.000,104.250,111.000,131.639,other,0,-1,18,1
2419,92,113.765,100.546,92.646,108.964,108.185,106.515,86.000,103.208,129.000,103.944,other,0,-1,19,1
2420,97,94.862,85.552,87.827,108.602,107.833,106.716,92.000,101.667,96.000,92.389,other,0,-1,20,1
2421,25,79.076,75.282,82.290,108.791,108.049,107.031,97.000,101.708,109.000,77.389,inside,-1,0,21,1
2422,24,74.392,59.657,56.325,107.748,106.992,107.089,25.000,98.208,60.000,64.944,inside,-1,1,22,1
2423,26,63.989,53.468,50.024,107.400,106.654,107.293,24.000,96.708,48.000,62.889,inside,-1,2,23,1
2424,109,57.790,51.307,45.909,107.255,106.526,107.539,26.000,95.792,35.000,59.639,after,-1,3,0,2
2425,87,77.173,80.804,66.624,108.204,107.568,107.813,109.000,98.875,80.000,64.167,after,-1,4,1,2
2426,51,71.174,72.555,60.254,108.182,107.605,107.886,87.000,99.167,69.000,56.194,after,-1,5,2,2
2427,50,61.358,60.167,53.483,107.798,107.267,107.882,51.000,98.417,50.000,60.528,after,-1,6,3,2
2428,65,63.538,61.042,55.235,107.675,107.200,107.933,50.000,98.417,49.000,62.444,after,-1,7,4,2
2429,60,70.171,67.207,62.059,107.783,107.372,108.033,65.000,99.083,47.000,62.833,after,-1,8,5,2
2430,60,73.410,68.393,66.640,107.848,107.499,108.123,60.000,99.625,102.000,70.472,after,-1,9,6,2
2431,88,82.336,74.464,74.003,107.117,106.801,108.047,60.000,97.875,53.000,78.639,after,-1,10,7,2
2432,75,97.731,89.557,91.775,107.500,107.258,108.204,88.000,99.333,133.000,89.639,after,-1,11,8,2
2433,126,114.771,104.698,98.661,106.537,106.321,108.080,75.000,96.917,50.000,104.833,after,-1,12,9,2
2434,132,135.250,126.864,129.946,107.515,107.393,108.361,126.000,100.083,90.000,127.694,after,-1,13,10,2
2435,185,151.190,146.319,144.169,108.000,107.954,108.539,132.000,101.833,179.000,145.361,after,-1,14,11,2
2436,149,174.712,169.636,177.856,107.963,107.977,108.608,185.000,102.083,186.000,159.222,after,-1,15,12,2
2437,216,169.343,169.526,164.892,107.304,107.354,108.547,149.000,100.542,122.000,182.222,after,-1,16,13,2
2438,260,187.523,194.444,197.876,108.542,108.695,108.883,216.000,104.458,197.000,185.000,after,-1,17,14,2
2439,144,210.957,219.625,215.926,109.332,109.572,109.124,260.000,107.083,197.000,172.750,after,-1,18,15,2
2440,84,157.147,155.910,145.734,108.441,108.710,109.015,144.000,104.875,168.000,158.694,after,-1,19,16,2
2441,230,149.906,133.526,109.035,107.101,107.383,108.812,84.000,101.375,142.000,148.139,after,-1,20,17,2
2442,124,144.650,177.908,164.215,108.252,108.634,109.129,230.000,105.042,86.000,124.722,after,-1,21,18,2
2443,86,112.961,108.987,104.336,108.679,109.136,109.295,124.000,106.625,92.000,108.833,after,-1,22,19,2
2444,99,99.606,87.806,82.501,108.469,108.978,109.328,86.000,106.375,97.000,89.361,after,-1,23,20,2
2445,82,80.965,78.774,78.956,108.375,108.940,109.385,99.000,106.458,25.000,75.500,after,-1,24,21,2
2446,47,69.969,67.932,67.098,109.077,109.727,109.609,82.000,108.833,24.000,67.139,after,-1,25,22,2
2447,51,63.660,56.336,53.278,109.287,110.004,109.730,47.000,109.792,26.000,62.722,after,-1,26,23,2
2448,97,57.722,55.413,49.990,109.526,110.311,109.856,51.000,110.833,109.000,61.389,other,0,-1,0,3
2449,57,65.961,75.871,69.255,109.024,109.845,109.571,97.000,110.333,87.000,64.194,other,0,-1,1,3
2450,63,57.340,60.699,59.682,108.262,109.109,109.232,57.000,109.083,51.000,65.056,other,0,-1,2,3
2451,42,60.925,64.047,60.733,108.108,109.002,109.020,63.000,109.583,50.000,61.583,other,0,-1,3,3
2452,61,59.350,57.893,58.058,107.665,108.596,108.747,42.000,109.250,65.000,61.250,other,0,-1,4,3
2453,43,65.785,64.977,64.813,107.279,108.249,108.486,61.000,109.083,60.000,63.500,other,0,-1,5,3
2454,55,70.011,62.993,65.606,106.705,107.708,108.186,43.000,108.375,60.000,67.778,other,0,-1,6,3
2455,73,80.527,71.551,75.100,106.305,107.347,107.922,55.000,108.167,88.000,79.889,other,0,-1,7,3
2456,71,94.590,84.895,89.083,105.760,106.835,107.628,73.000,107.542,75.000,92.417,other,0,-1,8,3
2457,68,113.088,102.218,99.511,105.374,106.489,107.367,71.000,107.375,126.000,115.000,other,0,-1,9,3
2458,125,132.338,126.526,110.600,104.207,105.333,106.943,68.000,104.958,132.000,126.583,other,0,-1,10,3
2459,188,147.662,148.375,143.395,103.777,104.942,106.673,125.000,104.667,185.000,145.861,other,0,-1,11,3
2460,200,172.711,176.667,179.070,103.493,104.700,106.434,188.000,104.792,149.000,168.111,other,0,-1,12,3
2461,229,181.031,189.053,189.739,103.904,105.178,106.340,200.000,106.917,216.000,177.472,other,0,-1,13,3
2462,191,193.866,205.178,203.599,103.765,105.087,106.130,229.000,107.458,260.000,176.694,other,0,-1,14,3
2463,121,170.173,179.467,179.624,102.438,103.766,105.673,191.000,104.583,144.000,173.972,other,0,-1,15,3
2464,158,153.677,146.507,139.243,101.777,103.135,105.355,121.000,103.625,84.000,162.111,other,0,-1,16,3
2465,201,140.329,144.914,144.282,102.521,103.958,105.330,158.000,106.708,230.000,150.028,other,0,-1,17,3
2466,173,125.370,156.585,151.800,101.773,103.237,104.993,201.000,105.500,124.000,132.389,other,0,-1,18,3
2467,54,102.253,129.776,126.713,102.156,103.685,104.893,173.000,107.542,86.000,108.528,other,0,-1,19,3
2468,116,96.984,79.686,75.893,101.364,102.919,104.548,54.000,106.208,99.000,100.083,other,0,-1,20,3
2469,82,70.041,83.695,86.089,101.283,102.887,104.350,116.000,106.917,82.000,85.306,other,0,-1,21,3
2470,68,60.439,64.390,69.888,100.955,102.600,104.102,82.000,106.917,47.000,74.778,other,0,-1,22,3
2471,46,52.392,55.946,61.545,100.932,102.629,103.917,68.000,107.792,51.000,70.444,other,0,-1,23,3
2472,37,47.755,47.687,53.351,100.532,102.267,103.653,46.000,107.583,97.000,60.917,other,0,-1,0,4
2473,74,44.000,47.342,48.307,99.377,101.079,103.110,37.000,105.083,57.000,56.972,other,0,-1,1,4
2474,79,52.900,62.682,53.863,99.338,101.044,102.800,74.000,105.792,63.000,51.583,other,0,-1,2,4
2475,40,58.574,66.515,55.299,99.284,100.995,102.488,79.000,106.458,42.000,54.556,other,0,-1,3,4
2476,55,48.834,51.423,49.493,98.970,100.675,102.121,40.000,106.375,61.000,57.139,other,0,-1,4,4
2477,45,54.864,57.666,55.866,98.598,100.296,101.741,55.000,106.125,43.000,54.694,other,0,-1,5,4
2478,56,58.421,56.998,58.934,98.342,100.036,101.386,45.000,106.208,55.000,65.167,other,0,-1,6,4
2479,92,68.012,65.624,69.280,98.071,99.762,101.028,56.000,106.250,73.000,74.667,other,0,-1,7,4
2480,64,82.552,85.792,91.406,98.061,99.758,100.724,92.000,107.042,71.000,86.667,other,0,-1,8,4
2481,79,100.052,95.244,93.657,97.674,99.363,100.342,64.000,106.750,68.000,109.861,other,0,-1,9,4
2482,111,118.648,119.022,112.385,97.548,99.239,100.014,79.000,107.208,125.000,125.222,other,0,-1,10,4
2483,192,136.211,143.965,138.606,97.060,98.739,99.611,111.000,106.625,188.000,147.361,other,0,-1,11,4
2484,121,169.336,188.687,187.505,96.832,98.510,99.262,192.000,106.792,200.000,161.111,other,0,-1,12,4
2485,153,159.976,156.707,156.652,95.403,97.036,98.662,121.000,103.500,229.000,174.694,other,0,-1,13,4
2486,147,166.937,164.383,169.892,94.016,95.608,98.071,153.000,100.333,191.000,178.167,other,0,-1,14,4
2487,141,161.087,155.496,160.316,93.094,94.659,97.576,147.000,98.500,121.000,172.583,other,0,-1,15,4
2488,163,148.152,144.322,147.400,93.098,94.669,97.276,141.000,99.333,158.000,165.472,other,0,-1,16,4
2489,124,131.822,139.842,144.589,92.885,94.455,96.930,163.000,99.542,201.000,138.861,other,0,-1,17,4
2490,177,109.678,113.559,113.780,91.484,93.011,96.336,124.000,96.333,173.000,121.333,other,0,-1,18,4
2491,138,90.560,122.040,122.812,91.257,92.782,95.987,177.000,96.500,54.000,101.944,other,0,-1,19,4
2492,49,70.289,93.549,95.661,92.189,93.752,95.880,138.000,100.000,116.000,84.222,other,0,-1,20,4
2493,104,64.692,59.563,62.465,90.933,92.458,95.316,49.000,97.208,82.000,70.889,other,0,-1,21,4
2494,64,46.735,67.032,69.781,90.966,92.498,95.021,104.000,98.125,68.000,63.889,other,0,-1,22,4
2495,75,39.757,49.372,55.737,90.623,92.149,94.648,64.000,97.958,46.000,57.111,other,0,-1,23,4
2496,59,37.630,52.626,54.453,90.758,92.294,94.375,75.000,99.167,37.000,38.722,other,0,-1,0,5
2497,29,38.271,50.628,35.121,91.048,92.550,94.239,59.000,100.083,74.000,42.139,other,0,-1,1,5
2498,22,33.610,41.015,30.331,90.368,91.801,93.902,29.000,98.208,79.000,43.389,other,0,-1,2,5
2499,22,34.396,39.869,30.409,89.514,90.872,93.527,22.000,95.833,40.000,43.528,other,0,-1,3,5
2500,30,36.858,40.887,32.939,89.226,90.527,93.271,22.000,95.083,55.000,42.111,other,0,-1,4,5
2501,25,41.506,44.747,38.621,88.835,90.078,92.994,30.000,94.042,45.000,43.028,other,0,-1,5,5
2502,63,45.893,46.057,42.954,88.517,89.704,92.732,25.000,93.208,56.000,55.167,other,0,-1,6,5
2503,40,58.288,63.193,61.885,88.591,89.734,92.551,63.000,93.500,92.000,63.917,other,0,-1,7,5
2504,90,67.985,64.822,62.917,87.809,88.881,92.192,40.000,91.333,64.000,81.722,other,0,-1,8,5
2505,117,84.953,93.861,94.201,88.158,89.196,92.069,90.000,92.417,79.000,98.167,other,0,-1,9,5
2506,123,105.817,120.768,120.028,88.680,89.691,91.983,117.000,94.000,111.000,102.556,other,0,-1,10,5
2507,125,123.758,135.143,133.745,88.826,89.797,91.817,123.000,94.500,192.000,122.722,other,0,-1,11,5
2508,126,137.952,142.907,142.469,87.827,88.718,91.413,125.000,91.708,121.000,141.028,other,0,-1,12,5
2509,74,147.922,146.344,147.033,87.872,88.718,91.226,126.000,91.917,153.000,161.333,other,0,-1,13,5
2510,119,145.114,132.065,117.613,86.699,87.460,90.786,74.000,88.625,147.000,179.778,other,0,-1,14,5
2511,199,145.342,140.746,137.297,86.265,86.965,90.499,119.000,87.458,141.000,180.472,other,0,-1,15,5
2512,142,150.576,165.832,174.747,87.078,87.760,90.473,199.000,89.875,163.000,165.833,other,0,-1,16,5
2513,141,118.324,128.025,126.197,86.745,87.371,90.208,142.000,89.000,124.000,148.556,other,0,-1,17,5
2514,54,98.392,113.024,109.214,86.963,87.552,90.058,141.000,89.708,177.000,114.861,other,0,-1,18,5
2515,92,86.467,84.753,64.558,85.153,85.633,89.484,54.000,84.583,138.000,90.528,other,0,-1,19,5
2516,54,65.233,73.029,66.000,84.459,84.869,89.143,92.000,82.667,49.000,74.972,other,0,-1,20,5
2517,55,54.849,56.020,49.917,84.503,84.870,88.957,54.000,82.875,104.000,60.444,other,0,-1,21,5
2518,46,42.652,47.387,45.613,83.765,84.061,88.607,55.000,80.833,64.000,52.389,other,0,-1,22,5
2519,63,35.506,41.384,40.754,83.477,83.717,88.350,46.000,80.083,75.000,44.139,other,0,-1,23,5
2520,29,34.745,46.245,41.515,83.275,83.462,88.113,63.000,79.583,59.000,32.472,other,0,-1,0,6
2521,26,31.393,36.306,29.879,83.090,83.209,88.131,29.000,78.333,29.000,34.500,other,0,-1,1,6
2522,16,32.733,37.538,30.911,83.297,83.361,88.232,26.000,78.208,22.000,33.361,other,0,-1,2,6
2523,51,32.748,36.038,31.405,83.460,83.467,88.323,16.000,77.958,22.000,35.222,other,0,-1,3,6
2524,22,47.466,51.951,43.265,84.131,84.099,88.521,51.000,79.167,30.000,34.028,other,0,-1,4,6
2525,40,39.057,41.712,40.912,84.265,84.175,88.606,22.000,78.833,25.000,36.611,other,0,-1,5,6
2526,54,46.882,51.218,51.798,84.733,84.597,88.761,40.000,79.458,63.000,38.694,other,0,-1,6,6
2527,37,55.270,61.861,63.581,84.853,84.658,88.844,54.000,79.083,40.000,47.194,other,0,-1,7,6
2528,38,63.452,65.177,64.908,85.059,84.810,88.944,37.000,78.958,90.000,59.167,other,0,-1,8,6
2529,88,79.864,76.620,72.227,84.556,84.227,88.897,38.000,76.792,117.000,78.778,other,0,-1,9,6
2530,83,98.791,105.312,101.897,84.387,83.989,88.919,88.000,75.583,123.000,101.278,other,0,-1,10,6
2531,155,115.388,111.513,105.318,84.057,83.586,88.907,83.000,73.917,125.000,121.778,other,0,-1,11,6
2532,132,145.625,156.797,154.342,84.742,84.232,89.108,155.000,75.167,126.000,140.833,other,0,-1,12,6
2533,189,146.385,145.562,141.174,85.080,84.519,89.235,132.000,75.417,74.000,148.472,other,0,-1,13,6
2534,278,168.101,176.443,180.925,86.996,86.439,89.693,189.000,80.208,119.000,156.639,other,0,-1,14,6
2535,221,245.067,245.668,244.899,89.549,89.019,90.284,278.000,86.833,199.000,153.306,other,0,-1,15,6
2536,135,165.455,176.486,191.055,90.118,89.546,90.460,221.000,87.750,142.000,133.083,other,0,-1,16,6
2537,117,122.695,121.542,120.863,90.267,89.637,90.548,135.000,87.458,141.000,123.667,other,0,-1,17,6
2538,102,104.464,101.556,98.008,90.170,89.474,90.585,117.000,86.458,54.000,102.583,other,0,-1,18,6
2539,88,86.085,82.359,78.249,91.115,90.390,90.840,102.000,88.458,92.000,79.889,other,0,-1,19,6
2540,65,69.680,65.588,63.480,91.308,90.527,90.938,88.000,88.292,54.000,59.111,other,0,-1,20,6
2541,51,56.905,51.681,51.811,91.717,90.888,91.081,65.000,88.750,55.000,47.306,other,0,-1,21,6
2542,30,46.873,42.792,45.907,91.910,91.025,91.178,51.000,88.583,46.000,35.306,other,0,-1,22,6
2543,29,40.370,35.903,40.813,91.928,90.982,91.239,30.000,87.917,63.000,32.556,other,0,-1,23,6
2544,42,37.075,34.984,39.691,91.686,90.669,91.246,29.000,86.500,29.000,61.343,other,0,-1,0,0
2545,47,40.446,39.602,45.077,92.214,91.183,91.624,42.000,87.042,26.000,59.743,other,0,-1,1,0
2546,40,45.247,45.520,47.054,92.859,91.817,92.026,47.000,87.917,16.000,61.829,other,0,-1,2,0
2547,55,45.764,45.650,48.067,93.547,92.497,92.437,40.000,88.917,51.000,63.543,other,0,-1,3,0
2548,63,54.529,55.024,55.219,93.945,92.876,92.787,55.000,89.083,22.000,60.000,other,0,-1,4,0
2549,33,59.475,61.359,62.934,94.879,93.811,93.250,63.000,90.792,40.000,77.171,other,0,-1,5,0
2550,76,50.876,52.104,61.413,95.118,94.025,93.567,33.000,90.500,54.000,77.686,other,0,-1,6,0
2551,48,68.046,76.661,82.465,95.777,94.674,93.972,76.000,91.417,37.000,91.543,other,0,-1,7,0
2552,65,72.008,76.740,81.177,96.276,95.159,94.344,48.000,91.875,38.000,101.114,other,0,-1,8,0
2553,139,90.009,97.274,95.739,97.007,95.883,94.764,65.000,93.000,88.000,122.829,other,0,-1,9,0
2554,158,127.094,143.712,139.712,98.086,96.967,95.257,139.000,95.125,83.000,137.200,other,0,-1,10,0
2555,132,149.876,162.694,158.588,99.513,98.411,95.822,158.000,98.250,155.000,150.314,other,0,-1,11,0
2556,182,151.886,153.253,148.394,99.520,98.386,96.091,132.000,97.292,132.000,163.229,other,0,-1,12,0
2557,187,177.798,180.110,181.594,100.585,99.455,96.580,182.000,99.375,189.000,172.800,other,0,-1,13,0
2558,179,179.643,179.486,183.778,100.896,99.745,96.913,187.000,99.292,278.000,172.257,other,0,-1,14,0
2559,192,169.777,168.858,173.614,99.802,98.580,96.952,179.000,95.167,221.000,183.343,other,0,-1,15,0
2560,121,161.519,164.091,173.676,99.722,98.465,97.202,192.000,93.958,135.000,162.143,other,0,-1,16,0
2561,214,137.585,127.711,121.936,99.859,98.575,97.498,121.000,93.375,117.000,148.800,other,0,-1,17,0
2562,122,140.159,139.589,159.621,101.605,100.348,98.130,214.000,97.417,102.000,128.829,other,0,-1,18,0
2563,108,99.910,95.114,99.152,102.235,100.968,98.529,122.000,98.250,88.000,110.171,other,0,-1,19,0
2564,105,83.588,79.229,83.678,102.865,101.587,98.928,108.000,99.083,65.000,85.143,other,0,-1,20,0
2565,74,71.152,70.115,74.450,103.784,102.506,99.387,105.000,100.750,51.000,75.143,other,0,-1,21,0
2566,70,61.597,59.747,61.400,104.458,103.171,99.795,74.000,101.708,30.000,65.229,other,0,-1,22,0
2567,83,57.363,58.245,57.382,105.377,104.090,100.255,70.000,103.375,29.000,63.543,other,0,-1,23,0
2568,68,63.466,65.961,58.917,106.500,105.219,100.757,83.000,105.625,42.000,61.694,other,0,-1,0,1
2569,58,57.905,60.996,55.665,107.050,105.810,101.147,68.000,106.708,47.000,62.000,other,0,-1,1,1
2570,71,57.880,59.912,53.461,107.384,106.177,101.493,58.000,107.167,40.000,62.222,other,0,-1,2,1
2571,58,66.469,67.604,57.820,108.007,106.844,101.899,71.000,108.458,55.000,61.389,other,0,-1,3,1
2572,66,62.736,63.527,58.489,108.224,107.091,102.221,58.000,108.583,63.000,63.583,other,0,-1,4,1
2573,62,66.934,68.265,65.453,108.441,107.338,102.542,66.000,108.708,33.000,65.139,other,0,-1,5,1
2574,80,67.779,69.701,71.461,109.035,107.974,102.942,62.000,109.917,76.000,66.417,other,0,-1,6,1
2575,85,77.969,81.831,85.237,109.267,108.236,103.267,80.000,110.083,48.000,77.639,other,0,-1,7,1
2576,73,89.458,94.100,97.148,109.977,108.993,103.691,85.000,111.625,65.000,91.833,other,0,-1,8,1
2577,109,105.477,109.036,103.347,110.267,109.314,104.027,73.000,111.958,139.000,109.944,other,0,-1,9,1
2578,112,127.313,132.889,128.587,110.006,109.067,104.249,109.000,110.708,158.000,131.361,other,0,-1,10,1
2579,173,144.983,148.553,139.350,109.514,108.579,104.422,112.000,108.792,132.000,148.500,other,0,-1,11,1
2580,129,174.942,173.699,178.380,110.282,109.395,104.858,173.000,110.500,182.000,174.389,other,0,-1,12,1
2581,157,167.888,164.807,157.413,109.688,108.803,105.010,129.000,108.292,187.000,191.778,other,0,-1,13,1
2582,189,174.240,171.973,171.124,109.427,108.555,105.232,157.000,107.042,179.000,190.222,other,0,-1,14,1
2583,146,178.084,179.311,183.293,109.746,108.907,105.575,189.000,107.458,192.000,183.056,other,0,-1,15,1
2584,140,158.570,154.983,149.326,109.254,108.419,105.748,146.000,105.542,121.000,168.806,other,0,-1,16,1
2585,108,144.883,140.755,134.669,109.703,108.906,106.118,140.000,106.333,214.000,158.750,other,0,-1,17,1
2586,140,129.831,120.206,110.361,108.341,107.519,106.109,108.000,101.917,122.000,131.639,other,0,-1,18,1
2587,104,109.225,109.084,114.014,108.776,107.990,106.476,140.000,102.667,108.000,103.944,other,0,-1,19,1
2588,100,93.646,88.623,92.820,108.892,108.132,106.776,104.000,102.500,105.000,92.389,other,0,-1,20,1
2589,48,79.049,77.694,84.498,108.994,108.259,107.073,100.000,102.292,74.000,77.389,other,0,-1,21,1
2590,104,71.490,62.941,63.444,108.791,108.071,107.307,48.000,101.208,70.000,64.944,other,0,-1,22,1
2591,50,69.858,75.680,71.990,109.457,108.783,107.722,104.000,102.625,83.000,62.889,other,0,-1,23,1
2592,43,58.829,58.713,53.350,109.153,108.490,107.935,50.000,101.250,68.000,59.639,other,0,-1,0,2
2593,102,57.265,57.360,54.507,108.668,108.048,107.910,43.000,100.208,58.000,64.167,other,0,-1,1,2
2594,74,79.108,82.183,65.508,109.182,108.639,108.094,102.000,102.042,71.000,56.194,other,0,-1,2,2
2595,48,68.713,70.495,59.741,109.102,108.617,108.155,74.000,102.167,58.000,60.528,other,0,-1,3,2
2596,50,62.892,61.854,56.457,108.834,108.399,108.175,48.000,101.750,66.000,62.444,other,0,-1,4,2
2597,57,66.327,63.806,60.267,108.479,108.091,108.178,50.000,101.083,62.000,62.833,other,0,-1,5,2
2598,64,72.477,68.455,67.056,108.283,107.949,108.214,57.000,100.875,80.000,70.472,other,0,-1,6,2
2599,67,82.012,75.730,75.970,107.928,107.641,108.217,64.000,100.208,85.000,78.639,other,0,-1,7,2
2600,119,96.189,87.026,85.865,107.544,107.303,108.213,67.000,99.458,73.000,89.639,other,0,-1,8,2
2601,88,117.262,108.564,114.688,108.087,107.925,108.404,119.000,101.375,109.000,104.833,other,0,-1,9,2
2602,143,132.592,126.499,115.075,107.659,107.542,108.391,88.000,100.500,112.000,127.694,other,0,-1,10,2
2603,108,152.578,146.740,149.033,107.985,107.939,108.536,143.000,101.792,173.000,145.361,other,0,-1,11,2
2604,106,159.854,158.715,142.160,106.920,106.897,108.390,108.000,99.083,129.000,159.222,other,0,-1,12,2
2605,111,164.267,162.615,145.200,106.464,106.485,108.372,106.000,98.125,157.000,182.222,other,0,-1,13,2
2606,162,163.296,162.025,146.064,105.674,105.727,108.284,111.000,96.208,189.000,185.000,other,0,-1,14,2
2607,218,164.465,169.402,163.663,105.160,105.255,108.253,162.000,95.083,146.000,172.750,other,0,-1,15,2
2608,147,171.744,186.634,182.706,106.080,106.266,108.522,218.000,98.083,140.000,158.694,other,0,-1,16,2
2609,182,143.404,145.768,135.197,106.058,106.303,108.594,147.000,98.375,108.000,148.139,other,0,-1,17,2
2610,207,130.250,145.919,139.446,107.006,107.345,108.869,182.000,101.458,140.000,124.722,other,0,-1,18,2
2611,101,121.293,154.070,139.362,107.854,108.282,109.123,207.000,104.250,104.000,108.833,other,0,-1,19,2
2612,80,93.948,92.580,84.767,107.687,108.169,109.165,101.000,104.125,100.000,89.361,other,0,-1,20,2
2613,100,80.171,77.303,69.658,107.274,107.801,109.156,80.000,103.292,48.000,75.500,other,0,-1,21,2
2614,48,67.476,75.873,67.978,107.904,108.513,109.364,100.000,105.458,104.000,67.139,other,0,-1,22,2
2615,88,60.956,58.568,47.758,106.969,107.606,109.246,48.000,103.125,50.000,62.722,other,0,-1,23,2
2616,75,60.629,69.449,51.838,107.396,108.107,109.412,88.000,104.708,43.000,61.389,other,0,-1,0,3
2617,53,57.962,67.768,58.180,107.532,108.301,109.260,75.000,106.042,102.000,64.194,other,0,-1,1,3
2618,66,55.188,60.783,52.488,106.495,107.280,108.863,53.000,104.000,74.000,65.056,other,0,-1,2,3
2619,35,60.754,66.465,55.379,106.051,106.873,108.590,66.000,103.667,48.000,61.583,other,0,-1,3,3
2620,70,57.006,56.977,51.397,105.535,106.392,108.302,35.000,103.125,50.000,61.250,other,0,-1,4,3
2621,67,67.144,68.871,62.536,105.497,106.405,108.114,70.000,103.958,57.000,63.500,other,0,-1,5,3
2622,107,70.818,69.322,67.952,105.314,106.269,107.896,67.000,104.375,64.000,67.778,other,0,-1,6,3
2623,70,88.848,86.018,87.730,105.610,106.627,107.777,107.000,106.167,67.000,79.889,other,0,-1,7,3
2624,65,93.904,84.220,87.139,105.325,106.386,107.537,70.000,106.292,119.000,92.417,other,0,-1,8,3
2625,178,112.128,101.395,97.217,104.216,105.290,107.125,65.000,104.042,88.000,115.000,other,0,-1,9,3
2626,75,152.094,141.070,152.267,105.192,106.352,107.149,178.000,107.792,143.000,126.583,other,0,-1,10,3
2627,207,145.118,145.818,124.986,103.879,105.047,106.695,75.000,104.958,108.000,145.861,other,0,-1,11,3
2628,174,186.798,182.584,186.862,104.985,106.244,106.745,207.000,109.083,106.000,168.111,other,0,-1,12,3
2629,154,174.598,177.038,177.475,105.643,106.977,106.703,174.000,111.917,111.000,177.472,other,0,-1,13,3
2630,278,169.936,169.798,168.679,105.938,107.335,106.584,154.000,113.708,162.000,176.694,other,0,-1,14,3
2631,245,230.158,236.391,224.492,107.291,108.788,106.686,278.000,118.542,218.000,173.972,other,0,-1,15,3
2632,196,184.585,205.347,199.056,107.354,108.906,106.519,245.000,119.667,147.000,162.111,other,0,-1,16,3
2633,223,146.817,163.048,162.946,107.736,109.354,106.419,196.000,121.708,182.000,150.028,other,0,-1,17,3
2634,99,136.498,174.421,162.937,108.002,109.683,106.294,223.000,123.417,207.000,132.389,other,0,-1,18,3
2635,154,106.469,100.569,97.591,106.110,107.777,105.719,99.000,118.917,101.000,108.528,other,0,-1,19,3
2636,112,85.273,110.632,106.760,106.550,108.285,105.631,154.000,121.125,80.000,100.083,other,0,-1,20,3
2637,55,70.721,81.345,82.572,106.686,108.479,105.479,112.000,122.458,100.000,85.306,other,0,-1,21,3
2638,151,63.165,56.992,60.581,105.707,107.518,105.094,55.000,120.583,48.000,74.778,other,0,-1,22,3
2639,58,71.813,98.703,79.185,106.871,108.775,105.157,151.000,124.875,88.000,70.444,other,0,-1,23,3
2640,52,47.831,49.840,52.183,106.109,108.039,104.817,58.000,123.625,75.000,60.917,other,0,-1,0,4
2641,61,45.609,50.838,47.625,105.490,107.405,104.387,52.000,122.667,53.000,56.972,other,0,-1,1,4
2642,61,49.478,55.785,48.390,105.321,107.235,104.050,61.000,123.000,66.000,51.583,other,0,-1,2,4
2643,52,52.323,57.289,49.034,104.963,106.871,103.674,61.000,122.792,35.000,54.556,other,0,-1,3,4
2644,36,52.156,54.859,49.580,104.924,106.836,103.364,52.000,123.500,70.000,57.139,other,0,-1,4,4
2645,62,52.398,51.146,50.194,104.146,106.037,102.900,36.000,122.083,67.000,54.694,other,0,-1,5,4
2646,64,61.406,61.979,61.998,103.788,105.673,102.524,62.000,121.875,107.000,65.167,other,0,-1,6,4
2647,54,69.196,67.775,71.080,102.880,104.739,102.032,64.000,120.083,70.000,74.667,other,0,-1,7,4
2648,74,82.820,76.340,78.740,102.363,104.210,101.623,54.000,119.417,65.000,86.667,other,0,-1,8,4
2649,111,99.938,97.240,98.423,102.208,104.055,101.289,74.000,119.792,178.000,109.861,other,0,-1,9,4
2650,196,119.574,126.756,128.072,100.952,102.762,100.725,111.000,117.000,75.000,125.222,other,0,-1,10,4
2651,131,164.268,184.608,183.026,102.420,104.286,100.730,196.000,122.042,207.000,147.361,other,0,-1,11,4
2652,188,153.628,159.647,159.863,101.033,102.857,100.139,131.000,118.875,174.000,161.111,other,0,-1,12,4
2653,169,177.060,187.589,192.525,100.951,102.778,99.820,188.000,119.458,154.000,174.694,other,0,-1,13,4
2654,146,173.065,172.794,181.644,100.883,102.713,99.504,169.000,120.083,278.000,178.167,other,0,-1,14,4
2655,176,162.824,155.685,162.137,98.685,100.445,98.744,146.000,114.583,245.000,172.583,other,0,-1,15,4
2656,132,154.790,157.983,165.187,97.401,99.121,98.174,176.000,111.708,196.000,165.472,other,0,-1,16,4
2657,185,130.922,129.717,130.943,96.188,97.873,97.619,132.000,109.042,223.000,138.861,other,0,-1,17,4
2658,125,113.291,137.050,141.040,95.352,97.014,97.143,185.000,107.458,99.000,121.333,other,0,-1,18,4
2659,89,90.733,99.411,102.693,95.444,97.114,96.861,125.000,108.542,154.000,101.944,other,0,-1,19,4
2660,109,76.466,77.542,81.198,94.217,95.850,96.303,89.000,105.833,112.000,84.222,other,0,-1,20,4
2661,106,58.000,73.546,79.252,93.888,95.516,95.933,109.000,105.708,55.000,70.889,other,0,-1,21,4
2662,51,48.070,68.042,72.032,94.341,95.991,95.726,106.000,107.833,151.000,63.889,other,0,-1,22,4
2663,36,41.986,45.358,54.909,92.607,94.203,95.062,51.000,103.667,58.000,57.111,other,0,-1,23,4
2664,51,37.138,39.457,48.834,92.003,93.583,94.635,36.000,102.750,52.000,38.722,other,0,-1,0,5
2665,40,37.617,46.226,34.974,91.961,93.494,94.430,51.000,102.708,61.000,42.139,other,0,-1,1,5
2666,35,37.359,43.976,33.483,91.629,93.105,94.165,40.000,101.833,61.000,43.389,other,0,-1,2,5
2667,36,38.570,43.561,33.980,91.224,92.641,93.884,35.000,100.750,52.000,43.528,other,0,-1,3,5
2668,32,41.294,45.013,36.842,90.964,92.326,93.634,36.000,100.083,36.000,42.111,other,0,-1,4,5
2669,46,43.218,44.919,40.048,90.878,92.192,93.421,32.000,99.917,62.000,43.028,other,0,-1,5,5
2670,43,50.095,52.115,49.328,90.618,91.878,93.171,46.000,99.250,64.000,55.167,other,0,-1,6,5
2671,446,56.631,56.253,55.841,90.286,91.488,92.905,43.000,98.375,54.000,63.917,inside,1,0,7,5
2672,493,291.078,334.330,322.880,95.936,97.290,93.890,446.000,114.708,74.000,81.722,inside,1,1,8,5
2673,514,306.603,366.053,359.751,101.978,103.497,94.955,493.000,132.167,111.000,98.167,inside,1,2,9,5
2674,643,321.266,387.111,375.725,107.788,109.464,95.973,514.000,148.958,196.000,102.556,inside,1,3,10,5
2675,884,360.296,422.932,419.890,114.235,116.091,97.123,643.000,167.583,131.000,122.722,inside,1,4,11,5
2676,200,389.703,453.273,453.814,125.115,127.304,99.200,884.000,198.958,188.000,141.028,after,1,5,12,5
2677,191,165.545,196.199,188.998,125.260,127.410,99.034,200.000,199.458,169.000,161.333,after,1,6,13,5
2678,210,170.147,183.301,181.808,125.551,127.665,98.899,191.000,200.375,146.000,179.778,after,1,7,14,5
2679,243,168.727,187.141,190.263,126.450,128.550,98.891,210.000,203.042,176.000,180.472,after,1,8,15,5
2680,178,162.023,198.445,203.546,127.392,129.480,98.892,243.000,205.833,132.000,165.833,after,1,9,16,5
2681,176,139.903,143.108,150.356,128.031,130.095,98.830,178.000,207.750,185.000,148.556,after,1,10,17,5
2682,82,120.089,127.298,137.895,127.872,129.886,98.601,176.000,207.375,125.000,114.861,after,1,11,18,5
2683,75,112.593,98.474,93.289,127.221,129.167,98.269,82.000,205.583,89.000,90.528,after,1,12,19,5
2684,82,97.530,85.134,90.247,126.990,128.883,98.025,75.000,205.000,109.000,74.972,after,1,13,20,5
2685,43,81.381,73.464,93.598,126.571,128.403,97.742,82.000,203.875,106.000,60.444,after,1,14,21,5
2686,47,75.270,63.293,86.184,125.630,127.385,97.349,43.000,201.250,51.000,52.389,after,1,15,22,5
2687,35,65.541,55.844,88.937,125.544,127.250,97.136,47.000,201.083,36.000,44.139,after,1,16,23,5
2688,39,61.189,50.526,86.489,125.502,127.161,96.931,35.000,201.042,51.000,32.472,after,1,17,0,6
2689,35,62.339,50.511,65.409,125.578,127.177,97.004,39.000,200.542,40.000,34.500,after,1,18,1,6
2690,39,62.871,49.830,63.087,125.756,127.299,97.099,35.000,200.333,35.000,33.361,after,1,19,2,6
2691,32,65.203,51.504,62.233,126.064,127.556,97.221,39.000,200.500,36.000,35.222,after,1,20,3,6
2692,34,65.243,51.323,59.200,126.257,127.692,97.318,32.000,200.333,32.000,34.028,after,1,21,4,6
2693,34,67.318,54.051,59.640,126.536,127.919,97.434,34.000,200.417,46.000,36.611,after,1,22,5,6
2694,60,70.495,58.069,61.255,126.612,127.936,97.507,34.000,199.917,43.000,38.694,after,1,23,6,6
2695,37,78.160,70.529,73.502,127.109,128.387,97.668,60.000,200.625,446.000,47.194,after,1,24,7,6
2696,41,89.014,73.161,69.607,121.434,122.452,96.541,37.000,183.583,493.000,59.167,after,1,25,8,6
2697,52,104.079,81.670,76.059,115.137,115.873,95.283,41.000,164.750,514.000,78.778,after,1,26,9,6
2698,116,118.493,90.785,86.016,108.694,109.144,93.995,52.000,145.500,643.000,101.278,after,1,27,10,6
2699,106,129.621,124.647,125.198,101.310,101.440,92.510,116.000,123.542,884.000,121.778,after,1,28,11,6
2700,153,135.969,127.056,123.847,90.291,89.974,90.266,106.000,91.125,200.000,140.833,other,0,-1,12,6
2701,151,154.101,155.468,156.760,89.860,89.466,90.234,153.000,89.167,191.000,148.472,other,0,-1,13,6
2702,187,155.193,153.866,154.683,89.531,89.063,90.222,151.000,87.500,210.000,156.639,other,0,-1,14,6
2703,117,160.451,167.714,175.726,89.448,88.914,90.262,187.000,86.542,243.000,153.306,other,0,-1,15,6
2704,128,136.010,131.908,121.330,87.873,87.222,89.991,117.000,81.292,178.000,133.083,other,0,-1,16,6
2705,172,121.059,122.584,116.839,87.399,86.669,89.949,128.000,79.208,176.000,123.667,other,0,-1,17,6
2706,140,106.080,118.879,125.529,87.591,86.806,90.047,172.000,79.042,82.000,102.583,other,0,-1,18,6
2707,60,84.321,92.913,92.117,88.682,87.872,90.332,140.000,81.458,75.000,79.889,other,0,-1,19,6
2708,38,73.532,67.328,55.475,88.715,87.844,90.396,60.000,80.833,82.000,59.111,other,0,-1,20,6
2709,59,61.062,53.597,45.026,88.328,87.381,90.373,38.000,79.000,43.000,47.306,other,0,-1,21,6
2710,24,46.855,48.683,45.493,88.810,87.817,90.531,59.000,79.667,47.000,35.306,other,0,-1,22,6
2711,31,40.996,39.428,37.601,88.727,87.669,90.571,24.000,78.708,35.000,32.556,other,0,-1,23,6
2712,87,37.162,40.214,37.716,88.919,87.805,90.668,31.000,78.542,39.000,61.343,other,0,-1,0,0
2713,58,59.082,65.975,53.229,89.955,88.845,91.152,87.000,80.542,35.000,59.743,other,0,-1,1,0
2714,45,49.357,56.338,48.055,90.628,89.509,91.560,58.000,81.500,39.000,61.829,other,0,-1,2,0
2715,48,47.197,53.183,47.822,91.055,89.918,91.917,45.000,81.750,32.000,63.543,other,0,-1,3,0
2716,83,50.695,56.566,52.663,91.627,90.478,92.303,48.000,82.417,34.000,60.000,other,0,-1,4,0
2717,92,71.811,77.565,68.542,92.677,91.532,92.790,83.000,84.458,34.000,77.171,other,0,-1,5,0
2718,78,77.190,85.219,79.708,93.857,92.721,93.304,92.000,86.875,60.000,77.686,other,0,-1,6,0
2719,46,68.394,81.492,83.533,94.458,93.310,93.697,78.000,87.625,37.000,91.543,other,0,-1,7,0
2720,72,70.997,79.252,80.636,94.929,93.765,94.062,46.000,88.000,41.000,101.114,other,0,-1,8,0
2721,77,89.201,102.233,98.889,95.718,94.549,94.495,72.000,89.292,52.000,122.829,other,0,-1,9,0
2722,157,108.954,118.014,108.792,96.421,95.243,94.909,77.000,90.333,116.000,137.200,other,0,-1,10,0
2723,231,149.267,163.666,158.055,97.355,96.178,95.371,157.000,92.042,106.000,150.314,other,0,-1,11,0
2724,157,226.695,222.204,211.712,99.506,98.371,96.088,231.000,97.250,153.000,163.229,other,0,-1,12,0
2725,233,166.420,167.316,165.358,99.904,98.750,96.438,157.000,97.417,151.000,172.800,other,0,-1,13,0
2726,180,213.865,213.311,215.046,101.432,100.299,97.025,233.000,100.833,187.000,172.257,other,0,-1,14,0
2727,176,170.096,169.431,174.428,101.671,100.514,97.342,180.000,100.542,117.000,183.343,other,0,-1,15,0
2728,97,157.567,156.411,163.838,102.865,101.718,97.859,176.000,103.000,128.000,162.143,other,0,-1,16,0
2729,160,140.825,123.210,110.776,102.757,101.573,98.103,97.000,101.708,172.000,148.800,other,0,-1,17,0
2730,77,120.326,119.211,131.075,102.923,101.712,98.405,160.000,101.208,140.000,128.829,other,0,-1,18,0
2731,87,108.085,90.566,86.572,102.351,101.088,98.553,77.000,98.583,60.000,110.171,other,0,-1,19,0
2732,59,87.487,76.385,81.438,103.082,101.812,98.973,87.000,99.708,38.000,85.143,other,0,-1,20,0
2733,71,75.360,62.963,67.564,103.726,102.446,99.375,59.000,100.583,59.000,75.143,other,0,-1,21,0
2734,104,62.574,58.069,65.316,104.240,102.946,99.750,71.000,101.083,24.000,65.229,other,0,-1,22,0
2735,37,67.779,69.616,71.003,105.739,104.464,100.330,104.000,104.417,31.000,63.543,other,0,-1,23,0
2736,91,52.600,49.052,54.369,106.166,104.874,100.687,37.000,104.667,87.000,61.694,other,0,-1,0,1
2737,64,67.942,69.876,65.656,106.398,105.136,101.011,91.000,104.833,58.000,62.000,other,0,-1,1,1
2738,75,60.403,61.071,59.192,106.659,105.428,101.342,64.000,105.083,45.000,62.222,other,0,-1,2,1
2739,68,69.020,68.329,63.061,107.268,106.079,101.745,75.000,106.333,48.000,61.389,other,0,-1,3,1
2740,78,67.493,66.745,64.691,107.731,106.581,102.118,68.000,107.167,83.000,63.583,other,0,-1,4,1
2741,48,72.839,72.664,72.012,107.833,106.708,102.415,78.000,106.958,92.000,65.139,other,0,-1,5,1
2742,53,65.125,64.653,70.610,107.369,106.250,102.594,48.000,105.125,78.000,66.417,other,0,-1,6,1
2743,138,73.556,73.487,79.344,107.181,106.077,102.831,53.000,104.083,46.000,77.639,other,0,-1,7,1
2744,67,114.479,114.532,119.145,108.688,107.658,103.422,138.000,107.917,72.000,91.833,other,0,-1,8,1
2745,79,105.815,108.089,101.946,108.789,107.785,103.719,67.000,107.708,77.000,109.944,other,0,-1,9,1
2746,133,125.593,129.233,115.803,108.992,108.017,104.037,79.000,107.792,157.000,131.361,other,0,-1,10,1
2747,143,147.342,152.291,149.252,108.819,107.859,104.277,133.000,106.792,231.000,148.500,other,0,-1,11,1
2748,175,162.377,164.204,161.017,107.718,106.742,104.323,143.000,103.125,157.000,174.389,other,0,-1,12,1
2749,130,178.116,178.762,181.765,108.152,107.214,104.690,175.000,103.875,233.000,191.778,other,0,-1,13,1
2750,294,169.186,164.497,155.353,106.834,105.872,104.691,130.000,99.583,180.000,190.222,other,0,-1,14,1
2751,81,276.295,251.326,246.471,108.660,107.782,105.348,294.000,104.333,176.000,183.056,other,0,-1,15,1
2752,161,159.970,142.939,117.886,107.457,106.560,105.373,81.000,100.375,97.000,168.806,other,0,-1,16,1
2753,102,146.322,145.600,145.907,108.559,107.722,105.879,161.000,103.042,160.000,158.750,other,0,-1,17,1
2754,95,131.433,118.549,108.774,107.892,107.054,106.015,102.000,100.625,77.000,131.639,other,0,-1,18,1
2755,121,113.701,101.318,98.033,108.327,107.526,106.382,95.000,101.375,87.000,103.944,other,0,-1,19,1
2756,70,92.816,90.020,99.684,108.993,108.237,106.797,121.000,102.792,59.000,92.389,other,0,-1,20,1
2757,72,82.010,71.679,77.008,109.327,108.604,107.143,70.000,103.250,71.000,77.389,other,0,-1,21,1
2758,85,69.463,64.651,71.100,109.515,108.821,107.458,72.000,103.292,104.000,64.944,other,0,-1,22,1
2759,71,65.036,66.522,67.607,109.414,108.738,107.713,85.000,102.500,37.000,62.889,other,0,-1,23,1
2760,39,62.358,63.461,60.015,110.080,109.450,108.128,71.000,103.917,91.000,59.639,other,0,-1,0,2
2761,55,57.223,54.974,55.557,109.204,108.602,108.022,39.000,101.750,64.000,64.167,other,0,-1,1,2
2762,75,60.190,60.793,57.240,108.950,108.400,108.046,55.000,101.375,75.000,56.194,other,0,-1,2,2
2763,62,69.514,69.785,61.313,108.827,108.332,108.097,75.000,101.375,68.000,60.528,other,0,-1,3,2
2764,84,66.968,65.561,60.454,108.617,108.174,108.130,62.000,101.125,78.000,62.444,other,0,-1,4,2
2765,97,77.411,74.864,68.785,108.580,108.196,108.199,84.000,101.375,48.000,62.833,other,0,-1,5,2
2766,70,85.555,81.162,77.963,109.167,108.863,108.399,97.000,103.417,53.000,70.472,other,0,-1,6,2
2767,87,83.242,76.689,78.370,109.290,109.050,108.501,70.000,104.125,138.000,78.639,other,0,-1,7,2
2768,148,97.432,89.471,92.377,108.428,108.218,108.398,87.000,102.000,67.000,89.639,other,0,-1,8,2
2769,89,129.329,116.316,126.190,109.478,109.364,108.694,148.000,105.375,79.000,104.833,other,0,-1,9,2
2770,102,132.928,126.634,115.466,109.499,109.446,108.775,89.000,105.792,133.000,127.694,other,0,-1,10,2
2771,70,149.052,146.198,131.130,108.927,108.914,108.733,102.000,104.500,143.000,145.361,other,0,-1,11,2
2772,75,159.623,158.281,126.017,107.746,107.752,108.563,70.000,101.458,175.000,159.222,other,0,-1,12,2
2773,161,162.256,159.489,131.598,106.174,106.185,108.311,75.000,97.292,130.000,182.222,other,0,-1,13,2
2774,209,170.154,172.673,169.016,106.500,106.582,108.456,161.000,98.583,294.000,185.000,other,0,-1,14,2
2775,146,178.280,187.781,187.019,105.145,105.240,108.250,209.000,95.042,81.000,172.750,other,0,-1,15,2
2776,145,154.813,157.313,146.186,105.964,106.146,108.498,146.000,97.750,161.000,158.694,other,0,-1,16,2
2777,197,143.071,145.761,134.355,105.609,105.839,108.501,145.000,97.083,102.000,148.139,other,0,-1,17,2
2778,128,133.514,154.988,147.255,106.861,107.195,108.839,197.000,101.042,95.000,124.722,other,0,-1,18,2
2779,113,109.543,112.579,104.995,107.216,107.622,108.990,128.000,102.417,121.000,108.833,other,0,-1,19,2
2780,70,92.442,95.253,90.173,106.977,107.434,109.017,113.000,102.083,70.000,89.361,other,0,-1,20,2
2781,48,80.484,75.634,68.059,106.854,107.366,109.068,70.000,102.083,72.000,75.500,other,0,-1,21,2
2782,64,69.643,63.441,55.220,106.383,106.939,109.046,48.000,101.083,85.000,67.139,other,0,-1,22,2
2783,59,59.496,61.111,52.772,105.955,106.556,109.034,64.000,100.208,71.000,62.722,other,0,-1,23,2
2784,68,55.558,58.440,46.706,105.658,106.309,109.049,59.000,99.708,39.000,61.389,other,0,-1,0,3
2785,68,56.359,64.107,57.609,105.751,106.457,108.888,68.000,100.917,55.000,64.194,other,0,-1,1,3
2786,59,58.925,65.395,56.374,105.611,106.365,108.678,68.000,101.458,75.000,65.056,other,0,-1,2,3
2787,43,59.037,63.008,54.896,105.052,105.839,108.381,59.000,100.792,62.000,61.583,other,0,-1,3,3
2788,57,57.988,58.515,53.671,104.449,105.268,108.075,43.000,100.000,84.000,61.250,other,0,-1,4,3
2789,51,64.146,63.896,60.168,103.730,104.577,107.745,57.000,98.875,97.000,63.500,other,0,-1,5,3
2790,49,68.733,64.707,64.340,102.736,103.601,107.357,51.000,96.958,70.000,67.778,other,0,-1,6,3
2791,77,79.036,70.457,71.330,102.104,102.999,107.045,49.000,96.083,87.000,79.889,other,0,-1,7,3
2792,69,93.718,84.976,88.932,101.631,102.563,106.766,77.000,95.667,148.000,92.417,other,0,-1,8,3
2793,100,111.590,101.300,98.055,100.159,101.092,106.278,69.000,92.375,89.000,115.000,other,0,-1,9,3
2794,78,130.042,124.435,121.484,99.991,100.971,106.063,100.000,92.833,102.000,126.583,other,0,-1,10,3
2795,78,145.081,145.716,125.730,99.316,100.325,105.742,78.000,91.833,70.000,145.861,other,0,-1,11,3
2796,189,155.377,155.241,134.974,99.104,100.158,105.517,78.000,92.167,75.000,168.111,other,0,-1,12,3
2797,214,179.034,182.426,184.210,100.428,101.581,105.613,189.000,96.917,161.000,177.472,other,0,-1,13,3
2798,158,187.881,195.172,196.003,100.868,102.089,105.525,214.000,99.125,209.000,176.694,other,0,-1,14,3
2799,210,164.408,165.243,164.553,99.801,101.038,105.122,158.000,97.000,146.000,173.972,other,0,-1,15,3
2800,129,166.206,180.715,180.284,100.401,101.711,105.067,210.000,99.667,145.000,162.111,other,0,-1,16,3
2801,226,138.673,136.212,131.418,99.841,101.184,104.770,129.000,99.000,197.000,150.028,other,0,-1,17,3
2802,191,136.833,176.941,163.475,99.934,101.333,104.609,226.000,100.208,128.000,132.389,other,0,-1,18,3
2803,57,105.838,143.356,133.136,100.519,101.991,104.551,191.000,102.833,113.000,108.528,other,0,-1,19,3
2804,101,91.993,79.958,73.893,99.380,100.865,104.133,57.000,100.500,70.000,100.083,other,0,-1,20,3
2805,118,69.541,77.160,78.074,99.501,101.043,103.978,101.000,101.792,48.000,85.306,other,0,-1,21,3
2806,82,58.936,80.425,75.232,100.187,101.806,103.941,118.000,104.708,64.000,74.778,other,0,-1,22,3
2807,50,50.625,60.588,60.053,100.120,101.789,103.747,82.000,105.458,59.000,70.444,other,0,-1,23,3
2808,74,45.694,48.425,49.401,99.662,101.368,103.471,50.000,105.083,68.000,60.917,other,0,-1,0,4
2809,57,48.546,60.741,50.393,99.464,101.169,103.128,74.000,105.333,68.000,56.972,other,0,-1,1,4
2810,63,46.539,55.413,46.508,99.019,100.714,102.734,57.000,104.875,59.000,51.583,other,0,-1,2,4
2811,52,51.389,59.222,48.272,98.792,100.485,102.385,63.000,105.042,43.000,54.556,other,0,-1,3,4
2812,61,50.439,55.597,48.473,98.637,100.330,102.051,52.000,105.417,57.000,57.139,other,0,-1,4,4
2813,53,55.801,59.888,54.504,98.410,100.101,101.702,61.000,105.583,51.000,54.694,other,0,-1,5,4
2814,67,58.219,59.187,58.873,98.153,99.842,101.347,53.000,105.667,49.000,65.167,other,0,-1,6,4
2815,70,68.022,68.561,71.230,98.129,99.822,101.040,67.000,106.417,77.000,74.667,other,0,-1,7,4
2816,152,80.727,79.300,83.197,97.742,99.428,100.658,70.000,106.125,69.000,86.667,other,0,-1,8,4
2817,77,116.130,126.017,130.408,98.659,100.383,100.548,152.000,109.583,100.000,109.861,other,0,-1,9,4
2818,111,117.335,118.219,112.077,98.040,99.748,100.117,77.000,108.625,78.000,125.222,other,0,-1,10,4
2819,177,135.907,143.305,139.118,98.233,99.954,99.856,111.000,110.000,78.000,147.361,other,0,-1,11,4
2820,140,163.681,179.520,179.994,99.382,101.148,99.794,177.000,114.125,189.000,161.111,other,0,-1,12,4
2821,246,162.659,163.109,165.848,98.387,100.125,99.285,140.000,112.083,214.000,174.694,other,0,-1,13,4
2822,175,213.328,223.821,219.589,98.565,100.315,99.020,246.000,113.417,158.000,178.167,other,0,-1,14,4
2823,102,168.283,167.755,175.989,98.526,100.280,98.711,175.000,114.125,210.000,172.583,other,0,-1,15,4
2824,203,148.021,134.895,130.740,96.676,98.372,98.023,102.000,109.625,129.000,165.472,other,0,-1,16,4
2825,147,141.741,160.001,165.213,97.463,99.192,97.886,203.000,112.708,226.000,138.861,other,0,-1,17,4
2826,126,110.564,120.094,123.973,96.033,97.718,97.285,147.000,109.417,191.000,121.333,other,0,-1,18,4
2827,138,90.757,99.346,103.111,94.806,96.454,96.728,126.000,106.708,57.000,101.944,other,0,-1,19,4
2828,36,71.385,92.895,96.601,95.694,97.379,96.612,138.000,110.083,101.000,84.222,other,0,-1,20,4
2829,77,68.319,57.570,61.032,94.467,96.116,96.054,36.000,107.375,118.000,70.889,other,0,-1,21,4
2830,96,48.031,55.770,64.726,93.588,95.212,95.569,77.000,105.667,82.000,63.889,other,0,-1,22,4
2831,33,42.703,60.179,64.297,93.506,95.132,95.250,96.000,106.250,50.000,57.111,other,0,-1,23,4
2832,42,36.382,37.936,48.470,92.974,94.588,94.837,33.000,105.542,74.000,38.722,other,0,-1,0,5
2833,77,34.991,41.892,33.646,92.482,94.034,94.539,42.000,104.208,57.000,42.139,other,0,-1,1,5
2834,40,51.263,59.656,40.875,92.744,94.259,94.398,77.000,105.042,63.000,43.389,other,0,-1,2,5
2835,25,39.431,44.633,35.293,92.383,93.840,94.126,40.000,104.083,52.000,43.528,other,0,-1,3,5
2836,25,38.189,40.457,34.925,91.963,93.361,93.843,25.000,102.958,61.000,42.111,other,0,-1,4,5
2837,26,41.460,42.045,38.659,91.414,92.747,93.533,25.000,101.458,53.000,43.028,other,0,-1,5,5
2838,83,46.828,45.460,44.115,90.995,92.267,93.249,26.000,100.333,67.000,55.167,other,0,-1,6,5
2839,78,65.873,71.432,69.854,91.198,92.433,93.096,83.000,101.000,70.000,63.917,other,0,-1,7,5
2840,57,70.922,76.739,78.127,91.286,92.478,92.918,78.000,101.333,152.000,81.722,other,0,-1,8,5
2841,69,85.293,81.617,79.435,89.882,90.980,92.429,57.000,97.375,77.000,98.167,other,0,-1,9,5
2842,105,104.007,99.417,94.797,89.738,90.785,92.203,69.000,97.042,111.000,102.556,other,0,-1,10,5
2843,114,122.556,125.971,123.263,89.623,90.621,91.984,105.000,96.792,177.000,122.722,other,0,-1,11,5
2844,138,137.738,137.648,135.976,88.682,89.602,91.591,114.000,94.167,140.000,141.028,other,0,-1,12,5
2845,129,151.141,151.719,154.700,88.625,89.498,91.384,138.000,94.083,246.000,161.333,other,0,-1,13,5
2846,141,151.673,147.158,148.349,86.902,87.669,90.828,129.000,89.208,175.000,179.778,other,0,-1,14,5
2847,73,148.945,147.550,150.129,86.381,87.085,90.524,141.000,87.792,102.000,180.472,other,0,-1,15,5
2848,182,133.835,124.543,105.733,85.933,86.576,90.234,73.000,86.583,203.000,165.833,other,0,-1,16,5
2849,123,124.455,143.199,147.688,85.601,86.187,89.969,182.000,85.708,147.000,148.556,other,0,-1,17,5
2850,445,99.417,108.366,101.335,85.225,85.753,89.695,123.000,84.708,126.000,114.861,inside,1,0,18,5
2851,366,316.577,276.071,278.830,89.818,90.460,90.458,445.000,98.000,138.000,90.528,inside,1,1,19,5
2852,271,262.666,208.367,194.180,93.093,93.804,90.946,366.000,107.500,36.000,74.972,inside,1,2,20,5
2853,360,173.546,159.771,115.555,96.469,97.252,91.455,271.000,117.292,77.000,60.444,inside,1,3,21,5
2854,300,251.614,213.483,146.394,100.540,101.420,92.110,360.000,129.083,96.000,52.389,inside,1,4,22,5
2855,227,212.789,198.744,106.961,103.467,104.404,92.525,300.000,137.583,33.000,44.139,inside,1,5,23,5
2856,45,158.469,165.673,77.395,106.250,107.238,92.910,227.000,145.667,42.000,32.472,after,1,6,0,6
2857,22,33.592,62.940,36.802,106.543,107.479,93.029,45.000,145.792,77.000,34.500,after,1,7,1,6
2858,20,30.399,54.519,34.566,105.997,106.852,92.972,22.000,143.500,40.000,33.361,after,1,8,2,6
2859,10,32.304,54.392,36.500,105.957,106.748,93.022,20.000,142.667,25.000,35.222,after,1,9,3,6
2860,17,32.519,49.436,38.032,105.990,106.720,93.086,10.000,142.042,25.000,34.028,after,1,10,4,6
2861,24,36.802,51.362,43.565,106.125,106.797,93.171,17.000,141.708,26.000,36.611,after,1,11,5,6
2862,63,42.241,54.127,50.539,106.346,106.963,93.275,24.000,141.625,83.000,38.694,after,1,12,6,6
2863,60,57.662,73.189,68.592,106.307,106.860,93.324,63.000,140.792,78.000,47.194,after,1,13,7,6
2864,57,64.022,76.538,76.226,106.296,106.787,93.379,60.000,140.042,57.000,59.167,after,1,14,8,6
2865,90,77.769,84.265,83.795,106.546,106.983,93.489,57.000,140.042,69.000,78.778,after,1,15,9,6
2866,105,98.176,108.028,107.871,107.101,107.495,93.662,90.000,140.917,105.000,101.278,after,1,16,10,6
2867,155,116.793,123.181,124.354,107.351,107.691,93.772,105.000,140.917,114.000,121.778,after,1,17,11,6
2868,161,148.843,157.843,163.575,108.195,108.502,94.005,155.000,142.625,138.000,140.833,after,1,18,12,6
2869,145,156.585,162.271,170.976,108.779,109.044,94.185,161.000,143.583,129.000,148.472,after,1,19,13,6
2870,146,150.150,152.855,158.143,109.261,109.480,94.343,145.000,144.250,141.000,156.639,after,1,20,14,6
2871,120,145.366,149.797,153.120,109.584,109.752,94.467,146.000,144.458,73.000,153.306,after,1,21,15,6
2872,124,131.810,134.104,127.234,110.515,110.653,94.719,120.000,146.417,182.000,133.083,after,1,22,16,6
2873,124,117.943,123.899,116.733,109.925,109.980,94.653,124.000,144.000,123.000,123.667,after,1,23,17,6
2874,131,100.858,109.367,101.592,110.190,110.192,94.766,124.000,144.042,445.000,102.583,after,1,24,18,6
2875,120,84.314,95.623,91.695,105.891,105.681,93.926,131.000,130.958,366.000,79.889,after,1,25,19,6
2876,68,69.354,80.160,77.594,102.578,102.190,93.291,120.000,120.708,271.000,59.111,after,1,26,20,6
2877,32,58.957,60.317,58.034,99.887,99.343,92.787,68.000,112.250,360.000,47.306,after,1,27,21,6
2878,25,51.346,47.523,45.722,95.386,94.623,91.904,32.000,98.583,300.000,35.306,after,1,28,22,6
2879,25,43.056,41.808,40.347,91.653,90.697,91.182,25.000,87.125,227.000,32.556,after,1,29,23,6
2880,55,38.589,40.607,38.034,88.977,87.865,90.681,25.000,78.708,45.000,61.343,other,0,-1,0,0
2881,54,44.947,51.932,46.473,89.462,88.335,91.049,55.000,79.125,22.000,59.743,other,0,-1,1,0
2882,62,48.519,56.034,47.499,90.266,89.134,91.484,54.000,80.458,20.000,61.829,other,0,-1,2,0
2883,37,56.114,63.386,52.067,91.214,90.083,91.950,62.000,82.208,10.000,63.543,other,0,-1,3,0
2884,33,47.247,53.095,50.379,91.946,90.808,92.370,37.000,83.333,17.000,60.000,other,0,-1,4,0
2885,48,47.795,53.353,54.575,92.518,91.367,92.757,33.000,84.000,24.000,77.171,other,0,-1,5,0
2886,109,54.404,62.664,65.080,93.206,92.046,93.168,48.000,85.000,63.000,77.686,other,0,-1,6,0
2887,72,88.267,100.786,95.005,94.212,93.055,93.645,109.000,86.917,60.000,91.543,other,0,-1,7,0
2888,104,74.220,89.010,89.771,94.726,93.555,94.020,72.000,87.417,57.000,101.114,other,0,-1,8,0
2889,48,96.147,116.177,112.681,95.747,94.579,94.501,104.000,89.375,90.000,122.829,other,0,-1,9,0
2890,102,109.910,110.682,96.142,95.479,94.269,94.712,48.000,87.625,105.000,137.200,other,0,-1,10,0
2891,105,129.822,137.004,127.166,95.776,94.544,95.041,102.000,87.500,155.000,150.314,other,0,-1,11,0
2892,121,144.638,144.567,133.211,95.392,94.114,95.228,105.000,85.417,161.000,163.229,other,0,-1,12,0
2893,144,156.083,153.774,143.827,95.152,93.833,95.446,121.000,83.750,145.000,172.800,other,0,-1,13,0
2894,178,163.480,161.789,156.139,95.478,94.138,95.781,144.000,83.708,146.000,172.257,other,0,-1,14,0
2895,155,167.975,170.611,172.909,96.282,94.937,96.216,178.000,85.042,120.000,183.343,other,0,-1,15,0
2896,129,150.869,151.465,150.390,97.129,95.782,96.661,155.000,86.500,124.000,162.143,other,0,-1,16,0
2897,116,133.301,131.609,125.579,97.542,96.176,97.014,129.000,86.708,124.000,148.800,other,0,-1,17,0
2898,112,115.642,113.546,108.494,97.766,96.376,97.328,116.000,86.375,131.000,128.829,other,0,-1,18,0
2899,131,97.270,96.056,96.352,97.831,96.410,97.609,112.000,85.583,120.000,110.171,other,0,-1,19,0
2900,94,81.655,85.066,92.639,98.330,96.895,97.981,131.000,86.042,68.000,85.143,other,0,-1,20,0
2901,100,67.681,69.298,73.084,99.047,97.604,98.398,94.000,87.125,32.000,75.143,other,0,-1,21,0
2902,97,62.285,68.128,69.593,100.372,98.943,98.942,100.000,89.958,25.000,65.229,other,0,-1,22,0
2903,66,62.721,69.856,66.450,101.756,100.342,99.498,97.000,92.958,25.000,63.543,other,0,-1,23,0
2904,64,55.050,60.759,58.359,102.690,101.276,99.961,66.000,94.667,55.000,61.694,other,0,-1,0,1
2905,80,55.201,60.659,57.255,102.994,101.613,100.300,64.000,95.042,54.000,62.000,other,0,-1,1,1
2906,55,67.092,71.159,60.543,103.545,102.205,100.691,80.000,96.125,62.000,62.222,other,0,-1,2,1
2907,59,58.723,61.925,56.807,103.617,102.302,100.983,55.000,95.833,37.000,61.389,other,0,-1,3,1
2908,89,62.565,65.014,60.943,104.110,102.833,101.361,59.000,96.750,33.000,63.583,other,0,-1,4,1
2909,42,79.703,80.148,73.496,105.095,103.875,101.843,89.000,99.083,48.000,65.139,other,0,-1,5,1
2910,54,62.603,64.345,68.218,105.182,103.987,102.137,42.000,98.833,109.000,66.417,other,0,-1,6,1
2911,88,71.876,74.843,78.839,104.559,103.364,102.283,54.000,96.542,72.000,77.639,other,0,-1,7,1
2912,95,89.144,95.396,99.042,104.965,103.806,102.644,88.000,97.208,104.000,91.833,other,0,-1,8,1
2913,91,105.787,112.787,112.226,105.009,103.873,102.929,95.000,96.833,48.000,109.944,other,0,-1,9,1
2914,160,123.953,130.999,120.784,105.805,104.719,103.372,91.000,98.625,102.000,131.361,other,0,-1,10,1
2915,133,159.018,160.173,163.553,106.820,105.791,103.859,160.000,101.042,105.000,148.500,other,0,-1,11,1
2916,159,160.180,162.145,156.286,107.399,106.412,104.256,133.000,102.208,121.000,174.389,other,0,-1,12,1
2917,212,173.274,173.218,173.391,108.123,107.184,104.684,159.000,103.792,144.000,191.778,other,0,-1,13,1
2918,219,196.591,196.092,202.928,109.282,108.405,105.202,212.000,106.625,178.000,190.222,other,0,-1,14,1
2919,171,191.969,194.864,201.057,110.050,109.222,105.638,219.000,108.333,155.000,183.056,other,0,-1,15,1
2920,152,162.203,161.834,163.030,110.456,109.663,105.999,171.000,109.000,129.000,168.806,other,0,-1,16,1
2921,100,146.453,142.409,141.132,110.963,110.210,106.381,152.000,109.958,116.000,158.750,other,0,-1,17,1
2922,120,132.011,117.734,107.321,110.905,110.172,106.645,100.000,109.292,112.000,131.639,other,0,-1,18,1
2923,136,111.288,103.542,106.307,111.195,110.494,106.981,120.000,109.625,131.000,103.944,other,0,-1,19,1
2924,89,93.450,93.015,104.202,111.442,110.771,107.309,136.000,109.833,94.000,92.389,other,0,-1,20,1
2925,70,80.406,73.796,81.757,111.543,110.898,107.606,89.000,109.625,100.000,77.389,other,0,-1,21,1
2926,61,70.074,64.101,69.616,111.282,110.650,107.827,70.000,108.375,97.000,64.944,other,0,-1,22,1
2927,41,63.063,59.497,60.682,110.935,110.312,108.031,61.000,106.875,66.000,62.889,other,0,-1,23,1
2928,45,58.795,54.426,51.632,110.747,110.139,108.268,41.000,105.833,64.000,59.639,other,0,-1,0,2
2929,47,58.069,56.431,55.636,110.348,109.787,108.261,45.000,105.042,80.000,64.167,other,0,-1,1,2
2930,60,58.984,58.045,54.677,109.747,109.224,108.212,47.000,103.667,55.000,56.194,other,0,-1,2,2
2931,79,64.084,63.681,57.239,109.696,109.231,108.279,60.000,103.875,59.000,60.528,other,0,-1,3,2
2932,73,73.455,72.094,62.900,109.862,109.463,108.390,79.000,104.708,89.000,62.444,other,0,-1,4,2
2933,52,72.722,70.340,65.211,109.507,109.156,108.393,73.000,104.042,42.000,62.833,other,0,-1,5,2
2934,69,72.770,66.621,65.928,109.529,109.238,108.474,52.000,104.458,54.000,70.472,other,0,-1,6,2
2935,89,83.347,76.333,77.281,109.623,109.395,108.571,69.000,105.083,88.000,78.639,other,0,-1,7,2
2936,78,98.001,89.850,92.579,109.514,109.342,108.625,89.000,105.125,95.000,89.639,other,0,-1,8,2
2937,92,115.003,104.916,100.099,109.144,109.019,108.624,78.000,104.417,91.000,104.833,other,0,-1,9,2
2938,154,133.461,126.470,116.795,109.036,108.967,108.678,92.000,104.458,160.000,127.694,other,0,-1,10,2
2939,143,155.689,148.526,154.421,108.825,108.809,108.711,154.000,104.208,133.000,145.361,other,0,-1,11,2
2940,108,163.589,161.716,158.412,108.847,108.891,108.793,143.000,104.625,159.000,159.222,other,0,-1,12,2
2941,153,165.800,163.131,146.662,107.985,108.059,108.690,108.000,102.500,212.000,182.222,other,0,-1,13,2
2942,149,169.024,170.940,166.090,107.007,107.106,108.562,153.000,100.042,219.000,185.000,other,0,-1,14,2
2943,148,163.071,165.763,157.633,105.870,105.989,108.401,149.000,97.125,171.000,172.750,other,0,-1,15,2
2944,142,155.013,157.470,147.183,105.413,105.577,108.383,148.000,96.167,152.000,158.694,other,0,-1,16,2
2945,205,143.335,144.389,132.929,105.145,105.359,108.404,142.000,95.750,100.000,148.139,other,0,-1,17,2
2946,134,134.755,159.762,150.881,106.543,106.865,108.772,205.000,100.125,120.000,124.722,other,0,-1,18,2
2947,152,109.949,113.775,107.393,106.622,107.007,108.866,134.000,100.708,136.000,108.833,other,0,-1,19,2
2948,127,92.470,109.898,105.106,106.731,107.179,108.965,152.000,101.375,89.000,89.361,other,0,-1,20,2
2949,72,78.199,91.501,86.438,107.158,107.681,109.131,127.000,102.958,70.000,75.500,other,0,-1,21,2
2950,106,69.047,68.546,61.712,107.064,107.643,109.188,72.000,103.042,61.000,67.139,other,0,-1,22,2
2951,84,64.433,77.627,64.329,107.592,108.250,109.376,106.000,104.917,41.000,62.722,other,0,-1,23,2
2952,76,59.850,69.222,53.641,108.092,108.827,109.557,84.000,106.708,45.000,61.389,other,0,-1,0,3
2953,72,58.398,69.287,61.411,108.213,109.005,109.402,76.000,108.000,47.000,64.194,other,0,-1,1,3
2954,74,59.970,69.009,59.230,108.248,109.094,109.229,72.000,109.042,60.000,65.056,other,0,-1,2,3
2955,69,63.665,70.771,59.871,108.123,109.017,109.023,74.000,109.625,79.000,61.583,other,0,-1,3,3
2956,82,64.332,68.947,60.684,107.650,108.581,108.744,69.000,109.208,73.000,61.250,other,0,-1,4,3
2957,49,71.366,74.171,67.450,107.453,108.429,108.522,82.000,109.583,52.000,63.500,other,0,-1,5,3
2958,523,68.725,65.007,65.233,107.082,108.098,108.265,49.000,109.458,69.000,67.778,inside,1,0,6,3
2959,255,237.318,304.901,280.457,113.331,114.617,109.389,523.000,128.375,89.000,79.889,inside,1,1,7,3
2960,568,208.999,182.999,159.132,115.408,116.819,109.643,255.000,135.292,78.000,92.417,inside,1,2,8,3
2961,370,254.562,327.371,310.201,122.178,123.878,110.877,568.000,155.708,92.000,115.000,inside,1,3,9,3
2962,629,237.799,270.224,234.602,125.878,127.759,111.469,370.000,167.292,154.000,126.583,inside,1,4,10,3
2963,169,281.411,349.748,353.109,132.431,134.594,112.657,629.000,187.083,143.000,145.861,after,1,5,11,3
2964,169,160.887,165.963,160.147,132.480,134.697,112.487,169.000,188.167,108.000,168.111,after,1,6,12,3
2965,127,169.036,173.313,163.835,133.036,135.325,112.423,169.000,190.708,153.000,177.472,after,1,7,13,3
2966,155,167.135,161.842,146.722,132.332,134.649,112.096,127.000,189.625,149.000,176.694,after,1,8,14,3
2967,170,165.061,164.904,154.386,132.091,134.452,111.865,155.000,189.875,148.000,173.972,after,1,9,15,3
2968,137,156.638,163.052,155.837,132.082,134.496,111.683,170.000,190.792,142.000,162.111,after,1,10,16,3
2969,166,141.722,144.614,135.986,131.682,134.134,111.419,137.000,190.583,205.000,150.028,after,1,11,17,3
2970,134,123.189,142.411,143.308,130.789,133.263,111.053,166.000,188.958,134.000,132.389,after,1,12,18,3
2971,63,106.944,121.137,125.796,130.461,132.977,110.804,134.000,188.958,152.000,108.528,after,1,13,19,3
2972,78,99.688,99.631,97.070,128.844,131.356,110.286,63.000,185.250,127.000,100.083,after,1,14,20,3
2973,74,81.558,87.181,100.066,127.807,130.335,109.889,78.000,183.208,72.000,85.306,after,1,15,21,3
2974,64,69.239,76.349,96.585,127.508,130.079,109.647,74.000,183.292,106.000,74.778,after,1,16,22,3
2975,48,61.576,66.775,90.920,126.572,129.163,109.271,64.000,181.542,84.000,70.444,after,1,17,23,3
2976,69,57.342,58.704,83.362,125.723,128.337,108.914,48.000,180.042,76.000,60.917,after,1,18,0,4
2977,43,60.819,64.683,82.113,125.336,127.942,108.531,69.000,179.750,72.000,56.972,after,1,19,1,4
2978,51,57.241,57.004,72.516,124.631,127.218,108.082,43.000,178.542,74.000,51.583,after,1,20,2,4
2979,73,60.923,59.551,72.493,124.012,126.584,107.652,51.000,177.583,69.000,54.556,after,1,21,3,4
2980,39,69.811,67.904,77.290,123.785,126.355,107.303,73.000,177.750,82.000,57.139,after,1,22,4,4
2981,42,62.463,58.057,67.757,122.877,125.421,106.811,39.000,175.958,49.000,54.694,after,1,23,5,4
2982,69,67.062,61.661,69.950,122.490,125.026,106.429,42.000,175.667,523.000,65.167,after,1,24,6,4
2983,55,74.175,72.269,80.475,115.628,117.931,104.695,69.000,156.750,255.000,74.667,after,1,25,7,4
2984,74,87.265,79.117,81.977,112.445,114.644,103.728,55.000,148.417,568.000,86.667,after,1,26,8,4
2985,128,101.504,97.706,97.073,105.004,106.949,101.873,74.000,127.833,370.000,109.861,after,1,27,9,4
2986,179,117.448,131.848,131.597,101.213,103.031,100.780,128.000,117.750,629.000,125.222,after,1,28,10,4
2987,169,150.247,171.498,169.417,94.409,95.996,99.057,179.000,99.000,169.000,147.361,other,0,-1,11,4
2988,91,158.505,174.765,173.085,94.124,95.707,98.696,169.000,99.000,169.000,161.111,other,0,-1,12,4
2989,175,155.460,148.428,141.090,92.708,94.248,98.099,91.000,95.750,127.000,174.694,other,0,-1,13,4
2990,188,171.505,174.515,179.194,93.118,94.678,97.883,175.000,97.750,155.000,178.167,other,0,-1,14,4
2991,121,170.072,174.077,180.225,93.311,94.884,97.622,188.000,99.125,170.000,172.583,other,0,-1,15,4
2992,223,147.660,138.984,137.767,92.316,93.860,97.112,121.000,97.083,137.000,165.472,other,0,-1,16,4
2993,137,148.820,173.184,175.079,93.276,94.860,97.011,223.000,100.667,166.000,138.861,other,0,-1,17,4
2994,125,109.865,116.984,119.443,92.571,94.135,96.562,137.000,99.458,134.000,121.333,other,0,-1,18,4
2995,111,89.982,99.284,102.290,92.155,93.711,96.174,125.000,99.083,63.000,101.944,other,0,-1,19,4
2996,105,72.517,82.847,87.050,92.565,94.141,95.958,111.000,101.083,78.000,84.222,other,0,-1,20,4
2997,50,57.616,71.815,76.939,92.671,94.257,95.679,105.000,102.208,74.000,70.889,other,0,-1,21,4
2998,98,50.981,50.259,57.450,92.038,93.607,95.245,50.000,101.208,64.000,63.889,other,0,-1,22,4
2999,48,42.947,61.581,63.303,92.245,93.828,94.987,98.000,102.625,48.000,57.111,other,0,-1,23,4
3000,24,36.367,42.423,49.271,91.960,93.538,94.626,48.000,102.625,69.000,38.722,other,0,-1,0,5
3001,45,33.462,37.011,29.029,91.280,92.789,94.288,24.000,100.750,43.000,42.139,other,0,-1,1,5
3002,51,38.433,45.475,32.947,91.281,92.745,94.092,45.000,100.833,51.000,43.389,other,0,-1,2,5
3003,45,43.360,49.610,35.856,91.253,92.671,93.891,51.000,100.833,73.000,43.528,other,0,-1,3,5
3004,43,43.818,48.218,37.705,90.819,92.176,93.604,45.000,99.667,39.000,42.111,other,0,-1,4,5
3005,36,45.608,48.617,41.823,90.849,92.162,93.415,43.000,99.833,42.000,43.028,other,0,-1,5,5
3006,27,47.991,48.814,46.017,90.734,91.998,93.195,36.000,99.583,69.000,55.167,other,0,-1,6,5
3007,67,55.838,52.389,50.580,90.097,91.294,92.866,27.000,97.833,55.000,63.917,other,0,-1,7,5
3008,53,69.079,72.722,73.278,90.243,91.399,92.701,67.000,98.333,74.000,81.722,other,0,-1,8,5
3009,97,85.081,81.043,77.691,89.911,91.010,92.435,53.000,97.458,128.000,98.167,other,0,-1,9,5
3010,112,103.425,110.598,109.097,89.434,90.471,92.140,97.000,96.167,179.000,102.556,other,0,-1,10,5
3011,114,122.057,129.291,127.521,88.435,89.392,91.736,112.000,93.375,169.000,122.722,other,0,-1,11,5
3012,192,136.267,137.594,136.233,87.610,88.493,91.368,114.000,91.083,91.000,141.028,other,0,-1,12,5
3013,138,169.972,185.465,190.961,89.045,89.933,91.471,192.000,95.292,175.000,161.333,other,0,-1,13,5
3014,87,154.382,150.532,154.558,88.481,89.303,91.158,138.000,93.750,188.000,179.778,other,0,-1,14,5
3015,122,145.256,132.467,120.640,86.990,87.715,90.651,87.000,89.542,121.000,180.472,other,0,-1,15,5
3016,255,136.076,133.454,129.707,86.976,87.656,90.452,122.000,89.583,223.000,165.833,other,0,-1,16,5
3017,94,173.082,191.023,193.865,87.412,88.061,90.347,255.000,90.917,137.000,148.556,other,0,-1,17,5
3018,69,102.131,102.291,89.722,86.761,87.342,90.015,94.000,89.125,125.000,114.861,other,0,-1,18,5
3019,111,87.491,83.843,69.148,85.921,86.428,89.644,69.000,86.792,111.000,90.528,other,0,-1,19,5
3020,91,64.424,75.679,71.707,85.893,86.353,89.443,111.000,86.792,105.000,74.972,other,0,-1,20,5
3021,199,51.566,61.124,58.559,85.662,86.069,89.199,91.000,86.208,50.000,60.444,inside,1,0,21,5
3022,221,102.592,116.993,83.679,87.793,88.228,89.448,199.000,92.417,98.000,52.389,inside,1,1,22,5
3023,180,139.748,143.290,86.245,89.546,89.998,89.618,221.000,97.542,48.000,44.139,inside,1,2,23,5
3024,133,110.833,121.852,71.149,91.430,91.902,89.816,180.000,103.042,24.000,32.472,inside,1,3,0,6
3025,29,88.584,101.539,62.876,93.260,93.733,90.255,133.000,107.583,45.000,34.500,after,1,4,1,6
3026,27,33.088,42.305,39.553,93.278,93.689,90.316,29.000,106.917,51.000,33.361,after,1,5,2,6
3027,32,35.155,43.335,41.616,93.181,93.526,90.353,27.000,105.917,45.000,35.222,after,1,6,3,6
3028,36,39.200,46.699,46.251,93.243,93.528,90.424,32.000,105.375,43.000,34.028,after,1,7,4,6
3029,50,42.779,49.502,51.740,93.391,93.620,90.512,36.000,105.083,36.000,36.611,after,1,8,5,6
3030,36,50.114,57.658,61.371,93.845,94.026,90.664,50.000,105.667,27.000,38.694,after,1,9,6,6
3031,58,51.978,56.493,62.831,94.225,94.358,90.801,36.000,106.042,67.000,47.194,after,1,10,7,6
3032,79,64.920,72.503,77.097,94.345,94.419,90.883,58.000,105.667,53.000,59.167,after,1,11,8,6
3033,68,81.676,91.765,93.030,94.972,95.006,91.072,79.000,106.750,97.000,78.778,after,1,12,9,6
3034,61,98.474,97.059,94.090,94.802,94.767,91.094,68.000,105.542,112.000,101.278,after,1,13,10,6
3035,166,115.829,102.861,95.587,94.314,94.199,91.049,61.000,103.417,114.000,121.778,after,1,14,11,6
3036,105,152.901,165.365,163.750,95.317,95.176,91.316,166.000,105.583,192.000,140.833,after,1,15,12,6
3037,124,141.462,134.730,125.181,94.307,94.068,91.162,105.000,101.958,138.000,148.472,after,1,16,13,6
3038,174,147.240,144.731,136.651,94.355,94.055,91.230,124.000,101.375,87.000,156.639,after,1,17,14,6
3039,112,154.481,162.552,167.136,95.865,95.555,91.603,174.000,105.000,122.000,153.306,after,1,18,15,6
3040,158,134.152,132.499,119.849,95.971,95.602,91.682,112.000,104.583,255.000,133.083,after,1,19,16,6
3041,138,121.341,133.625,135.875,94.816,94.345,91.498,158.000,100.542,94.000,123.667,after,1,20,17,6
3042,61,101.403,111.891,110.187,95.703,95.201,91.741,138.000,102.375,69.000,102.583,after,1,21,18,6
3043,78,90.110,85.345,68.618,95.838,95.277,91.826,61.000,102.042,111.000,79.889,after,1,22,19,6
3044,47,70.359,71.377,64.704,95.610,94.979,91.836,78.000,100.667,91.000,59.111,after,1,23,20,6
3045,67,59.280,56.560,51.791,95.223,94.516,91.813,47.000,98.833,199.000,47.306,after,1,24,21,6
3046,22,46.636,52.188,51.587,93.561,92.734,91.523,67.000,93.333,221.000,35.306,after,1,25,22,6
3047,44,41.026,40.191,40.105,90.929,89.947,91.031,22.000,85.042,180.000,32.556,after,1,26,23,6
3048,82,38.660,44.386,42.091,89.209,88.105,90.729,44.000,79.375,133.000,61.343,after,1,27,0,0
3049,45,56.364,63.415,54.506,88.810,87.660,90.913,82.000,77.250,29.000,59.743,other,0,-1,1,0
3050,75,44.105,50.335,47.503,89.382,88.220,91.300,45.000,77.917,27.000,61.829,other,0,-1,2,0
3051,81,63.612,69.357,57.602,90.418,89.259,91.783,75.000,79.917,32.000,63.543,other,0,-1,3,0
3052,38,70.518,75.439,64.105,91.468,90.313,92.270,81.000,81.958,36.000,60.000,other,0,-1,4,0
3053,51,48.341,54.547,57.932,91.837,90.662,92.615,38.000,82.042,50.000,77.171,other,0,-1,5,0
3054,65,54.568,63.403,68.056,92.192,90.997,92.956,51.000,82.083,36.000,77.686,other,0,-1,6,0
3055,84,63.065,75.645,80.339,92.952,91.751,93.382,65.000,83.292,58.000,91.543,other,0,-1,7,0
3056,75,76.953,94.129,96.107,93.669,92.461,93.799,84.000,84.375,79.000,101.114,other,0,-1,8,0
3057,89,88.992,103.866,100.752,93.951,92.720,94.126,75.000,84.208,68.000,122.829,other,0,-1,9,0
3058,102,109.277,122.596,114.562,94.595,93.355,94.527,89.000,85.083,61.000,137.200,other,0,-1,10,0
3059,167,129.422,137.273,127.219,95.529,94.289,94.990,102.000,86.792,166.000,150.314,other,0,-1,11,0
3060,126,163.897,173.032,169.168,95.884,94.623,95.331,167.000,86.833,105.000,163.229,other,0,-1,12,0
3061,281,157.865,155.042,146.333,96.528,95.258,95.733,126.000,87.708,124.000,172.800,other,0,-1,13,0
3062,228,276.354,259.467,248.450,99.143,97.931,96.547,281.000,94.250,174.000,172.257,other,0,-1,14,0
3063,204,197.792,199.394,206.818,100.265,99.060,97.048,228.000,96.500,112.000,183.343,other,0,-1,15,0
3064,158,167.383,169.573,182.073,101.938,100.758,97.665,204.000,100.333,158.000,162.143,other,0,-1,16,0
3065,135,138.257,134.292,142.427,102.279,101.078,98.003,158.000,100.333,138.000,148.800,other,0,-1,17,0
3066,124,118.590,111.592,118.753,102.575,101.353,98.333,135.000,100.208,61.000,128.829,other,0,-1,18,0
3067,117,99.421,92.568,101.776,103.828,102.617,98.862,124.000,102.833,78.000,110.171,other,0,-1,19,0
3068,195,82.697,77.468,88.507,104.733,103.521,99.318,117.000,104.458,47.000,85.143,other,0,-1,20,0
3069,109,117.337,104.434,105.433,107.217,106.059,100.104,195.000,110.625,67.000,75.143,other,0,-1,21,0
3070,58,66.347,67.871,72.580,108.166,107.008,100.570,109.000,112.375,22.000,65.229,other,0,-1,22,0
3071,56,54.373,52.506,58.666,109.028,107.867,101.017,58.000,113.875,44.000,63.543,other,0,-1,23,0
3072,57,53.700,53.569,56.615,109.542,108.367,101.392,56.000,114.375,82.000,61.694,other,0,-1,0,1
3073,77,54.412,54.940,56.125,109.354,108.194,101.628,57.000,113.333,45.000,62.000,other,0,-1,1,1
3074,68,66.066,66.782,59.844,109.991,108.876,102.038,77.000,114.667,75.000,62.222,other,0,-1,2,1
3075,112,65.383,64.941,59.409,110.064,108.973,102.329,68.000,114.375,81.000,61.389,other,0,-1,3,1
3076,67,96.975,90.180,72.666,110.687,109.639,102.735,112.000,115.667,38.000,63.583,other,0,-1,4,1
3077,48,68.082,67.546,67.323,111.281,110.276,103.135,67.000,116.875,51.000,65.139,other,0,-1,5,1
3078,59,65.232,63.932,69.210,111.411,110.433,103.438,48.000,116.750,65.000,66.417,other,0,-1,6,1
3079,69,74.469,74.280,79.774,111.498,110.545,103.732,59.000,116.500,84.000,77.639,other,0,-1,7,1
3080,74,88.158,89.019,92.067,111.455,110.522,103.999,69.000,115.875,75.000,91.833,other,0,-1,8,1
3081,125,106.100,107.843,103.982,111.614,110.709,104.309,74.000,115.833,89.000,109.944,other,0,-1,9,1
3082,114,131.862,135.610,136.205,112.310,111.450,104.730,125.000,117.333,102.000,131.361,other,0,-1,10,1
3083,93,146.169,148.445,140.756,112.657,111.832,105.079,114.000,117.833,167.000,148.500,other,0,-1,11,1
3084,133,157.451,154.899,137.055,111.759,110.925,105.167,93.000,114.750,126.000,174.389,other,0,-1,12,1
3085,190,169.517,165.397,160.141,112.035,111.231,105.501,133.000,115.042,281.000,191.778,other,0,-1,13,1
3086,133,186.417,184.751,190.630,110.890,110.069,105.538,190.000,111.250,228.000,190.222,other,0,-1,14,1
3087,249,165.624,160.583,152.268,109.688,108.847,105.563,133.000,107.292,204.000,183.056,other,0,-1,15,1
3088,138,207.706,205.985,208.874,110.514,109.723,106.011,249.000,109.167,158.000,168.806,other,0,-1,16,1
3089,152,144.373,140.181,133.776,110.398,109.625,106.263,138.000,108.333,135.000,158.750,other,0,-1,17,1
3090,188,127.731,127.604,128.355,110.818,110.082,106.627,152.000,109.042,124.000,131.639,other,0,-1,18,1
3091,91,118.351,124.818,132.398,111.920,111.243,107.133,188.000,111.708,117.000,103.944,other,0,-1,19,1
3092,99,93.433,86.348,85.962,111.717,111.056,107.366,91.000,110.625,195.000,92.389,other,0,-1,20,1
3093,108,78.134,76.454,80.862,110.500,109.818,107.388,99.000,106.625,109.000,77.389,other,0,-1,21,1
3094,64,71.001,74.937,75.636,110.660,110.005,107.697,108.000,106.583,58.000,64.944,other,0,-1,22,1
3095,58,61.677,61.447,57.671,110.920,110.297,108.028,64.000,106.833,56.000,62.889,other,0,-1,23,1
3096,52,59.090,60.293,51.709,111.123,110.529,108.346,58.000,106.917,57.000,59.639,other,0,-1,0,2
3097,82,57.656,59.527,52.546,110.928,110.386,108.382,52.000,106.708,77.000,64.167,other,0,-1,1,2
3098,61,68.614,72.226,57.261,110.877,110.393,108.448,82.000,106.917,68.000,56.194,other,0,-1,2,2
3099,42,63.842,65.055,53.740,110.652,110.221,108.478,61.000,106.625,112.000,60.528,other,0,-1,3,2
3100,62,61.572,59.760,52.227,109.515,109.103,108.318,42.000,103.708,67.000,62.444,other,0,-1,4,2
3101,32,69.008,67.168,60.038,109.319,108.961,108.354,62.000,103.500,48.000,62.833,other,0,-1,5,2
3102,92,71.275,63.246,59.415,108.964,108.653,108.356,32.000,102.833,59.000,70.472,other,0,-1,6,2
3103,80,87.895,82.521,82.067,109.319,109.080,108.507,92.000,104.208,69.000,78.639,other,0,-1,7,2
3104,73,97.572,88.499,88.953,109.355,109.177,108.591,80.000,104.667,74.000,89.639,other,0,-1,8,2
3105,89,115.158,104.880,98.193,109.217,109.094,108.640,73.000,104.625,125.000,104.833,other,0,-1,9,2
3106,119,133.708,126.347,115.889,108.572,108.487,108.582,89.000,103.125,114.000,127.694,other,0,-1,10,2
3107,152,151.398,145.631,139.606,108.521,108.494,108.648,119.000,103.333,93.000,145.361,other,0,-1,11,2
3108,116,167.052,162.533,163.563,109.253,109.311,108.877,152.000,105.792,133.000,159.222,other,0,-1,12,2
3109,125,166.020,163.994,151.251,108.883,108.988,108.877,116.000,105.083,190.000,182.222,other,0,-1,13,2
3110,180,165.363,164.547,153.856,107.818,107.946,108.732,125.000,102.375,133.000,185.000,other,0,-1,14,2
3111,257,170.370,175.613,174.245,108.376,108.583,108.925,180.000,104.333,249.000,172.750,other,0,-1,15,2
3112,165,201.372,213.055,204.696,108.368,108.635,109.000,257.000,104.667,138.000,158.694,other,0,-1,16,2
3113,94,145.824,150.744,143.682,108.636,108.972,109.133,165.000,105.792,152.000,148.139,other,0,-1,17,2
3114,143,130.137,120.951,101.536,107.673,108.034,109.008,94.000,103.375,188.000,124.722,other,0,-1,18,2
3115,111,109.938,115.445,111.185,106.897,107.292,108.923,143.000,101.500,91.000,108.833,other,0,-1,19,2
3116,75,93.775,93.263,89.617,107.064,107.524,109.035,111.000,102.333,99.000,89.361,other,0,-1,20,2
3117,92,81.518,74.920,70.117,106.593,107.097,109.013,75.000,101.333,108.000,75.500,other,0,-1,21,2
3118,50,67.752,71.151,67.442,106.238,106.789,109.016,92.000,100.667,64.000,67.139,other,0,-1,22,2
3119,97,61.285,56.983,50.751,105.912,106.511,109.025,50.000,100.083,58.000,62.722,other,0,-1,23,2
3120,52,63.425,71.115,56.632,106.353,107.028,109.194,97.000,101.708,52.000,61.389,other,0,-1,0,3
3121,54,54.343,57.852,55.709,106.026,106.742,108.945,52.000,101.708,82.000,64.194,other,0,-1,1,3
3122,46,55.558,59.463,54.809,105.292,106.035,108.612,54.000,100.542,61.000,65.056,other,0,-1,2,3
3123,51,56.137,57.888,53.556,104.748,105.524,108.318,46.000,99.917,42.000,61.583,other,0,-1,3,3
3124,44,59.607,60.480,56.326,104.550,105.373,108.096,51.000,100.292,62.000,61.250,other,0,-1,4,3
3125,38,62.188,59.824,58.373,103.962,104.816,107.793,44.000,99.542,32.000,63.500,other,0,-1,5,3
3126,86,68.740,61.931,62.296,103.721,104.620,107.563,38.000,99.792,92.000,67.778,other,0,-1,6,3
3127,80,82.077,78.440,81.961,103.306,104.244,107.296,86.000,99.542,80.000,79.889,other,0,-1,7,3
3128,122,94.057,85.629,90.303,102.979,103.957,107.047,80.000,99.542,73.000,92.417,other,0,-1,8,3
3129,61,114.519,107.836,116.600,103.361,104.405,106.947,122.000,101.583,89.000,115.000,other,0,-1,9,3
3130,171,131.236,126.242,108.035,102.628,103.699,106.614,61.000,100.417,119.000,126.583,other,0,-1,10,3
3131,110,157.629,155.691,161.487,103.053,104.192,106.522,171.000,102.583,152.000,145.861,other,0,-1,11,3
3132,151,158.251,158.274,146.283,102.117,103.276,106.146,110.000,100.833,116.000,168.111,other,0,-1,12,3
3133,159,168.879,169.781,167.222,102.296,103.514,106.004,151.000,102.292,125.000,177.472,other,0,-1,13,3
3134,926,170.382,171.109,170.312,102.461,103.738,105.858,159.000,103.708,180.000,176.694,inside,1,0,14,3
3135,740,412.620,378.682,435.315,112.940,114.634,107.866,926.000,134.792,257.000,173.972,inside,1,1,15,3
3136,979,405.114,364.830,405.643,119.609,121.589,109.079,740.000,154.917,165.000,162.111,inside,1,2,16,3
3137,183,407.064,376.876,437.693,131.073,133.505,111.292,979.000,188.833,94.000,150.028,after,1,3,17,3
3138,154,146.701,140.483,144.043,132.035,134.553,111.313,183.000,192.542,143.000,132.389,after,1,4,18,3
3139,87,116.488,108.590,109.741,131.867,134.431,111.098,154.000,193.000,111.000,108.528,after,1,5,19,3
3140,96,83.135,70.568,70.994,131.191,133.785,110.776,87.000,192.000,75.000,100.083,after,1,6,20,3
3141,47,72.051,59.108,60.353,131.168,133.813,110.591,96.000,192.875,92.000,85.306,after,1,7,21,3
3142,50,56.367,40.445,44.611,130.188,132.852,110.206,47.000,191.000,50.000,74.778,after,1,8,22,3
3143,49,50.683,35.399,40.096,129.861,132.566,109.958,50.000,191.000,97.000,70.444,after,1,9,23,3
3144,41,47.836,33.066,37.004,128.838,131.560,109.564,49.000,189.000,52.000,60.917,after,1,10,0,4
3145,52,42.957,32.166,35.529,128.393,131.105,109.170,41.000,188.542,54.000,56.972,after,1,11,1,4
3146,68,48.358,36.928,36.132,128.079,130.786,108.802,52.000,188.458,46.000,51.583,after,1,12,2,4
3147,43,58.134,45.103,38.727,128.112,130.826,108.508,68.000,189.375,51.000,54.556,after,1,13,3,4
3148,40,52.474,40.799,39.264,127.711,130.417,108.122,43.000,189.042,44.000,57.139,after,1,14,4,4
3149,74,55.986,44.257,43.815,127.367,130.068,107.749,40.000,188.875,38.000,54.694,after,1,15,5,4
3150,34,73.199,60.997,57.975,127.604,130.318,107.497,74.000,190.375,86.000,65.167,after,1,16,6,4
3151,77,71.002,58.510,61.587,126.565,129.249,106.979,34.000,188.208,80.000,74.667,after,1,17,7,4
3152,81,94.572,82.421,89.102,126.236,128.915,106.608,77.000,188.083,122.000,86.667,after,1,18,8,4
3153,53,111.192,101.818,109.952,125.357,128.011,106.123,81.000,186.375,61.000,109.861,after,1,19,9,4
3154,128,118.183,118.239,118.050,124.956,127.602,105.738,53.000,186.042,171.000,125.222,after,1,20,10,4
3155,100,157.946,155.795,167.873,124.048,126.668,105.247,128.000,184.250,110.000,147.361,after,1,21,11,4
3156,134,156.264,153.561,166.810,123.617,126.228,104.855,100.000,183.833,151.000,161.111,after,1,22,12,4
3157,212,175.703,164.966,187.051,123.086,125.684,104.443,134.000,183.125,159.000,174.694,after,1,23,13,4
3158,80,211.935,204.699,223.668,123.568,126.189,104.242,212.000,185.333,926.000,178.167,after,1,24,14,4
3159,149,138.398,138.635,144.692,111.028,113.217,101.321,80.000,150.083,740.000,172.583,after,1,25,15,4
3160,125,148.585,146.948,156.581,102.181,104.068,99.172,149.000,125.458,979.000,165.472,after,1,26,16,4
3161,118,128.672,127.867,127.023,89.524,90.977,96.228,125.000,89.875,183.000,138.861,other,0,-1,17,4
3162,138,109.446,112.105,111.004,88.298,89.713,95.670,118.000,87.167,154.000,121.333,other,0,-1,18,4
3163,105,87.925,103.612,106.587,87.780,89.184,95.261,138.000,86.500,87.000,101.944,other,0,-1,19,4
3164,83,71.915,81.225,84.795,87.756,89.164,94.954,105.000,87.250,96.000,84.222,other,0,-1,20,4
3165,71,58.351,65.144,70.895,87.282,88.680,94.553,83.000,86.708,47.000,70.889,other,0,-1,21,4
3166,40,46.799,54.862,62.230,87.345,88.750,94.265,71.000,87.708,50.000,63.889,other,0,-1,22,4
3167,68,40.467,42.697,51.566,86.914,88.311,93.873,40.000,87.292,49.000,57.111,other,0,-1,23,4
3168,42,35.804,49.392,53.636,86.904,88.307,93.570,68.000,88.083,41.000,38.722,other,0,-1,0,5
3169,40,33.307,43.277,32.865,86.891,88.247,93.371,42.000,88.125,52.000,42.139,other,0,-1,1,5
3170,34,35.016,44.370,33.030,86.689,87.993,93.133,40.000,87.625,68.000,43.389,other,0,-1,2,5
3171,44,36.064,43.492,33.389,86.168,87.409,92.829,34.000,86.208,43.000,43.528,other,0,-1,3,5
3172,39,41.764,48.449,38.238,86.154,87.349,92.630,44.000,86.250,40.000,42.111,other,0,-1,4,5
3173,58,42.762,47.482,41.409,86.112,87.260,92.425,39.000,86.208,74.000,43.028,other,0,-1,5,5
3174,50,51.695,56.873,52.578,85.852,86.946,92.175,58.000,85.542,34.000,55.167,other,0,-1,6,5
3175,54,55.247,58.402,57.845,86.056,87.111,92.022,50.000,86.208,77.000,63.917,other,0,-1,7,5
3176,81,66.887,68.410,68.034,85.694,86.692,91.751,54.000,85.250,81.000,81.722,other,0,-1,8,5
3177,104,83.427,90.044,89.512,85.666,86.617,91.549,81.000,85.250,53.000,98.167,other,0,-1,9,5
3178,107,103.125,113.953,111.856,86.377,87.308,91.502,104.000,87.375,128.000,102.556,other,0,-1,10,5
3179,148,120.963,126.923,123.025,86.045,86.918,91.236,107.000,86.500,100.000,122.722,other,0,-1,11,5
3180,106,142.810,155.527,155.348,86.712,87.563,91.180,148.000,88.500,134.000,141.028,other,0,-1,12,5
3181,151,146.225,138.602,133.382,86.278,87.069,90.894,106.000,87.333,212.000,161.333,other,0,-1,13,5
3182,117,155.004,156.528,160.154,85.366,86.080,90.507,151.000,84.792,80.000,179.778,other,0,-1,14,5
3183,190,147.604,140.008,135.565,85.874,86.561,90.418,117.000,86.333,149.000,180.472,other,0,-1,15,5
3184,99,146.916,160.582,168.600,86.440,87.101,90.340,190.000,88.042,125.000,165.833,other,0,-1,16,5
3185,55,119.960,118.046,105.611,86.035,86.637,90.060,99.000,86.958,118.000,148.556,other,0,-1,17,5
3186,124,106.652,99.462,76.231,85.095,85.618,89.667,55.000,84.333,138.000,114.861,other,0,-1,18,5
3187,69,81.085,93.031,88.281,84.864,85.334,89.423,124.000,83.750,105.000,90.528,other,0,-1,19,5
3188,100,69.786,69.458,61.226,84.314,84.719,89.113,69.000,82.250,83.000,74.972,other,0,-1,20,5
3189,40,51.157,64.011,62.506,84.532,84.900,88.963,100.000,82.958,71.000,60.444,other,0,-1,21,5
3190,28,44.844,44.572,45.196,84.055,84.361,88.667,40.000,81.667,40.000,52.389,other,0,-1,22,5
3191,29,36.773,37.496,40.398,83.853,84.106,88.429,28.000,81.167,68.000,44.139,other,0,-1,23,5
3192,31,31.493,35.759,38.519,83.260,83.447,88.109,29.000,79.542,42.000,32.472,other,0,-1,0,6
3193,24,31.560,36.912,32.447,83.351,83.479,88.186,31.000,79.083,40.000,34.500,other,0,-1,1,6
3194,21,32.085,36.848,32.593,83.370,83.436,88.247,24.000,78.417,34.000,33.361,other,0,-1,2,6
3195,28,33.732,37.682,34.246,83.431,83.437,88.317,21.000,77.875,44.000,35.222,other,0,-1,3,6
3196,16,38.101,41.878,39.039,83.450,83.394,88.379,28.000,77.208,39.000,34.028,other,0,-1,4,6
3197,55,37.881,39.493,40.539,83.367,83.246,88.419,16.000,76.250,58.000,36.611,other,0,-1,5,6
3198,42,52.248,57.421,57.144,83.574,83.398,88.519,55.000,76.125,50.000,38.694,other,0,-1,6,6
3199,52,52.916,56.983,59.768,83.708,83.474,88.605,42.000,75.792,54.000,47.194,other,0,-1,7,6
3200,45,64.461,69.206,70.629,83.930,83.641,88.708,52.000,75.708,81.000,59.167,other,0,-1,8,6
3201,56,80.625,78.066,74.985,83.658,83.298,88.709,45.000,74.208,104.000,78.778,other,0,-1,9,6
3202,89,98.992,91.883,86.150,83.213,82.775,88.674,56.000,72.208,107.000,101.278,other,0,-1,10,6
3203,85,117.260,113.777,108.353,83.203,82.701,88.729,89.000,71.458,148.000,121.778,other,0,-1,11,6
3204,117,131.085,119.758,110.273,82.540,81.954,88.648,85.000,68.833,106.000,140.833,other,0,-1,12,6
3205,194,144.296,138.750,131.286,82.950,82.315,88.791,117.000,69.292,151.000,148.472,other,0,-1,13,6
3206,108,170.271,180.349,184.308,83.823,83.156,89.030,194.000,71.083,117.000,156.639,other,0,-1,14,6
3207,175,146.081,137.114,122.030,83.943,83.218,89.113,108.000,70.708,190.000,153.306,other,0,-1,15,6
3208,190,141.623,152.198,157.415,83.976,83.190,89.177,175.000,70.083,99.000,133.083,other,0,-1,16,6
3209,80,129.169,143.952,153.886,85.545,84.750,89.562,190.000,73.875,55.000,123.667,other,0,-1,17,6
3210,91,104.221,100.491,81.755,86.157,85.322,89.747,80.000,74.917,124.000,102.583,other,0,-1,18,6
3211,91,85.223,84.820,73.899,85.929,85.024,89.757,91.000,73.542,69.000,79.889,other,0,-1,19,6
3212,55,67.857,69.743,63.296,86.498,85.550,89.933,91.000,74.458,100.000,59.111,other,0,-1,20,6
3213,34,56.753,54.247,48.361,86.097,85.072,89.907,55.000,72.583,40.000,47.306,other,0,-1,21,6
3214,29,47.025,44.047,41.251,86.260,85.179,89.998,34.000,72.333,28.000,35.306,other,0,-1,22,6
3215,23,39.313,39.178,38.694,86.525,85.390,90.111,29.000,72.375,29.000,32.556,other,0,-1,23,6
3216,52,35.460,37.049,36.902,86.688,85.497,90.203,23.000,72.125,31.000,61.343,other,0,-1,0,0
3217,29,42.192,47.259,45.964,87.333,86.131,90.604,52.000,73.000,24.000,59.743,other,0,-1,1,0
3218,29,38.412,42.153,42.470,87.745,86.526,90.958,29.000,73.208,21.000,61.829,other,0,-1,2,0
3219,49,40.937,44.697,44.783,88.201,86.965,91.321,29.000,73.542,28.000,63.543,other,0,-1,3,0
3220,77,50.755,55.456,53.104,88.846,87.600,91.723,49.000,74.417,16.000,60.000,other,0,-1,4,0
3221,44,67.470,72.459,66.634,90.070,88.834,92.246,77.000,76.958,55.000,77.171,other,0,-1,5,0
3222,41,51.997,58.944,64.045,90.250,88.988,92.551,44.000,76.500,42.000,77.686,other,0,-1,6,0
3223,65,57.572,64.926,70.636,90.576,89.293,92.886,41.000,76.458,52.000,91.543,other,0,-1,7,0
3224,111,71.883,84.620,87.067,91.105,89.807,93.264,65.000,77.000,45.000,101.114,other,0,-1,8,0
3225,124,98.900,118.616,115.874,92.401,91.116,93.802,111.000,79.750,56.000,122.829,other,0,-1,9,0
3226,113,118.397,137.299,131.392,93.726,92.455,94.346,124.000,82.583,89.000,137.200,other,0,-1,10,0
3227,163,131.376,141.302,132.650,94.414,93.134,94.757,113.000,83.583,85.000,150.314,other,0,-1,11,0
3228,203,161.592,170.055,166.622,95.884,94.623,95.331,163.000,86.833,117.000,163.229,other,0,-1,12,0
3229,194,191.000,195.096,195.081,97.470,96.232,95.930,203.000,90.417,194.000,172.800,other,0,-1,13,0
3230,262,182.145,184.474,187.996,97.810,96.552,96.268,194.000,90.417,108.000,172.257,other,0,-1,14,0
3231,148,232.379,227.640,230.530,100.381,99.180,97.073,262.000,96.833,175.000,183.343,other,0,-1,15,0
3232,126,154.151,145.865,146.268,100.330,99.094,97.329,148.000,95.708,190.000,162.143,other,0,-1,16,0
3233,126,139.096,127.410,124.607,99.743,98.455,97.474,126.000,93.042,80.000,148.800,other,0,-1,17,0
3234,130,120.209,111.103,113.609,100.750,99.464,97.952,126.000,94.958,91.000,128.829,other,0,-1,18,0
3235,109,100.647,94.807,103.433,101.655,100.368,98.408,130.000,96.583,91.000,110.171,other,0,-1,19,0
3236,137,84.313,77.715,85.590,102.256,100.957,98.801,109.000,97.333,55.000,85.143,other,0,-1,20,0
3237,123,77.922,77.729,85.498,103.784,102.506,99.387,137.000,100.750,34.000,75.143,other,0,-1,21,0
3238,66,72.316,74.293,76.272,105.414,104.160,99.995,123.000,104.458,29.000,65.229,other,0,-1,22,0
3239,47,56.904,55.968,60.421,106.290,105.034,100.445,66.000,106.000,23.000,63.543,other,0,-1,23,0
3240,42,53.295,51.744,55.268,106.978,105.713,100.856,47.000,107.000,52.000,61.694,other,0,-1,0,1
3241,64,52.135,50.791,54.166,107.007,105.765,101.138,42.000,106.583,29.000,62.000,other,0,-1,1,1
3242,23,60.363,61.571,58.088,107.688,106.492,101.557,64.000,108.042,29.000,62.222,other,0,-1,2,1
3243,46,52.090,48.963,51.908,107.775,106.604,101.851,23.000,107.792,49.000,61.389,other,0,-1,3,1
3244,53,59.044,58.074,58.704,107.905,106.761,102.154,46.000,107.667,77.000,63.583,other,0,-1,4,1
3245,36,62.807,62.452,64.464,107.732,106.603,102.394,53.000,106.667,44.000,65.139,other,0,-1,5,1
3246,81,64.021,61.235,66.527,107.790,106.685,102.682,36.000,106.333,41.000,66.417,other,0,-1,6,1
3247,44,78.459,81.476,86.207,108.543,107.486,103.115,81.000,108.000,65.000,77.639,other,0,-1,7,1
3248,93,88.395,85.511,84.129,108.413,107.374,103.364,44.000,107.125,111.000,91.833,other,0,-1,8,1
3249,94,106.579,111.114,110.870,108.326,107.306,103.622,93.000,106.375,124.000,109.944,other,0,-1,9,1
3250,116,125.785,129.956,121.780,108.065,107.058,103.844,94.000,105.125,113.000,131.361,other,0,-1,10,1
3251,154,145.462,148.562,141.182,108.283,107.305,104.165,116.000,105.250,163.000,148.500,other,0,-1,11,1
3252,130,166.174,166.817,167.927,108.326,107.372,104.450,154.000,104.875,203.000,174.389,other,0,-1,12,1
3253,130,168.140,164.556,158.000,107.443,106.479,104.542,130.000,101.833,194.000,191.778,other,0,-1,13,1
3254,205,169.436,163.965,156.302,106.689,105.722,104.660,130.000,99.167,262.000,190.222,other,0,-1,14,1
3255,191,184.390,186.929,192.529,106.038,105.069,104.800,205.000,96.792,148.000,183.056,other,0,-1,15,1
3256,233,166.755,170.149,173.723,106.835,105.916,105.243,191.000,98.583,126.000,168.806,other,0,-1,16,1
3257,130,174.637,179.541,184.146,108.559,107.722,105.879,233.000,103.042,126.000,158.750,other,0,-1,17,1
3258,78,127.601,121.844,117.348,108.790,107.983,106.203,130.000,103.208,130.000,131.639,other,0,-1,18,1
3259,129,113.072,100.186,89.214,108.211,107.406,106.358,78.000,101.042,109.000,103.944,other,0,-1,19,1
3260,116,92.166,91.098,98.314,108.675,107.907,106.731,129.000,101.875,137.000,92.389,other,0,-1,20,1
3261,77,79.005,79.300,86.032,108.544,107.795,106.980,116.000,101.000,123.000,77.389,other,0,-1,21,1
3262,94,68.607,65.459,66.925,108.052,107.307,107.153,77.000,99.083,66.000,64.944,other,0,-1,22,1
3263,59,66.577,69.478,64.983,108.632,107.929,107.550,94.000,100.250,47.000,62.889,other,0,-1,23,1
3264,66,59.549,59.458,52.378,108.979,108.310,107.899,59.000,100.750,42.000,59.639,other,0,-1,0,2
3265,71,60.128,63.190,55.483,109.204,108.602,108.022,66.000,101.750,64.000,64.167,other,0,-1,1,2
3266,112,64.084,66.656,55.409,109.182,108.639,108.094,71.000,102.042,23.000,56.194,other,0,-1,2,2
3267,84,90.314,87.608,65.100,110.348,109.906,108.415,112.000,105.750,46.000,60.528,other,0,-1,3,2
3268,78,75.611,74.460,61.542,110.775,110.408,108.581,84.000,107.333,53.000,62.444,other,0,-1,4,2
3269,52,74.573,72.515,64.619,111.014,110.715,108.708,78.000,108.375,36.000,62.833,other,0,-1,5,2
3270,76,72.342,66.893,64.746,111.122,110.887,108.807,52.000,109.042,81.000,70.472,other,0,-1,6,2
3271,67,84.207,78.054,78.482,110.927,110.744,108.843,76.000,108.833,44.000,78.639,other,0,-1,7,2
3272,82,97.214,87.032,85.721,111.136,111.021,108.964,67.000,109.792,93.000,89.639,other,0,-1,8,2
3273,166,115.206,104.966,101.573,110.854,110.788,108.981,82.000,109.333,94.000,104.833,other,0,-1,9,2
3274,126,152.094,134.706,147.672,111.774,111.800,109.250,166.000,112.333,116.000,127.694,other,0,-1,10,2
3275,140,152.007,145.923,142.266,111.795,111.882,109.332,126.000,112.750,154.000,145.361,other,0,-1,11,2
3276,174,164.639,160.983,157.271,111.469,111.604,109.340,140.000,112.167,130.000,159.222,other,0,-1,12,2
3277,200,176.198,175.313,177.936,111.983,112.196,109.524,174.000,114.000,130.000,182.222,other,0,-1,13,2
3278,185,182.536,187.119,190.453,112.874,113.178,109.787,200.000,116.917,205.000,185.000,other,0,-1,14,2
3279,109,170.845,177.906,176.488,112.461,112.810,109.778,185.000,116.083,191.000,172.750,other,0,-1,15,2
3280,249,155.730,149.054,130.279,111.150,111.513,109.581,109.000,112.667,233.000,158.694,other,0,-1,16,2
3281,131,175.510,201.178,187.655,111.258,111.685,109.680,249.000,113.333,130.000,148.139,other,0,-1,17,2
3282,101,129.883,127.022,117.711,111.149,111.632,109.734,131.000,113.375,78.000,124.722,other,0,-1,18,2
3283,136,114.887,106.157,96.250,111.359,111.909,109.855,101.000,114.333,129.000,108.833,other,0,-1,19,2
3284,76,93.288,101.751,100.773,111.337,111.946,109.927,136.000,114.625,116.000,89.361,other,0,-1,20,2
3285,95,83.416,75.777,72.551,110.635,111.279,109.857,76.000,112.958,77.000,75.500,other,0,-1,21,2
3286,60,69.002,73.115,70.995,110.772,111.481,109.963,95.000,113.708,94.000,67.139,other,0,-1,22,2
3287,44,62.269,60.069,55.367,110.156,110.904,109.911,60.000,112.292,59.000,62.722,other,0,-1,23,2
3288,56,57.474,54.670,47.429,109.816,110.611,109.917,44.000,111.667,66.000,61.389,other,0,-1,0,3
3289,57,55.979,59.875,59.590,109.343,110.175,109.638,56.000,111.250,71.000,64.194,other,0,-1,1,3
3290,52,57.169,61.219,58.357,108.813,109.678,109.347,57.000,110.667,112.000,65.056,other,0,-1,2,3
3291,26,58.215,60.476,57.299,107.616,108.492,108.917,52.000,108.167,84.000,61.583,other,0,-1,3,3
3292,47,57.874,54.155,53.800,106.448,107.336,108.493,26.000,105.750,78.000,61.250,other,0,-1,4,3
3293,58,63.315,61.026,60.786,105.671,106.585,108.150,47.000,104.458,52.000,63.500,other,0,-1,5,3
3294,36,70.229,66.555,68.256,105.430,106.389,107.920,58.000,104.708,76.000,67.778,other,0,-1,6,3
3295,55,81.401,69.199,69.751,104.523,105.503,107.550,36.000,103.042,67.000,79.889,other,0,-1,7,3
3296,68,95.414,83.001,83.476,104.022,105.036,107.265,55.000,102.542,82.000,92.417,other,0,-1,8,3
3297,118,112.877,101.961,98.343,103.491,104.540,106.974,68.000,101.958,166.000,115.000,other,0,-1,9,3
3298,61,130.671,126.663,128.450,102.468,103.534,106.580,118.000,99.958,126.000,126.583,other,0,-1,10,3
3299,192,147.300,147.521,120.060,101.199,102.273,106.135,61.000,97.250,140.000,145.861,other,0,-1,11,3
3300,115,175.068,177.989,181.056,101.624,102.766,106.044,192.000,99.417,174.000,168.111,other,0,-1,12,3
3301,117,164.393,162.139,153.482,100.442,101.596,105.616,115.000,96.958,200.000,177.472,other,0,-1,13,3
3302,314,163.558,159.421,152.786,98.912,100.065,105.117,117.000,93.500,185.000,176.694,other,0,-1,14,3
3303,151,278.254,262.533,242.641,100.453,101.712,105.258,314.000,98.875,109.000,173.972,other,0,-1,15,3
3304,215,154.476,154.319,153.187,100.734,102.055,105.137,151.000,100.625,249.000,162.111,other,0,-1,16,3
3305,193,150.850,174.747,171.154,99.914,101.259,104.785,215.000,99.208,131.000,150.028,other,0,-1,17,3
3306,136,125.618,150.815,147.335,100.484,101.902,104.724,193.000,101.792,101.000,132.389,other,0,-1,18,3
3307,118,102.053,110.249,109.768,100.663,102.141,104.581,136.000,103.250,136.000,108.528,other,0,-1,19,3
3308,100,84.468,92.048,92.180,100.075,101.584,104.278,118.000,102.500,76.000,100.083,other,0,-1,20,3
3309,909,69.827,76.453,77.235,100.095,101.658,104.102,100.000,103.500,95.000,85.306,inside,1,0,21,3
3310,383,391.927,426.837,409.977,111.559,113.574,106.316,909.000,137.417,60.000,74.778,inside,1,1,22,3
3311,378,284.981,307.582,176.549,115.910,118.129,107.045,383.000,150.875,44.000,70.444,inside,1,2,23,3
3312,349,285.703,256.407,165.578,120.421,122.850,107.806,378.000,164.792,56.000,60.917,inside,1,3,0,4
3313,409,277.386,247.810,143.225,124.380,126.953,108.332,349.000,177.000,57.000,56.972,inside,1,4,1,4
3314,485,353.814,265.421,176.359,129.194,131.940,109.035,409.000,191.667,52.000,51.583,inside,1,5,2,4
3315,46,440.809,281.769,230.107,135.181,138.142,109.984,485.000,209.708,26.000,54.556,after,1,6,3,4
3316,68,49.388,61.260,58.289,135.186,138.152,109.683,46.000,210.542,47.000,57.139,after,1,7,4,4
3317,77,59.542,69.890,65.924,135.204,138.178,109.386,68.000,211.417,58.000,54.694,after,1,8,5,4
3318,65,66.278,72.941,73.016,135.194,138.173,109.082,77.000,212.208,36.000,65.167,after,1,9,6,4
3319,55,68.976,70.671,76.358,135.329,138.319,108.809,65.000,213.417,55.000,74.667,after,1,10,7,4
3320,79,81.360,77.422,81.801,135.044,138.029,108.448,55.000,213.417,68.000,86.667,after,1,11,8,4
3321,96,98.958,98.005,101.011,134.918,137.905,108.120,79.000,213.875,118.000,109.861,after,1,12,9,4
3322,90,118.266,121.492,120.361,134.314,137.286,107.692,96.000,212.958,61.000,125.222,after,1,13,10,4
3323,187,134.733,138.074,129.600,134.449,137.431,107.419,90.000,214.167,192.000,147.361,after,1,14,11,4
3324,114,186.290,180.815,185.081,134.091,137.067,107.043,187.000,213.958,115.000,161.111,after,1,15,12,4
3325,175,158.461,153.879,153.825,133.791,136.762,106.678,114.000,213.917,117.000,174.694,after,1,16,13,4
3326,159,176.808,173.303,182.472,134.346,137.342,106.493,175.000,216.333,314.000,178.167,after,1,17,14,4
3327,169,164.003,159.773,166.543,131.815,134.729,105.663,159.000,209.875,151.000,172.583,after,1,18,15,4
3328,303,153.343,155.179,161.499,131.791,134.710,105.356,169.000,210.625,215.000,165.472,after,1,19,16,4
3329,126,322.864,241.318,222.672,132.780,135.740,105.261,303.000,214.292,193.000,138.861,after,1,20,17,4
3330,115,108.358,116.883,116.300,131.524,134.446,104.697,126.000,211.500,136.000,121.333,after,1,21,18,4
3331,116,88.990,101.428,100.057,130.935,133.842,104.273,115.000,210.625,118.000,101.944,after,1,22,19,4
3332,39,70.588,93.231,90.331,130.620,133.522,103.905,116.000,210.542,100.000,84.222,after,1,23,20,4
3333,71,64.381,63.158,62.016,129.451,132.319,103.360,39.000,208.000,909.000,70.889,after,1,24,21,4
3334,62,46.936,58.906,62.084,117.027,119.467,100.463,71.000,173.083,383.000,63.889,after,1,25,22,4
3335,75,39.287,50.486,54.800,112.091,114.365,99.131,62.000,159.708,378.000,57.111,after,1,26,23,4
3336,33,37.623,52.306,53.515,107.417,109.534,97.853,75.000,147.083,349.000,38.722,after,1,27,0,5
3337,25,32.378,39.217,30.362,102.811,104.722,96.696,33.000,133.917,409.000,42.139,after,1,28,1,5
3338,58,32.501,37.354,28.185,97.220,98.891,95.333,25.000,117.917,485.000,43.389,after,1,29,2,5
3339,66,45.305,50.649,34.646,91.006,92.416,93.839,58.000,100.125,46.000,43.528,other,0,-1,3,5
3340,48,52.378,55.842,40.279,91.268,92.641,93.698,66.000,100.958,68.000,42.111,other,0,-1,4,5
3341,48,46.299,49.160,41.284,90.950,92.267,93.436,48.000,100.125,77.000,43.028,other,0,-1,5,5
3342,49,49.410,51.627,47.978,90.502,91.758,93.146,48.000,98.917,65.000,55.167,other,0,-1,6,5
3343,45,55.829,57.181,56.545,90.242,91.443,92.896,49.000,98.250,55.000,63.917,other,0,-1,7,5
3344,71,67.505,65.490,64.567,90.069,91.219,92.664,45.000,97.833,79.000,81.722,other,0,-1,8,5
3345,124,83.850,86.024,85.530,89.925,91.025,92.438,71.000,97.500,96.000,98.167,other,0,-1,9,5
3346,76,108.296,124.748,124.575,90.303,91.370,92.321,124.000,98.667,90.000,102.556,other,0,-1,10,5
3347,62,120.007,114.254,108.039,90.072,91.086,92.077,76.000,98.083,187.000,122.722,other,0,-1,11,5
3348,152,130.676,119.054,108.118,88.233,89.137,91.498,62.000,92.875,114.000,141.028,other,0,-1,12,5
3349,181,153.748,158.919,164.354,88.755,89.633,91.411,152.000,94.458,175.000,161.333,other,0,-1,13,5
3350,268,165.551,172.812,182.455,88.814,89.648,91.227,181.000,94.708,159.000,179.778,other,0,-1,14,5
3351,131,225.810,236.132,235.712,90.365,91.208,91.355,268.000,99.250,169.000,180.472,other,0,-1,15,5
3352,136,137.052,135.321,136.032,89.786,90.564,91.039,131.000,97.667,303.000,165.833,other,0,-1,16,5
3353,181,120.385,124.744,123.463,87.339,87.986,90.332,136.000,90.708,126.000,148.556,other,0,-1,17,5
3354,87,104.454,125.406,129.036,88.108,88.736,90.297,181.000,93.000,115.000,114.861,other,0,-1,18,5
3355,69,82.904,83.768,74.487,87.674,88.242,90.010,87.000,91.833,116.000,90.528,other,0,-1,19,5
3356,70,66.887,66.047,59.939,86.965,87.463,89.666,69.000,89.875,39.000,74.972,other,0,-1,20,5
3357,51,50.930,53.919,53.676,87.386,87.853,89.559,70.000,91.167,71.000,60.444,other,0,-1,21,5
3358,58,40.684,42.714,45.586,87.068,87.479,89.296,51.000,90.333,62.000,52.389,other,0,-1,22,5
3359,33,33.769,40.976,43.763,86.982,87.344,89.083,58.000,90.167,75.000,44.139,other,0,-1,23,5
3360,25,29.458,33.630,37.697,86.346,86.640,88.754,33.000,88.417,33.000,32.472,other,0,-1,0,6
3361,37,28.764,31.361,29.799,86.480,86.717,88.839,25.000,88.083,25.000,34.500,other,0,-1,1,6
3362,37,34.387,38.273,33.481,86.904,87.094,88.985,37.000,88.583,58.000,33.361,other,0,-1,2,6
3363,12,37.703,40.707,35.998,86.850,86.975,89.031,37.000,87.708,66.000,35.222,other,0,-1,3,6
3364,27,32.755,33.192,34.123,86.318,86.362,88.978,12.000,85.458,48.000,34.028,other,0,-1,4,6
3365,42,39.294,40.313,41.893,86.264,86.244,89.024,27.000,84.583,48.000,36.611,other,0,-1,5,6
3366,33,46.883,49.037,51.920,86.428,86.351,89.115,42.000,84.333,49.000,38.694,other,0,-1,6,6
3367,31,50.835,51.577,56.048,86.446,86.307,89.177,33.000,83.667,45.000,47.194,other,0,-1,7,6
3368,41,62.931,60.698,62.535,86.494,86.294,89.244,31.000,83.083,71.000,59.167,other,0,-1,8,6
3369,95,79.734,74.924,73.377,86.309,86.041,89.263,41.000,81.833,124.000,78.778,other,0,-1,9,6
3370,71,100.471,106.990,105.785,86.139,85.803,89.285,95.000,80.625,76.000,101.278,other,0,-1,10,6
3371,81,116.830,104.978,99.548,86.317,85.924,89.379,71.000,80.417,62.000,121.778,other,0,-1,11,6
3372,122,133.082,116.884,108.990,86.843,86.406,89.546,81.000,81.208,152.000,140.833,other,0,-1,12,6
3373,136,146.393,139.872,135.491,86.659,86.153,89.565,122.000,79.958,181.000,148.472,other,0,-1,13,6
3374,199,151.229,147.607,143.990,86.257,85.675,89.539,136.000,78.083,268.000,156.639,other,0,-1,14,6
3375,143,165.246,176.009,183.994,85.508,84.837,89.440,199.000,75.208,131.000,153.306,other,0,-1,15,6
3376,121,135.933,139.390,136.796,85.932,85.213,89.586,143.000,75.708,136.000,133.083,other,0,-1,16,6
3377,55,119.083,121.371,112.791,85.965,85.185,89.650,121.000,75.083,181.000,123.667,other,0,-1,17,6
3378,77,108.383,99.131,73.632,84.390,83.493,89.378,55.000,69.833,87.000,102.583,other,0,-1,18,6
3379,66,87.659,83.922,70.685,84.495,83.540,89.458,77.000,69.417,69.000,79.889,other,0,-1,19,6
3380,45,71.208,67.500,58.634,84.702,83.691,89.558,66.000,69.292,70.000,59.111,other,0,-1,20,6
3381,63,58.344,53.418,48.461,84.590,83.513,89.592,45.000,68.250,51.000,47.306,other,0,-1,21,6
3382,37,45.677,48.353,48.860,85.014,83.889,89.738,63.000,68.750,58.000,35.306,other,0,-1,22,6
3383,27,39.384,40.318,42.615,84.960,83.771,89.784,37.000,67.875,33.000,32.556,other,0,-1,23,6
3384,43,35.858,37.522,40.353,85.124,83.878,89.876,27.000,67.625,25.000,61.343,other,0,-1,0,0
3385,72,39.564,43.443,47.826,85.725,84.467,90.269,43.000,68.375,37.000,59.743,other,0,-1,1,0
3386,80,56.259,62.206,55.573,86.572,85.311,90.713,72.000,69.833,37.000,61.829,other,0,-1,2,0
3387,67,66.373,71.230,60.750,87.535,86.276,91.181,80.000,71.625,12.000,63.543,other,0,-1,3,0
3388,54,60.417,65.709,61.823,88.672,87.420,91.686,67.000,73.917,27.000,60.000,other,0,-1,4,0
3389,47,53.988,60.485,63.729,89.403,88.144,92.106,54.000,75.042,42.000,77.171,other,0,-1,5,0
3390,61,52.766,60.514,68.037,89.816,88.538,92.460,47.000,75.250,33.000,77.686,other,0,-1,6,0
3391,65,61.373,72.935,79.777,90.562,89.278,92.883,61.000,76.417,31.000,91.543,other,0,-1,7,0
3392,63,71.827,85.346,89.114,91.394,90.107,93.324,65.000,77.833,41.000,101.114,other,0,-1,8,0
3393,67,87.967,99.412,96.013,92.053,90.756,93.729,63.000,78.750,95.000,122.829,other,0,-1,9,0
3394,172,107.672,114.898,104.516,91.988,90.656,93.983,67.000,77.583,71.000,137.200,other,0,-1,10,0
3395,138,159.756,173.666,166.887,93.791,92.490,94.627,172.000,81.792,81.000,150.314,other,0,-1,11,0
3396,176,151.353,157.107,151.172,94.957,93.664,95.138,138.000,84.167,122.000,163.229,other,0,-1,12,0
3397,209,173.029,177.623,176.729,96.079,94.793,95.639,176.000,86.417,136.000,172.800,other,0,-1,13,0
3398,184,191.187,194.681,197.818,97.477,96.207,96.199,209.000,89.458,199.000,172.257,other,0,-1,14,0
3399,183,170.362,171.695,176.609,97.600,96.301,96.492,184.000,88.833,143.000,183.343,other,0,-1,15,0
3400,168,158.222,159.849,168.268,98.520,97.221,96.951,183.000,90.500,121.000,162.143,other,0,-1,16,0
3401,210,138.997,138.666,148.401,99.541,98.245,97.432,168.000,92.458,55.000,148.800,other,0,-1,17,0
3402,138,137.733,137.265,158.219,102.126,100.888,98.239,210.000,98.917,77.000,128.829,other,0,-1,18,0
3403,98,99.485,96.653,105.920,103.350,102.122,98.762,138.000,101.458,66.000,110.171,other,0,-1,19,0
3404,80,83.566,76.890,80.733,104.154,102.921,99.197,98.000,102.792,45.000,85.143,other,0,-1,20,0
3405,96,70.430,64.685,68.058,105.001,103.765,99.641,80.000,104.250,63.000,75.143,other,0,-1,21,0
3406,70,63.359,64.295,66.337,105.819,104.580,100.080,96.000,105.625,37.000,65.229,other,0,-1,22,0
3407,63,56.680,57.319,57.147,106.638,105.394,100.518,70.000,107.000,27.000,63.543,other,0,-1,23,0
3408,41,55.913,57.184,54.114,107.499,106.253,100.965,63.000,108.500,43.000,61.694,other,0,-1,0,1
3409,34,51.305,50.860,49.590,107.644,106.425,101.272,41.000,108.417,72.000,62.000,other,0,-1,1,1
3410,77,51.429,50.698,47.900,107.268,106.057,101.469,34.000,106.833,80.000,62.222,other,0,-1,2,1
3411,57,69.576,69.252,57.643,107.398,106.214,101.772,77.000,106.708,67.000,61.389,other,0,-1,3,1
3412,57,62.220,62.168,56.883,107.427,106.266,102.054,57.000,106.292,54.000,63.583,other,0,-1,4,1
3413,77,63.651,63.888,62.033,107.645,106.513,102.376,57.000,106.417,47.000,65.139,other,0,-1,5,1
3414,38,72.809,74.439,74.190,108.253,107.165,102.779,77.000,107.667,61.000,66.417,other,0,-1,6,1
3415,68,73.103,70.325,72.135,108.094,107.022,103.021,38.000,106.708,65.000,77.639,other,0,-1,7,1
3416,95,87.568,89.252,90.392,108.311,107.269,103.343,68.000,106.833,63.000,91.833,other,0,-1,8,1
3417,132,107.165,111.730,111.146,108.949,107.950,103.752,95.000,108.167,67.000,109.944,other,0,-1,9,1
3418,150,133.144,137.623,138.913,110.064,109.127,104.261,132.000,110.875,172.000,131.361,other,0,-1,10,1
3419,135,154.710,156.586,158.357,109.920,108.999,104.507,150.000,109.958,138.000,148.500,other,0,-1,11,1
3420,180,162.264,162.150,157.765,110.050,109.156,104.810,135.000,109.833,176.000,174.389,other,0,-1,12,1
3421,152,182.449,180.650,185.882,110.282,109.417,105.134,180.000,110.000,209.000,191.778,other,0,-1,13,1
3422,230,173.591,170.125,168.435,109.630,108.765,105.274,152.000,107.625,184.000,190.222,other,0,-1,14,1
3423,188,201.217,201.458,207.808,110.470,109.656,105.726,230.000,109.542,183.000,183.056,other,0,-1,15,1
3424,182,166.853,168.383,172.184,110.717,109.933,106.053,188.000,109.750,168.000,168.806,other,0,-1,16,1
3425,621,150.319,151.978,155.688,111.094,110.345,106.408,182.000,110.333,210.000,158.750,inside,1,0,17,1
3426,324,390.950,353.003,378.639,117.221,116.708,107.964,621.000,127.458,138.000,131.639,inside,1,1,18,1
3427,512,260.397,217.329,198.110,120.090,119.698,108.839,324.000,135.208,98.000,103.944,inside,1,2,19,1
3428,289,355.467,308.966,289.160,126.261,126.106,110.403,512.000,152.458,80.000,92.389,inside,1,3,20,1
3429,207,220.969,179.207,129.068,129.462,129.441,111.348,289.000,161.167,96.000,77.389,inside,1,4,21,1
3430,87,137.779,134.023,81.769,131.244,131.307,111.996,207.000,165.792,70.000,64.944,after,1,5,22,1
3431,55,66.172,79.995,45.236,131.665,131.764,112.360,87.000,166.500,63.000,62.889,after,1,6,23,1
3432,56,60.025,71.989,36.407,131.723,131.846,112.648,55.000,166.167,41.000,59.639,after,1,7,0,2
3433,63,59.704,71.296,39.755,131.817,132.003,112.745,56.000,166.792,34.000,64.167,after,1,8,1,2
3434,55,63.071,75.288,40.388,132.113,132.370,112.883,63.000,168.000,77.000,56.194,after,1,9,2,2
3435,29,63.481,72.654,40.764,131.671,131.972,112.868,55.000,167.083,57.000,60.528,after,1,10,3,2
3436,88,61.504,63.919,40.537,131.143,131.485,112.834,29.000,165.917,57.000,62.444,after,1,11,4,2
3437,60,81.074,83.920,55.348,131.468,131.882,112.979,88.000,167.208,77.000,62.833,after,1,12,5,2
3438,65,76.062,73.416,58.124,131.099,131.559,112.979,60.000,166.500,38.000,70.472,after,1,13,6,2
3439,84,86.686,78.502,69.536,131.367,131.896,113.111,65.000,167.625,68.000,78.639,after,1,14,7,2
3440,145,103.963,90.761,87.670,131.475,132.068,113.211,84.000,168.292,95.000,89.639,after,1,15,8,2
3441,104,143.522,116.820,125.466,132.076,132.750,113.413,145.000,170.375,132.000,104.833,after,1,16,9,2
3442,143,142.965,126.724,126.365,131.547,132.262,113.380,104.000,169.208,150.000,127.694,after,1,17,10,2
3443,158,170.785,147.778,158.325,131.322,132.090,113.410,143.000,168.917,135.000,145.361,after,1,18,11,2
3444,208,185.306,164.408,176.814,131.532,132.367,113.530,158.000,169.875,180.000,159.222,after,1,19,12,2
3445,200,219.621,188.466,207.553,131.815,132.719,113.666,208.000,171.042,152.000,182.222,after,1,20,13,2
3446,131,204.873,188.192,201.969,132.387,133.370,113.862,200.000,173.042,230.000,185.000,after,1,21,14,2
3447,183,163.689,161.737,158.083,130.829,131.819,113.614,131.000,168.917,188.000,172.750,after,1,22,15,2
3448,203,171.272,169.589,170.502,130.634,131.676,113.650,183.000,168.708,182.000,158.694,after,1,23,16,2
3449,196,165.410,168.798,164.050,130.814,131.923,113.764,203.000,169.583,621.000,148.139,after,1,24,17,2
3450,96,138.183,154.666,144.727,124.535,125.484,112.530,196.000,151.875,324.000,124.722,after,1,25,18,2
3451,70,115.437,106.190,92.772,121.108,121.998,111.891,96.000,142.375,512.000,108.833,after,1,26,19,2
3452,54,101.834,88.113,78.514,114.582,115.304,110.605,70.000,123.958,289.000,89.361,after,1,27,20,2
3453,78,87.777,73.533,66.944,111.055,111.714,109.945,54.000,114.167,207.000,75.500,after,1,28,21,2
3454,48,70.346,67.842,65.731,109.063,109.712,109.606,78.000,108.792,87.000,67.139,other,0,-1,22,2
3455,59,63.718,57.275,52.153,108.374,109.060,109.539,48.000,107.167,55.000,62.722,other,0,-1,23,2
3456,33,58.079,57.737,49.906,108.309,109.052,109.602,59.000,107.333,56.000,61.389,other,0,-1,0,3
3457,41,55.496,53.097,55.388,107.648,108.421,109.284,33.000,106.375,63.000,64.194,other,0,-1,1,3
3458,25,55.405,55.576,55.374,107.002,107.804,108.969,41.000,105.458,55.000,65.056,other,0,-1,2,3
3459,55,55.700,52.411,52.384,106.240,107.068,108.629,25.000,104.208,29.000,61.583,other,0,-1,3,3
3460,64,61.596,61.844,59.429,106.289,107.172,108.459,55.000,105.292,88.000,61.250,other,0,-1,4,3
3461,48,66.425,65.866,64.553,105.613,106.525,108.138,64.000,104.292,60.000,63.500,other,0,-1,5,3
3462,66,69.983,64.109,65.975,105.112,106.059,107.853,48.000,103.792,65.000,67.778,other,0,-1,6,3
3463,76,80.287,73.622,77.514,104.798,105.788,107.608,66.000,103.833,84.000,79.889,other,0,-1,7,3
3464,65,94.281,85.310,89.747,104.355,105.381,107.335,76.000,103.500,145.000,92.417,other,0,-1,8,3
3465,66,113.390,102.053,97.396,102.868,103.896,106.844,65.000,100.167,104.000,115.000,other,0,-1,9,3
3466,119,132.158,126.532,109.905,101.990,103.039,106.480,66.000,98.583,143.000,126.583,other,0,-1,10,3
3467,110,147.356,147.718,141.105,101.315,102.393,106.159,119.000,97.583,158.000,145.861,other,0,-1,11,3
3468,163,158.699,159.003,147.025,100.292,101.387,105.765,110.000,95.583,208.000,168.111,other,0,-1,12,3
3469,133,171.130,173.527,172.945,99.312,100.426,105.381,163.000,93.708,200.000,177.472,other,0,-1,13,3
3470,140,165.713,163.113,159.320,98.014,99.135,104.929,133.000,90.917,131.000,176.694,other,0,-1,14,3
3471,130,161.684,159.493,156.572,97.817,98.984,104.708,140.000,91.292,183.000,173.972,other,0,-1,15,3
3472,130,150.739,148.258,142.439,96.721,97.903,104.299,130.000,89.083,203.000,162.111,other,0,-1,16,3
3473,122,137.216,136.675,130.842,95.336,96.522,103.829,130.000,86.042,196.000,150.028,other,0,-1,17,3
3474,165,120.750,121.005,116.324,93.936,95.126,103.357,122.000,82.958,96.000,132.389,other,0,-1,18,3
3475,93,99.867,125.676,122.950,94.608,95.874,103.317,165.000,85.833,70.000,108.528,other,0,-1,19,3
3476,103,86.815,86.716,86.217,94.614,95.933,103.138,93.000,86.792,54.000,100.083,other,0,-1,20,3
3477,56,68.814,79.955,81.208,94.996,96.381,103.037,103.000,88.833,78.000,85.306,other,0,-1,21,3
3478,87,61.420,59.336,62.087,94.349,95.765,102.722,56.000,87.917,48.000,74.778,other,0,-1,22,3
3479,58,50.314,64.269,64.185,94.587,96.063,102.591,87.000,89.542,59.000,70.444,other,0,-1,23,3
3480,54,45.534,52.198,53.613,94.245,95.761,102.340,58.000,89.500,33.000,60.917,other,0,-1,0,4
3481,74,43.803,54.304,49.141,94.263,95.787,102.042,54.000,90.375,41.000,56.972,other,0,-1,1,4
3482,56,51.854,64.223,52.139,94.456,95.992,101.781,74.000,91.750,25.000,51.583,other,0,-1,2,4
3483,38,48.675,57.579,49.157,94.620,96.168,101.514,56.000,93.042,55.000,54.556,other,0,-1,3,4
3484,35,46.880,51.655,47.523,94.088,95.623,101.101,38.000,92.333,64.000,57.139,other,0,-1,4,4
3485,49,49.972,51.925,50.259,93.383,94.899,100.652,35.000,91.125,48.000,54.694,other,0,-1,5,4
3486,61,56.917,58.475,58.794,93.112,94.625,100.294,49.000,91.167,66.000,65.167,other,0,-1,6,4
3487,106,66.267,66.982,69.767,92.754,94.260,99.918,61.000,90.958,76.000,74.667,other,0,-1,7,4
3488,69,84.095,90.667,95.723,92.904,94.421,99.647,106.000,92.208,65.000,86.667,other,0,-1,8,4
3489,115,97.157,95.441,94.307,92.676,94.191,99.298,69.000,92.375,66.000,109.861,other,0,-1,9,4
3490,110,116.459,126.211,125.970,93.101,94.637,99.085,115.000,94.417,119.000,125.222,other,0,-1,10,4
3491,229,133.967,142.261,135.706,92.685,94.212,98.697,110.000,94.042,110.000,147.361,other,0,-1,11,4
3492,220,197.335,213.364,203.890,94.124,95.707,98.696,229.000,99.000,163.000,161.111,other,0,-1,12,4
3493,126,190.554,207.710,203.322,94.664,96.272,98.507,220.000,101.375,133.000,174.694,other,0,-1,13,4
3494,182,163.659,155.278,155.175,94.277,95.878,98.125,126.000,101.083,140.000,178.167,other,0,-1,14,4
3495,178,168.009,171.170,176.784,94.600,96.218,97.891,182.000,102.833,130.000,172.583,other,0,-1,15,4
3496,135,154.472,158.947,165.155,95.010,96.648,97.675,178.000,104.833,130.000,165.472,other,0,-1,16,4
3497,126,132.302,130.406,132.151,94.797,96.434,97.329,135.000,105.042,122.000,138.861,other,0,-1,17,4
3498,76,112.123,113.649,115.409,94.570,96.204,96.980,126.000,105.208,165.000,121.333,other,0,-1,18,4
3499,141,98.716,89.547,86.914,92.995,94.581,96.350,76.000,101.500,93.000,101.944,other,0,-1,19,4
3500,36,71.936,93.978,98.934,93.405,95.011,96.134,141.000,103.500,103.000,84.222,other,0,-1,20,4
3501,82,70.641,57.742,62.740,92.150,93.717,95.570,36.000,100.708,56.000,70.889,other,0,-1,21,4
3502,87,48.910,57.454,68.115,92.241,93.817,95.287,82.000,101.792,87.000,63.889,other,0,-1,22,4
3503,52,42.173,56.250,64.812,91.956,93.528,94.926,87.000,101.792,58.000,57.111,other,0,-1,23,4
3504,48,37.271,42.943,54.368,91.583,93.149,94.547,52.000,101.542,54.000,38.722,other,0,-1,0,5
3505,12,37.183,43.967,37.102,91.468,92.984,94.327,48.000,101.292,74.000,42.139,other,0,-1,1,5
3506,50,33.548,34.062,31.202,90.542,91.980,93.938,12.000,98.708,56.000,43.389,other,0,-1,2,5
3507,28,43.365,48.480,39.138,90.427,91.816,93.718,50.000,98.458,38.000,43.528,other,0,-1,3,5
3508,46,39.686,41.310,37.185,90.254,91.592,93.486,28.000,98.042,35.000,42.111,other,0,-1,4,5
3509,18,47.018,49.208,45.049,90.385,91.682,93.318,46.000,98.500,49.000,43.028,other,0,-1,5,5
3510,35,47.603,43.677,43.238,89.908,91.143,93.022,18.000,97.208,61.000,55.167,other,0,-1,6,5
3511,34,56.976,53.768,54.140,89.503,90.679,92.742,35.000,96.125,106.000,63.917,other,0,-1,7,5
3512,65,70.881,63.154,61.491,88.432,89.525,92.322,34.000,93.125,69.000,81.722,other,0,-1,8,5
3513,66,85.968,84.018,82.651,88.346,89.391,92.109,65.000,92.958,115.000,98.167,other,0,-1,9,5
3514,184,105.279,98.258,92.793,87.608,88.582,91.759,66.000,90.917,110.000,102.556,other,0,-1,10,5
3515,173,149.460,178.574,172.983,88.652,89.617,91.781,184.000,94.000,229.000,122.722,other,0,-1,11,5
3516,101,152.258,172.704,172.933,87.813,88.703,91.410,173.000,91.667,220.000,141.028,other,0,-1,12,5
3517,132,146.367,136.672,131.137,86.061,86.844,90.848,101.000,86.708,126.000,161.333,other,0,-1,13,5
3518,226,153.841,148.109,149.462,86.120,86.860,90.665,132.000,86.958,182.000,179.778,other,0,-1,14,5
3519,196,181.011,196.723,205.028,86.729,87.445,90.596,226.000,88.792,178.000,180.472,other,0,-1,15,5
3520,211,149.665,163.120,173.215,86.962,87.641,90.449,196.000,89.542,135.000,165.833,other,0,-1,16,5
3521,174,136.637,157.240,165.953,88.034,88.705,90.477,211.000,92.708,126.000,148.556,other,0,-1,17,5
3522,77,103.557,121.574,125.360,88.702,89.351,90.421,174.000,94.708,76.000,114.861,other,0,-1,18,5
3523,61,84.560,82.854,71.102,88.688,89.291,90.222,77.000,94.750,141.000,90.528,other,0,-1,19,5
3524,82,69.511,65.965,57.479,87.501,88.017,89.778,61.000,91.417,36.000,74.972,other,0,-1,20,5
3525,29,52.194,56.684,55.573,88.139,88.633,89.716,82.000,93.333,82.000,60.444,other,0,-1,21,5
3526,40,45.827,40.849,40.688,87.343,87.764,89.354,29.000,91.125,87.000,52.389,other,0,-1,22,5
3527,36,36.236,37.060,39.281,86.635,86.985,89.010,40.000,89.167,52.000,44.139,other,0,-1,23,5
3528,15,32.266,34.855,36.416,86.375,86.670,88.760,36.000,88.500,48.000,32.472,other,0,-1,0,6
3529,37,30.175,29.168,25.911,86.147,86.372,88.770,15.000,87.125,12.000,34.500,other,0,-1,1,6
3530,15,36.185,38.050,31.179,86.759,86.944,88.955,37.000,88.167,50.000,33.361,other,0,-1,2,6
3531,45,33.123,32.661,29.437,86.503,86.615,88.959,15.000,86.708,28.000,35.222,other,0,-1,3,6
3532,27,44.935,45.687,39.535,86.999,87.067,89.120,45.000,87.417,46.000,34.028,other,0,-1,4,6
3533,18,40.887,40.571,40.282,86.974,86.979,89.172,27.000,86.625,18.000,36.611,other,0,-1,5,6
3534,31,43.424,41.571,43.907,87.224,87.175,89.282,18.000,86.625,35.000,38.694,other,0,-1,6,6
3535,68,52.266,51.527,54.443,87.417,87.312,89.379,31.000,86.458,34.000,47.194,other,0,-1,7,6
3536,97,67.634,73.535,75.989,88.160,88.018,89.592,68.000,87.875,65.000,59.167,other,0,-1,8,6
3537,110,86.863,98.426,98.460,88.873,88.694,89.798,97.000,89.208,66.000,78.778,other,0,-1,9,6
3538,143,105.107,116.126,114.131,89.761,89.551,90.041,110.000,91.042,184.000,101.278,other,0,-1,10,6
3539,92,130.907,144.628,141.779,89.417,89.133,90.027,143.000,89.333,173.000,121.778,other,0,-1,11,6
3540,112,131.812,122.659,115.359,88.494,88.115,89.891,92.000,85.958,101.000,140.833,other,0,-1,12,6
3541,153,144.487,136.660,129.440,88.904,88.476,90.034,112.000,86.417,132.000,148.472,other,0,-1,13,6
3542,151,155.676,155.588,155.818,89.458,88.988,90.207,153.000,87.292,226.000,156.639,other,0,-1,14,6
3543,85,149.555,151.129,150.106,88.622,88.060,90.090,151.000,84.167,196.000,153.306,other,0,-1,15,6
3544,134,134.635,128.289,103.708,87.264,86.593,89.864,85.000,79.542,211.000,133.083,other,0,-1,16,6
3545,138,120.877,126.370,120.053,86.399,85.635,89.741,134.000,76.333,174.000,123.667,other,0,-1,17,6
3546,78,102.965,111.649,107.995,86.128,85.292,89.741,138.000,74.833,77.000,102.583,other,0,-1,18,6
3547,76,89.603,87.391,70.647,86.393,85.503,89.854,78.000,74.875,61.000,79.889,other,0,-1,19,6
3548,97,72.311,71.886,60.514,86.860,85.925,90.009,76.000,75.500,82.000,59.111,other,0,-1,20,6
3549,21,57.173,64.269,59.023,87.328,86.346,90.164,97.000,76.125,29.000,47.306,other,0,-1,21,6
3550,30,51.864,46.867,40.421,87.462,86.423,90.249,21.000,75.792,40.000,35.306,other,0,-1,22,6
3551,38,42.201,42.864,40.069,87.568,86.470,90.329,30.000,75.375,36.000,32.556,other,0,-1,23,6
3552,103,39.379,44.088,40.598,87.847,86.696,90.445,38.000,75.458,15.000,61.343,other,0,-1,0,0
3553,49,70.207,78.275,60.336,89.462,88.335,91.049,103.000,79.125,37.000,59.743,other,0,-1,1,0
3554,53,46.706,54.183,48.811,89.976,88.834,91.424,49.000,79.625,15.000,61.829,other,0,-1,2,0
3555,48,51.794,59.160,52.445,90.867,89.723,91.877,53.000,81.208,45.000,63.543,other,0,-1,3,0
3556,94,51.619,58.578,55.218,91.250,90.088,92.225,48.000,81.333,27.000,60.000,other,0,-1,4,0
3557,67,80.150,87.076,74.618,92.561,91.412,92.766,94.000,84.125,18.000,77.171,other,0,-1,5,0
3558,53,61.687,72.628,73.218,93.611,92.466,93.252,67.000,86.167,31.000,77.686,other,0,-1,6,0
3559,122,60.567,72.122,76.333,94.270,93.115,93.657,53.000,87.083,68.000,91.543,other,0,-1,7,0
3560,70,99.670,117.288,113.001,95.392,94.244,94.159,122.000,89.333,97.000,101.114,other,0,-1,8,0
3561,118,88.931,103.505,98.716,95.342,94.159,94.416,70.000,88.208,110.000,122.829,other,0,-1,9,0
3562,129,115.744,135.785,129.023,95.798,94.599,94.779,118.000,88.542,143.000,137.200,other,0,-1,10,0
3563,228,135.065,149.501,141.770,95.935,94.708,95.075,129.000,87.958,92.000,150.314,other,0,-1,11,0
3564,147,222.676,220.028,209.473,98.245,97.067,95.824,228.000,93.625,112.000,163.229,other,0,-1,12,0
3565,132,162.890,163.562,158.912,99.093,97.911,96.269,147.000,95.083,153.000,172.800,other,0,-1,13,0
3566,177,163.367,157.393,148.703,99.129,97.916,96.544,132.000,94.208,151.000,172.257,other,0,-1,14,0
3567,90,168.130,169.989,172.352,99.845,98.625,96.961,177.000,95.292,85.000,183.343,other,0,-1,15,0
3568,227,152.239,137.212,115.528,100.258,99.020,97.314,90.000,95.500,134.000,162.143,other,0,-1,16,0
3569,152,165.350,169.849,185.462,101.945,100.733,97.934,227.000,99.375,138.000,148.800,other,0,-1,17,0
3570,125,118.530,120.289,126.976,102.488,101.263,98.315,152.000,99.958,78.000,128.829,other,0,-1,18,0
3571,95,99.834,98.640,102.062,103.509,102.287,98.795,125.000,101.917,76.000,110.171,other,0,-1,19,0
3572,101,84.839,80.848,81.477,104.125,102.891,99.191,95.000,102.708,97.000,85.143,other,0,-1,20,0
3573,102,71.221,72.075,75.230,104.523,103.271,99.542,101.000,102.875,21.000,75.143,other,0,-1,21,0
3574,57,65.422,69.840,70.301,106.037,104.805,100.125,102.000,106.250,30.000,65.229,other,0,-1,22,0
3575,144,56.162,57.330,56.616,106.768,105.529,100.545,57.000,107.375,38.000,63.543,other,0,-1,23,0
3576,50,105.419,101.604,78.240,108.644,107.437,101.204,144.000,111.792,103.000,61.694,other,0,-1,0,1
3577,54,53.471,56.481,53.913,108.050,106.845,101.356,50.000,109.583,49.000,62.000,other,0,-1,1,1
3578,71,56.890,60.170,54.526,108.296,107.122,101.684,54.000,109.792,53.000,62.222,other,0,-1,2,1
3579,53,67.037,69.224,59.777,108.731,107.593,102.050,71.000,110.542,48.000,61.389,other,0,-1,3,1
3580,79,61.251,63.156,59.249,108.977,107.870,102.378,53.000,110.750,94.000,63.583,other,0,-1,4,1
3581,70,73.274,75.307,70.475,108.934,107.847,102.645,79.000,110.125,67.000,65.139,other,0,-1,5,1
3582,49,70.119,73.885,75.117,109.151,108.094,102.966,70.000,110.250,53.000,66.417,other,0,-1,6,1
3583,81,72.977,74.551,77.374,109.267,108.236,103.267,49.000,110.083,122.000,77.639,other,0,-1,7,1
3584,76,88.097,93.777,96.597,108.847,107.823,103.455,81.000,108.375,70.000,91.833,other,0,-1,8,1
3585,94,104.822,109.882,104.994,109.108,108.115,103.785,76.000,108.625,118.000,109.944,other,0,-1,9,1
3586,89,124.969,131.087,122.223,108.934,107.957,104.025,94.000,107.625,129.000,131.361,other,0,-1,10,1
3587,138,142.315,146.137,128.627,108.529,107.560,104.216,89.000,105.958,228.000,148.500,other,0,-1,11,1
3588,158,161.930,163.098,159.147,107.399,106.412,104.256,138.000,102.208,147.000,174.389,other,0,-1,12,1
3589,107,173.842,172.798,173.081,107.732,106.779,104.602,158.000,102.667,132.000,191.778,other,0,-1,13,1
3590,230,165.521,159.615,144.221,107.544,106.606,104.839,107.000,101.625,177.000,190.222,other,0,-1,14,1
3591,148,203.441,202.125,207.797,108.486,107.603,105.311,230.000,103.833,90.000,183.056,other,0,-1,15,1
3592,168,158.700,155.163,150.509,109.500,108.674,105.799,148.000,106.250,227.000,168.806,other,0,-1,16,1
3593,132,146.708,148.141,149.178,108.819,107.991,105.933,168.000,103.792,152.000,158.750,other,0,-1,17,1
3594,135,127.448,123.067,120.326,108.703,107.893,106.185,132.000,102.958,125.000,131.639,other,0,-1,18,1
3595,111,108.746,107.216,111.773,109.022,108.245,106.527,135.000,103.375,95.000,103.944,other,0,-1,19,1
3596,63,92.127,88.729,94.656,109.428,108.687,106.888,111.000,104.042,101.000,92.389,other,0,-1,20,1
3597,108,81.302,71.590,73.385,109.051,108.319,107.086,63.000,102.458,102.000,77.389,other,0,-1,21,1
3598,35,70.876,74.853,79.084,109.312,108.611,107.416,108.000,102.708,57.000,64.944,other,0,-1,22,1
3599,36,62.075,55.520,54.288,109.168,108.483,107.662,35.000,101.792,144.000,62.889,other,0,-1,23,1
3600,62,57.089,54.121,47.934,107.777,107.066,107.647,36.000,97.292,50.000,59.639,other,0,-1,0,2
3601,71,59.111,62.275,55.550,107.828,107.178,107.735,62.000,97.792,54.000,64.167,other,0,-1,1,2
3602,68,64.125,67.143,56.199,107.951,107.365,107.837,71.000,98.500,71.000,56.194,other,0,-1,2,2
3603,41,66.139,67.266,56.049,107.784,107.252,107.879,68.000,98.375,53.000,60.528,other,0,-1,3,2
3604,43,61.265,59.169,52.990,107.487,107.005,107.894,41.000,97.875,79.000,62.444,other,0,-1,4,2
3605,49,65.057,61.395,56.873,106.842,106.397,107.836,43.000,96.375,70.000,62.833,other,0,-1,5,2
3606,74,71.558,66.136,63.497,106.414,106.015,107.824,49.000,95.500,49.000,70.472,other,0,-1,6,2
3607,56,83.315,77.475,77.337,106.653,106.322,107.950,74.000,96.542,81.000,78.639,other,0,-1,7,2
3608,144,96.870,85.994,81.815,106.168,105.879,107.926,56.000,95.500,76.000,89.639,other,0,-1,8,2
3609,111,127.791,114.893,123.955,107.029,106.831,108.183,144.000,98.333,94.000,104.833,other,0,-1,9,2
3610,157,133.900,125.902,124.014,107.152,107.018,108.285,111.000,99.042,89.000,127.694,other,0,-1,10,2
3611,121,156.889,148.591,155.715,108.014,107.969,108.542,157.000,101.875,138.000,145.361,other,0,-1,11,2
3612,241,161.336,159.498,148.348,107.645,107.647,108.542,121.000,101.167,158.000,159.222,other,0,-1,12,2
3613,185,214.420,202.966,212.073,108.724,108.823,108.844,241.000,104.625,107.000,182.222,other,0,-1,13,2
3614,156,175.382,181.442,182.545,109.730,109.925,109.131,185.000,107.875,230.000,185.000,other,0,-1,14,2
3615,258,164.716,167.919,161.481,108.535,108.748,108.958,156.000,104.792,148.000,172.750,other,0,-1,15,2
3616,150,195.811,213.984,205.169,110.005,110.329,109.342,258.000,109.375,168.000,158.694,other,0,-1,16,2
3617,117,145.719,145.559,136.977,109.621,109.991,109.339,150.000,108.625,132.000,148.139,other,0,-1,17,2
3618,216,131.807,123.406,111.423,109.281,109.698,109.344,117.000,108.000,135.000,124.722,other,0,-1,18,2
3619,102,124.146,160.142,144.373,110.331,110.845,109.640,216.000,111.375,111.000,108.833,other,0,-1,19,2
3620,122,97.074,90.692,87.141,110.077,110.642,109.664,102.000,111.000,63.000,89.361,other,0,-1,20,2
3621,71,79.839,86.969,85.577,110.808,111.459,109.894,122.000,113.458,108.000,75.500,other,0,-1,21,2
3622,68,71.069,65.905,62.874,110.149,110.836,109.833,71.000,111.917,35.000,67.139,other,0,-1,22,2
3623,86,62.498,61.428,56.415,110.504,111.263,109.984,68.000,113.292,36.000,62.722,other,0,-1,23,2
3624,56,61.634,67.221,55.877,111.105,111.945,110.186,86.000,115.375,62.000,61.389,other,0,-1,0,3
3625,47,56.450,59.809,59.776,110.690,111.569,109.919,56.000,115.125,71.000,64.194,other,0,-1,1,3
3626,85,56.089,57.899,56.698,110.015,110.923,109.598,47.000,114.125,68.000,65.056,other,0,-1,2,3
3627,56,68.791,73.862,64.104,109.934,110.891,109.401,85.000,114.833,41.000,61.583,other,0,-1,3,3
3628,37,61.912,62.756,59.852,109.823,110.829,109.198,56.000,115.458,43.000,61.250,other,0,-1,4,3
3629,108,63.203,58.620,59.141,109.409,110.453,108.931,37.000,115.208,49.000,63.500,other,0,-1,5,3
3630,71,85.881,85.092,81.495,109.936,111.051,108.861,108.000,117.667,74.000,67.778,other,0,-1,6,3
3631,87,81.152,74.916,79.215,109.564,110.720,108.603,71.000,117.542,56.000,79.889,other,0,-1,7,3
3632,106,95.252,87.360,93.604,109.686,110.898,108.448,87.000,118.833,144.000,92.417,other,0,-1,8,3
3633,107,112.809,105.223,111.646,108.808,110.042,108.084,106.000,117.250,111.000,115.000,other,0,-1,9,3
3634,110,131.154,125.977,124.854,108.422,109.695,107.824,107.000,117.083,157.000,126.583,other,0,-1,10,3
3635,132,147.793,147.047,138.128,107.413,108.704,107.433,110.000,115.125,121.000,145.861,other,0,-1,11,3
3636,187,161.021,161.995,155.925,107.245,108.583,107.217,132.000,115.583,241.000,168.111,other,0,-1,12,3
3637,104,178.905,182.040,183.679,106.135,107.487,106.805,187.000,113.333,185.000,177.472,other,0,-1,13,3
3638,135,163.011,156.791,148.064,104.634,105.986,106.312,104.000,109.958,156.000,176.694,other,0,-1,14,3
3639,224,161.328,158.224,154.327,104.002,105.385,106.000,135.000,109.083,258.000,173.972,other,0,-1,15,3
3640,126,172.778,189.118,186.190,103.182,104.589,105.648,224.000,107.667,150.000,162.111,other,0,-1,16,3
3641,148,137.585,136.261,129.905,102.507,103.943,105.327,126.000,106.667,117.000,150.028,other,0,-1,17,3
3642,122,120.416,129.151,127.630,102.628,104.121,105.172,148.000,107.958,216.000,132.389,other,0,-1,18,3
3643,83,102.370,107.618,106.348,100.939,102.425,104.639,122.000,104.042,102.000,108.528,other,0,-1,19,3
3644,95,88.674,85.491,83.706,100.336,101.854,104.333,83.000,103.250,122.000,100.083,other,0,-1,20,3
3645,60,70.394,77.295,79.419,99.617,101.163,104.002,95.000,102.125,71.000,85.306,other,0,-1,21,3
3646,62,61.417,60.297,63.399,99.130,100.712,103.720,60.000,101.667,68.000,74.778,other,0,-1,22,3
3647,67,51.367,55.324,58.636,98.715,100.335,103.454,62.000,101.417,86.000,70.444,other,0,-1,23,3
3648,76,46.823,54.267,55.576,98.112,99.764,103.148,67.000,100.625,56.000,60.917,other,0,-1,0,4
3649,60,49.897,61.947,53.420,98.117,99.774,102.847,76.000,101.458,47.000,56.972,other,0,-1,1,4
3650,51,48.129,56.897,49.420,98.020,99.680,102.525,60.000,102.000,85.000,51.583,other,0,-1,2,4
3651,54,48.246,54.576,48.151,97.242,98.881,102.061,51.000,100.583,56.000,54.556,other,0,-1,3,4
3652,39,51.529,56.576,50.796,96.928,98.562,101.694,54.000,100.500,37.000,57.139,other,0,-1,4,4
3653,64,51.363,52.732,51.304,96.671,98.302,101.339,39.000,100.583,108.000,54.694,other,0,-1,5,4
3654,73,60.186,63.015,62.859,95.749,97.353,100.845,64.000,98.750,71.000,65.167,other,0,-1,6,4
3655,47,68.376,70.557,73.698,95.492,97.094,100.490,73.000,98.833,87.000,74.667,other,0,-1,7,4
3656,54,81.354,75.047,75.600,94.627,96.205,100.007,47.000,97.167,106.000,86.667,other,0,-1,8,4
3657,135,98.978,93.463,89.229,93.589,95.136,99.489,54.000,95.000,107.000,109.861,other,0,-1,9,4
3658,131,120.115,133.680,135.715,93.709,95.266,99.213,135.000,96.167,110.000,125.222,other,0,-1,10,4
3659,246,136.566,149.063,146.093,93.728,95.292,98.915,131.000,97.042,132.000,147.361,other,0,-1,11,4
3660,220,215.385,227.861,214.173,95.094,96.711,98.899,246.000,101.792,187.000,161.111,other,0,-1,12,4
3661,122,190.300,208.278,204.228,95.287,96.916,98.637,220.000,103.167,104.000,174.694,other,0,-1,13,4
3662,234,164.120,154.379,154.414,95.262,96.897,98.331,122.000,103.917,135.000,178.167,other,0,-1,14,4
3663,180,189.791,205.660,206.301,96.411,98.092,98.269,234.000,108.042,224.000,172.583,other,0,-1,15,4
3664,256,155.148,160.010,166.639,95.488,97.143,97.775,180.000,106.208,126.000,165.472,other,0,-1,16,4
3665,142,171.516,199.790,194.663,97.086,98.802,97.807,256.000,111.625,148.000,138.861,other,0,-1,17,4
3666,120,112.009,117.481,122.307,96.714,98.423,97.428,142.000,111.375,122.000,121.333,other,0,-1,18,4
3667,160,92.596,96.437,100.997,96.400,98.103,97.061,120.000,111.292,83.000,101.944,other,0,-1,19,4
3668,109,73.802,102.737,104.117,97.230,98.968,96.932,160.000,114.500,95.000,84.222,other,0,-1,20,4
3669,53,59.050,71.648,78.541,97.147,98.889,96.614,109.000,115.083,60.000,70.889,other,0,-1,21,4
3670,70,52.548,49.394,59.093,96.761,98.495,96.231,53.000,114.792,62.000,63.889,other,0,-1,22,4
3671,48,42.004,49.321,58.050,96.591,98.325,95.894,70.000,115.125,67.000,57.111,other,0,-1,23,4
3672,40,37.705,41.299,50.406,96.031,97.751,95.476,48.000,114.333,76.000,38.722,other,0,-1,0,5
3673,48,36.229,40.442,32.475,95.481,97.137,95.165,40.000,112.833,60.000,42.139,other,0,-1,1,5
3674,45,40.031,45.253,34.178,95.279,96.882,94.927,48.000,112.333,51.000,43.389,other,0,-1,2,5
3675,50,41.974,45.808,35.197,95.164,96.718,94.707,45.000,112.083,54.000,43.528,other,0,-1,3,5
3676,42,46.318,49.140,39.167,95.078,96.584,94.494,50.000,111.917,39.000,42.111,other,0,-1,4,5
3677,61,46.232,47.279,41.880,95.093,96.554,94.301,42.000,112.042,64.000,43.028,other,0,-1,5,5
3678,57,55.045,56.986,53.247,95.022,96.435,94.090,61.000,111.917,73.000,55.167,other,0,-1,6,5
3679,106,59.058,60.007,60.276,94.762,96.121,93.840,57.000,111.250,47.000,63.917,other,0,-1,7,5
3680,74,80.789,90.552,90.709,95.588,96.931,93.817,106.000,113.708,54.000,81.722,other,0,-1,8,5
3681,93,86.467,87.471,87.596,95.850,97.156,93.676,74.000,114.542,135.000,98.167,other,0,-1,9,5
3682,341,105.134,108.956,107.932,95.214,96.452,93.347,93.000,112.792,131.000,102.556,inside,1,0,10,5
3683,695,312.241,328.894,288.179,98.228,99.526,93.781,341.000,121.542,246.000,122.722,inside,1,1,11,5
3684,1051,386.265,437.101,430.619,104.704,106.182,94.937,695.000,140.250,220.000,141.028,inside,1,2,12,5
3685,871,397.956,465.755,462.501,116.714,118.565,97.250,1051.000,174.875,122.000,161.333,inside,1,3,13,5
3686,1014,395.188,456.826,452.926,127.536,129.719,99.314,871.000,206.083,234.000,179.778,inside,1,4,14,5
3687,1547,396.963,464.163,462.049,138.807,141.337,101.472,1014.000,238.583,180.000,180.472,inside,1,5,15,5
3688,162,400.158,482.511,477.588,158.581,161.756,105.405,1547.000,295.542,256.000,165.833,after,1,6,16,5
3689,158,158.884,107.336,152.866,157.191,160.272,104.919,162.000,291.625,142.000,148.556,after,1,7,17,5
3690,60,133.545,82.283,129.427,157.395,160.437,104.766,158.000,292.292,120.000,114.861,after,1,8,18,5
3691,74,138.264,46.488,88.251,156.498,159.464,104.383,60.000,289.792,160.000,90.528,after,1,9,19,5
3692,36,98.413,32.946,84.864,155.224,158.100,103.921,74.000,286.208,109.000,74.972,after,1,10,20,5
3693,38,82.837,21.795,76.892,154.138,156.931,103.499,36.000,283.167,53.000,60.444,after,1,11,21,5
3694,44,61.273,15.659,74.146,153.893,156.632,103.252,38.000,282.542,70.000,52.389,after,1,12,22,5
3695,22,50.488,12.631,72.042,153.488,156.168,102.971,44.000,281.458,48.000,44.139,after,1,13,23,5
3696,19,44.977,10.217,69.177,153.083,155.703,102.691,22.000,280.375,40.000,32.472,after,1,14,0,6
3697,31,43.089,6.631,61.400,153.029,155.585,102.737,19.000,279.500,48.000,34.500,after,1,15,1,6
3698,24,47.823,7.938,61.667,153.033,155.527,102.795,31.000,278.792,45.000,33.361,after,1,16,2,6
3699,26,48.892,8.972,61.650,152.980,155.409,102.841,24.000,277.917,50.000,35.222,after,1,17,3,6
3700,23,52.642,11.453,62.283,152.882,155.246,102.878,26.000,276.917,42.000,34.028,after,1,18,4,6
3701,61,55.776,14.561,62.934,152.857,155.157,102.931,23.000,276.125,61.000,36.611,after,1,19,5,6
3702,46,71.660,26.438,69.367,153.107,155.354,103.040,61.000,276.125,57.000,38.694,after,1,20,6,6
3703,34,74.516,30.867,70.792,153.198,155.386,103.117,46.000,275.667,106.000,47.194,after,1,21,7,6
3704,65,89.200,39.302,72.605,152.406,154.503,103.008,34.000,272.667,74.000,59.167,after,1,22,8,6
3705,120,109.318,60.192,89.132,152.526,154.564,103.091,65.000,272.292,93.000,78.778,after,1,23,9,6
3706,107,132.259,101.035,124.435,153.167,155.166,103.282,120.000,273.417,341.000,101.278,after,1,24,10,6
3707,116,153.355,103.492,124.732,150.027,151.854,102.684,107.000,263.667,695.000,121.778,after,1,25,11,6
3708,128,166.314,115.875,135.517,141.890,143.371,101.042,116.000,239.542,1051.000,140.833,after,1,26,12,6
3709,140,166.122,129.257,145.616,128.770,129.731,98.359,128.000,201.083,871.000,148.472,after,1,27,13,6
3710,156,160.852,138.011,152.139,118.431,118.970,96.258,140.000,170.625,1014.000,156.639,after,1,28,14,6
3711,180,152.654,144.080,156.592,106.252,106.304,93.772,156.000,134.875,1547.000,153.306,after,1,29,15,6
3712,106,143.962,154.290,161.021,86.700,86.008,89.746,180.000,77.917,162.000,133.083,other,0,-1,16,6
3713,105,121.760,119.586,105.239,86.139,85.365,89.686,106.000,75.583,158.000,123.667,other,0,-1,17,6
3714,77,104.883,104.460,92.824,85.621,84.767,89.635,105.000,73.375,60.000,102.583,other,0,-1,18,6
3715,61,89.506,85.383,70.404,86.118,85.219,89.797,77.000,74.083,74.000,79.889,other,0,-1,19,6
3716,101,74.129,68.865,57.052,86.180,85.220,89.867,61.000,73.542,36.000,59.111,other,0,-1,20,6
3717,77,57.006,63.099,60.398,87.371,86.391,90.173,101.000,76.250,38.000,47.306,other,0,-1,21,6
3718,32,48.124,53.383,51.501,88.187,87.172,90.401,77.000,77.875,44.000,35.306,other,0,-1,22,6
3719,36,41.608,41.309,41.716,88.263,87.189,90.474,32.000,77.375,22.000,32.556,other,0,-1,23,6
3720,32,38.653,41.705,41.757,88.716,87.596,90.626,36.000,77.958,19.000,61.343,other,0,-1,0,0
3721,66,38.731,41.328,45.397,89.245,88.110,91.004,32.000,78.500,31.000,59.743,other,0,-1,1,0
3722,64,54.006,60.171,53.663,90.092,88.954,91.448,66.000,79.958,24.000,61.829,other,0,-1,2,0
3723,53,57.126,62.731,56.087,91.012,89.873,91.908,64.000,81.625,26.000,63.543,other,0,-1,3,0
3724,81,53.632,59.054,57.502,91.743,90.598,92.328,53.000,82.750,23.000,60.000,other,0,-1,4,0
3725,64,70.608,76.703,70.995,92.923,91.787,92.841,81.000,85.167,61.000,77.171,other,0,-1,5,0
3726,80,60.054,69.397,72.681,93.307,92.151,93.189,64.000,85.292,46.000,77.686,other,0,-1,6,0
3727,56,69.420,82.965,86.019,94.140,92.981,93.630,80.000,86.708,34.000,91.543,other,0,-1,7,0
3728,80,71.767,83.073,85.486,94.799,93.630,94.035,56.000,87.625,65.000,101.114,other,0,-1,8,0
3729,114,90.115,105.777,102.954,95.356,94.174,94.419,80.000,88.250,120.000,122.829,other,0,-1,9,0
3730,177,114.628,132.920,126.875,95.609,94.404,94.739,114.000,88.000,107.000,137.200,other,0,-1,10,0
3731,172,164.354,177.483,170.318,96.964,95.773,95.289,177.000,90.917,116.000,150.314,other,0,-1,11,0
3732,142,166.521,176.012,172.499,98.115,96.932,95.797,172.000,93.250,128.000,163.229,other,0,-1,12,0
3733,100,161.858,161.147,155.987,98.658,97.461,96.178,142.000,93.833,140.000,172.800,other,0,-1,13,0
3734,188,160.528,148.607,130.640,98.419,97.181,96.395,100.000,92.167,156.000,172.257,other,0,-1,14,0
3735,196,172.019,175.331,179.544,99.222,97.980,96.831,188.000,93.500,180.000,183.343,other,0,-1,15,0
3736,116,162.575,168.183,176.704,99.794,98.540,97.217,196.000,94.167,106.000,162.143,other,0,-1,16,0
3737,117,136.372,129.213,120.196,100.279,99.009,97.586,116.000,94.583,105.000,148.800,other,0,-1,17,0
3738,110,118.617,113.916,110.680,100.794,99.509,97.961,117.000,95.083,77.000,128.829,other,0,-1,18,0
3739,107,100.373,96.529,97.211,101.612,100.323,98.399,110.000,96.458,61.000,110.171,other,0,-1,19,0
3740,95,83.453,81.735,86.242,102.618,101.332,98.877,107.000,98.375,101.000,85.143,other,0,-1,20,0
3741,79,70.716,70.285,75.120,102.872,101.562,99.197,95.000,98.125,77.000,75.143,other,0,-1,21,0
3742,121,61.926,62.489,65.681,103.241,101.911,99.541,79.000,98.208,32.000,65.229,other,0,-1,22,0
3743,59,76.465,80.630,73.960,104.870,103.565,100.149,121.000,101.917,36.000,63.543,other,0,-1,23,0
3744,48,55.629,57.992,57.923,105.544,104.229,100.557,59.000,102.875,32.000,61.694,other,0,-1,0,1
3745,61,52.810,54.699,55.419,105.949,104.671,100.918,48.000,103.542,66.000,62.000,other,0,-1,1,1
3746,84,58.936,61.890,57.675,106.051,104.798,101.215,61.000,103.333,64.000,62.222,other,0,-1,2,1
3747,62,73.822,74.766,64.247,106.514,105.300,101.588,84.000,104.167,53.000,61.389,other,0,-1,3,1
3748,85,64.362,65.959,62.594,106.819,105.637,101.927,62.000,104.542,81.000,63.583,other,0,-1,4,1
3749,81,76.242,77.652,73.185,107.051,105.898,102.252,85.000,104.708,64.000,65.139,other,0,-1,5,1
3750,76,74.158,77.856,79.093,107.471,106.355,102.615,81.000,105.417,80.000,66.417,other,0,-1,6,1
3751,68,76.318,81.436,85.944,107.587,106.497,102.916,76.000,105.250,56.000,77.639,other,0,-1,7,1
3752,84,86.682,91.091,92.642,107.935,106.879,103.264,68.000,105.750,80.000,91.833,other,0,-1,8,1
3753,153,104.817,111.230,108.238,108.167,107.141,103.589,84.000,105.917,114.000,109.944,other,0,-1,9,1
3754,178,142.072,145.141,149.727,108.905,107.927,104.019,153.000,107.542,177.000,131.361,other,0,-1,10,1
3755,172,169.407,167.244,173.223,109.094,108.144,104.334,178.000,107.583,172.000,148.500,other,0,-1,11,1
3756,59,173.033,173.704,177.296,109.268,108.346,104.647,172.000,107.583,142.000,174.389,other,0,-1,12,1
3757,148,160.072,155.198,122.465,108.239,107.304,104.708,59.000,104.125,100.000,191.778,other,0,-1,13,1
3758,139,171.626,169.851,165.601,109.109,108.225,105.165,148.000,106.125,188.000,190.222,other,0,-1,14,1
3759,230,165.938,163.075,154.901,108.573,107.693,105.330,139.000,104.083,196.000,183.056,other,0,-1,15,1
3760,243,186.521,193.250,197.268,109.239,108.404,105.745,230.000,105.500,116.000,168.806,other,0,-1,16,1
3761,129,182.674,188.225,191.549,111.253,110.510,106.441,243.000,110.792,117.000,158.750,other,0,-1,17,1
3762,147,127.436,124.386,118.599,111.601,110.892,106.790,129.000,111.292,110.000,131.639,other,0,-1,18,1
3763,167,109.524,111.469,115.552,112.311,111.648,107.214,147.000,112.833,107.000,103.944,other,0,-1,19,1
3764,75,99.077,105.526,113.262,113.354,112.750,107.708,167.000,115.333,95.000,92.389,other,0,-1,20,1
3765,56,80.427,75.332,73.836,113.238,112.652,107.960,75.000,114.500,79.000,77.389,other,0,-1,21,1
3766,75,70.284,65.192,61.653,113.079,112.509,108.203,56.000,113.542,121.000,64.944,other,0,-1,22,1
3767,68,63.930,65.564,58.608,112.586,112.021,108.376,75.000,111.625,59.000,62.889,other,0,-1,23,1
3768,48,62.174,64.320,52.157,112.891,112.358,108.715,68.000,112.000,48.000,59.639,other,0,-1,0,2
3769,45,58.144,59.177,50.770,112.767,112.290,108.766,48.000,112.000,61.000,64.167,other,0,-1,1,2
3770,63,58.541,59.190,49.210,112.412,111.982,108.769,45.000,111.333,84.000,56.194,other,0,-1,2,2
3771,85,64.893,66.129,53.094,111.985,111.600,108.757,63.000,110.458,62.000,60.528,other,0,-1,3,2
3772,111,76.273,75.686,60.185,112.195,111.877,108.877,85.000,111.417,85.000,62.444,other,0,-1,4,2
3773,108,92.944,88.027,71.213,112.448,112.199,109.007,111.000,112.500,81.000,62.833,other,0,-1,5,2
3774,50,91.307,86.540,77.611,112.716,112.536,109.140,108.000,113.625,76.000,70.472,other,0,-1,6,2
3775,95,82.462,74.094,70.751,112.216,112.078,109.112,50.000,112.542,68.000,78.639,other,0,-1,7,2
3776,76,99.428,91.521,93.819,112.484,112.415,109.245,95.000,113.667,84.000,89.639,other,0,-1,8,2
3777,149,115.340,105.278,99.380,112.245,112.227,109.272,76.000,113.333,153.000,104.833,other,0,-1,9,2
3778,75,144.030,130.136,140.370,112.063,112.100,109.311,149.000,113.167,178.000,127.694,other,0,-1,10,2
3779,135,148.518,147.989,121.741,110.448,110.488,109.050,75.000,108.875,172.000,145.361,other,0,-1,11,2
3780,170,164.872,159.963,155.611,109.789,109.865,108.989,135.000,107.333,59.000,159.222,other,0,-1,12,2
3781,185,176.597,173.979,176.695,111.273,111.462,109.376,170.000,111.958,148.000,182.222,other,0,-1,13,2
3782,246,178.884,180.907,183.281,111.686,111.948,109.539,185.000,113.500,139.000,185.000,other,0,-1,14,2
3783,164,204.527,210.243,209.662,113.113,113.485,109.914,246.000,117.958,230.000,172.750,other,0,-1,15,2
3784,99,158.915,162.132,156.080,112.033,112.427,109.765,164.000,115.208,243.000,158.694,other,0,-1,16,2
3785,75,146.748,135.931,114.985,109.824,110.201,109.381,99.000,109.208,129.000,148.139,other,0,-1,17,2
3786,96,135.554,119.184,95.914,108.918,109.324,109.269,75.000,106.958,147.000,124.722,other,0,-1,18,2
3787,95,115.669,105.012,95.224,108.056,108.491,109.165,96.000,104.833,167.000,108.833,other,0,-1,19,2
3788,173,97.143,89.707,87.816,106.890,107.344,108.999,95.000,101.833,75.000,89.361,other,0,-1,20,2
3789,82,89.853,118.797,108.799,108.186,108.746,109.346,173.000,105.917,56.000,75.500,other,0,-1,21,2
3790,91,68.926,68.464,70.408,108.440,109.068,109.476,82.000,107.000,75.000,67.139,other,0,-1,22,2
3791,38,62.535,68.828,66.862,108.548,109.240,109.575,91.000,107.667,68.000,62.722,other,0,-1,23,2
3792,50,56.840,52.239,50.573,107.990,108.722,109.536,38.000,106.417,48.000,61.389,other,0,-1,0,3
3793,52,54.870,57.361,61.555,107.692,108.466,109.293,50.000,106.500,45.000,64.194,other,0,-1,1,3
3794,58,55.949,59.033,60.559,107.465,108.284,109.066,52.000,106.792,63.000,65.056,other,0,-1,2,3
3795,45,59.452,62.280,61.516,107.065,107.923,108.802,58.000,106.583,85.000,61.583,other,0,-1,3,3
3796,75,59.262,58.680,60.114,106.158,107.037,108.432,45.000,104.917,111.000,61.250,other,0,-1,4,3
3797,91,69.467,70.038,69.133,105.309,106.211,108.075,75.000,103.417,108.000,63.500,other,0,-1,5,3
3798,33,77.858,77.220,78.042,104.735,105.669,107.775,91.000,102.708,50.000,67.778,other,0,-1,6,3
3799,82,81.364,68.630,70.056,104.161,105.128,107.474,33.000,102.000,95.000,79.889,other,0,-1,7,3
3800,99,93.812,86.013,91.723,103.645,104.647,107.186,82.000,101.458,76.000,92.417,other,0,-1,8,3
3801,58,111.004,103.777,108.293,103.651,104.705,107.007,99.000,102.417,149.000,115.000,other,0,-1,9,3
3802,135,132.363,126.808,106.277,102.005,103.054,106.483,58.000,98.625,75.000,126.583,other,0,-1,10,3
3803,167,147.138,148.694,145.752,102.546,103.667,106.416,135.000,101.125,135.000,145.861,other,0,-1,11,3
3804,137,163.761,169.192,167.987,102.682,103.861,106.264,167.000,102.458,170.000,168.111,other,0,-1,12,3
3805,175,165.796,166.715,160.038,101.876,103.080,105.916,137.000,101.083,185.000,177.472,other,0,-1,13,3
3806,269,171.495,176.888,175.708,101.404,102.643,105.637,175.000,100.667,246.000,176.694,other,0,-1,14,3
3807,178,219.245,227.632,216.968,101.409,102.702,105.458,269.000,101.625,164.000,173.972,other,0,-1,15,3
3808,193,156.209,164.425,163.704,101.284,102.625,105.252,178.000,102.208,99.000,162.111,other,0,-1,16,3
3809,149,143.741,161.061,160.291,102.318,103.748,105.287,193.000,106.125,75.000,150.028,other,0,-1,17,3
3810,101,121.847,128.455,128.116,103.063,104.571,105.263,149.000,109.208,96.000,132.389,other,0,-1,18,3
3811,166,105.691,100.929,98.151,102.807,104.359,105.029,101.000,109.417,95.000,108.528,other,0,-1,19,3
3812,61,85.490,120.430,111.460,103.508,105.137,104.995,166.000,112.375,173.000,100.083,other,0,-1,20,3
3813,59,75.747,67.303,68.879,101.558,103.172,104.408,61.000,107.708,82.000,85.306,other,0,-1,21,3
3814,60,61.912,57.694,62.076,100.897,102.541,104.090,59.000,106.750,91.000,74.778,other,0,-1,22,3
3815,68,51.955,52.446,57.081,100.120,101.789,103.747,60.000,105.458,38.000,70.444,other,0,-1,23,3
3816,49,47.382,52.703,54.785,100.227,101.953,103.589,68.000,106.708,50.000,60.917,other,0,-1,0,4
3817,53,44.237,49.636,47.756,99.928,101.648,103.225,49.000,106.667,52.000,56.972,other,0,-1,1,4
3818,66,46.457,52.490,47.588,99.657,101.374,102.867,53.000,106.708,58.000,51.583,other,0,-1,2,4
3819,62,53.199,59.245,50.536,99.487,101.204,102.530,66.000,107.042,45.000,54.556,other,0,-1,3,4
3820,72,54.336,58.569,51.994,99.448,101.170,102.220,62.000,107.750,75.000,57.139,other,0,-1,4,4
3821,56,60.223,63.665,58.320,99.119,100.836,101.850,72.000,107.625,91.000,54.694,other,0,-1,5,4
3822,55,59.342,59.707,60.563,98.327,100.022,101.383,56.000,106.167,33.000,65.167,other,0,-1,6,4
3823,81,67.759,65.170,68.422,98.360,100.062,101.089,55.000,107.083,82.000,74.667,other,0,-1,7,4
3824,101,81.746,82.265,87.296,98.061,99.758,100.724,81.000,107.042,99.000,86.667,other,0,-1,8,4
3825,54,99.170,103.628,108.097,97.804,99.498,100.369,101.000,107.125,58.000,109.861,other,0,-1,9,4
3826,81,119.505,115.482,102.955,97.461,99.149,99.996,54.000,106.958,135.000,125.222,other,0,-1,10,4
3827,143,135.331,136.970,126.232,96.393,98.050,99.472,81.000,104.708,167.000,147.361,other,0,-1,11,4
3828,228,154.213,163.019,163.623,95.760,97.401,99.038,143.000,103.708,137.000,161.111,other,0,-1,12,4
3829,211,199.429,214.645,211.648,96.793,98.476,98.952,228.000,107.500,175.000,174.694,other,0,-1,13,4
3830,225,186.344,197.175,201.896,97.030,98.726,98.700,211.000,109.000,269.000,178.167,other,0,-1,14,4
3831,88,186.687,198.490,202.623,96.107,97.777,98.206,225.000,107.167,178.000,172.583,other,0,-1,15,4
3832,187,149.747,131.900,125.503,94.518,96.138,97.572,88.000,103.417,193.000,165.472,other,0,-1,16,4
3833,118,136.421,150.631,156.821,94.146,95.759,97.193,187.000,103.167,149.000,138.861,other,0,-1,17,4
3834,87,112.584,111.098,111.936,93.411,95.005,96.738,118.000,101.875,101.000,121.333,other,0,-1,18,4
3835,97,96.253,89.745,89.534,92.923,94.506,96.334,87.000,101.292,166.000,101.944,other,0,-1,19,4
3836,68,75.220,77.181,83.544,91.638,93.182,95.765,97.000,98.417,61.000,84.222,other,0,-1,20,4
3837,80,62.513,59.699,68.829,91.454,92.997,95.425,68.000,98.708,59.000,70.889,other,0,-1,21,4
3838,39,47.396,55.267,66.198,91.473,93.023,95.127,80.000,99.583,60.000,63.889,other,0,-1,22,4
3839,52,41.697,40.228,53.887,90.884,92.419,94.702,39.000,98.708,68.000,57.111,other,0,-1,23,4
3840,28,35.517,41.446,53.144,90.366,91.889,94.293,52.000,98.042,49.000,38.722,other,0,-1,0,5
3841,51,31.953,35.574,33.202,90.034,91.500,94.028,28.000,97.167,53.000,42.139,other,0,-1,1,5
3842,34,38.962,45.715,37.390,89.977,91.396,93.820,51.000,97.083,66.000,43.389,other,0,-1,2,5
3843,35,36.765,40.727,35.613,89.485,90.842,93.521,34.000,95.750,62.000,43.528,other,0,-1,3,5
3844,56,39.710,42.415,38.163,89.066,90.362,93.238,35.000,94.625,72.000,42.111,other,0,-1,4,5
3845,38,49.573,52.222,47.032,88.806,90.048,92.988,56.000,93.958,56.000,43.028,other,0,-1,5,5
3846,54,47.649,47.766,47.985,88.517,89.704,92.732,38.000,93.208,55.000,55.167,other,0,-1,6,5
3847,30,57.072,58.352,59.893,88.475,89.615,92.527,54.000,93.167,81.000,63.917,other,0,-1,7,5
3848,53,69.962,61.543,60.014,87.708,88.776,92.171,30.000,91.042,101.000,81.722,other,0,-1,8,5
3849,162,85.892,79.805,77.449,86.985,87.982,91.824,53.000,89.042,54.000,98.167,other,0,-1,9,5
3850,62,125.792,151.635,147.148,88.521,89.526,91.949,162.000,93.542,81.000,102.556,other,0,-1,10,5
3851,158,124.640,109.385,99.409,88.218,89.167,91.690,62.000,92.750,143.000,122.722,other,0,-1,11,5
3852,123,146.725,162.131,162.656,88.407,89.317,91.534,158.000,93.375,228.000,141.028,other,0,-1,12,5
3853,90,149.644,144.980,144.102,86.858,87.669,91.015,123.000,89.000,211.000,161.333,other,0,-1,13,5
3854,178,149.149,135.305,124.970,85.077,85.781,90.447,90.000,83.958,225.000,179.778,other,0,-1,14,5
3855,134,156.782,164.206,171.713,84.368,85.002,90.103,178.000,82.000,88.000,180.472,other,0,-1,15,5
3856,178,136.833,137.085,135.735,85.006,85.617,90.041,134.000,83.917,187.000,165.833,other,0,-1,16,5
3857,159,123.901,140.878,145.478,84.848,85.407,89.812,178.000,83.542,118.000,148.556,other,0,-1,17,5
3858,135,100.161,117.895,117.791,85.413,85.948,89.734,159.000,85.250,87.000,114.861,other,0,-1,18,5
3859,56,79.651,95.257,91.047,86.081,86.593,89.678,135.000,87.250,97.000,90.528,other,0,-1,19,5
3860,59,69.632,68.174,55.960,85.459,85.904,89.352,56.000,85.542,68.000,74.972,other,0,-1,20,5
3861,42,53.755,55.622,50.228,85.300,85.694,89.123,59.000,85.167,80.000,60.444,other,0,-1,21,5
3862,37,43.506,44.664,42.391,84.721,85.050,88.806,42.000,83.583,39.000,52.389,other,0,-1,22,5
3863,36,35.381,39.062,38.361,84.664,84.946,88.599,37.000,83.500,52.000,44.139,other,0,-1,23,5
3864,26,31.212,37.500,35.935,84.405,84.632,88.348,36.000,82.833,28.000,32.472,other,0,-1,0,6
3865,45,30.432,35.293,27.429,84.626,84.798,88.452,26.000,82.750,51.000,34.500,other,0,-1,1,6
3866,25,38.095,44.779,32.617,84.789,84.905,88.544,45.000,82.500,34.000,33.361,other,0,-1,2,6
3867,40,34.567,39.062,31.259,84.909,84.966,88.626,25.000,82.125,35.000,35.222,other,0,-1,3,6
3868,31,42.208,46.631,38.460,85.232,85.238,88.751,40.000,82.333,56.000,34.028,other,0,-1,4,6
3869,12,41.151,44.575,41.353,85.120,85.060,88.785,31.000,81.292,38.000,36.611,other,0,-1,5,6
3870,36,41.902,42.097,42.332,84.994,84.867,88.816,12.000,80.208,54.000,38.694,other,0,-1,6,6
3871,64,51.744,54.773,56.080,84.983,84.793,88.871,36.000,79.458,30.000,47.194,other,0,-1,7,6
3872,89,65.789,73.554,74.438,85.726,85.500,89.083,64.000,80.875,53.000,59.167,other,0,-1,8,6
3873,50,83.600,95.635,94.467,86.498,86.236,89.302,89.000,82.375,162.000,78.778,other,0,-1,9,6
3874,87,97.414,90.026,83.652,85.125,84.754,89.073,50.000,77.708,62.000,101.278,other,0,-1,10,6
3875,187,116.393,113.065,107.852,85.738,85.325,89.258,87.000,78.750,158.000,121.778,other,0,-1,11,6
3876,120,166.623,181.685,177.842,86.408,85.956,89.456,187.000,79.958,123.000,140.833,other,0,-1,12,6
3877,161,144.743,139.959,134.059,86.615,86.108,89.556,120.000,79.833,90.000,148.472,other,0,-1,13,6
3878,127,157.325,159.462,161.097,87.894,87.369,89.881,161.000,82.792,178.000,156.639,other,0,-1,14,6
3879,164,146.707,142.222,134.273,87.405,86.801,89.836,127.000,80.667,134.000,153.306,other,0,-1,15,6
3880,144,140.209,146.876,150.464,88.090,87.447,90.036,164.000,81.917,178.000,133.083,other,0,-1,16,6
3881,90,121.442,126.963,125.656,87.848,87.134,90.043,144.000,80.500,159.000,123.667,other,0,-1,17,6
3882,63,106.604,101.974,86.412,87.099,86.296,89.944,90.000,77.625,135.000,102.583,other,0,-1,18,6
3883,85,92.747,83.882,66.588,86.306,85.413,89.836,63.000,74.625,56.000,79.889,other,0,-1,19,6
3884,41,71.515,70.173,63.489,86.976,86.045,90.033,85.000,75.833,59.000,59.111,other,0,-1,20,6
3885,28,62.241,54.723,47.567,86.966,85.971,90.088,41.000,75.083,42.000,47.306,other,0,-1,21,6
3886,54,51.007,44.918,42.174,87.013,85.958,90.156,28.000,74.500,37.000,35.306,other,0,-1,22,6
3887,46,42.217,45.603,45.120,87.510,86.410,90.317,54.000,75.208,36.000,32.556,other,0,-1,23,6
3888,104,39.964,44.091,43.129,87.905,86.756,90.457,46.000,75.625,26.000,61.343,other,0,-1,0,0
3889,93,70.726,76.280,62.376,89.375,88.245,91.031,104.000,78.875,45.000,59.743,other,0,-1,1,0
3890,80,70.739,76.764,61.667,90.411,89.284,91.515,93.000,80.875,25.000,61.829,other,0,-1,2,0
3891,39,67.011,72.653,61.595,91.548,90.428,92.019,80.000,83.167,40.000,63.543,other,0,-1,3,0
3892,68,47.621,52.631,54.969,91.873,90.733,92.355,39.000,83.125,31.000,60.000,other,0,-1,4,0
3893,62,62.061,69.097,68.408,92.749,91.607,92.805,68.000,84.667,12.000,77.171,other,0,-1,5,0
3894,62,59.226,68.541,73.391,93.814,92.676,93.295,62.000,86.750,36.000,77.686,other,0,-1,6,0
3895,57,62.650,74.350,80.907,94.531,93.385,93.712,62.000,87.833,64.000,91.543,other,0,-1,7,0
3896,91,71.927,83.076,86.800,94.770,93.600,94.029,57.000,87.542,89.000,101.114,other,0,-1,8,0
3897,57,92.025,109.819,108.623,95.139,93.949,94.374,91.000,87.625,50.000,122.829,other,0,-1,9,0
3898,79,109.421,112.439,100.720,95.580,94.374,94.733,57.000,87.917,87.000,137.200,other,0,-1,10,0
3899,231,128.256,129.144,115.916,95.805,94.574,95.047,79.000,87.583,187.000,150.314,other,0,-1,11,0
3900,119,229.532,222.688,211.314,96.782,95.553,95.519,231.000,89.417,120.000,163.229,other,0,-1,12,0
3901,160,157.566,152.085,142.111,97.108,95.857,95.854,119.000,89.375,161.000,172.800,other,0,-1,13,0
3902,114,168.244,167.354,165.625,97.434,96.162,96.190,160.000,89.333,127.000,172.257,other,0,-1,14,0
3903,198,159.290,147.886,134.245,97.586,96.286,96.489,114.000,88.792,164.000,183.343,other,0,-1,15,0
3904,167,163.259,169.204,178.410,98.418,97.116,96.930,198.000,90.208,144.000,162.143,other,0,-1,16,0
3905,103,137.599,140.541,148.440,99.092,97.780,97.338,167.000,91.167,90.000,148.800,other,0,-1,17,0
3906,84,118.835,110.838,105.375,99.620,98.294,97.716,103.000,91.708,63.000,128.829,other,0,-1,18,0
3907,73,102.286,92.920,88.928,100.265,98.929,98.118,84.000,92.583,85.000,110.171,other,0,-1,19,0
3908,62,85.881,77.158,77.749,100.431,99.068,98.420,73.000,92.083,41.000,85.143,other,0,-1,20,0
3909,140,71.618,64.670,68.268,101.075,99.703,98.822,62.000,92.958,28.000,75.143,other,0,-1,21,0
3910,60,80.092,83.578,84.945,103.038,101.701,99.499,140.000,97.625,54.000,65.229,other,0,-1,22,0
3911,86,54.542,55.939,60.941,103.465,102.111,99.855,60.000,97.875,46.000,63.543,other,0,-1,23,0
3912,73,63.697,67.758,65.753,104.385,103.030,100.315,86.000,99.542,104.000,61.694,other,0,-1,0,1
3913,59,58.861,63.063,61.316,104.110,102.767,100.533,73.000,98.250,93.000,62.000,other,0,-1,1,1
3914,84,57.421,60.181,57.659,103.791,102.459,100.743,59.000,96.833,80.000,62.222,other,0,-1,2,1
3915,68,73.645,73.850,64.671,104.023,102.721,101.067,84.000,97.000,39.000,61.389,other,0,-1,3,1
3916,115,66.752,67.766,64.466,104.617,103.358,101.467,68.000,98.208,68.000,63.583,other,0,-1,4,1
3917,58,99.099,93.404,82.402,105.472,104.264,101.922,115.000,100.167,62.000,65.139,other,0,-1,5,1
3918,49,66.007,68.677,73.466,105.588,104.406,102.222,58.000,100.000,62.000,66.417,other,0,-1,6,1
3919,65,72.109,73.592,78.531,105.573,104.413,102.495,49.000,99.458,57.000,77.639,other,0,-1,7,1
3920,72,86.172,89.848,92.075,105.863,104.735,102.832,65.000,99.792,91.000,91.833,other,0,-1,8,1
3921,77,104.134,108.910,103.909,105.762,104.652,103.086,72.000,99.000,57.000,109.944,other,0,-1,9,1
3922,91,123.979,129.395,115.066,106.225,105.154,103.459,77.000,99.833,79.000,131.361,other,0,-1,10,1
3923,184,142.176,146.208,129.155,106.573,105.536,103.808,91.000,100.333,231.000,148.500,other,0,-1,11,1
3924,122,181.088,178.204,183.708,106.066,105.033,103.978,184.000,98.375,119.000,174.389,other,0,-1,12,1
3925,257,165.783,163.218,152.743,106.284,105.280,104.300,122.000,98.500,160.000,191.778,other,0,-1,13,1
3926,168,243.582,226.080,229.629,107.863,106.936,104.905,257.000,102.542,114.000,190.222,other,0,-1,14,1
3927,211,171.461,170.039,170.865,108.819,107.947,105.381,168.000,104.792,198.000,183.056,other,0,-1,15,1
3928,231,174.491,180.052,185.958,109.181,108.344,105.733,211.000,105.333,167.000,168.806,other,0,-1,16,1
3929,156,172.480,178.247,184.704,110.282,109.505,106.239,231.000,108.000,103.000,158.750,other,0,-1,17,1
3930,228,129.106,126.220,131.187,111.224,110.502,106.711,156.000,110.208,84.000,131.639,other,0,-1,18,1
3931,145,146.668,145.380,152.596,113.484,112.862,107.459,228.000,116.208,73.000,103.944,other,0,-1,19,1
3932,75,94.257,94.560,103.125,114.701,114.144,107.989,145.000,119.208,62.000,92.389,other,0,-1,20,1
3933,72,80.378,70.901,72.670,115.063,114.540,108.341,75.000,119.750,140.000,77.389,other,0,-1,21,1
3934,66,68.902,63.905,63.647,114.252,113.723,108.448,72.000,116.917,60.000,64.944,other,0,-1,22,1
3935,33,62.364,60.698,55.906,114.513,114.015,108.778,66.000,117.167,86.000,62.889,other,0,-1,23,1
3936,53,57.482,52.872,44.048,113.919,113.422,108.930,33.000,114.958,73.000,59.639,other,0,-1,0,2
3937,51,58.383,59.098,51.153,113.506,113.055,108.921,53.000,114.125,59.000,64.167,other,0,-1,1,2
3938,84,59.338,59.768,49.766,113.267,112.867,108.948,51.000,113.792,84.000,56.194,other,0,-1,2,2
3939,123,73.877,73.741,56.308,113.144,112.799,108.999,84.000,113.792,68.000,60.528,other,0,-1,3,2
3940,74,104.235,94.145,67.689,113.817,113.556,109.216,123.000,116.083,115.000,62.444,other,0,-1,4,2
3941,75,73.695,70.926,61.122,113.100,112.873,109.143,74.000,114.375,58.000,62.833,other,0,-1,5,2
3942,93,77.590,72.975,67.841,113.223,113.060,109.246,75.000,115.083,49.000,70.472,other,0,-1,6,2
3943,100,89.697,82.656,81.488,113.737,113.652,109.430,93.000,116.917,65.000,78.639,other,0,-1,7,2
3944,93,102.132,92.248,94.926,114.121,114.109,109.587,100.000,118.375,72.000,89.639,other,0,-1,8,2
3945,120,117.066,105.622,105.242,114.302,114.356,109.701,93.000,119.250,77.000,104.833,other,0,-1,9,2
3946,56,137.551,126.772,128.748,114.801,114.933,109.883,120.000,121.042,91.000,127.694,other,0,-1,10,2
3947,144,150.510,150.199,115.351,114.171,114.340,109.828,56.000,119.583,184.000,145.361,other,0,-1,11,2
3948,215,167.354,161.607,160.837,113.468,113.673,109.758,144.000,117.917,122.000,159.222,other,0,-1,12,2
3949,127,198.091,190.587,200.535,114.692,114.999,110.090,215.000,121.792,257.000,182.222,other,0,-1,13,2
3950,360,166.922,165.188,155.822,112.686,112.983,109.748,127.000,116.375,168.000,185.000,other,0,-1,14,2
3951,235,336.781,287.633,272.148,115.344,115.793,110.380,360.000,124.375,211.000,172.750,other,0,-1,15,2
3952,166,184.622,197.725,193.745,115.568,116.085,110.504,235.000,125.375,231.000,158.694,other,0,-1,16,2
3953,165,147.915,150.633,144.704,114.503,115.043,110.358,166.000,122.667,156.000,148.139,other,0,-1,17,2
3954,104,131.280,136.182,131.171,114.510,115.110,110.436,165.000,123.042,228.000,124.722,other,0,-1,18,2
3955,166,114.463,104.188,95.873,112.591,113.184,110.112,104.000,117.875,145.000,108.833,other,0,-1,19,2
3956,86,97.001,113.968,110.316,112.771,113.431,110.227,166.000,118.750,75.000,89.361,other,0,-1,20,2
3957,52,81.423,73.923,73.186,112.808,113.528,110.311,86.000,119.208,72.000,75.500,other,0,-1,21,2
3958,73,71.559,59.779,57.562,112.395,113.160,110.302,52.000,118.375,66.000,67.139,other,0,-1,22,2
3959,79,61.728,59.536,56.555,112.373,113.197,110.374,73.000,118.667,33.000,62.722,other,0,-1,23,2
3960,55,60.222,61.246,53.474,112.916,113.819,110.564,79.000,120.583,53.000,61.389,other,0,-1,0,3
3961,72,55.804,56.887,57.659,112.617,113.563,110.322,55.000,120.667,51.000,64.194,other,0,-1,1,3
3962,81,61.603,64.596,59.553,112.593,113.591,110.136,72.000,121.542,84.000,65.056,other,0,-1,2,3
3963,60,68.517,70.000,61.554,112.222,113.260,109.879,81.000,121.417,123.000,61.583,other,0,-1,3,3
3964,55,63.471,62.452,59.201,110.982,112.029,109.440,60.000,118.792,74.000,61.250,other,0,-1,4,3
3965,66,65.616,62.167,61.618,110.379,111.457,109.133,55.000,118.000,75.000,63.500,other,0,-1,5,3
3966,99,72.940,68.090,69.452,109.921,111.036,108.858,66.000,117.625,93.000,67.778,other,0,-1,6,3
3967,104,87.930,82.923,86.294,109.680,110.840,108.627,99.000,117.875,100.000,79.889,other,0,-1,7,3
3968,80,99.186,91.544,98.651,109.411,110.613,108.390,104.000,118.042,93.000,92.417,other,0,-1,8,3
3969,151,114.178,102.829,103.071,108.895,110.132,108.103,80.000,117.500,120.000,115.000,other,0,-1,9,3
3970,159,139.439,133.683,142.546,109.016,110.310,107.948,151.000,118.792,56.000,126.583,other,0,-1,10,3
3971,69,154.565,154.393,158.264,110.180,111.568,108.011,159.000,123.083,144.000,145.861,other,0,-1,11,3
3972,236,159.222,156.060,133.277,108.766,110.157,107.535,69.000,119.958,215.000,168.111,other,0,-1,12,3
3973,188,206.060,208.225,207.246,108.743,110.185,107.350,236.000,120.833,127.000,177.472,other,0,-1,13,3
3974,135,178.225,183.703,185.526,109.299,110.813,107.286,188.000,123.375,360.000,176.694,other,0,-1,14,3
3975,167,162.564,158.695,154.518,105.712,107.154,106.356,135.000,114.000,235.000,173.972,other,0,-1,15,3
3976,252,155.452,160.046,158.773,104.399,105.848,105.902,167.000,111.167,166.000,162.111,other,0,-1,16,3
3977,95,171.557,204.056,190.278,105.317,106.851,105.914,252.000,114.750,165.000,150.028,other,0,-1,17,3
3978,84,124.265,116.658,107.214,103.975,105.515,105.453,95.000,111.833,104.000,132.389,other,0,-1,18,3
3979,61,108.000,99.809,93.490,103.358,104.929,105.144,84.000,111.000,166.000,108.528,other,0,-1,19,3
3980,74,93.621,82.189,78.239,101.509,103.068,104.578,61.000,106.625,86.000,100.083,other,0,-1,20,3
3981,86,74.535,71.040,74.724,101.008,102.602,104.293,74.000,106.125,52.000,85.306,other,0,-1,21,3
3982,62,59.619,66.371,71.509,101.172,102.825,104.147,86.000,107.542,73.000,74.778,other,0,-1,22,3
3983,42,52.375,54.301,60.417,100.685,102.374,103.865,62.000,107.083,79.000,70.444,other,0,-1,23,3
3984,58,47.616,46.420,52.376,99.822,101.533,103.505,42.000,105.542,55.000,60.917,other,0,-1,0,4
3985,39,46.358,53.265,51.684,99.580,101.289,103.152,58.000,105.667,72.000,56.972,other,0,-1,1,4
3986,45,44.639,48.048,47.209,98.817,100.504,102.692,39.000,104.292,81.000,51.583,other,0,-1,2,4
3987,26,47.666,51.192,48.535,98.010,99.675,102.221,45.000,102.792,60.000,54.556,other,0,-1,3,4
3988,52,47.203,46.631,46.611,97.232,98.876,101.757,26.000,101.375,55.000,57.139,other,0,-1,4,4
3989,42,54.492,56.075,55.204,96.903,98.542,101.387,52.000,101.250,66.000,54.694,other,0,-1,5,4
3990,68,58.172,56.063,58.180,96.270,97.893,100.954,42.000,100.250,99.000,65.167,other,0,-1,6,4
3991,21,68.470,68.787,72.691,95.536,97.139,100.499,68.000,98.958,104.000,74.667,other,0,-1,7,4
3992,86,85.866,72.432,68.205,94.048,95.605,99.886,21.000,95.500,80.000,86.667,other,0,-1,8,4
3993,116,97.949,99.327,101.368,93.850,95.406,99.543,86.000,95.750,151.000,109.861,other,0,-1,9,4
3994,169,117.563,127.533,127.414,93.057,94.592,99.076,116.000,94.292,159.000,125.222,other,0,-1,10,4
3995,123,145.936,166.601,165.244,92.917,94.452,98.746,169.000,94.708,69.000,147.361,other,0,-1,11,4
3996,140,151.100,156.619,151.911,93.414,94.972,98.548,123.000,96.958,236.000,161.111,other,0,-1,12,4
3997,161,161.730,163.117,163.953,91.738,93.244,97.896,140.000,92.958,188.000,174.694,other,0,-1,13,4
3998,110,168.318,167.956,172.802,91.061,92.550,97.453,161.000,91.833,135.000,178.167,other,0,-1,14,4
3999,165,157.383,144.739,143.062,90.414,91.885,97.017,110.000,90.792,167.000,172.583,other,0,-1,15,4
4000,150,151.532,152.883,158.073,90.100,91.566,96.649,165.000,90.708,252.000,165.472,other,0,-1,16,4
4001,72,130.748,135.042,137.701,88.337,89.748,95.980,150.000,86.458,95.000,138.861,other,0,-1,17,4
4002,101,114.116,105.458,94.611,87.718,89.113,95.549,72.000,85.500,84.000,121.333,other,0,-1,18,4
4003,78,92.482,93.925,93.968,87.679,89.079,95.239,101.000,86.208,61.000,101.944,other,0,-1,19,4
4004,71,77.203,75.958,77.939,87.640,89.044,94.930,78.000,86.917,74.000,84.222,other,0,-1,20,4
4005,64,61.594,62.912,69.245,87.311,88.710,94.559,71.000,86.792,86.000,70.889,other,0,-1,21,4
4006,79,49.113,53.104,62.139,86.707,88.091,94.132,64.000,85.875,62.000,63.889,other,0,-1,22,4
4007,66,40.364,53.675,61.031,86.668,88.056,93.822,79.000,86.583,42.000,57.111,other,0,-1,23,4
4008,77,36.807,48.071,54.874,86.730,88.127,93.534,66.000,87.583,58.000,38.722,other,0,-1,0,5
4009,44,45.261,57.339,41.101,86.978,88.337,93.389,77.000,88.375,39.000,42.139,other,0,-1,1,5
4010,50,37.617,45.094,35.500,87.022,88.338,93.203,44.000,88.583,45.000,43.389,other,0,-1,2,5
4011,57,42.424,49.244,38.387,87.066,88.338,93.016,50.000,88.792,26.000,43.528,other,0,-1,3,5
4012,44,47.957,53.576,43.118,87.487,88.728,92.908,57.000,90.083,52.000,42.111,other,0,-1,4,5
4013,46,45.332,49.057,44.320,87.343,88.534,92.682,44.000,89.750,42.000,43.028,other,0,-1,5,5
4014,81,49.250,52.146,50.551,87.373,88.520,92.493,46.000,89.917,68.000,55.167,other,0,-1,6,5
4015,41,64.171,71.041,70.064,87.533,88.640,92.331,81.000,90.458,21.000,63.917,other,0,-1,7,5
4016,75,68.521,65.524,63.946,87.795,88.866,92.189,41.000,91.292,86.000,81.722,other,0,-1,8,5
4017,73,84.084,88.092,86.827,87.607,88.626,91.954,75.000,90.833,116.000,98.167,other,0,-1,9,5
4018,107,102.772,101.154,95.336,86.956,87.907,91.623,73.000,89.042,169.000,102.556,other,0,-1,10,5
4019,185,120.992,126.881,122.191,86.030,86.903,91.233,107.000,86.458,123.000,122.722,other,0,-1,11,5
4020,101,158.854,181.602,179.050,86.900,87.758,91.219,185.000,89.042,140.000,141.028,other,0,-1,12,5
4021,157,146.157,136.850,129.429,86.307,87.099,90.900,101.000,87.417,161.000,161.333,other,0,-1,13,5
4022,127,157.014,159.395,163.174,86.221,86.965,90.686,157.000,87.250,110.000,179.778,other,0,-1,14,5
4023,180,149.625,142.782,140.521,86.439,87.145,90.536,127.000,87.958,165.000,180.472,other,0,-1,15,5
4024,103,144.124,155.311,161.931,86.628,87.296,90.379,180.000,88.583,150.000,165.833,other,0,-1,16,5
4025,103,121.838,118.400,107.285,85.919,86.517,90.035,103.000,86.625,72.000,148.556,other,0,-1,17,5
4026,83,102.629,104.103,93.676,86.340,86.907,89.928,103.000,87.917,101.000,114.861,other,0,-1,18,5
4027,90,86.134,85.612,74.365,86.052,86.563,89.671,83.000,87.167,78.000,90.528,other,0,-1,19,5
4028,57,66.906,71.856,67.037,86.197,86.668,89.506,90.000,87.667,71.000,74.972,other,0,-1,20,5
4029,58,55.769,55.250,52.639,85.966,86.384,89.262,57.000,87.083,64.000,60.444,other,0,-1,21,5
4030,41,42.971,47.330,48.757,85.851,86.220,89.042,58.000,86.833,79.000,52.389,other,0,-1,22,5
4031,47,35.950,39.720,42.726,85.273,85.576,88.726,41.000,85.250,66.000,44.139,other,0,-1,23,5
4032,40,32.320,40.539,41.684,84.969,85.216,88.466,47.000,84.458,77.000,32.472,other,0,-1,0,6
4033,35,33.338,39.735,34.393,84.684,84.858,88.464,40.000,82.917,44.000,34.500,other,0,-1,1,6
4034,26,34.768,40.670,35.085,84.804,84.920,88.547,35.000,82.542,50.000,33.361,other,0,-1,2,6
4035,23,34.925,39.256,35.613,84.706,84.757,88.584,26.000,81.542,57.000,35.222,other,0,-1,3,6
4036,37,36.568,39.706,38.232,84.464,84.444,88.590,23.000,80.125,44.000,34.028,other,0,-1,4,6
4037,24,43.240,46.845,46.244,84.613,84.535,88.679,37.000,79.833,46.000,36.611,other,0,-1,5,6
4038,49,43.611,45.137,48.215,84.544,84.402,88.722,24.000,78.917,81.000,38.694,other,0,-1,6,6
4039,55,54.233,59.167,62.497,84.331,84.119,88.735,49.000,77.583,41.000,47.194,other,0,-1,7,6
4040,74,64.875,69.952,72.109,84.784,84.525,88.887,55.000,78.167,75.000,59.167,other,0,-1,8,6
4041,101,81.224,88.288,87.807,85.020,84.707,88.993,74.000,78.125,73.000,78.778,other,0,-1,9,6
4042,129,101.852,111.856,108.892,85.676,85.323,89.188,101.000,79.292,107.000,101.278,other,0,-1,10,6
4043,151,124.533,135.858,131.970,86.245,85.850,89.364,129.000,80.208,185.000,121.778,other,0,-1,11,6
4044,177,144.185,154.162,151.311,86.003,85.536,89.371,151.000,78.792,101.000,140.833,other,0,-1,12,6
4045,140,162.408,171.959,172.284,87.354,86.872,89.710,177.000,81.958,157.000,148.472,other,0,-1,13,6
4046,131,153.413,149.878,145.680,87.358,86.814,89.769,140.000,81.250,127.000,156.639,other,0,-1,14,6
4047,165,149.304,143.622,136.243,87.666,87.071,89.890,131.000,81.417,180.000,153.306,other,0,-1,15,6
4048,152,141.385,147.710,150.938,87.699,87.042,89.955,165.000,80.792,103.000,133.083,other,0,-1,16,6
4049,84,123.331,129.524,130.723,88.659,87.973,90.213,152.000,82.833,103.000,123.667,other,0,-1,17,6
4050,51,109.171,101.824,84.646,88.634,87.885,90.265,84.000,82.042,83.000,102.583,other,0,-1,18,6
4051,82,96.472,84.155,63.714,88.421,87.602,90.278,51.000,80.708,90.000,79.889,other,0,-1,19,6
4052,58,73.599,70.409,63.521,88.555,87.679,90.363,82.000,80.375,57.000,59.111,other,0,-1,20,6
4053,36,61.404,56.554,51.842,88.820,87.890,90.476,58.000,80.417,58.000,47.306,other,0,-1,21,6
4054,24,51.768,46.288,44.477,88.752,87.757,90.519,36.000,79.500,41.000,35.306,other,0,-1,22,6
4055,29,44.043,40.118,40.763,88.756,87.699,90.577,24.000,78.792,47.000,32.556,other,0,-1,23,6
4056,40,39.627,39.700,40.684,88.745,87.626,90.632,29.000,78.042,40.000,61.343,other,0,-1,0,0
4057,48,41.448,43.574,46.321,89.085,87.945,90.971,40.000,78.042,35.000,59.743,other,0,-1,1,0
4058,60,46.703,50.459,48.943,89.614,88.460,91.348,48.000,78.583,26.000,61.829,other,0,-1,2,0
4059,60,55.436,59.522,54.317,90.447,89.289,91.790,60.000,80.000,23.000,63.543,other,0,-1,3,0
4060,49,57.628,61.840,58.526,91.323,90.163,92.240,60.000,81.542,37.000,60.000,other,0,-1,4,0
4061,50,53.409,58.418,60.998,91.837,90.662,92.615,49.000,82.042,24.000,77.171,other,0,-1,5,0
4062,75,55.413,62.288,67.759,92.554,91.372,93.032,50.000,83.125,49.000,77.686,other,0,-1,6,0
4063,104,67.442,79.682,83.694,93.270,92.081,93.449,75.000,84.208,55.000,91.543,other,0,-1,7,0
4064,74,86.426,104.061,104.298,94.321,93.135,93.935,104.000,86.250,74.000,101.114,other,0,-1,8,0
4065,82,90.278,103.360,100.023,94.661,93.455,94.274,74.000,86.250,101.000,122.829,other,0,-1,9,0
4066,133,110.032,119.818,110.945,94.726,93.489,94.555,82.000,85.458,129.000,137.200,other,0,-1,10,0
4067,174,136.673,150.203,143.602,95.124,93.869,94.905,133.000,85.625,151.000,150.314,other,0,-1,11,0
4068,99,167.186,176.987,173.252,95.797,94.533,95.313,174.000,86.583,177.000,163.229,other,0,-1,12,0
4069,126,154.835,147.056,130.894,95.007,93.684,95.416,99.000,83.333,140.000,172.800,other,0,-1,13,0
4070,152,161.620,155.651,144.743,95.145,93.793,95.712,126.000,82.750,131.000,172.257,other,0,-1,14,0
4071,315,161.971,159.884,156.068,95.789,94.428,96.114,152.000,83.625,165.000,183.343,other,0,-1,15,0
4072,185,285.387,265.956,259.275,98.302,96.996,96.906,315.000,89.875,152.000,162.143,other,0,-1,16,0
4073,133,142.176,146.118,157.710,99.121,97.810,97.344,185.000,91.250,84.000,148.800,other,0,-1,17,0
4074,178,116.069,114.386,116.360,100.171,98.864,97.831,133.000,93.292,51.000,128.829,other,0,-1,18,0
4075,122,107.279,107.444,122.407,102.351,101.088,98.553,178.000,98.583,82.000,110.171,other,0,-1,19,0
4076,120,81.635,81.233,86.332,103.270,102.007,99.013,122.000,100.250,58.000,85.143,other,0,-1,20,0
4077,39,71.742,73.185,76.398,104.509,103.256,99.539,120.000,102.833,36.000,75.143,other,0,-1,21,0
4078,40,60.267,53.963,52.048,104.892,103.620,99.886,39.000,102.958,24.000,65.229,other,0,-1,22,0
4079,56,53.032,50.059,48.669,105.464,104.180,100.273,40.000,103.625,29.000,63.543,other,0,-1,23,0
4080,110,53.542,54.169,49.765,106.195,104.904,100.693,56.000,104.750,40.000,61.694,other,0,-1,0,1
4081,45,79.401,79.095,61.283,107.383,106.155,101.217,110.000,107.667,48.000,62.000,other,0,-1,1,1
4082,84,53.408,53.983,47.716,107.514,106.312,101.520,45.000,107.542,60.000,62.222,other,0,-1,2,1
4083,49,74.126,72.330,57.189,108.036,106.874,101.905,84.000,108.542,60.000,61.389,other,0,-1,3,1
4084,58,59.331,59.137,53.580,108.050,106.911,102.184,49.000,108.083,49.000,63.583,other,0,-1,4,1
4085,60,64.041,64.381,60.832,108.354,107.248,102.524,58.000,108.458,50.000,65.139,other,0,-1,5,1
4086,43,67.185,68.502,68.547,108.673,107.599,102.866,60.000,108.875,75.000,66.417,other,0,-1,6,1
4087,112,72.408,71.768,72.580,108.384,107.322,103.082,43.000,107.542,104.000,77.639,other,0,-1,7,1
4088,74,99.206,102.502,105.575,108.673,107.643,103.419,112.000,107.875,74.000,91.833,other,0,-1,8,1
4089,115,105.238,109.032,102.792,108.847,107.845,103.731,74.000,107.875,82.000,109.944,other,0,-1,9,1
4090,119,129.447,134.056,130.958,109.499,108.542,104.143,115.000,109.250,133.000,131.361,other,0,-1,10,1
4091,141,146.875,149.809,142.748,109.470,108.534,104.413,119.000,108.667,174.000,148.500,other,0,-1,11,1
4092,159,164.458,163.825,161.048,109.166,108.241,104.626,141.000,107.292,99.000,174.389,other,0,-1,12,1
4093,177,175.821,173.012,174.081,110.210,109.342,105.119,159.000,109.792,126.000,191.778,other,0,-1,13,1
4094,138,181.493,178.895,182.860,111.122,110.309,105.586,177.000,111.917,152.000,190.222,other,0,-1,14,1
4095,188,167.566,161.245,154.843,111.093,110.301,105.856,138.000,111.333,315.000,183.056,other,0,-1,15,1
4096,178,166.346,169.221,172.247,109.428,108.599,105.784,188.000,106.042,185.000,168.806,other,0,-1,16,1
4097,187,148.688,151.639,153.822,109.500,108.696,106.075,178.000,105.750,133.000,158.750,other,0,-1,17,1
4098,93,133.508,139.085,144.608,110.456,109.707,106.551,187.000,108.000,178.000,131.639,other,0,-1,18,1
4099,119,112.684,102.008,94.404,109.399,108.635,106.606,93.000,104.458,122.000,103.944,other,0,-1,19,1
4100,65,92.607,90.363,95.495,109.529,108.792,106.909,119.000,104.333,120.000,92.389,other,0,-1,20,1
4101,63,82.210,72.363,71.318,108.907,108.169,107.055,65.000,102.042,39.000,77.389,other,0,-1,21,1
4102,41,69.825,64.294,64.079,109.428,108.731,107.440,63.000,103.042,40.000,64.944,other,0,-1,22,1
4103,103,62.802,56.997,52.948,109.617,108.948,107.756,41.000,103.083,56.000,62.889,other,0,-1,23,1
4104,56,74.072,77.338,63.253,110.471,109.854,108.210,103.000,105.042,110.000,59.639,other,0,-1,0,2
4105,60,58.733,60.537,54.223,109.566,108.977,108.098,56.000,102.792,45.000,64.167,other,0,-1,1,2
4106,56,61.221,63.119,53.925,109.660,109.134,108.194,60.000,103.417,84.000,56.194,other,0,-1,2,2
4107,42,62.589,62.919,53.539,109.131,108.647,108.161,56.000,102.250,49.000,60.528,other,0,-1,3,2
4108,71,61.931,59.657,52.993,108.906,108.474,108.191,42.000,101.958,58.000,62.444,other,0,-1,4,2
4109,55,71.835,70.055,62.831,108.971,108.601,108.281,71.000,102.500,60.000,62.833,other,0,-1,5,2
4110,75,72.570,67.741,65.047,108.776,108.458,108.317,55.000,102.292,43.000,70.472,other,0,-1,6,2
4111,41,83.740,77.934,77.944,109.116,108.870,108.465,75.000,103.625,112.000,78.639,other,0,-1,7,2
4112,77,98.522,85.715,77.833,107.964,107.738,108.301,41.000,100.667,74.000,89.639,other,0,-1,8,2
4113,89,114.722,104.837,99.460,107.884,107.715,108.361,77.000,100.792,115.000,104.833,other,0,-1,9,2
4114,82,133.321,126.403,115.598,107.384,107.258,108.334,89.000,99.708,119.000,127.694,other,0,-1,10,2
4115,137,149.110,147.310,123.861,106.725,106.635,108.273,82.000,98.167,141.000,145.361,other,0,-1,11,2
4116,206,163.596,160.609,155.909,106.544,106.507,108.312,137.000,98.000,159.000,159.222,other,0,-1,12,2
4117,209,189.664,186.022,194.179,107.101,107.144,108.505,206.000,99.958,177.000,182.222,other,0,-1,13,2
4118,134,186.424,190.846,195.070,107.442,107.556,108.653,209.000,101.292,138.000,185.000,other,0,-1,14,2
4119,180,163.061,161.763,151.426,107.260,107.428,108.692,134.000,101.125,188.000,172.750,other,0,-1,15,2
4120,130,159.810,167.565,163.380,107.021,107.241,108.719,180.000,100.792,178.000,158.694,other,0,-1,16,2
4121,124,144.928,140.237,127.584,106.202,106.453,108.625,130.000,98.792,187.000,148.139,other,0,-1,17,2
4122,110,130.162,124.296,114.149,105.167,105.441,108.485,124.000,96.167,93.000,124.722,other,0,-1,18,2
4123,119,113.564,106.041,99.149,105.290,105.628,108.588,110.000,96.875,119.000,108.833,other,0,-1,19,2
4124,122,93.813,94.487,94.226,105.166,105.560,108.639,119.000,96.875,65.000,89.361,other,0,-1,20,2
4125,74,78.488,87.171,87.250,105.869,106.347,108.862,122.000,99.250,63.000,75.500,other,0,-1,21,2
4126,50,69.414,66.426,65.725,105.905,106.444,108.946,74.000,99.708,41.000,67.139,other,0,-1,22,2
4127,61,62.072,57.192,54.574,105.912,106.511,109.025,50.000,100.083,103.000,62.722,other,0,-1,23,2
4128,62,56.769,58.539,51.992,105.180,105.814,108.949,61.000,98.333,56.000,61.389,other,0,-1,0,3
4129,63,55.719,61.728,61.805,104.939,105.617,108.718,62.000,98.583,60.000,64.194,other,0,-1,1,3
4130,101,57.516,63.360,60.549,104.655,105.376,108.479,63.000,98.708,56.000,65.056,other,0,-1,2,3
4131,67,76.999,81.934,68.443,104.979,105.764,108.366,101.000,100.583,42.000,61.583,other,0,-1,3,3
4132,51,63.813,66.646,62.756,105.014,105.852,108.193,67.000,101.625,71.000,61.250,other,0,-1,4,3
4133,109,63.174,61.945,62.387,104.396,105.266,107.884,51.000,100.792,55.000,63.500,other,0,-1,5,3
4134,97,86.808,85.325,81.908,104.851,105.789,107.799,109.000,103.042,75.000,67.778,other,0,-1,6,3
4135,68,84.908,82.048,86.421,104.842,105.833,107.617,97.000,103.958,41.000,79.889,other,0,-1,7,3
4136,99,93.958,84.021,87.370,104.905,105.951,107.450,68.000,105.083,77.000,92.417,other,0,-1,8,3
4137,67,111.080,103.700,108.382,104.896,105.994,107.268,99.000,106.000,89.000,115.000,other,0,-1,9,3
4138,105,131.447,126.028,109.459,104.250,105.378,106.952,67.000,105.083,82.000,126.583,other,0,-1,10,3
4139,158,146.174,146.355,134.323,104.255,105.436,106.773,105.000,106.042,137.000,145.861,other,0,-1,11,3
4140,236,162.578,166.325,164.152,104.232,105.465,106.588,158.000,106.917,206.000,168.111,other,0,-1,12,3
4141,140,204.759,205.950,203.916,104.339,105.628,106.430,236.000,108.167,209.000,177.472,other,0,-1,13,3
4142,141,166.578,165.324,160.407,103.012,104.307,105.973,140.000,105.292,134.000,176.694,other,0,-1,14,3
4143,163,162.178,160.110,155.576,102.785,104.126,105.745,141.000,105.583,180.000,173.972,other,0,-1,15,3
4144,135,154.157,158.393,156.269,102.211,103.585,105.445,163.000,104.875,130.000,162.111,other,0,-1,16,3
4145,113,138.856,138.209,133.495,101.956,103.373,105.212,135.000,105.083,124.000,150.028,other,0,-1,17,3
4146,159,123.246,119.275,113.792,101.469,102.922,104.930,113.000,104.625,110.000,132.389,other,0,-1,18,3
4147,89,100.841,122.567,121.636,101.851,103.370,104.829,159.000,106.667,119.000,108.528,other,0,-1,19,3
4148,75,89.417,85.915,86.813,101.089,102.634,104.490,89.000,105.417,122.000,100.083,other,0,-1,20,3
4149,95,74.542,71.523,75.483,100.080,101.643,104.099,75.000,103.458,74.000,85.306,other,0,-1,21,3
4150,56,58.652,70.575,74.580,100.057,101.671,103.914,95.000,104.333,50.000,74.778,other,0,-1,22,3
4151,87,52.552,53.735,60.093,99.816,101.475,103.684,56.000,104.583,61.000,70.444,other,0,-1,23,3
4152,60,49.786,62.185,63.020,99.865,101.578,103.514,87.000,105.667,62.000,60.917,other,0,-1,0,4
4153,48,46.011,55.981,53.269,99.551,101.259,103.146,60.000,105.583,63.000,56.972,other,0,-1,1,4
4154,49,45.412,52.838,49.991,99.048,100.744,102.740,48.000,104.958,101.000,51.583,other,0,-1,2,4
4155,55,47.885,54.261,50.282,98.010,99.675,102.221,49.000,102.792,67.000,54.556,other,0,-1,3,4
4156,42,51.983,57.302,53.099,97.551,99.206,101.824,55.000,102.292,51.000,57.139,other,0,-1,4,4
4157,133,52.056,53.760,53.602,97.135,98.782,101.436,42.000,101.917,109.000,54.694,other,0,-1,5,4
4158,85,99.774,98.048,84.707,97.197,98.852,101.147,133.000,102.917,97.000,65.167,other,0,-1,6,4
4159,47,71.083,74.849,78.234,96.738,98.383,100.750,85.000,102.417,68.000,74.667,other,0,-1,7,4
4160,58,82.123,75.088,76.022,96.148,97.779,100.325,47.000,101.542,99.000,86.667,other,0,-1,8,4
4161,67,99.513,94.089,90.669,95.269,96.875,99.840,58.000,99.833,67.000,109.861,other,0,-1,9,4
4162,163,118.279,116.695,106.272,94.984,96.585,99.479,67.000,99.833,105.000,125.222,other,0,-1,10,4
4163,105,143.406,162.675,161.205,95.539,97.165,99.293,163.000,102.250,158.000,147.361,other,0,-1,11,4
4164,179,149.000,150.635,142.803,94.486,96.082,98.772,105.000,100.042,236.000,161.111,other,0,-1,12,4
4165,150,170.393,180.037,181.920,93.375,94.938,98.238,179.000,97.667,140.000,174.694,other,0,-1,13,4
4166,148,165.868,162.939,166.860,93.234,94.798,97.907,150.000,98.083,141.000,178.167,other,0,-1,14,4
4167,131,161.605,155.826,160.051,93.050,94.614,97.567,148.000,98.375,163.000,172.583,other,0,-1,15,4
4168,160,147.920,141.435,141.913,92.301,93.845,97.109,131.000,97.042,135.000,165.472,other,0,-1,16,4
4169,198,131.427,138.796,142.755,92.378,93.930,96.824,160.000,98.083,113.000,138.861,other,0,-1,17,4
4170,118,116.370,144.864,146.846,93.324,94.915,96.720,198.000,101.625,159.000,121.333,other,0,-1,18,4
4171,109,89.910,97.608,99.308,92.445,94.011,96.235,118.000,99.917,89.000,101.944,other,0,-1,19,4
4172,121,72.012,82.534,85.939,92.449,94.021,95.934,109.000,100.750,75.000,84.222,other,0,-1,20,4
4173,65,56.349,79.038,81.038,92.830,94.422,95.712,121.000,102.667,95.000,70.889,other,0,-1,21,4
4174,46,48.138,53.631,60.205,92.111,93.682,95.260,65.000,101.417,56.000,63.889,other,0,-1,22,4
4175,76,40.621,44.441,51.777,91.680,93.243,94.869,46.000,101.000,87.000,57.111,other,0,-1,23,4
4176,38,37.689,52.698,54.161,91.236,92.789,94.474,76.000,100.542,60.000,38.722,other,0,-1,0,5
4177,40,33.318,42.116,30.795,90.889,92.385,94.206,38.000,99.625,48.000,42.139,other,0,-1,1,5
4178,26,35.632,44.553,31.615,90.745,92.190,93.980,40.000,99.292,49.000,43.389,other,0,-1,2,5
4179,43,34.836,40.886,30.624,90.384,91.771,93.709,26.000,98.333,55.000,43.528,other,0,-1,3,5
4180,32,42.000,48.169,36.813,90.182,91.517,93.471,43.000,97.833,42.000,42.111,other,0,-1,4,5
4181,43,41.691,45.213,38.790,90.009,91.292,93.239,32.000,97.417,133.000,43.028,other,0,-1,5,5
4182,51,48.113,51.176,47.387,88.677,89.869,92.765,43.000,93.667,85.000,55.167,other,0,-1,6,5
4183,57,55.955,58.615,57.581,88.156,89.285,92.461,51.000,92.250,47.000,63.917,other,0,-1,7,5
4184,44,67.617,69.276,69.088,88.273,89.360,92.289,57.000,92.667,58.000,81.722,other,0,-1,8,5
4185,63,85.106,78.531,73.847,88.042,89.076,92.045,44.000,92.083,67.000,98.167,other,0,-1,9,5
4186,42,102.813,97.573,91.931,87.956,88.942,91.831,63.000,91.917,163.000,102.556,inside,-1,0,10,5
4187,49,119.581,103.452,91.049,86.175,87.053,91.264,42.000,86.875,105.000,122.722,inside,-1,1,11,5
4188,89,131.607,115.138,101.272,85.336,86.139,90.893,49.000,84.542,179.000,141.028,inside,-1,2,12,5
4189,143,140.464,132.675,126.226,84.004,84.716,90.419,89.000,80.792,150.000,161.333,after,-1,3,13,5
4190,151,151.837,152.554,157.656,83.874,84.536,90.196,143.000,80.500,148.000,179.778,after,-1,4,14,5
4191,235,148.683,151.262,156.911,83.890,84.507,90.003,151.000,80.625,131.000,180.472,after,-1,5,15,5
4192,134,175.552,190.991,199.212,85.368,85.992,90.116,235.000,84.958,160.000,165.833,after,-1,6,16,5
4193,112,115.210,124.746,122.177,84.963,85.527,89.836,134.000,83.875,198.000,148.556,after,-1,7,17,5
4194,103,95.768,104.851,95.792,83.689,84.164,89.374,112.000,80.292,118.000,114.861,after,-1,8,18,5
4195,60,77.178,87.066,78.061,83.444,83.864,89.127,103.000,79.667,109.000,90.528,after,-1,9,19,5
4196,76,63.714,66.111,55.516,82.706,83.055,88.777,60.000,77.625,121.000,74.972,after,-1,10,20,5
4197,49,47.223,55.608,52.306,82.026,82.306,88.439,76.000,75.750,65.000,60.444,after,-1,11,21,5
4198,45,37.804,42.848,42.208,81.766,81.992,88.189,49.000,75.083,46.000,52.389,after,-1,12,22,5
4199,49,30.643,38.003,38.394,81.724,81.903,87.984,45.000,75.042,76.000,44.139,after,-1,13,23,5
4200,51,28.504,38.745,36.876,81.304,81.424,87.701,49.000,73.917,38.000,32.472,after,-1,14,0,6
4201,16,33.171,41.461,33.258,81.743,81.815,87.850,51.000,74.458,40.000,34.500,after,-1,15,1,6
4202,16,26.352,31.306,28.514,81.646,81.652,87.887,16.000,73.458,26.000,33.361,after,-1,16,2,6
4203,27,28.727,33.227,30.854,81.751,81.698,87.966,16.000,73.042,43.000,35.222,after,-1,17,3,6
4204,29,34.518,38.966,36.656,81.770,81.655,88.028,27.000,72.375,32.000,34.028,after,-1,18,4,6
4205,21,37.611,41.625,41.978,81.976,81.807,88.128,29.000,72.250,43.000,36.611,after,-1,19,5,6
4206,39,39.460,42.255,45.655,81.908,81.674,88.171,21.000,71.333,51.000,38.694,after,-1,20,6,6
4207,73,49.218,53.972,57.752,81.984,81.690,88.245,39.000,70.833,57.000,47.194,after,-1,21,7,6
4208,93,65.944,76.295,78.575,82.466,82.127,88.403,73.000,71.500,44.000,59.167,after,-1,22,8,6
4209,70,83.193,97.014,96.581,83.427,83.058,88.661,93.000,73.542,63.000,78.778,after,-1,23,9,6
4210,80,95.673,97.103,92.886,83.778,83.359,88.792,70.000,73.833,42.000,101.278,after,-1,24,10,6
4211,72,114.436,110.221,103.913,84.579,84.126,89.016,80.000,75.417,49.000,121.778,after,-1,25,11,6
4212,133,129.031,115.282,103.757,85.162,84.667,89.195,72.000,76.375,89.000,140.833,after,-1,26,12,6
4213,161,147.229,145.966,142.199,86.050,85.523,89.438,133.000,78.208,143.000,148.472,other,0,-1,13,6
4214,108,156.700,159.928,160.793,86.561,85.990,89.602,161.000,78.958,151.000,156.639,other,0,-1,14,6
4215,142,144.492,137.714,122.419,86.189,85.542,89.582,108.000,77.167,235.000,153.306,other,0,-1,15,6
4216,109,136.105,140.520,135.947,85.092,84.344,89.410,142.000,73.292,134.000,133.083,other,0,-1,16,6
4217,99,120.385,121.022,106.817,84.980,84.166,89.444,109.000,72.250,112.000,123.667,other,0,-1,17,6
4218,103,103.737,104.658,90.218,85.042,84.167,89.514,99.000,71.708,103.000,102.583,other,0,-1,18,6
4219,94,84.845,88.591,79.085,85.292,84.364,89.624,103.000,71.708,60.000,79.889,other,0,-1,19,6
4220,60,68.347,72.712,65.332,86.035,85.070,89.837,94.000,73.125,76.000,59.111,other,0,-1,20,6
4221,51,57.045,57.350,50.616,86.053,85.027,89.898,60.000,72.458,49.000,47.306,other,0,-1,21,6
4222,40,46.412,48.909,45.582,86.332,85.254,90.014,51.000,72.542,45.000,35.306,other,0,-1,22,6
4223,36,39.805,43.834,41.978,86.510,85.375,90.108,40.000,72.333,49.000,32.556,other,0,-1,23,6
4224,34,37.008,42.852,40.541,86.572,85.377,90.178,36.000,71.792,51.000,61.343,other,0,-1,0,0
4225,68,37.763,43.250,44.048,86.666,85.442,90.465,34.000,71.083,16.000,59.743,other,0,-1,1,0
4226,57,54.520,62.891,52.588,87.760,86.541,90.961,68.000,73.250,16.000,61.829,other,0,-1,2,0
4227,80,52.826,60.443,52.944,88.694,87.475,91.423,57.000,74.958,27.000,63.543,other,0,-1,3,0
4228,49,69.632,76.035,63.430,89.802,88.589,91.922,80.000,77.167,29.000,60.000,other,0,-1,4,0
4229,57,52.161,60.220,60.607,90.432,89.208,92.321,49.000,78.000,21.000,77.171,other,0,-1,5,0
4230,63,56.576,66.923,69.585,91.293,90.068,92.768,57.000,79.500,39.000,77.686,other,0,-1,6,0
4231,74,62.201,75.468,79.272,91.981,90.747,93.179,63.000,80.500,73.000,91.543,other,0,-1,7,0
4232,60,73.628,90.208,91.684,92.336,91.081,93.521,74.000,80.542,93.000,101.114,other,0,-1,8,0
4233,126,87.571,99.246,94.267,92.198,90.906,93.759,60.000,79.167,70.000,122.829,other,0,-1,9,0
4234,161,118.814,139.244,132.939,93.349,92.065,94.267,126.000,81.500,80.000,137.200,other,0,-1,10,0
4235,189,151.168,166.797,160.303,94.863,93.599,94.851,161.000,84.875,72.000,150.314,other,0,-1,11,0
4236,191,178.686,187.558,183.317,96.898,95.673,95.543,189.000,89.750,133.000,163.229,other,0,-1,12,0
4237,195,181.874,187.267,187.043,98.079,96.862,96.057,191.000,92.167,161.000,172.800,other,0,-1,13,0
4238,124,182.244,185.585,188.719,98.911,97.691,96.498,195.000,93.583,108.000,172.257,other,0,-1,14,0
4239,249,162.055,149.697,139.864,99.483,98.250,96.885,124.000,94.250,142.000,183.343,other,0,-1,15,0
4240,166,202.277,202.151,212.827,101.373,100.174,97.547,249.000,98.708,109.000,162.143,other,0,-1,16,0
4241,122,139.311,138.249,146.682,102.539,101.348,98.058,166.000,101.083,99.000,148.800,other,0,-1,17,0
4242,124,119.959,111.684,112.013,103.213,102.012,98.466,122.000,102.042,103.000,128.829,other,0,-1,18,0
4243,77,100.876,95.284,101.402,103.857,102.647,98.868,124.000,102.917,94.000,110.171,other,0,-1,19,0
4244,106,88.000,76.234,76.758,103.951,102.711,99.155,77.000,102.208,60.000,85.143,other,0,-1,20,0
4245,122,72.098,69.765,77.130,104.958,103.720,99.632,106.000,104.125,51.000,75.143,other,0,-1,21,0
4246,54,72.120,73.722,76.170,106.326,105.104,100.186,122.000,107.083,40.000,65.229,other,0,-1,22,0
4247,63,56.469,53.417,57.062,106.869,105.634,100.566,54.000,107.667,36.000,63.543,other,0,-1,23,0
4248,37,57.206,57.122,57.298,107.601,106.358,100.986,63.000,108.792,34.000,61.694,other,0,-1,0,1
4249,59,51.922,49.761,52.066,107.818,106.605,101.308,37.000,108.917,68.000,62.000,other,0,-1,1,1
4250,76,58.637,59.185,55.838,107.862,106.672,101.593,59.000,108.542,57.000,62.222,other,0,-1,2,1
4251,64,69.312,68.805,60.880,108.311,107.159,101.963,76.000,109.333,80.000,61.389,other,0,-1,3,1
4252,59,65.443,65.070,61.464,108.253,107.121,102.227,64.000,108.667,49.000,63.583,other,0,-1,4,1
4253,41,64.678,64.836,65.271,108.572,107.472,102.569,59.000,109.083,57.000,65.139,other,0,-1,5,1
4254,107,64.457,63.034,67.288,108.514,107.435,102.833,41.000,108.417,63.000,66.417,other,0,-1,6,1
4255,101,89.503,92.352,94.713,109.325,108.296,103.279,107.000,110.250,74.000,77.639,other,0,-1,7,1
4256,138,93.466,98.674,103.305,109.890,108.903,103.673,101.000,111.375,60.000,91.833,other,0,-1,8,1
4257,143,121.440,125.285,130.300,111.194,110.274,104.221,138.000,114.625,126.000,109.944,other,0,-1,9,1
4258,83,136.502,141.409,144.576,111.614,110.731,104.585,143.000,115.333,161.000,131.361,other,0,-1,10,1
4259,124,143.412,146.152,125.761,110.658,109.763,104.661,83.000,112.083,189.000,148.500,other,0,-1,11,1
4260,157,159.754,160.455,151.703,109.891,108.991,104.777,124.000,109.375,191.000,174.389,other,0,-1,12,1
4261,145,173.724,172.847,172.360,109.572,108.683,104.986,157.000,107.958,195.000,191.778,other,0,-1,13,1
4262,209,171.490,169.054,164.161,109.022,108.135,105.147,145.000,105.875,124.000,190.222,other,0,-1,14,1
4263,254,187.162,189.546,194.980,110.427,109.611,105.717,209.000,109.417,249.000,183.056,other,0,-1,15,1
4264,140,208.984,209.390,211.721,110.673,109.888,106.044,254.000,109.625,166.000,168.806,other,0,-1,16,1
4265,175,145.312,141.203,134.870,110.471,109.700,106.278,140.000,108.542,122.000,158.750,other,0,-1,17,1
4266,63,131.042,134.524,139.539,111.412,110.697,106.751,175.000,110.750,124.000,131.639,other,0,-1,18,1
4267,92,115.137,101.466,85.769,110.703,109.984,106.878,63.000,108.208,77.000,103.944,other,0,-1,19,1
4268,119,94.159,86.404,87.888,111.094,110.411,107.236,92.000,108.833,106.000,92.389,other,0,-1,20,1
4269,98,79.795,80.321,89.062,111.456,110.808,107.588,119.000,109.375,122.000,77.389,other,0,-1,21,1
4270,71,70.201,70.447,74.774,111.282,110.650,107.827,98.000,108.375,54.000,64.944,other,0,-1,22,1
4271,59,63.036,61.800,61.574,111.703,111.107,108.191,71.000,109.083,63.000,62.889,other,0,-1,23,1
4272,86,60.084,58.820,54.117,111.819,111.249,108.491,59.000,108.917,37.000,59.639,other,0,-1,0,2
4273,578,67.094,70.438,61.635,112.405,111.915,108.691,86.000,110.958,59.000,64.167,inside,1,0,1,2
4274,331,510.233,301.034,313.146,119.800,119.628,110.312,578.000,132.583,76.000,56.194,inside,1,1,2,2
4275,466,360.895,222.608,159.601,123.371,123.383,111.134,331.000,143.208,64.000,60.528,inside,1,2,3,2
4276,916,438.302,276.527,247.858,129.071,129.341,112.402,466.000,159.958,59.000,62.444,inside,1,3,4,2
4277,611,355.839,349.564,443.606,141.362,142.121,115.045,916.000,195.667,41.000,62.833,inside,1,4,5,2
4278,543,356.274,317.058,347.479,149.496,150.598,116.821,611.000,219.417,107.000,70.472,inside,1,5,6,2
4279,75,356.345,308.531,315.563,155.689,157.066,118.191,543.000,237.583,101.000,78.639,after,1,6,7,2
4280,129,101.978,91.195,98.554,155.189,156.608,118.163,75.000,236.500,138.000,89.639,after,1,7,8,2
4281,103,140.739,111.868,125.801,154.935,156.406,118.187,129.000,236.125,143.000,104.833,after,1,8,9,2
4282,92,136.590,126.646,123.162,154.232,155.738,118.117,103.000,234.458,83.000,127.694,after,1,9,10,2
4283,164,150.191,146.927,125.812,154.240,155.805,118.195,92.000,234.833,124.000,145.361,after,1,10,11,2
4284,269,174.490,160.717,160.514,154.696,156.337,118.367,164.000,236.500,157.000,159.222,after,1,11,12,2
4285,153,300.540,211.047,212.351,156.195,157.948,118.757,269.000,241.167,145.000,182.222,after,1,12,13,2
4286,229,170.739,171.264,158.854,156.187,158.001,118.833,153.000,241.500,209.000,185.000,after,1,13,14,2
4287,100,201.677,198.064,192.146,156.354,158.233,118.944,229.000,242.333,254.000,172.750,after,1,14,15,2
4288,125,157.449,154.553,127.517,154.000,155.856,118.529,100.000,235.917,140.000,158.694,after,1,15,16,2
4289,190,146.280,150.564,132.768,153.659,155.563,118.535,125.000,235.292,175.000,148.139,after,1,16,17,2
4290,141,135.198,163.506,160.485,153.753,155.721,118.632,190.000,235.917,63.000,124.722,after,1,17,18,2
4291,128,111.795,131.174,132.245,154.760,156.822,118.919,141.000,239.167,92.000,108.833,after,1,18,19,2
4292,125,94.816,114.936,123.061,155.158,157.294,119.079,128.000,240.667,119.000,89.361,after,1,19,20,2
4293,126,81.758,104.364,118.856,155.122,157.316,119.148,125.000,240.917,98.000,75.500,after,1,20,21,2
4294,57,78.654,99.229,116.163,155.404,157.668,119.284,126.000,242.083,71.000,67.139,after,1,21,22,2
4295,70,62.845,69.680,82.185,155.078,157.390,119.292,57.000,241.500,59.000,62.722,after,1,22,23,2
4296,61,61.449,70.818,84.268,155.114,157.487,119.377,70.000,241.958,86.000,61.389,after,1,23,0,3
4297,99,59.826,67.850,79.148,154.424,156.826,119.052,61.000,240.917,578.000,64.194,after,1,24,1,3
4298,49,96.970,83.896,87.508,147.157,149.359,117.355,99.000,220.958,331.000,65.056,after,1,25,2,3
4299,88,62.831,63.380,70.978,142.745,144.845,116.253,49.000,209.208,466.000,61.583,after,1,26,3,3
4300,52,96.809,78.585,81.122,136.941,138.892,114.861,88.000,193.458,916.000,61.250,after,1,27,4,3
4301,51,68.217,64.284,68.286,124.098,125.654,111.998,52.000,157.458,611.000,63.500,after,1,28,5,3
4302,102,71.551,65.854,69.997,115.658,116.972,110.056,51.000,134.125,543.000,67.778,after,1,29,6,3
4303,104,86.602,84.239,88.675,108.941,110.075,108.473,102.000,115.750,75.000,79.889,other,0,-1,7,3
4304,72,96.413,91.162,99.167,109.034,110.223,108.312,104.000,116.958,129.000,92.417,other,0,-1,8,3
4305,91,112.627,102.105,99.881,107.881,109.082,107.891,72.000,114.583,103.000,115.000,other,0,-1,9,3
4306,155,130.393,125.419,118.371,107.379,108.616,107.606,91.000,114.083,92.000,126.583,other,0,-1,10,3
4307,201,151.005,152.237,154.734,107.964,109.274,107.548,155.000,116.708,164.000,145.861,other,0,-1,11,3
4308,176,178.124,181.332,183.822,108.172,109.542,107.411,201.000,118.250,269.000,168.111,other,0,-1,12,3
4309,140,173.306,177.944,177.255,106.497,107.862,106.881,176.000,114.375,153.000,177.472,other,0,-1,13,3
4310,321,167.076,165.662,161.246,105.981,107.380,106.593,140.000,113.833,229.000,176.694,other,0,-1,14,3
4311,161,287.087,266.647,245.489,106.986,108.473,106.623,321.000,117.667,100.000,173.972,other,0,-1,15,3
4312,149,155.991,158.145,157.402,107.542,109.101,106.559,161.000,120.208,125.000,162.111,other,0,-1,16,3
4313,129,140.696,142.219,140.816,107.562,109.175,106.383,149.000,121.208,190.000,150.028,other,0,-1,17,3
4314,145,123.362,122.477,120.578,106.351,107.974,105.949,129.000,118.667,141.000,132.389,other,0,-1,18,3
4315,92,102.856,114.720,115.904,106.081,107.747,105.713,145.000,118.833,128.000,108.528,other,0,-1,19,3
4316,52,89.787,85.409,87.621,105.232,106.921,105.355,92.000,117.333,125.000,100.083,other,0,-1,20,3
4317,116,79.206,66.632,69.386,103.847,105.540,104.886,52.000,114.292,126.000,85.306,other,0,-1,21,3
4318,96,60.169,78.594,79.720,103.374,105.104,104.607,116.000,113.875,57.000,74.778,other,0,-1,22,3
4319,74,53.418,65.643,68.827,103.612,105.402,104.476,96.000,115.500,70.000,70.444,other,0,-1,23,3
4320,79,48.874,55.047,59.815,103.342,105.176,104.240,74.000,115.667,61.000,60.917,other,0,-1,0,4
4321,47,51.858,61.733,56.872,103.317,105.156,103.933,79.000,116.417,99.000,56.972,other,0,-1,1,4
4322,61,46.275,50.437,49.996,102.279,104.087,103.415,47.000,114.250,49.000,51.583,other,0,-1,2,4
4323,50,52.251,57.284,52.846,102.167,103.978,103.090,61.000,114.750,88.000,54.556,other,0,-1,3,4
4324,77,51.535,54.010,52.420,101.331,103.119,102.614,50.000,113.167,52.000,57.139,other,0,-1,4,4
4325,29,62.821,66.078,61.942,101.408,103.204,102.328,77.000,114.208,51.000,54.694,other,0,-1,5,4
4326,68,58.598,53.063,56.069,100.804,102.585,101.900,29.000,113.292,102.000,65.167,other,0,-1,6,4
4327,67,69.133,68.851,73.306,100.026,101.786,101.436,68.000,111.875,104.000,74.667,other,0,-1,7,4
4328,105,81.885,78.777,82.985,99.205,100.942,100.963,67.000,110.333,72.000,86.667,other,0,-1,8,4
4329,75,99.394,105.031,109.629,99.398,101.147,100.702,105.000,111.708,91.000,109.861,other,0,-1,9,4
4330,137,119.182,118.450,110.610,98.881,100.618,100.293,75.000,111.042,155.000,125.222,other,0,-1,10,4
4331,120,138.599,152.407,150.391,98.335,100.059,99.877,137.000,110.292,201.000,147.361,other,0,-1,11,4
4332,141,151.153,155.275,151.699,96.876,98.555,99.271,120.000,106.917,176.000,161.111,other,0,-1,12,4
4333,205,162.727,163.374,165.781,96.084,97.741,98.804,141.000,105.458,140.000,174.694,other,0,-1,13,4
4334,122,183.249,192.551,197.347,96.740,98.426,98.639,205.000,108.167,321.000,178.167,other,0,-1,14,4
4335,134,158.991,147.750,148.432,93.572,95.153,97.676,122.000,99.875,161.000,172.583,other,0,-1,15,4
4336,206,148.124,142.286,143.437,92.895,94.459,97.233,134.000,98.750,149.000,165.472,other,0,-1,16,4
4337,179,141.509,161.770,165.820,93.436,95.024,97.045,206.000,101.125,129.000,138.861,other,0,-1,17,4
4338,123,111.962,133.913,137.790,93.875,95.485,96.835,179.000,103.208,145.000,121.333,other,0,-1,18,4
4339,70,89.399,98.831,101.020,93.271,94.865,96.407,123.000,102.292,92.000,101.944,other,0,-1,19,4
4340,77,77.274,74.397,74.280,92.667,94.246,95.979,70.000,101.375,52.000,84.222,other,0,-1,20,4
4341,74,59.622,63.828,68.691,92.744,94.332,95.694,77.000,102.417,116.000,70.889,other,0,-1,21,4
4342,59,47.163,55.467,61.836,91.850,93.413,95.206,74.000,100.667,96.000,63.889,other,0,-1,22,4
4343,46,39.696,46.966,53.850,91.028,92.569,94.733,59.000,99.125,74.000,57.111,other,0,-1,23,4
4344,39,35.176,41.460,47.872,90.338,91.859,94.287,46.000,97.958,79.000,38.722,other,0,-1,0,5
4345,34,33.659,41.104,30.435,89.730,91.185,93.964,39.000,96.292,47.000,42.139,other,0,-1,1,5
4346,35,34.481,41.034,30.042,89.514,90.916,93.723,34.000,95.750,61.000,43.389,other,0,-1,2,5
4347,23,37.183,42.824,31.760,89.109,90.452,93.443,35.000,94.667,50.000,43.528,other,0,-1,3,5
4348,36,36.958,39.954,32.246,88.690,89.973,93.159,23.000,93.542,77.000,42.111,other,0,-1,4,5
4349,40,42.802,45.658,39.232,88.068,89.284,92.834,36.000,91.833,29.000,43.028,other,0,-1,5,5
4350,27,47.708,49.635,46.342,88.199,89.374,92.665,40.000,92.292,68.000,55.167,other,0,-1,6,5
4351,66,54.854,51.945,49.996,87.577,88.685,92.340,27.000,90.583,67.000,63.917,other,0,-1,7,5
4352,58,68.273,72.009,72.447,87.534,88.596,92.135,66.000,90.542,105.000,81.722,other,0,-1,8,5
4353,69,83.993,81.941,79.488,86.825,87.817,91.791,58.000,88.583,75.000,98.167,other,0,-1,9,5
4354,152,102.503,99.393,94.690,86.710,87.652,91.571,69.000,88.333,137.000,102.556,other,0,-1,10,5
4355,144,131.979,153.054,152.133,86.899,87.803,91.415,152.000,88.958,120.000,122.722,other,0,-1,11,5
4356,89,142.542,153.181,154.614,87.219,88.088,91.286,144.000,89.958,141.000,141.028,other,0,-1,12,5
4357,177,144.218,132.872,125.617,86.438,87.234,90.927,89.000,87.792,205.000,161.333,other,0,-1,13,5
4358,230,163.101,170.264,178.894,86.004,86.740,90.640,177.000,86.625,122.000,179.778,other,0,-1,14,5
4359,79,185.239,200.065,208.836,87.540,88.285,90.766,230.000,91.125,134.000,180.472,other,0,-1,15,5
4360,84,135.776,124.370,109.192,86.715,87.386,90.397,79.000,88.833,206.000,165.833,other,0,-1,16,5
4361,143,122.605,114.608,99.180,84.920,85.482,89.827,84.000,83.750,179.000,148.556,other,0,-1,17,5
4362,105,100.744,112.014,110.561,84.370,84.868,89.516,143.000,82.250,123.000,114.861,other,0,-1,18,5
4363,99,83.650,87.645,81.378,84.081,84.524,89.260,105.000,81.500,70.000,90.528,other,0,-1,19,5
4364,88,65.958,72.418,69.303,84.473,84.884,89.146,99.000,82.708,77.000,74.972,other,0,-1,20,5
4365,39,51.977,59.836,59.512,84.605,84.975,88.978,88.000,83.167,74.000,60.444,other,0,-1,21,5
4366,50,45.152,43.322,45.374,84.070,84.376,88.670,39.000,81.708,59.000,52.389,other,0,-1,22,5
4367,38,35.682,41.428,44.493,83.911,84.166,88.441,50.000,81.333,46.000,44.139,other,0,-1,23,5
4368,55,31.797,37.708,40.543,83.767,83.972,88.215,38.000,81.000,39.000,32.472,other,0,-1,0,6
4369,37,37.929,46.217,37.122,84.249,84.408,88.373,55.000,81.667,34.000,34.500,other,0,-1,1,6
4370,32,35.529,41.853,35.413,84.543,84.650,88.492,37.000,81.792,35.000,33.361,other,0,-1,2,6
4371,42,36.875,41.984,36.831,84.750,84.802,88.593,32.000,81.667,23.000,35.222,other,0,-1,3,6
4372,30,43.152,47.995,42.731,85.275,85.283,88.760,42.000,82.458,36.000,34.028,other,0,-1,4,6
4373,18,41.094,44.228,44.360,85.439,85.390,88.851,30.000,82.208,40.000,36.611,other,0,-1,5,6
4374,55,42.953,43.254,46.533,85.370,85.256,88.894,18.000,81.292,27.000,38.694,other,0,-1,6,6
4375,35,55.821,61.683,64.618,86.026,85.873,89.089,55.000,82.458,66.000,47.194,other,0,-1,7,6
4376,48,64.357,63.397,64.639,85.827,85.605,89.105,35.000,81.167,58.000,59.167,other,0,-1,8,6
4377,88,80.959,78.390,76.552,85.933,85.651,89.184,48.000,80.750,69.000,78.778,other,0,-1,9,6
4378,114,100.270,104.814,102.132,86.458,86.133,89.351,88.000,81.542,152.000,101.278,other,0,-1,10,6
4379,76,120.729,126.431,123.070,86.158,85.760,89.346,114.000,79.958,144.000,121.778,other,0,-1,11,6
4380,180,131.769,116.231,105.744,85.423,84.937,89.250,76.000,77.125,89.000,140.833,other,0,-1,12,6
4381,78,164.211,174.021,174.995,86.992,86.498,89.635,180.000,80.917,177.000,148.472,other,0,-1,13,6
4382,173,147.477,130.538,108.137,85.808,85.210,89.445,78.000,76.792,230.000,156.639,other,0,-1,14,6
4383,123,153.492,161.673,164.645,85.232,84.552,89.382,173.000,74.417,79.000,153.306,other,0,-1,15,6
4384,110,135.519,134.745,124.625,86.120,85.408,89.625,123.000,76.250,84.000,133.083,other,0,-1,16,6
4385,118,120.261,120.426,107.419,86.747,85.995,89.813,110.000,77.333,143.000,123.667,other,0,-1,17,6
4386,85,102.539,106.739,98.502,86.635,85.816,89.847,118.000,76.292,105.000,102.583,other,0,-1,18,6
4387,76,87.565,86.270,73.053,86.596,85.713,89.896,85.000,75.458,99.000,79.889,other,0,-1,19,6
4388,54,71.269,70.340,60.890,86.513,85.565,89.936,76.000,74.500,88.000,59.111,other,0,-1,20,6
4389,34,58.896,56.460,49.757,86.271,85.252,89.943,54.000,73.083,39.000,47.306,other,0,-1,21,6
4390,54,49.063,46.324,42.851,86.448,85.374,90.038,34.000,72.875,50.000,35.306,other,0,-1,22,6
4391,31,41.424,46.826,44.732,86.757,85.630,90.159,54.000,73.042,38.000,32.556,other,0,-1,23,6
4392,57,37.466,41.085,40.054,86.905,85.722,90.248,31.000,72.750,55.000,61.343,other,0,-1,0,0
4393,32,44.672,51.733,49.389,87.275,86.071,90.592,57.000,72.833,37.000,59.743,other,0,-1,1,0
4394,73,40.080,45.410,45.144,87.542,86.316,90.916,32.000,72.625,32.000,61.829,other,0,-1,2,0
4395,79,61.960,68.667,57.200,88.476,87.250,91.378,73.000,74.333,42.000,63.543,other,0,-1,3,0
4396,48,68.574,74.645,63.473,89.353,88.124,91.828,79.000,75.875,30.000,60.000,other,0,-1,4,0
4397,34,51.800,59.248,60.575,89.954,88.714,92.221,48.000,76.625,18.000,77.171,other,0,-1,5,0
4398,54,50.252,57.030,63.067,90.526,89.273,92.608,34.000,77.292,55.000,77.686,other,0,-1,6,0
4399,46,59.973,71.171,76.367,90.851,89.578,92.943,54.000,77.250,35.000,91.543,other,0,-1,7,0
4400,134,70.691,79.846,81.428,91.351,90.062,93.315,46.000,77.708,48.000,101.114,other,0,-1,8,0
4401,148,113.045,133.493,128.364,92.937,91.671,93.914,134.000,81.292,88.000,122.829,other,0,-1,9,0
4402,171,131.754,152.146,145.085,94.146,92.890,94.434,148.000,83.792,114.000,137.200,other,0,-1,10,0
4403,154,158.186,173.433,166.335,95.312,94.064,94.944,171.000,86.167,76.000,150.314,other,0,-1,11,0
4404,135,156.808,165.698,160.972,96.782,95.553,95.519,154.000,89.417,180.000,163.229,other,0,-1,12,0
4405,155,159.494,159.002,151.446,96.471,95.198,95.721,135.000,87.542,78.000,172.800,other,0,-1,13,0
4406,229,167.438,165.569,162.525,97.926,96.671,96.292,155.000,90.750,173.000,172.257,other,0,-1,14,0
4407,227,197.350,201.042,207.285,99.078,97.831,96.800,229.000,93.083,123.000,183.343,other,0,-1,15,0
4408,80,181.284,185.344,197.460,100.924,99.709,97.453,227.000,97.417,110.000,162.143,inside,-1,0,16,0
4409,52,139.810,124.194,103.352,100.830,99.579,97.701,80.000,96.167,118.000,148.800,inside,-1,1,17,0
4410,79,127.275,108.905,85.925,100.214,98.909,97.840,52.000,93.417,85.000,128.829,after,-1,2,18,0
4411,125,105.586,93.180,87.878,100.467,99.139,98.160,79.000,93.167,76.000,110.171,after,-1,3,19,0
4412,39,84.347,82.655,94.003,101.517,100.193,98.647,125.000,95.208,54.000,85.143,after,-1,4,20,0
4413,83,76.930,63.526,64.091,101.640,100.288,98.940,39.000,94.583,34.000,75.143,after,-1,5,21,0
4414,50,62.906,60.841,69.513,102.690,101.342,99.426,83.000,96.625,54.000,65.229,after,-1,6,22,0
4415,75,56.095,51.632,58.908,102.973,101.601,99.753,50.000,96.458,31.000,63.543,after,-1,7,23,0
4416,96,61.067,60.463,63.044,103.950,102.580,100.224,75.000,98.292,57.000,61.694,after,-1,8,0,1
4417,36,70.284,71.940,67.987,104.689,103.367,100.654,96.000,99.917,32.000,62.000,after,-1,9,1,1
4418,51,52.730,50.322,54.824,104.921,103.629,100.979,36.000,100.083,73.000,62.222,after,-1,10,2,1
4419,25,58.641,57.418,58.804,104.776,103.501,101.225,51.000,99.167,79.000,61.389,after,-1,11,3,1
4420,65,54.670,50.907,56.177,104.168,102.893,101.374,25.000,96.917,48.000,63.583,after,-1,12,4,1
4421,68,66.474,66.597,69.184,104.588,103.350,101.737,65.000,97.625,34.000,65.139,after,-1,13,5,1
4422,34,69.304,70.990,76.342,105.255,104.062,102.153,68.000,99.042,54.000,66.417,after,-1,14,6,1
4423,84,73.407,70.282,74.469,105.139,103.964,102.404,34.000,98.208,46.000,77.639,after,-1,15,7,1
4424,99,88.518,93.629,98.420,105.863,104.735,102.832,84.000,99.792,134.000,91.833,after,-1,16,8,1
4425,127,106.317,113.085,114.105,105.530,104.412,103.038,99.000,98.333,148.000,109.944,after,-1,17,9,1
4426,145,129.474,136.508,136.713,105.400,104.299,103.287,127.000,97.458,171.000,131.361,after,-1,18,10,1
4427,200,150.353,155.264,155.015,105.197,104.112,103.521,145.000,96.375,154.000,148.500,after,-1,19,11,1
4428,191,189.063,185.707,192.510,106.037,105.003,103.972,200.000,98.292,135.000,174.389,after,-1,20,12,1
4429,125,183.737,185.482,190.739,107.023,106.044,104.454,191.000,100.625,155.000,191.778,after,-1,21,13,1
4430,192,170.318,162.749,152.470,106.762,105.797,104.675,125.000,99.375,229.000,190.222,after,-1,22,14,1
4431,146,176.052,180.281,184.124,106.400,105.444,104.876,192.000,97.833,227.000,183.056,after,-1,23,15,1
4432,112,159.182,154.543,149.142,105.400,104.432,104.943,146.000,94.458,80.000,168.806,after,-1,24,16,1
4433,159,147.936,135.332,122.364,106.038,105.113,105.352,112.000,95.792,52.000,158.750,after,-1,25,17,1
4434,193,128.728,129.304,132.822,107.762,106.919,105.988,159.000,100.250,79.000,131.639,other,0,-1,18,1
4435,93,118.873,126.965,136.151,109.587,108.830,106.645,193.000,105.000,125.000,103.944,other,0,-1,19,1
4436,698,96.720,87.647,87.932,109.298,108.552,106.861,93.000,103.667,39.000,92.389,inside,1,0,20,1
4437,455,374.277,348.481,365.312,119.018,118.633,109.167,698.000,131.125,83.000,77.389,inside,1,1,21,1
4438,598,323.549,287.198,214.130,124.581,124.411,110.605,455.000,146.625,50.000,64.944,inside,1,2,22,1
4439,302,355.636,326.541,269.557,132.693,132.828,112.575,598.000,169.458,75.000,62.889,inside,1,3,23,1
4440,66,250.966,247.174,140.451,136.155,136.433,113.574,302.000,178.917,96.000,59.639,after,1,4,0,2
4441,80,61.274,82.181,77.716,135.597,135.916,113.534,66.000,177.667,36.000,64.167,after,1,5,1,2
4442,64,68.316,91.383,79.904,136.112,136.508,113.718,80.000,179.500,51.000,56.194,after,1,6,2,2
4443,69,65.588,82.225,77.283,136.177,136.635,113.809,64.000,180.042,25.000,60.528,after,1,7,3,2
4444,35,69.826,82.747,79.079,136.691,137.226,113.993,69.000,181.875,65.000,62.444,after,1,8,4,2
4445,42,65.617,67.521,74.216,136.133,136.709,113.953,35.000,180.625,68.000,62.833,after,1,9,5,2
4446,39,72.461,70.469,77.758,135.633,136.251,113.926,42.000,179.542,34.000,70.472,after,1,10,6,2
4447,62,83.505,75.231,80.847,135.582,136.259,113.992,39.000,179.750,84.000,78.639,after,1,11,7,2
4448,42,97.905,88.465,92.388,135.140,135.861,113.976,62.000,178.833,99.000,89.639,after,1,12,8,2
4449,108,117.814,107.045,94.410,134.191,134.939,113.855,42.000,176.458,127.000,104.833,after,1,13,9,2
4450,128,136.760,126.203,127.387,133.793,134.586,113.849,108.000,175.667,145.000,127.694,after,1,14,10,2
4451,147,155.701,145.998,147.411,133.423,134.263,113.848,128.000,174.958,200.000,145.361,after,1,15,11,2
4452,242,170.718,161.669,165.642,132.532,133.401,113.739,147.000,172.750,191.000,159.222,after,1,16,12,2
4453,142,275.385,201.068,221.288,133.147,134.098,113.944,242.000,174.875,125.000,182.222,after,1,17,13,2
4454,220,168.982,168.511,166.212,133.270,134.285,114.047,142.000,175.583,192.000,185.000,after,1,18,14,2
4455,230,203.998,194.344,200.647,133.553,134.637,114.183,220.000,176.750,146.000,172.750,after,1,19,15,2
4456,78,199.278,195.215,194.654,134.646,135.828,114.488,230.000,180.250,112.000,158.694,after,1,20,16,2
4457,138,147.995,132.263,110.466,134.030,135.251,114.436,78.000,178.833,159.000,148.139,after,1,21,17,2
4458,105,129.923,129.134,124.146,133.603,134.868,114.423,138.000,177.958,193.000,124.722,after,1,22,18,2
4459,128,114.768,107.040,104.445,132.205,133.481,114.208,105.000,174.292,93.000,108.833,after,1,23,19,2
4460,86,94.047,104.925,106.330,132.589,133.938,114.365,128.000,175.750,698.000,89.361,after,1,24,20,2
4461,60,82.180,79.431,89.149,123.600,124.696,112.565,86.000,150.250,455.000,75.500,after,1,25,21,2
4462,44,72.033,65.297,75.169,117.754,118.707,111.421,60.000,133.792,598.000,67.139,after,1,26,22,2
4463,70,63.648,55.589,56.565,109.606,110.334,109.796,44.000,110.708,302.000,62.722,after,1,27,23,2
4464,44,58.205,60.102,54.455,106.122,106.788,109.145,70.000,101.042,66.000,61.389,other,0,-1,0,3
4465,64,54.913,54.989,59.144,105.475,106.172,108.830,44.000,100.125,80.000,64.194,other,0,-1,1,3
4466,51,58.063,62.675,61.323,104.916,105.646,108.533,64.000,99.458,64.000,65.056,other,0,-1,2,3
4467,71,57.549,59.157,58.735,104.400,105.164,108.245,51.000,98.917,69.000,61.583,other,0,-1,3,3
4468,67,64.922,67.442,63.925,104.101,104.908,108.003,71.000,99.000,35.000,61.250,other,0,-1,4,3
4469,89,66.497,66.630,66.218,104.237,105.101,107.851,67.000,100.333,42.000,63.500,other,0,-1,5,3
4470,69,76.727,76.191,76.743,104.590,105.519,107.744,89.000,102.292,39.000,67.778,other,0,-1,6,3
4471,102,80.277,74.036,78.806,104.697,105.683,107.586,69.000,103.542,62.000,79.889,other,0,-1,7,3
4472,59,95.859,90.566,98.090,104.949,105.996,107.459,102.000,105.208,42.000,92.417,other,0,-1,8,3
4473,120,114.125,102.122,95.509,104.867,105.964,107.262,59.000,105.917,108.000,115.000,other,0,-1,9,3
4474,107,130.214,126.919,128.588,104.714,105.858,107.049,120.000,106.417,128.000,126.583,other,0,-1,10,3
4475,106,146.762,146.950,135.422,104.082,105.257,106.737,107.000,105.542,147.000,145.861,other,0,-1,11,3
4476,152,158.638,158.450,144.070,103.160,104.355,106.364,106.000,103.833,242.000,168.111,other,0,-1,12,3
4477,160,168.288,169.685,166.588,101.529,102.720,105.843,152.000,100.083,142.000,177.472,other,0,-1,13,3
4478,111,169.811,171.028,169.626,101.462,102.703,105.649,160.000,100.833,220.000,176.694,other,0,-1,14,3
4479,131,158.897,152.517,142.988,99.555,100.783,105.071,111.000,96.292,230.000,173.972,other,0,-1,15,3
4480,132,150.658,148.621,141.270,97.793,99.012,104.523,131.000,92.167,78.000,162.111,other,0,-1,16,3
4481,169,137.218,137.583,131.633,98.248,99.535,104.437,132.000,94.417,138.000,150.028,other,0,-1,17,3
4482,84,120.014,137.989,136.544,98.369,99.714,104.282,169.000,95.708,105.000,132.389,other,0,-1,18,3
4483,116,106.284,100.329,92.724,97.737,99.112,103.970,84.000,94.833,128.000,108.528,other,0,-1,19,3
4484,56,83.809,94.065,94.685,97.236,98.646,103.685,116.000,94.333,86.000,100.083,other,0,-1,20,3
4485,63,76.069,69.327,68.865,96.473,97.910,103.346,56.000,93.083,60.000,85.306,other,0,-1,21,3
4486,45,60.544,61.275,64.529,96.189,97.668,103.106,63.000,93.208,44.000,74.778,other,0,-1,22,3
4487,54,52.421,51.801,55.439,95.876,97.397,102.861,45.000,93.250,70.000,70.444,other,0,-1,23,3
4488,59,45.779,50.927,53.388,95.317,96.871,102.564,54.000,92.583,44.000,60.917,other,0,-1,0,4
4489,61,45.065,55.731,50.529,95.249,96.806,102.248,59.000,93.208,64.000,56.972,other,0,-1,1,4
4490,42,47.889,57.921,49.987,94.920,96.472,101.878,61.000,93.083,51.000,51.583,other,0,-1,2,4
4491,54,45.590,51.856,46.740,94.504,96.048,101.489,42.000,92.708,71.000,54.556,other,0,-1,3,4
4492,46,51.010,56.962,50.988,93.972,95.503,101.077,54.000,92.000,67.000,57.139,other,0,-1,4,4
4493,29,51.869,55.052,52.864,93.383,94.899,100.652,46.000,91.125,89.000,54.694,other,0,-1,5,4
4494,145,56.331,53.612,54.129,92.228,93.710,100.110,29.000,88.625,69.000,65.167,other,0,-1,6,4
4495,80,106.000,106.472,98.750,93.044,94.560,99.978,145.000,91.792,102.000,74.667,other,0,-1,7,4
4496,78,79.777,81.737,86.294,92.440,93.941,99.551,80.000,90.875,59.000,86.667,other,0,-1,8,4
4497,79,96.713,97.098,97.525,92.430,93.937,99.247,78.000,91.667,120.000,109.861,other,0,-1,9,4
4498,185,115.893,117.914,110.425,91.551,93.033,98.762,79.000,89.958,107.000,125.222,other,0,-1,10,4
4499,155,154.041,173.973,171.065,92.395,93.912,98.637,185.000,93.208,106.000,147.361,other,0,-1,11,4
4500,177,154.103,167.325,164.532,92.820,94.358,98.424,155.000,95.250,152.000,161.111,other,0,-1,12,4
4501,219,168.691,179.399,179.565,92.897,94.443,98.138,177.000,96.292,160.000,174.694,other,0,-1,13,4
4502,166,187.972,201.832,201.074,93.466,95.038,97.956,219.000,98.750,111.000,178.167,other,0,-1,14,4
4503,123,165.109,163.531,168.735,93.977,95.573,97.761,166.000,101.042,131.000,172.583,other,0,-1,15,4
4504,141,150.047,139.547,138.743,93.576,95.164,97.376,123.000,100.708,132.000,165.472,other,0,-1,16,4
4505,177,132.388,132.301,134.476,93.421,95.009,97.042,141.000,101.083,169.000,138.861,other,0,-1,17,4
4506,136,112.014,132.615,137.382,93.252,94.840,96.705,177.000,101.417,84.000,121.333,other,0,-1,18,4
4507,98,90.518,102.556,107.205,93.720,95.330,96.501,136.000,103.583,116.000,101.944,other,0,-1,19,4
4508,91,75.823,79.027,84.471,93.174,94.771,96.085,98.000,102.833,56.000,84.222,other,0,-1,20,4
4509,95,60.083,66.987,75.123,93.395,95.006,95.830,91.000,104.292,63.000,70.889,other,0,-1,21,4
4510,59,47.995,62.459,70.242,93.574,95.197,95.566,95.000,105.625,45.000,63.889,other,0,-1,22,4
4511,61,41.546,47.269,57.810,93.491,95.117,95.247,59.000,106.208,54.000,57.111,other,0,-1,23,4
4512,32,37.335,46.592,54.899,93.307,94.933,94.907,61.000,106.500,59.000,38.722,other,0,-1,0,5
4513,46,34.325,39.540,32.985,92.888,94.453,94.624,32.000,105.375,61.000,42.139,other,0,-1,1,5
4514,36,38.853,46.241,35.668,92.643,94.154,94.377,46.000,104.750,42.000,43.389,other,0,-1,2,5
4515,55,38.787,43.893,35.212,92.528,93.990,94.157,36.000,104.500,54.000,43.528,other,0,-1,3,5
4516,40,48.031,52.832,41.917,92.514,93.930,93.958,55.000,104.542,46.000,42.111,other,0,-1,4,5
4517,36,45.144,47.656,42.720,92.399,93.766,93.738,40.000,104.292,29.000,43.028,other,0,-1,5,5
4518,37,48.495,48.850,47.265,92.472,93.796,93.558,36.000,104.583,145.000,55.167,other,0,-1,6,5
4519,71,56.595,54.444,54.312,90.880,92.103,93.029,37.000,100.083,80.000,63.917,other,0,-1,7,5
4520,86,69.998,73.961,75.244,90.721,91.894,92.800,71.000,99.708,78.000,81.722,other,0,-1,8,5
4521,62,85.797,92.061,92.538,90.809,91.939,92.623,86.000,100.042,79.000,98.167,other,0,-1,9,5
4522,57,105.389,97.383,91.382,90.535,91.610,92.370,62.000,99.333,185.000,102.556,other,0,-1,10,5
4523,114,122.454,107.805,97.793,88.652,89.617,91.781,57.000,94.000,155.000,122.722,other,0,-1,11,5
4524,132,137.538,137.560,135.999,88.030,88.928,91.455,114.000,92.292,177.000,141.028,other,0,-1,12,5
4525,163,149.315,148.795,150.923,87.350,88.179,91.117,132.000,90.417,219.000,161.333,other,0,-1,13,5
4526,139,158.370,162.299,169.721,86.511,87.265,90.746,163.000,88.083,166.000,179.778,other,0,-1,14,5
4527,202,148.801,146.673,149.210,86.092,86.785,90.463,139.000,86.958,123.000,180.472,other,0,-1,15,5
4528,82,152.208,167.333,177.196,87.208,87.895,90.500,202.000,90.250,141.000,165.833,other,0,-1,16,5
4529,129,119.297,114.705,98.472,86.325,86.936,90.120,82.000,87.792,177.000,148.556,other,0,-1,17,5
4530,123,99.028,108.678,103.874,85.602,86.142,89.773,129.000,85.792,136.000,114.861,other,0,-1,18,5
4531,57,79.615,91.586,86.787,85.385,85.873,89.532,123.000,85.250,98.000,90.528,other,0,-1,19,5
4532,54,69.376,66.646,56.942,84.763,85.184,89.207,57.000,83.542,91.000,74.972,other,0,-1,20,5
4533,28,53.512,53.381,50.231,84.199,84.555,88.893,54.000,82.000,95.000,60.444,other,0,-1,21,5
4534,42,43.951,41.110,41.332,83.200,83.476,88.489,28.000,79.208,59.000,52.389,other,0,-1,22,5
4535,84,33.570,38.390,40.728,82.926,83.147,88.236,42.000,78.500,61.000,44.139,other,0,-1,23,5
4536,38,39.335,53.821,46.049,83.231,83.417,88.103,84.000,79.458,32.000,32.472,other,0,-1,0,6
4537,16,31.172,37.722,32.372,83.568,83.704,88.231,38.000,79.708,46.000,34.500,other,0,-1,1,6
4538,31,28.562,32.635,29.767,83.384,83.451,88.250,16.000,78.458,36.000,33.361,other,0,-1,2,6
4539,34,35.043,40.036,35.067,83.562,83.572,88.345,31.000,78.250,55.000,35.222,other,0,-1,3,6
4540,38,38.756,42.930,39.374,83.508,83.454,88.391,34.000,77.375,40.000,34.028,other,0,-1,4,6
4541,49,42.441,46.240,45.310,83.729,83.621,88.494,38.000,77.292,36.000,36.611,other,0,-1,5,6
4542,26,48.865,53.546,54.760,84.168,84.012,88.643,49.000,77.833,37.000,38.694,other,0,-1,6,6
4543,26,49.903,50.956,54.309,84.259,84.044,88.720,26.000,77.375,71.000,47.194,other,0,-1,7,6
4544,30,62.888,60.507,61.039,83.857,83.566,88.693,26.000,75.500,86.000,59.167,other,0,-1,8,6
4545,65,80.176,72.661,69.113,83.296,82.923,88.633,30.000,73.167,62.000,78.778,other,0,-1,9,6
4546,84,97.869,94.231,90.433,83.590,83.164,88.752,65.000,73.292,57.000,101.278,other,0,-1,10,6
4547,111,117.007,110.922,105.810,84.231,83.766,88.944,84.000,74.417,114.000,121.778,other,0,-1,11,6
4548,114,134.320,130.374,125.575,84.438,83.917,89.044,111.000,74.292,132.000,140.833,other,0,-1,12,6
4549,111,144.465,136.894,129.562,84.428,83.844,89.099,114.000,73.542,163.000,148.472,other,0,-1,13,6
4550,88,147.193,139.084,127.165,83.925,83.261,89.052,111.000,71.375,139.000,156.639,other,0,-1,14,6
4551,156,142.808,133.028,110.544,83.436,82.693,89.007,88.000,69.250,202.000,153.306,other,0,-1,15,6
4552,105,136.841,145.151,144.665,83.020,82.200,88.977,156.000,67.333,82.000,133.083,other,0,-1,16,6
4553,127,119.128,119.810,104.591,83.604,82.742,89.157,105.000,68.292,129.000,123.667,other,0,-1,17,6
4554,92,100.848,108.682,102.228,83.825,82.908,89.260,127.000,68.208,123.000,102.583,other,0,-1,18,6
4555,69,85.496,87.180,74.746,83.626,82.640,89.276,92.000,66.917,57.000,79.889,other,0,-1,19,6
4556,56,71.161,70.133,58.071,84.050,83.017,89.422,69.000,67.417,54.000,59.111,other,0,-1,20,6
4557,72,57.679,57.131,48.978,84.329,83.243,89.538,56.000,67.500,28.000,47.306,other,0,-1,21,6
4558,22,46.200,53.655,48.946,85.217,84.099,89.781,72.000,69.333,42.000,35.306,other,0,-1,22,6
4559,22,40.701,41.032,38.208,85.178,83.996,89.830,22.000,68.500,84.000,32.556,other,0,-1,23,6
4560,67,36.156,39.753,37.035,84.530,83.263,89.752,22.000,65.917,38.000,61.343,other,0,-1,0,0
4561,459,47.796,57.563,50.325,85.290,84.017,90.178,67.000,67.125,16.000,59.743,inside,1,0,1,0
4562,637,404.825,323.496,276.908,92.048,90.978,91.857,459.000,85.583,31.000,61.829,inside,1,1,2,0
4563,377,482.293,367.256,398.605,101.166,100.382,94.028,637.000,110.833,34.000,63.543,inside,1,2,3,0
4564,340,439.219,298.768,290.978,106.475,105.843,95.404,377.000,125.125,38.000,60.000,inside,1,3,4,0
4565,471,409.989,284.399,270.711,111.190,110.690,96.656,340.000,137.708,49.000,77.171,inside,1,4,5,0
4566,59,423.733,337.496,360.181,117.644,117.336,98.271,471.000,155.292,26.000,77.686,after,1,5,6,0
4567,107,61.467,86.091,93.713,118.462,118.150,98.710,59.000,156.667,26.000,91.543,after,1,6,7,0
4568,81,96.557,120.350,121.629,119.975,119.684,99.293,107.000,160.042,30.000,101.114,after,1,7,8,0
4569,146,89.593,116.655,112.846,121.054,120.768,99.786,81.000,162.167,65.000,122.829,after,1,8,9,0
4570,147,140.251,161.498,151.598,122.568,122.302,100.369,146.000,165.542,84.000,137.200,after,1,9,10,0
4571,144,146.209,167.495,155.214,123.821,123.566,100.898,147.000,168.167,111.000,150.314,after,1,10,11,0
4572,70,153.777,169.113,155.506,124.639,124.380,101.336,144.000,169.542,114.000,163.229,after,1,11,12,0
4573,213,149.969,147.652,116.644,124.342,124.040,101.542,70.000,167.708,111.000,172.800,after,1,12,13,0
4574,196,203.785,210.202,199.981,126.160,125.889,102.189,213.000,171.958,88.000,172.257,after,1,13,14,0
4575,150,178.287,192.947,187.379,128.064,127.827,102.854,196.000,176.458,156.000,183.343,after,1,14,15,0
4576,102,151.826,163.024,154.862,128.318,128.057,103.174,150.000,176.208,105.000,162.143,after,1,15,16,0
4577,156,136.559,139.191,123.538,128.614,128.332,103.503,102.000,176.083,127.000,148.800,after,1,16,17,0
4578,135,118.028,139.715,147.933,129.375,129.086,103.929,156.000,177.292,92.000,128.829,after,1,17,18,0
4579,134,98.291,117.326,129.020,130.338,130.050,104.398,135.000,179.083,69.000,110.171,after,1,18,19,0
4580,116,83.351,103.425,121.054,131.620,131.344,104.933,134.000,181.792,56.000,85.143,after,1,19,20,0
4581,80,71.076,89.177,106.955,132.829,132.563,105.453,116.000,184.292,72.000,75.143,after,1,20,21,0
4582,52,60.111,73.202,88.894,133.285,133.002,105.815,80.000,184.625,22.000,65.229,after,1,21,22,0
4583,61,53.513,62.591,77.079,134.060,133.772,106.245,52.000,185.875,22.000,63.543,after,1,22,23,0
4584,77,54.759,65.646,79.186,134.965,134.676,106.701,61.000,187.500,67.000,61.694,after,1,23,0,1
4585,53,64.592,71.174,85.371,135.284,135.028,107.044,77.000,187.917,459.000,62.000,after,1,24,1,1
4586,48,57.919,62.275,70.110,129.576,129.143,106.128,53.000,171.000,637.000,62.222,after,1,25,2,1
4587,62,59.190,60.782,60.107,121.218,120.516,104.658,48.000,146.458,377.000,61.389,after,1,26,3,1
4588,74,68.296,67.348,63.999,116.829,115.995,104.018,62.000,133.333,340.000,63.583,after,1,27,4,1
4589,66,74.647,73.455,70.314,113.149,112.210,103.525,74.000,122.250,471.000,65.139,after,1,28,5,1
4590,76,68.796,71.947,72.895,107.456,106.340,102.612,66.000,105.375,59.000,66.417,other,0,-1,6,1
4591,91,76.735,81.332,84.227,107.877,106.797,102.976,76.000,106.083,107.000,77.639,other,0,-1,7,1
4592,84,90.273,96.374,99.225,107.819,106.759,103.240,91.000,105.417,81.000,91.833,other,0,-1,8,1
4593,114,105.083,111.087,107.388,108.036,107.006,103.561,84.000,105.542,146.000,109.944,other,0,-1,9,1
4594,98,127.592,134.201,130.669,107.747,106.728,103.777,114.000,104.208,147.000,131.361,other,0,-1,10,1
4595,146,142.612,147.253,132.526,107.211,106.195,103.941,98.000,102.167,144.000,148.500,other,0,-1,11,1
4596,160,163.974,165.213,163.334,107.414,106.427,104.259,146.000,102.250,70.000,174.389,other,0,-1,12,1
4597,147,174.057,173.413,174.197,108.891,107.978,104.844,160.000,106.000,213.000,191.778,other,0,-1,13,1
4598,261,171.583,169.034,165.370,108.109,107.191,104.957,147.000,103.250,196.000,190.222,other,0,-1,14,1
4599,179,233.543,224.360,226.672,109.225,108.367,105.466,261.000,105.958,150.000,183.056,other,0,-1,15,1
4600,112,163.906,165.216,167.216,109.819,109.004,105.866,179.000,107.167,102.000,168.806,other,0,-1,16,1
4601,153,145.880,134.992,121.409,110.137,109.356,106.208,112.000,107.583,156.000,158.750,other,0,-1,17,1
4602,81,128.508,127.085,128.839,110.268,109.512,106.512,153.000,107.458,135.000,131.639,other,0,-1,18,1
4603,171,114.668,100.255,91.535,109.660,108.905,106.661,81.000,105.208,134.000,103.944,other,0,-1,19,1
4604,99,100.388,105.416,116.150,110.370,109.661,107.085,171.000,106.750,116.000,92.389,other,0,-1,20,1
4605,30,79.079,75.686,82.787,110.297,109.608,107.346,99.000,106.042,80.000,77.389,other,0,-1,21,1
4606,51,73.300,59.508,58.138,109.747,109.061,107.507,30.000,103.958,52.000,64.944,other,0,-1,22,1
4607,93,62.164,57.266,56.954,109.906,109.248,107.816,51.000,103.917,61.000,62.889,other,0,-1,23,1
4608,59,69.642,72.170,62.079,110.544,109.929,108.225,93.000,105.250,77.000,59.639,other,0,-1,0,2
4609,78,59.318,60.744,57.062,110.160,109.592,108.222,59.000,104.500,53.000,64.167,other,0,-1,1,2
4610,112,67.440,69.630,59.621,110.399,109.899,108.349,78.000,105.542,48.000,56.194,other,0,-1,2,2
4611,44,91.640,87.895,67.616,111.202,110.790,108.593,112.000,108.208,62.000,60.528,other,0,-1,3,2
4612,56,62.567,59.703,55.499,110.818,110.453,108.590,44.000,107.458,74.000,62.444,other,0,-1,4,2
4613,49,68.106,64.780,61.279,110.434,110.115,108.587,56.000,106.708,66.000,62.833,other,0,-1,5,2
4614,57,72.357,66.030,65.025,110.065,109.792,108.586,49.000,106.000,76.000,70.472,other,0,-1,6,2
4615,110,82.574,74.124,74.009,109.666,109.440,108.580,57.000,105.208,91.000,78.639,other,0,-1,7,2
4616,58,102.819,94.679,99.410,109.818,109.657,108.688,110.000,106.000,84.000,89.639,other,0,-1,8,2
4617,78,116.131,105.302,93.608,109.318,109.199,108.661,58.000,104.917,114.000,104.833,other,0,-1,9,2
4618,124,133.761,127.242,111.595,108.674,108.592,108.603,78.000,103.417,98.000,127.694,other,0,-1,10,2
4619,172,150.955,145.956,141.111,108.927,108.914,108.733,124.000,104.500,146.000,145.361,other,0,-1,11,2
4620,125,171.015,166.343,172.138,109.180,109.236,108.862,172.000,105.583,160.000,159.222,other,0,-1,12,2
4621,196,166.823,165.346,154.304,108.550,108.643,108.807,125.000,104.125,147.000,182.222,other,0,-1,13,2
4622,181,180.078,185.281,187.990,109.136,109.310,109.007,196.000,106.167,261.000,185.000,other,0,-1,14,2
4623,102,168.683,176.051,173.767,107.854,108.043,108.816,181.000,102.833,179.000,172.750,other,0,-1,15,2
4624,212,155.264,147.617,126.714,106.616,106.821,108.634,102.000,99.625,112.000,158.694,other,0,-1,16,2
4625,117,153.939,173.826,167.400,107.941,108.252,108.988,212.000,103.792,153.000,148.139,other,0,-1,17,2
4626,118,130.165,123.860,111.313,107.296,107.645,108.930,117.000,102.292,81.000,124.722,other,0,-1,18,2
4627,112,112.091,108.698,101.804,107.709,108.132,109.093,118.000,103.833,171.000,108.833,other,0,-1,19,2
4628,96,94.363,93.610,91.400,106.731,107.179,108.965,112.000,101.375,99.000,89.361,other,0,-1,20,2
4629,87,79.934,79.283,78.139,106.564,107.067,109.007,96.000,101.250,30.000,75.500,other,0,-1,21,2
4630,77,68.384,70.596,68.495,107.266,107.853,109.231,87.000,103.625,51.000,67.139,other,0,-1,22,2
4631,55,61.114,64.792,59.790,107.520,108.175,109.361,77.000,104.708,93.000,62.722,other,0,-1,23,2
4632,67,56.586,57.452,49.745,106.846,107.538,109.297,55.000,103.125,59.000,61.389,other,0,-1,0,3
4633,49,56.644,63.931,61.586,106.634,107.371,109.072,67.000,103.458,78.000,64.194,other,0,-1,1,3
4634,63,55.018,58.723,56.678,105.886,106.650,108.736,49.000,102.250,112.000,65.056,other,0,-1,2,3
4635,70,60.081,64.643,59.249,104.849,105.629,108.339,63.000,100.208,44.000,61.583,other,0,-1,3,3
4636,77,64.774,67.998,62.340,104.898,105.732,108.169,70.000,101.292,56.000,61.250,other,0,-1,4,3
4637,43,69.574,71.110,67.394,104.874,105.761,107.984,77.000,102.167,49.000,63.500,other,0,-1,5,3
4638,64,68.892,63.108,64.721,104.460,105.384,107.717,43.000,101.917,57.000,67.778,other,0,-1,6,3
4639,84,79.464,73.109,76.801,104.233,105.203,107.490,64.000,102.208,110.000,79.889,other,0,-1,7,3
4640,126,93.647,86.323,91.877,103.529,104.527,107.162,84.000,101.125,58.000,92.417,other,0,-1,8,3
4641,87,114.288,108.751,117.987,104.187,105.260,107.119,126.000,103.958,78.000,115.000,other,0,-1,9,3
4642,89,130.017,124.953,116.433,103.989,105.108,106.898,87.000,104.333,124.000,126.583,other,0,-1,10,3
4643,112,146.184,146.093,128.728,103.155,104.297,106.543,89.000,102.875,172.000,145.861,other,0,-1,11,3
4644,134,157.879,158.201,146.301,101.958,103.111,106.113,112.000,100.375,125.000,168.111,other,0,-1,12,3
4645,160,165.684,165.085,159.407,101.760,102.960,105.892,134.000,100.750,196.000,177.472,other,0,-1,13,3
4646,264,169.603,170.530,169.321,100.911,102.134,105.534,160.000,99.250,181.000,176.694,other,0,-1,14,3
4647,169,217.153,223.806,214.807,101.786,103.091,105.537,264.000,102.708,102.000,173.972,other,0,-1,15,3
4648,132,156.399,160.607,160.560,102.429,103.809,105.491,169.000,105.500,212.000,162.111,other,0,-1,16,3
4649,150,138.629,137.322,132.455,100.942,102.324,105.000,132.000,102.167,117.000,150.028,other,0,-1,17,3
4650,142,120.896,129.246,128.276,101.093,102.532,104.851,150.000,103.542,118.000,132.389,other,0,-1,18,3
4651,62,101.419,113.656,113.256,101.113,102.605,104.675,142.000,104.542,112.000,108.528,other,0,-1,19,3
4652,101,91.002,81.295,76.503,100.061,101.569,104.275,62.000,102.458,96.000,100.083,other,0,-1,20,3
4653,70,69.503,77.731,79.809,99.805,101.358,104.042,101.000,102.667,87.000,85.306,other,0,-1,21,3
4654,102,59.402,60.709,64.593,99.231,100.817,103.742,70.000,101.958,77.000,74.778,other,0,-1,22,3
4655,38,52.855,68.766,66.791,99.266,100.905,103.569,102.000,103.000,55.000,70.444,other,0,-1,23,3
4656,52,46.072,44.854,49.090,98.692,100.364,103.269,38.000,102.292,67.000,60.917,other,0,-1,0,4
4657,27,43.837,51.041,48.148,98.189,99.849,102.862,52.000,101.667,49.000,56.972,other,0,-1,1,4
4658,72,41.646,44.233,43.097,97.585,99.230,102.434,27.000,100.750,63.000,51.583,other,0,-1,2,4
4659,77,55.442,62.333,51.657,97.430,99.076,102.100,72.000,101.125,70.000,54.556,other,0,-1,3,4
4660,65,60.486,65.568,55.128,97.246,98.891,101.761,77.000,101.417,77.000,57.139,other,0,-1,4,4
4661,61,57.348,60.915,56.654,96.787,98.422,101.363,65.000,100.917,43.000,54.694,other,0,-1,5,4
4662,79,59.805,61.456,61.807,96.763,98.402,101.056,61.000,101.667,64.000,65.167,other,0,-1,6,4
4663,78,70.063,72.341,75.407,96.695,98.338,100.741,79.000,102.292,84.000,74.667,other,0,-1,7,4
4664,48,80.901,81.297,85.971,96.322,97.959,100.361,78.000,102.042,126.000,86.667,other,0,-1,8,4
4665,146,99.622,92.824,87.523,94.907,96.500,99.764,48.000,98.792,87.000,109.861,other,0,-1,9,4
4666,137,124.364,138.860,141.572,95.476,97.095,99.582,146.000,101.250,89.000,125.222,other,0,-1,10,4
4667,162,138.266,151.573,149.697,95.886,97.525,99.366,137.000,103.250,112.000,147.361,other,0,-1,11,4
4668,158,157.431,171.451,170.747,96.325,97.985,99.156,162.000,105.333,134.000,161.111,other,0,-1,12,4
4669,116,165.492,170.782,173.084,96.388,98.056,98.867,158.000,106.333,160.000,174.694,other,0,-1,13,4
4670,157,163.258,152.084,152.177,95.465,97.107,98.373,116.000,104.500,264.000,178.167,other,0,-1,14,4
4671,167,162.960,159.335,163.877,93.630,95.213,97.688,157.000,100.042,169.000,172.583,other,0,-1,15,4
4672,212,151.796,153.866,158.759,93.315,94.894,97.321,167.000,99.958,132.000,165.472,other,0,-1,16,4
4673,168,143.989,165.688,169.113,94.189,95.804,97.202,212.000,103.292,150.000,138.861,other,0,-1,17,4
4674,95,110.724,128.685,132.928,94.164,95.784,96.895,168.000,104.042,142.000,121.333,other,0,-1,18,4
4675,130,92.392,93.084,91.605,93.198,94.790,96.392,95.000,102.083,62.000,101.944,other,0,-1,19,4
4676,147,70.931,89.907,93.032,93.898,95.520,96.237,130.000,104.917,101.000,84.222,other,0,-1,20,4
4677,50,59.809,92.713,89.275,94.279,95.921,96.015,147.000,106.833,70.000,70.889,other,0,-1,21,4
4678,62,50.819,50.805,56.784,93.704,95.331,95.593,50.000,106.000,102.000,63.889,other,0,-1,22,4
4679,56,40.475,48.519,54.583,92.839,94.442,95.111,62.000,104.333,38.000,57.111,other,0,-1,23,4
4680,31,36.325,45.265,49.832,92.815,94.423,94.804,56.000,105.083,52.000,38.722,other,0,-1,0,5
4681,43,33.671,39.624,29.289,92.482,94.034,94.539,31.000,104.208,27.000,42.139,other,0,-1,1,5
4682,44,37.547,45.334,31.832,92.686,94.199,94.386,43.000,104.875,72.000,43.389,other,0,-1,2,5
4683,33,40.664,47.242,33.722,92.252,93.705,94.099,44.000,103.708,77.000,43.528,other,0,-1,3,5
4684,45,40.010,44.132,34.490,91.587,92.971,93.764,33.000,101.875,65.000,42.111,other,0,-1,4,5
4685,29,46.001,49.741,41.682,91.269,92.597,93.502,45.000,101.042,61.000,43.028,other,0,-1,5,5
4686,40,46.904,47.061,43.676,90.777,92.043,93.204,29.000,99.708,79.000,55.167,other,0,-1,6,5
4687,64,55.733,55.580,54.138,90.184,91.383,92.884,40.000,98.083,78.000,63.917,other,0,-1,7,5
4688,90,68.563,71.696,71.890,89.953,91.099,92.640,64.000,97.500,48.000,81.722,other,0,-1,8,5
4689,115,85.575,94.033,94.449,90.534,91.654,92.566,90.000,99.250,146.000,98.167,other,0,-1,9,5
4690,108,105.788,119.707,119.276,90.056,91.115,92.270,115.000,97.958,137.000,102.556,other,0,-1,10,5
4691,139,121.739,127.506,125.454,89.608,90.606,91.981,108.000,96.750,162.000,122.722,other,0,-1,11,5
4692,139,141.211,150.357,151.932,89.247,90.187,91.709,139.000,95.792,158.000,141.028,other,0,-1,12,5
4693,125,150.212,152.307,155.797,88.944,89.828,91.450,139.000,95.000,116.000,161.333,other,0,-1,13,5
4694,176,151.505,145.785,146.893,89.046,89.888,91.276,125.000,95.375,157.000,179.778,other,0,-1,14,5
4695,117,157.470,163.056,172.775,89.293,90.098,91.132,176.000,96.167,167.000,180.472,other,0,-1,15,5
4696,143,135.754,132.483,127.606,88.541,89.275,90.779,117.000,94.083,212.000,165.833,other,0,-1,16,5
4697,163,120.119,127.850,126.802,87.513,88.166,90.368,143.000,91.208,168.000,148.556,other,0,-1,17,5
4698,129,101.138,119.559,120.070,87.412,88.016,90.151,163.000,91.000,95.000,114.861,other,0,-1,18,5
4699,90,80.635,94.030,89.379,87.877,88.452,90.053,129.000,92.417,130.000,90.528,other,0,-1,19,5
4700,127,66.434,72.165,65.674,87.269,87.778,89.730,90.000,90.750,147.000,74.972,other,0,-1,20,5
4701,69,53.208,73.033,68.134,86.951,87.403,89.468,127.000,89.917,50.000,60.444,other,0,-1,21,5
4702,34,42.219,50.617,49.052,87.199,87.614,89.324,69.000,90.708,62.000,52.389,other,0,-1,22,5
4703,49,36.401,39.341,39.610,86.765,87.120,89.037,34.000,89.542,56.000,44.139,other,0,-1,23,5
4704,32,32.819,42.568,39.876,86.635,86.940,88.814,49.000,89.250,31.000,32.472,other,0,-1,0,6
4705,32,32.075,38.738,30.558,86.900,87.152,88.927,32.000,89.292,43.000,34.500,other,0,-1,1,6
4706,47,34.414,41.297,32.059,86.991,87.183,89.003,32.000,88.833,44.000,33.361,other,0,-1,2,6
4707,30,43.021,50.054,37.845,87.285,87.425,89.122,47.000,88.958,33.000,35.222,other,0,-1,3,6
4708,46,39.046,43.951,37.842,87.492,87.577,89.223,30.000,88.833,45.000,34.028,other,0,-1,4,6
4709,40,47.096,52.138,46.837,87.756,87.788,89.335,46.000,88.875,29.000,36.611,other,0,-1,5,6
4710,40,47.218,51.781,51.417,88.166,88.150,89.478,40.000,89.333,40.000,38.694,other,0,-1,6,6
4711,48,52.835,56.881,58.452,88.416,88.346,89.588,40.000,89.333,64.000,47.194,other,0,-1,7,6
4712,80,64.311,68.151,68.854,88.435,88.303,89.649,48.000,88.667,90.000,59.167,other,0,-1,8,6
4713,120,81.953,91.372,90.558,88.540,88.350,89.729,80.000,88.250,115.000,78.778,other,0,-1,9,6
4714,78,107.242,123.405,120.226,88.863,88.621,89.853,120.000,88.458,108.000,101.278,other,0,-1,10,6
4715,59,116.644,109.560,103.528,88.679,88.368,89.872,78.000,87.208,139.000,121.778,other,0,-1,11,6
4716,164,128.925,111.234,97.825,87.770,87.365,89.740,59.000,83.875,139.000,140.833,other,0,-1,12,6
4717,178,156.494,163.697,164.398,88.382,87.937,89.925,164.000,84.917,125.000,148.472,other,0,-1,13,6
4718,139,163.034,169.895,173.869,89.400,88.928,90.195,178.000,87.125,176.000,156.639,other,0,-1,14,6
4719,209,147.114,146.954,142.412,89.115,88.570,90.193,139.000,85.583,117.000,153.306,other,0,-1,15,6
4720,97,157.496,170.669,182.413,90.698,90.145,90.581,209.000,89.417,143.000,133.083,other,0,-1,16,6
4721,123,120.697,117.972,101.122,90.282,89.652,90.551,97.000,87.500,163.000,123.667,other,0,-1,17,6
4722,83,102.146,106.793,100.645,89.952,89.249,90.540,123.000,85.833,129.000,102.583,other,0,-1,18,6
4723,49,87.215,85.014,72.447,89.536,88.756,90.510,83.000,83.917,90.000,79.889,other,0,-1,19,6
4724,82,74.226,67.361,54.614,89.193,88.338,90.496,49.000,82.208,127.000,59.111,other,0,-1,20,6
4725,33,55.537,58.160,55.973,88.791,87.860,90.470,82.000,80.333,69.000,47.306,other,0,-1,21,6
4726,33,47.816,44.192,42.905,88.520,87.517,90.470,33.000,78.833,34.000,35.306,other,0,-1,22,6
4727,39,39.951,39.886,41.235,88.756,87.699,90.577,33.000,78.792,49.000,32.556,other,0,-1,23,6
4728,66,37.774,40.907,41.426,88.861,87.745,90.656,39.000,78.375,32.000,61.343,other,0,-1,0,0
4729,42,48.539,53.297,51.467,89.694,88.575,91.098,66.000,79.792,32.000,59.743,other,0,-1,1,0
4730,82,43.244,47.091,47.476,90.179,89.044,91.466,42.000,80.208,47.000,61.829,other,0,-1,2,0
4731,56,68.585,71.854,59.766,91.026,89.888,91.911,82.000,81.667,30.000,63.543,other,0,-1,3,0
4732,53,54.997,59.217,57.420,91.743,90.598,92.328,56.000,82.750,46.000,60.000,other,0,-1,4,0
4733,75,54.349,59.678,62.072,92.184,91.022,92.687,53.000,83.042,40.000,77.171,other,0,-1,5,0
4734,47,65.732,74.062,75.722,93.032,91.866,93.131,75.000,84.500,40.000,77.686,other,0,-1,6,0
4735,44,59.126,67.353,74.261,93.473,92.291,93.491,47.000,84.792,48.000,91.543,other,0,-1,7,0
4736,82,70.913,78.238,80.890,93.756,92.551,93.817,44.000,84.625,80.000,101.114,other,0,-1,8,0
4737,147,90.247,105.416,103.620,94.125,92.900,94.162,82.000,84.708,120.000,122.829,other,0,-1,9,0
4738,176,131.952,150.532,144.594,94.856,93.624,94.582,147.000,85.833,78.000,137.200,other,0,-1,10,0
4739,205,163.155,176.301,169.542,96.616,95.413,95.217,176.000,89.917,59.000,150.314,other,0,-1,11,0
4740,168,192.924,199.269,193.809,99.071,97.921,95.997,205.000,96.000,164.000,163.229,other,0,-1,12,0
4741,184,170.075,172.844,171.934,99.469,98.301,96.347,168.000,96.167,178.000,172.800,other,0,-1,13,0
4742,125,177.075,178.701,181.281,99.896,98.710,96.704,184.000,96.417,139.000,172.257,other,0,-1,14,0
4743,160,162.338,149.945,140.390,100.034,98.820,97.000,125.000,95.833,209.000,183.343,other,0,-1,15,0
4744,147,154.304,151.801,153.944,99.664,98.405,97.190,160.000,93.792,97.000,162.143,other,0,-1,16,0
4745,133,137.954,134.243,136.453,100.729,99.474,97.680,147.000,95.875,123.000,148.800,other,0,-1,17,0
4746,264,119.889,115.252,118.130,101.214,99.943,98.048,133.000,96.292,83.000,128.829,other,0,-1,18,0
4747,70,186.608,152.433,172.099,104.176,102.976,98.934,264.000,103.833,49.000,110.171,other,0,-1,19,0
4748,812,89.909,78.870,73.037,104.820,103.611,99.336,70.000,104.708,82.000,85.143,inside,1,0,20,0
4749,686,386.155,290.713,413.078,115.735,114.874,101.883,812.000,135.125,33.000,75.143,inside,1,1,21,0
4750,404,369.296,302.770,319.783,125.535,124.982,104.197,686.000,162.333,33.000,65.229,inside,1,2,22,0
4751,522,304.259,278.358,159.030,131.249,130.863,105.658,404.000,177.792,39.000,63.543,inside,1,3,23,0
4752,499,347.348,311.241,206.762,138.587,138.424,107.457,522.000,197.917,66.000,61.694,inside,1,4,0,1
4753,55,383.314,304.425,213.073,145.033,145.117,109.080,499.000,215.958,42.000,62.000,after,1,5,1,1
4754,41,57.662,93.671,97.745,145.395,145.513,109.431,55.000,216.500,82.000,62.222,after,1,6,2,1
4755,80,56.101,84.264,96.256,144.975,145.101,109.620,41.000,214.792,56.000,61.389,after,1,7,3,1
4756,56,74.511,105.714,103.347,145.497,145.662,110.004,80.000,215.792,53.000,63.583,after,1,8,4,1
4757,58,64.435,85.968,100.615,145.714,145.909,110.326,56.000,215.917,75.000,65.139,after,1,9,5,1
4758,22,67.877,84.058,102.788,145.642,145.856,110.587,58.000,215.208,47.000,66.417,inside,-1,0,6,1
4759,38,74.726,75.760,97.278,145.454,145.683,110.823,22.000,214.167,44.000,77.639,inside,-1,1,7,1
4760,46,88.734,90.343,103.732,145.541,145.795,111.118,38.000,213.917,82.000,91.833,inside,-1,2,8,1
4761,34,106.774,108.894,110.062,145.193,145.458,111.321,46.000,212.417,147.000,109.944,inside,-1,3,9,1
4762,69,126.508,128.220,110.753,143.730,143.965,111.292,34.000,207.708,176.000,131.361,after,-1,4,10,1
4763,119,141.121,144.369,129.120,142.354,142.563,111.280,69.000,203.250,205.000,148.500,after,-1,5,11,1
4764,213,159.376,159.217,157.845,141.282,141.476,111.332,119.000,199.667,168.000,174.389,after,-1,6,12,1
4765,211,249.900,198.477,215.563,142.108,142.352,111.781,213.000,201.542,184.000,191.778,after,-1,7,13,1
4766,159,228.403,197.204,212.479,142.673,142.959,112.175,211.000,202.667,125.000,190.222,after,-1,8,14,1
4767,116,171.542,167.751,174.455,143.340,143.671,112.590,159.000,204.083,160.000,183.056,after,-1,9,15,1
4768,185,156.348,146.967,143.109,142.876,143.213,112.769,116.000,202.250,147.000,168.806,after,-1,10,16,1
4769,178,155.186,158.384,165.931,143.601,143.985,113.197,185.000,203.833,133.000,158.750,after,-1,11,17,1
4770,95,134.584,142.145,150.688,144.426,144.861,113.645,178.000,205.708,264.000,131.639,after,-1,12,18,1
4771,92,111.746,102.304,116.827,142.152,142.529,113.446,95.000,198.667,70.000,103.944,after,-1,13,19,1
4772,51,93.610,89.671,113.757,142.645,143.061,113.825,92.000,199.583,812.000,92.389,after,-1,14,20,1
4773,95,83.497,70.984,106.953,131.795,131.855,111.835,51.000,167.875,686.000,77.389,after,-1,15,21,1
4774,26,68.520,73.777,109.060,123.407,123.197,110.360,95.000,143.250,404.000,64.944,after,-1,16,22,1
4775,74,62.597,54.048,77.099,118.106,117.733,109.528,26.000,127.500,522.000,62.889,after,-1,17,23,1
4776,37,61.577,65.980,68.045,111.790,111.219,108.485,74.000,108.833,499.000,59.639,after,-1,18,0,2
4777,48,55.847,54.078,51.254,104.974,104.225,107.139,37.000,89.583,55.000,64.167,after,-1,19,1,2
4778,101,57.482,58.201,52.007,104.749,104.052,107.169,48.000,89.292,41.000,56.194,after,-1,20,2,2
4779,85,82.927,81.468,62.979,105.495,104.884,107.401,101.000,91.792,80.000,60.528,after,-1,21,3,2
4780,75,75.807,74.487,61.764,105.444,104.891,107.468,85.000,92.000,56.000,62.444,after,-1,22,4,2
4781,45,72.907,70.848,63.698,105.596,105.108,107.576,75.000,92.792,58.000,62.833,after,-1,23,5,2
4782,89,71.214,64.644,62.726,105.284,104.845,107.588,45.000,92.250,22.000,70.472,after,-1,24,6,2
4783,82,86.839,80.986,81.627,106.132,105.782,107.842,89.000,95.042,38.000,78.639,after,-1,25,7,2
4784,121,97.231,88.344,89.755,106.646,106.374,108.026,82.000,96.875,46.000,89.639,after,-1,26,8,2
4785,111,119.031,108.896,115.188,107.609,107.430,108.304,121.000,100.000,34.000,104.833,after,-1,27,9,2
4786,162,133.593,126.044,123.997,108.601,108.517,108.588,111.000,103.208,69.000,127.694,other,0,-1,10,2
4787,144,157.353,149.702,157.657,109.825,109.843,108.920,162.000,107.083,119.000,145.361,other,0,-1,11,2
4788,137,163.238,161.820,158.250,110.064,110.150,109.047,144.000,108.125,213.000,159.222,other,0,-1,12,2
4789,131,167.577,167.293,159.088,108.840,108.943,108.868,137.000,104.958,211.000,182.222,other,0,-1,13,2
4790,160,165.771,165.989,154.967,107.557,107.676,108.677,131.000,101.625,159.000,185.000,other,0,-1,14,2
4791,197,164.654,169.081,162.709,107.449,107.623,108.731,160.000,101.667,116.000,172.750,other,0,-1,15,2
4792,176,163.490,175.612,171.834,108.499,108.770,109.027,197.000,105.042,185.000,158.694,other,0,-1,16,2
4793,178,146.005,155.559,149.268,108.245,108.567,109.051,176.000,104.667,178.000,148.139,other,0,-1,17,2
4794,75,129.362,143.840,138.406,108.122,108.499,109.102,178.000,104.667,95.000,124.722,other,0,-1,18,2
4795,101,116.300,104.924,86.511,107.709,108.132,109.093,75.000,103.833,92.000,108.833,other,0,-1,19,2
4796,88,95.526,92.542,87.369,107.716,108.199,109.171,101.000,104.208,51.000,89.361,other,0,-1,20,2
4797,59,80.848,78.726,75.207,108.129,108.686,109.334,88.000,105.750,95.000,75.500,other,0,-1,21,2
4798,74,71.174,65.340,59.680,107.484,108.078,109.276,59.000,104.250,26.000,67.139,other,0,-1,22,2
4799,118,61.427,64.014,57.687,108.056,108.730,109.472,74.000,106.250,74.000,62.722,other,0,-1,23,2
4800,42,72.635,82.048,63.778,108.570,109.322,109.657,118.000,108.083,37.000,61.389,other,0,-1,0,3
4801,76,54.634,55.991,55.535,108.315,109.110,109.423,42.000,108.292,48.000,64.194,other,0,-1,1,3
4802,98,61.873,68.589,61.059,108.393,109.244,109.259,76.000,109.458,101.000,65.056,other,0,-1,2,3
4803,87,75.486,79.977,66.205,108.021,108.912,109.001,98.000,109.333,85.000,61.583,other,0,-1,3,3
4804,63,72.216,75.135,65.681,107.723,108.656,108.759,87.000,109.417,75.000,61.250,other,0,-1,4,3
4805,98,65.737,65.990,63.836,107.221,108.189,108.474,63.000,108.917,45.000,63.500,other,0,-1,5,3
4806,59,80.932,80.371,78.552,107.661,108.697,108.386,98.000,111.125,89.000,67.778,other,0,-1,6,3
4807,118,79.590,72.381,75.547,106.899,107.961,108.046,59.000,109.875,82.000,79.889,other,0,-1,7,3
4808,77,99.980,95.279,103.314,107.093,108.215,107.906,118.000,111.375,121.000,92.417,other,0,-1,8,3
4809,114,111.739,101.814,101.089,106.128,107.269,107.525,77.000,109.542,111.000,115.000,other,0,-1,9,3
4810,116,130.392,125.364,126.215,105.843,107.027,107.285,114.000,109.667,162.000,126.583,other,0,-1,10,3
4811,130,146.956,146.089,138.679,104.849,106.051,106.897,116.000,107.750,144.000,145.861,other,0,-1,11,3
4812,170,159.780,160.259,152.984,104.319,105.555,106.606,130.000,107.167,137.000,168.111,other,0,-1,12,3
4813,135,172.542,174.850,173.975,104.469,105.763,106.457,170.000,108.542,131.000,177.472,other,0,-1,13,3
4814,155,166.384,163.593,158.956,104.200,105.537,106.221,135.000,108.708,160.000,176.694,other,0,-1,14,3
4815,124,164.004,164.037,161.958,103.799,105.175,105.957,155.000,108.500,197.000,173.972,other,0,-1,15,3
4816,144,150.954,147.204,139.349,102.414,103.794,105.488,124.000,105.458,176.000,162.111,other,0,-1,16,3
4817,136,137.971,140.925,137.029,101.623,103.028,105.142,144.000,104.125,178.000,150.028,other,0,-1,17,3
4818,110,120.497,125.440,122.807,100.687,102.112,104.767,136.000,102.375,75.000,132.389,other,0,-1,18,3
4819,81,103.836,104.865,102.552,100.866,102.350,104.624,110.000,103.833,101.000,108.528,other,0,-1,19,3
4820,81,89.556,85.503,84.168,100.249,101.764,104.315,81.000,103.000,88.000,100.083,other,0,-1,20,3
4821,76,72.528,73.925,76.833,99.820,101.373,104.045,81.000,102.708,59.000,85.306,other,0,-1,21,3
4822,49,59.540,64.908,69.162,99.738,101.341,103.848,76.000,103.417,74.000,74.778,other,0,-1,22,3
4823,59,52.626,52.774,57.704,99.048,100.680,103.523,49.000,102.375,118.000,70.444,other,0,-1,23,3
4824,50,46.419,52.286,55.812,97.866,99.509,103.096,59.000,99.917,42.000,60.917,other,0,-1,0,4
4825,61,44.213,52.401,50.114,97.697,99.340,102.759,50.000,100.250,76.000,56.972,other,0,-1,1,4
4826,60,48.400,57.797,51.235,97.194,98.825,102.353,61.000,99.625,98.000,51.583,other,0,-1,2,4
4827,80,50.938,58.536,51.379,96.358,97.966,101.877,60.000,98.042,87.000,54.556,other,0,-1,3,4
4828,72,62.018,68.166,57.788,95.972,97.572,101.494,80.000,97.750,63.000,57.139,other,0,-1,4,4
4829,69,59.901,64.784,59.917,95.817,97.418,101.160,72.000,98.125,98.000,54.694,other,0,-1,5,4
4830,73,61.327,64.923,64.978,95.111,96.694,100.712,69.000,96.917,59.000,65.167,other,0,-1,6,4
4831,61,68.227,70.602,74.158,95.029,96.614,100.393,73.000,97.500,118.000,74.667,other,0,-1,7,4
4832,112,80.160,77.347,80.093,93.918,95.470,99.859,61.000,95.125,77.000,86.667,other,0,-1,8,4
4833,69,98.416,106.536,111.232,94.139,95.705,99.604,112.000,96.583,114.000,109.861,other,0,-1,9,4
4834,99,117.056,116.633,106.484,93.202,94.741,99.107,69.000,94.708,116.000,125.222,other,0,-1,10,4
4835,145,133.813,139.702,130.558,92.671,94.197,98.694,99.000,94.000,130.000,147.361,other,0,-1,11,4
4836,176,152.322,162.835,160.280,92.603,94.133,98.378,145.000,94.625,170.000,161.111,other,0,-1,12,4
4837,246,168.798,178.325,179.557,92.404,93.933,98.035,176.000,94.875,135.000,174.694,other,0,-1,13,4
4838,241,209.842,222.772,216.602,93.727,95.308,98.010,246.000,99.500,155.000,178.167,other,0,-1,14,4
4839,87,195.492,210.507,209.346,94.687,96.308,97.909,241.000,103.083,124.000,172.583,other,0,-1,15,4
4840,118,151.105,131.895,124.502,93.866,95.464,97.436,87.000,101.542,144.000,165.472,other,0,-1,16,4
4841,159,133.295,125.998,124.678,93.204,94.785,96.996,118.000,100.458,136.000,138.861,other,0,-1,17,4
4842,101,110.929,124.129,129.047,93.252,94.840,96.705,159.000,101.417,110.000,121.333,other,0,-1,18,4
4843,158,94.370,92.439,94.397,92.836,94.416,96.316,101.000,101.042,81.000,101.944,other,0,-1,19,4
4844,126,72.471,102.505,103.888,93.666,95.281,96.188,158.000,104.250,81.000,84.222,other,0,-1,20,4
4845,79,57.396,79.862,84.325,94.033,95.666,95.963,126.000,106.125,76.000,70.889,other,0,-1,21,4
4846,92,47.542,55.857,66.178,93.791,95.421,95.611,79.000,106.250,49.000,63.889,other,0,-1,22,4
4847,53,41.682,58.674,64.611,94.128,95.777,95.380,92.000,108.042,59.000,57.111,other,0,-1,23,4
4848,49,35.717,43.201,53.721,93.756,95.397,95.001,53.000,107.792,50.000,38.722,other,0,-1,0,5
4849,44,35.665,44.809,37.297,93.714,95.308,94.796,49.000,107.750,61.000,42.139,other,0,-1,1,5
4850,36,37.032,44.990,36.853,93.439,94.979,94.543,44.000,107.042,60.000,43.389,other,0,-1,2,5
4851,43,37.566,43.363,36.681,93.064,94.544,94.269,36.000,106.042,80.000,43.528,other,0,-1,3,5
4852,36,42.452,47.258,40.447,92.499,93.915,93.955,43.000,104.500,72.000,42.111,other,0,-1,4,5
4853,28,43.113,45.576,42.700,91.950,93.301,93.644,36.000,103.000,69.000,43.028,other,0,-1,5,5
4854,55,46.523,45.659,45.801,91.328,92.612,93.319,28.000,101.292,73.000,55.167,other,0,-1,6,5
4855,39,57.325,59.350,60.496,91.039,92.268,93.063,55.000,100.542,61.000,63.917,other,0,-1,7,5
4856,63,69.132,63.836,63.450,90.692,91.864,92.794,39.000,99.625,112.000,81.722,other,0,-1,8,5
4857,67,85.099,83.042,82.095,89.954,91.055,92.444,63.000,97.583,69.000,98.167,other,0,-1,9,5
4858,78,104.676,98.453,93.814,89.897,90.950,92.237,67.000,97.500,99.000,102.556,other,0,-1,10,5
4859,218,122.862,114.576,108.422,89.565,90.561,91.972,78.000,96.625,145.000,122.722,other,0,-1,11,5
4860,99,188.573,211.841,206.115,90.594,91.581,91.991,218.000,99.667,176.000,141.028,other,0,-1,12,5
4861,208,148.774,135.810,131.141,89.451,90.352,91.556,99.000,96.458,246.000,161.333,other,0,-1,13,5
4862,85,178.562,191.980,200.312,88.872,89.708,91.239,208.000,94.875,241.000,179.778,other,0,-1,14,5
4863,184,147.471,131.837,118.949,86.584,87.295,90.566,85.000,88.375,87.000,180.472,other,0,-1,15,5
4864,254,145.409,156.844,165.551,87.961,88.675,90.658,184.000,92.417,118.000,165.833,other,0,-1,16,5
4865,85,173.012,189.757,193.805,89.903,90.639,90.867,254.000,98.083,159.000,148.556,other,0,-1,17,5
4866,58,102.600,99.946,86.506,88.803,89.455,90.442,85.000,95.000,101.000,114.861,other,0,-1,18,5
4867,70,88.205,81.674,66.051,88.152,88.736,90.110,58.000,93.208,158.000,90.528,other,0,-1,19,5
4868,75,69.175,67.238,60.478,86.849,87.343,89.642,70.000,89.542,126.000,74.972,other,0,-1,20,5
4869,37,52.759,55.973,55.038,86.082,86.504,89.286,75.000,87.417,79.000,60.444,other,0,-1,21,5
4870,50,44.979,42.086,43.125,85.446,85.800,88.958,37.000,85.667,92.000,52.389,other,0,-1,22,5
4871,49,35.352,39.898,42.224,84.809,85.096,88.629,50.000,83.917,53.000,44.139,other,0,-1,23,5
4872,39,32.307,39.225,39.865,84.723,84.961,88.415,49.000,83.750,49.000,32.472,other,0,-1,0,6
4873,36,32.870,37.064,32.037,84.829,85.008,88.494,39.000,83.333,44.000,34.500,other,0,-1,1,6
4874,31,34.844,38.766,33.151,84.963,85.085,88.580,36.000,83.000,36.000,33.361,other,0,-1,2,6
4875,35,36.203,39.119,34.757,85.141,85.206,88.674,31.000,82.792,43.000,35.222,other,0,-1,3,6
4876,30,40.134,42.505,39.391,85.275,85.283,88.760,35.000,82.458,36.000,34.028,other,0,-1,4,6
4877,25,40.849,42.466,43.055,85.439,85.390,88.851,30.000,82.208,28.000,36.611,other,0,-1,5,6
4878,30,43.585,44.136,47.513,85.645,85.541,88.952,25.000,82.083,55.000,38.694,other,0,-1,6,6
4879,41,51.595,51.691,55.515,85.534,85.363,88.986,30.000,81.042,39.000,47.194,other,0,-1,7,6
4880,80,64.091,64.223,66.411,85.813,85.590,89.102,41.000,81.125,63.000,59.167,other,0,-1,8,6
4881,84,82.171,89.984,90.520,86.309,86.041,89.263,80.000,81.833,67.000,78.778,other,0,-1,9,6
4882,83,100.064,102.505,99.979,86.806,86.492,89.424,84.000,82.542,78.000,101.278,other,0,-1,10,6
4883,98,118.212,110.743,105.461,87.129,86.764,89.549,83.000,82.750,218.000,121.778,other,0,-1,11,6
4884,228,132.165,124.878,118.016,85.640,85.162,89.295,98.000,77.750,99.000,140.833,other,0,-1,12,6
4885,172,205.834,215.795,211.426,87.759,87.292,89.795,228.000,83.125,208.000,148.472,other,0,-1,13,6
4886,157,160.861,165.371,168.435,87.488,86.949,89.796,172.000,81.625,85.000,156.639,other,0,-1,14,6
4887,150,152.247,152.061,153.943,88.782,88.225,90.123,157.000,84.625,184.000,153.306,other,0,-1,15,6
4888,170,139.561,140.488,141.348,88.539,87.912,90.130,150.000,83.208,254.000,133.083,other,0,-1,16,6
4889,95,125.198,134.301,141.610,87.573,86.849,89.986,170.000,79.708,85.000,123.667,other,0,-1,17,6
4890,112,107.510,100.646,88.936,87.968,87.196,90.126,95.000,80.125,58.000,102.583,other,0,-1,18,6
4891,81,86.272,86.358,82.303,89.000,88.202,90.399,112.000,82.375,70.000,79.889,other,0,-1,19,6
4892,28,71.832,67.865,62.033,89.410,88.563,90.541,81.000,82.833,75.000,59.111,other,0,-1,20,6
4893,50,64.012,52.141,44.925,88.979,88.055,90.509,28.000,80.875,37.000,47.306,other,0,-1,21,6
4894,24,48.088,45.887,45.743,89.418,88.447,90.658,50.000,81.417,50.000,35.306,other,0,-1,22,6
4895,30,41.657,38.221,39.587,89.292,88.253,90.689,24.000,80.333,49.000,32.556,other,0,-1,23,6
4896,65,37.745,38.541,39.566,89.267,88.165,90.741,30.000,79.542,39.000,61.343,other,0,-1,0,0
4897,42,48.324,52.680,49.933,89.984,88.875,91.158,65.000,80.625,36.000,59.743,other,0,-1,1,0
4898,69,43.605,47.062,46.148,90.411,89.284,91.515,42.000,80.875,31.000,61.829,other,0,-1,2,0
4899,93,59.867,63.673,54.965,91.301,90.173,91.968,69.000,82.458,35.000,63.543,other,0,-1,3,0
4900,61,79.458,81.200,66.425,92.482,91.362,92.482,93.000,84.875,30.000,60.000,other,0,-1,4,0
4901,89,58.339,63.557,63.230,93.271,92.147,92.914,61.000,86.167,25.000,77.171,other,0,-1,5,0
4902,67,75.009,82.162,79.661,94.538,93.425,93.446,89.000,88.833,30.000,77.686,other,0,-1,6,0
4903,89,64.520,75.249,80.344,95.414,94.300,93.896,67.000,90.375,41.000,91.543,other,0,-1,7,0
4904,62,79.707,95.431,97.665,96.450,95.339,94.380,89.000,92.375,80.000,101.114,other,0,-1,8,0
4905,122,89.571,98.524,95.033,96.529,95.389,94.664,62.000,91.625,84.000,122.829,other,0,-1,9,0
4906,120,118.042,136.050,130.892,97.420,96.278,95.117,122.000,93.208,83.000,137.200,other,0,-1,10,0
4907,106,133.813,143.920,136.700,98.296,97.152,95.568,120.000,94.750,98.000,150.314,other,0,-1,11,0
4908,113,146.988,144.361,133.499,98.752,97.591,95.930,106.000,95.083,228.000,163.229,other,0,-1,12,0
4909,185,156.178,151.214,138.914,97.427,96.187,95.921,113.000,90.292,172.000,172.800,other,0,-1,13,0
4910,122,177.832,180.750,181.905,97.955,96.701,96.299,185.000,90.833,157.000,172.257,other,0,-1,14,0
4911,246,158.341,151.286,138.594,97.788,96.496,96.531,122.000,89.375,150.000,183.343,other,0,-1,15,0
4912,173,201.508,201.457,210.766,99.519,98.255,97.160,246.000,93.375,170.000,162.143,other,0,-1,16,0
4913,152,138.624,143.130,150.922,99.903,98.620,97.507,173.000,93.500,95.000,148.800,other,0,-1,17,0
4914,148,116.798,119.491,126.054,101.069,99.794,98.018,152.000,95.875,112.000,128.829,other,0,-1,18,0
4915,116,98.688,101.292,110.468,101.930,100.653,98.465,148.000,97.375,81.000,110.171,other,0,-1,19,0
4916,111,81.013,81.592,86.331,102.778,101.497,98.910,116.000,98.833,28.000,85.143,other,0,-1,20,0
4917,110,69.722,72.325,75.962,104.320,103.061,99.499,111.000,102.292,50.000,75.143,other,0,-1,21,0
4918,78,65.941,70.677,70.023,105.530,104.280,100.019,110.000,104.792,24.000,65.229,other,0,-1,22,0
4919,70,57.180,61.393,59.488,106.652,105.409,100.521,78.000,107.042,30.000,63.543,other,0,-1,23,0
4920,74,57.218,61.183,56.368,107.572,106.328,100.980,70.000,108.708,65.000,61.694,other,0,-1,0,1
4921,47,59.579,63.823,56.488,107.876,106.665,101.320,74.000,109.083,42.000,62.000,other,0,-1,1,1
4922,47,53.709,56.059,51.048,108.122,106.942,101.647,47.000,109.292,69.000,62.222,other,0,-1,2,1
4923,43,56.389,57.951,52.557,107.978,106.814,101.893,47.000,108.375,93.000,61.389,other,0,-1,3,1
4924,66,57.224,58.063,54.874,107.427,106.266,102.054,43.000,106.292,61.000,63.583,other,0,-1,4,1
4925,52,67.058,68.460,64.956,107.674,106.543,102.382,66.000,106.500,89.000,65.139,other,0,-1,5,1
4926,47,64.903,66.580,68.348,107.312,106.190,102.582,52.000,104.958,67.000,66.417,other,0,-1,6,1
4927,83,72.167,72.869,75.093,107.196,106.092,102.834,47.000,104.125,89.000,77.639,other,0,-1,7,1
4928,94,88.817,93.478,95.852,107.283,106.204,103.128,83.000,103.875,62.000,91.833,other,0,-1,8,1
4929,83,106.738,112.299,111.041,107.920,106.886,103.537,94.000,105.208,122.000,109.944,other,0,-1,9,1
4930,106,124.377,129.818,117.138,107.529,106.503,103.732,83.000,103.583,120.000,131.361,other,0,-1,10,1
4931,100,143.899,147.798,136.562,107.500,106.495,104.002,106.000,103.000,106.000,148.500,other,0,-1,11,1
4932,149,155.793,156.181,140.184,107.587,106.607,104.296,100.000,102.750,113.000,174.389,other,0,-1,12,1
4933,89,172.121,169.829,168.645,108.283,107.349,104.717,149.000,104.250,185.000,191.778,other,0,-1,13,1
4934,192,162.593,156.815,135.628,107.066,106.111,104.739,89.000,100.250,122.000,190.222,other,0,-1,14,1
4935,224,180.405,180.640,185.232,108.254,107.363,105.263,192.000,103.167,246.000,183.056,other,0,-1,15,1
4936,239,185.322,188.381,193.328,108.109,107.235,105.509,224.000,102.250,173.000,168.806,other,0,-1,16,1
4937,103,181.735,184.305,187.932,109.239,108.426,106.021,239.000,105.000,152.000,158.750,other,0,-1,17,1
4938,128,126.832,119.165,106.527,108.703,107.893,106.185,103.000,102.958,148.000,131.639,other,0,-1,18,1
4939,114,108.157,105.542,106.904,108.588,107.796,106.437,128.000,102.125,116.000,103.944,other,0,-1,19,1
4940,82,91.202,88.682,93.255,108.733,107.967,106.743,114.000,102.042,111.000,92.389,other,0,-1,20,1
4941,59,78.112,73.056,75.848,108.487,107.735,106.968,82.000,100.833,110.000,77.389,other,0,-1,21,1
4942,42,68.048,62.458,62.086,107.922,107.172,107.126,59.000,98.708,78.000,64.944,other,0,-1,22,1
4943,87,60.807,55.723,51.523,107.574,106.834,107.329,42.000,97.208,70.000,62.889,other,0,-1,23,1
4944,60,66.354,68.731,56.704,107.994,107.291,107.693,87.000,97.917,74.000,59.639,other,0,-1,0,2
4945,63,58.512,60.707,52.179,107.668,107.013,107.702,60.000,97.333,47.000,64.167,other,0,-1,1,2
4946,19,61.408,63.158,51.838,107.777,107.185,107.801,63.000,98.000,47.000,56.194,inside,-1,0,2,2
4947,20,56.101,51.884,44.943,107.248,106.698,107.767,19.000,96.833,43.000,60.528,inside,-1,1,3,2
4948,22,58.816,53.628,47.167,106.791,106.285,107.749,20.000,95.875,66.000,62.444,inside,-1,2,4,2
4949,51,63.427,56.578,51.096,106.031,105.558,107.667,22.000,94.042,52.000,62.833,after,-1,3,5,2
4950,66,71.788,66.283,62.533,105.893,105.475,107.715,51.000,94.000,47.000,70.472,after,-1,4,6,2
4951,103,82.699,75.601,74.172,106.045,105.692,107.823,66.000,94.792,83.000,78.639,after,-1,5,7,2
4952,103,101.218,92.673,95.627,106.211,105.924,107.935,103.000,95.625,94.000,89.639,after,-1,6,8,2
4953,123,116.618,106.124,108.128,106.218,105.991,108.013,103.000,96.000,83.000,104.833,after,-1,7,9,2
4954,132,136.735,126.423,128.980,106.674,106.523,108.185,123.000,97.667,106.000,127.694,after,-1,8,10,2
4955,94,153.212,145.966,144.954,106.928,106.845,108.315,132.000,98.750,100.000,145.361,after,-1,9,11,2
4956,175,159.696,158.423,137.341,106.718,106.687,108.348,94.000,98.500,149.000,159.222,after,-1,10,12,2
4957,107,177.124,175.403,178.922,106.971,107.009,108.478,175.000,99.583,89.000,182.222,after,-1,11,13,2
4958,195,164.273,161.533,145.781,107.108,107.211,108.583,107.000,100.333,192.000,185.000,after,-1,12,14,2
4959,174,174.417,181.819,181.745,107.029,107.188,108.643,195.000,100.458,224.000,172.750,after,-1,13,15,2
4960,229,159.095,165.566,160.296,106.181,106.371,108.543,174.000,98.375,239.000,158.694,after,-1,14,16,2
4961,179,161.736,185.198,176.068,105.913,106.153,108.564,229.000,97.958,103.000,148.139,after,-1,15,17,2
4962,169,130.289,143.563,137.536,106.890,107.225,108.845,179.000,101.125,128.000,124.722,after,-1,16,18,2
4963,110,111.138,126.715,121.012,107.361,107.772,109.020,169.000,102.833,114.000,108.833,after,-1,17,19,2
4964,54,94.001,93.425,87.503,107.180,107.644,109.059,110.000,102.667,82.000,89.361,after,-1,18,20,2
4965,102,84.458,73.580,62.078,106.651,107.157,109.025,54.000,101.500,59.000,75.500,after,-1,19,21,2
4966,23,68.232,75.190,68.070,107.151,107.733,109.207,102.000,103.292,42.000,67.139,inside,-1,0,22,2
4967,46,64.314,54.444,43.024,106.752,107.381,109.200,23.000,102.500,87.000,62.722,inside,-1,1,23,2
4968,43,56.289,55.093,42.690,106.035,106.698,109.127,46.000,100.792,60.000,61.389,after,-1,2,0,3
4969,21,54.104,55.999,52.182,105.461,106.157,108.827,43.000,100.083,63.000,64.194,after,-1,3,1,3
4970,61,53.131,51.107,47.127,104.525,105.241,108.451,21.000,98.333,19.000,65.056,after,-1,4,2,3
4971,92,59.764,63.615,54.570,104.805,105.584,108.330,61.000,100.083,20.000,61.583,after,-1,5,3,3
4972,65,74.543,77.315,63.476,105.521,106.377,108.299,92.000,103.083,22.000,61.250,after,-1,6,4,3
4973,82,66.349,66.602,61.639,105.816,106.735,108.180,65.000,104.875,51.000,63.500,after,-1,7,5,3
4974,60,75.093,73.976,71.969,105.937,106.914,108.026,82.000,106.167,66.000,67.778,after,-1,8,6,3
4975,56,79.931,72.501,74.405,105.523,106.537,107.759,60.000,105.917,103.000,79.889,after,-1,9,7,3
4976,83,94.988,82.980,83.070,104.514,105.546,107.368,56.000,103.958,103.000,92.417,after,-1,10,8,3
4977,129,112.182,102.205,103.272,103.897,104.960,107.059,83.000,103.125,123.000,115.000,after,-1,11,9,3
4978,54,133.415,127.515,133.113,103.656,104.763,106.828,129.000,103.375,132.000,126.583,after,-1,12,10,3
4979,157,145.418,147.311,118.529,102.198,103.308,106.344,54.000,100.125,94.000,145.861,after,-1,13,11,3
4980,105,165.749,166.088,166.439,102.783,103.966,106.286,157.000,102.750,175.000,168.111,after,-1,14,12,3
4981,152,162.521,159.507,150.348,101.442,102.630,105.825,105.000,99.833,107.000,177.472,after,-1,15,13,3
4982,188,169.792,168.369,168.512,101.766,103.018,105.713,152.000,101.708,195.000,176.694,after,-1,16,14,3
4983,210,172.596,176.918,178.876,101.337,102.627,105.443,188.000,101.417,174.000,173.972,after,-1,17,15,3
4984,66,168.209,180.642,180.603,101.531,102.880,105.303,210.000,102.917,229.000,162.111,after,-1,18,16,3
4985,129,138.033,127.094,106.988,98.842,100.150,104.561,66.000,96.125,179.000,150.028,after,-1,19,17,3
4986,128,120.574,122.824,119.311,97.790,99.114,104.161,129.000,94.042,169.000,132.389,after,-1,20,18,3
4987,111,101.551,108.711,108.091,96.868,98.213,103.789,128.000,92.333,110.000,108.528,after,-1,21,19,3
4988,75,84.440,91.193,92.183,96.555,97.942,103.543,111.000,92.375,54.000,100.083,after,-1,22,20,3
4989,79,72.356,71.111,73.181,96.531,97.970,103.358,75.000,93.250,102.000,85.306,after,-1,23,21,3
4990,39,58.407,63.981,67.625,95.871,97.339,103.040,79.000,92.292,23.000,74.778,after,-1,24,22,3
4991,44,52.633,49.206,53.643,95.775,97.292,102.840,39.000,92.958,46.000,70.444,after,-1,25,23,3
4992,52,45.730,47.033,50.924,95.418,96.976,102.585,44.000,92.875,43.000,60.917,other,0,-1,0,4
4993,70,43.643,51.935,48.847,95.263,96.821,102.251,52.000,93.250,21.000,56.972,other,0,-1,1,4
4994,46,50.718,60.813,51.449,95.688,97.266,102.038,70.000,95.292,61.000,51.583,other,0,-1,2,4
4995,65,46.293,52.308,47.401,95.185,96.752,101.632,46.000,94.667,92.000,54.556,other,0,-1,3,4
4996,57,54.670,60.704,53.155,94.508,96.058,101.189,65.000,93.542,65.000,57.139,other,0,-1,4,4
4997,83,54.349,58.228,55.273,94.107,95.649,100.803,57.000,93.208,82.000,54.694,other,0,-1,5,4
4998,79,65.829,70.229,67.963,93.836,95.374,100.445,83.000,93.250,60.000,65.167,other,0,-1,6,4
4999,71,69.276,72.368,75.465,93.826,95.370,100.142,79.000,94.042,56.000,74.667,other,0,-1,7,4
5000,96,79.907,79.418,83.343,93.758,95.305,99.826,71.000,94.667,83.000,86.667,other,0,-1,8,4
5001,110,97.259,101.515,104.863,93.661,95.211,99.504,96.000,95.208,129.000,109.861,other,0,-1,9,4
5002,156,116.536,124.924,123.944,93.101,94.637,99.085,110.000,94.417,54.000,125.222,other,0,-1,10,4
5003,148,141.369,158.904,157.105,94.293,95.876,99.033,156.000,98.667,157.000,147.361,other,0,-1,11,4
5004,208,153.293,164.390,161.869,93.877,95.452,98.645,148.000,98.292,105.000,161.111,other,0,-1,12,4
5005,57,182.240,198.969,196.665,95.084,96.707,98.595,208.000,102.583,152.000,174.694,other,0,-1,13,4
5006,125,158.815,139.810,126.206,93.423,94.993,97.947,57.000,98.625,188.000,178.167,other,0,-1,14,4
5007,165,158.653,148.640,147.569,92.225,93.759,97.395,125.000,96.000,210.000,172.583,other,0,-1,15,4
5008,155,150.624,153.014,156.204,91.287,92.795,96.898,165.000,94.125,66.000,165.472,other,0,-1,16,4
5009,99,130.801,137.300,140.102,92.291,93.840,96.806,155.000,97.833,129.000,138.861,other,0,-1,17,4
5010,67,111.073,109.623,104.382,91.571,93.101,96.354,99.000,96.583,128.000,121.333,other,0,-1,18,4
5011,100,96.607,90.678,83.488,90.402,91.897,95.808,67.000,94.042,111.000,101.944,other,0,-1,19,4
5012,87,74.085,81.235,85.173,89.958,91.443,95.414,100.000,93.583,75.000,84.222,other,0,-1,20,4
5013,49,59.599,67.556,74.170,89.846,91.333,95.089,87.000,94.083,79.000,70.889,other,0,-1,21,4
5014,69,51.890,51.242,59.540,89.126,90.594,94.637,49.000,92.833,39.000,63.889,other,0,-1,22,4
5015,54,40.607,51.142,59.631,89.276,90.755,94.367,69.000,94.083,44.000,57.111,other,0,-1,23,4
5016,53,36.452,44.872,53.146,89.135,90.615,94.036,54.000,94.500,52.000,38.722,other,0,-1,0,5
5017,33,37.738,47.380,36.545,89.122,90.556,93.837,53.000,94.542,70.000,42.139,other,0,-1,1,5
5018,48,35.517,41.747,33.301,88.557,89.927,93.523,33.000,93.000,46.000,43.389,other,0,-1,2,5
5019,41,42.196,48.941,37.766,88.558,89.882,93.328,48.000,93.083,65.000,43.528,other,0,-1,3,5
5020,20,42.423,47.203,39.076,88.183,89.448,93.054,41.000,92.083,57.000,42.111,other,0,-1,4,5
5021,36,41.005,41.758,38.198,87.618,88.819,92.740,20.000,90.542,83.000,43.028,other,0,-1,5,5
5022,56,47.892,49.291,47.287,86.910,88.040,92.396,36.000,88.583,79.000,55.167,other,0,-1,6,5
5023,28,57.389,60.782,60.527,86.548,87.621,92.125,56.000,87.625,71.000,63.917,other,0,-1,7,5
5024,52,70.008,63.013,59.080,85.897,86.902,91.793,28.000,85.833,96.000,81.722,other,0,-1,8,5
5025,80,85.135,80.819,76.613,85.232,86.168,91.458,52.000,84.000,110.000,98.167,other,0,-1,9,5
5026,75,102.501,103.493,98.893,84.769,85.644,91.166,80.000,82.750,156.000,102.556,other,0,-1,10,5
5027,140,119.827,113.674,105.156,83.568,84.355,90.719,75.000,79.375,148.000,122.722,other,0,-1,11,5
5028,98,140.250,150.582,149.842,83.424,84.160,90.493,140.000,79.042,208.000,141.028,other,0,-1,12,5
5029,132,142.307,135.616,128.413,81.802,82.437,89.959,98.000,74.458,57.000,161.333,other,0,-1,13,5
5030,166,151.941,148.070,148.680,82.860,83.487,89.984,132.000,77.583,125.000,179.778,other,0,-1,14,5
5031,140,153.820,157.751,164.624,83.426,84.027,89.906,166.000,79.292,165.000,180.472,other,0,-1,15,5
5032,183,137.350,138.529,138.817,83.036,83.578,89.629,140.000,78.250,155.000,165.833,other,0,-1,16,5
5033,141,124.688,142.830,148.240,83.413,83.923,89.512,183.000,79.417,99.000,148.556,other,0,-1,17,5
5034,146,98.577,111.539,108.936,83.994,84.479,89.438,141.000,81.167,67.000,114.861,other,0,-1,18,5
5035,110,79.173,97.748,94.786,85.110,85.588,89.475,146.000,84.458,100.000,90.528,other,0,-1,19,5
5036,82,62.421,74.842,69.607,85.227,85.664,89.303,110.000,84.875,87.000,74.972,other,0,-1,20,5
5037,75,50.003,58.491,54.390,85.126,85.514,89.087,82.000,84.667,49.000,60.444,other,0,-1,21,5
5038,59,40.052,51.002,47.873,85.475,85.830,88.964,75.000,85.750,69.000,52.389,other,0,-1,22,5
5039,45,33.952,44.414,41.459,85.302,85.605,88.732,59.000,85.333,54.000,44.139,other,0,-1,23,5
5040,35,30.543,40.359,36.890,85.143,85.396,88.503,45.000,84.958,53.000,32.472,other,0,-1,0,6
5041,23,30.769,38.718,29.463,85.133,85.323,88.558,35.000,84.208,33.000,34.500,other,0,-1,1,6
5042,28,30.317,36.976,28.886,85.238,85.370,88.637,23.000,83.792,48.000,33.361,other,0,-1,2,6
5043,15,34.221,40.747,32.272,85.199,85.266,88.686,28.000,82.958,41.000,35.222,other,0,-1,3,6
5044,14,33.257,37.430,33.162,85.072,85.073,88.717,15.000,81.875,20.000,34.028,other,0,-1,4,6
5045,11,36.020,38.884,37.507,85.236,85.180,88.809,14.000,81.625,36.000,36.611,other,0,-1,5,6
5046,37,40.638,41.458,42.344,85.124,85.002,88.843,11.000,80.583,56.000,38.694,other,0,-1,6,6
5047,28,50.848,54.702,56.478,85.099,84.913,88.895,37.000,79.792,28.000,47.194,other,0,-1,7,6
5048,91,62.435,61.466,61.028,85.349,85.110,89.005,28.000,79.792,52.000,59.167,other,0,-1,8,6
5049,74,83.505,96.111,95.476,86.164,85.891,89.232,91.000,81.417,80.000,78.778,other,0,-1,9,6
5050,116,97.483,98.603,95.243,86.328,85.998,89.324,74.000,81.167,75.000,101.278,other,0,-1,10,6
5051,177,120.704,127.624,125.153,87.172,86.809,89.558,116.000,82.875,140.000,121.778,other,0,-1,11,6
5052,157,159.331,173.034,171.636,87.958,87.560,89.779,177.000,84.417,98.000,140.833,other,0,-1,12,6
5053,94,154.614,158.325,159.996,89.063,88.641,90.067,157.000,86.875,132.000,148.472,other,0,-1,13,6
5054,107,146.828,133.979,118.542,88.763,88.268,90.062,94.000,85.292,166.000,156.639,other,0,-1,14,6
5055,210,144.273,136.923,122.577,88.159,87.580,89.993,107.000,82.833,140.000,153.306,other,0,-1,15,6
5056,147,157.845,170.778,183.028,89.423,88.826,90.315,210.000,85.750,183.000,133.083,other,0,-1,16,6
5057,92,121.211,127.852,127.338,89.152,88.483,90.315,147.000,84.250,141.000,123.667,other,0,-1,17,6
5058,76,105.465,102.580,86.933,88.692,87.945,90.277,92.000,82.208,146.000,102.583,other,0,-1,18,6
5059,92,90.312,85.241,70.056,87.928,87.092,90.175,76.000,79.292,110.000,79.889,other,0,-1,19,6
5060,67,71.105,71.648,64.951,87.918,87.019,90.230,92.000,78.542,82.000,59.111,other,0,-1,20,6
5061,56,59.252,57.771,52.335,87.951,86.991,90.294,67.000,77.917,75.000,47.306,other,0,-1,21,6
5062,31,49.176,49.390,46.646,87.926,86.903,90.346,56.000,77.125,59.000,35.306,other,0,-1,22,6
5063,14,43.057,41.768,40.464,87.771,86.679,90.371,31.000,75.958,45.000,32.556,other,0,-1,23,6
5064,51,38.945,37.299,36.850,87.572,86.411,90.387,14.000,74.667,35.000,61.343,other,0,-1,0,0
5065,45,43.825,48.443,47.089,88.144,86.971,90.774,51.000,75.333,23.000,59.743,other,0,-1,1,0
5066,63,45.156,50.023,47.027,88.803,87.620,91.179,45.000,76.250,28.000,61.829,other,0,-1,2,0
5067,68,56.448,61.937,53.740,89.650,88.464,91.623,63.000,77.708,15.000,63.543,other,0,-1,3,0
5068,52,61.533,67.018,59.474,90.758,89.578,92.122,68.000,79.917,14.000,60.000,other,0,-1,4,0
5069,52,54.123,60.549,60.900,91.649,90.468,92.575,52.000,81.500,11.000,77.171,other,0,-1,5,0
5070,65,55.561,63.799,67.611,92.583,91.402,93.038,52.000,83.208,37.000,77.686,other,0,-1,6,0
5071,58,63.592,75.594,79.544,93.328,92.141,93.461,65.000,84.375,28.000,91.543,other,0,-1,7,0
5072,104,72.271,83.705,85.346,94.103,92.910,93.890,58.000,85.625,91.000,101.114,other,0,-1,8,0
5073,93,95.950,115.889,113.148,94.632,93.425,94.268,104.000,86.167,74.000,122.829,other,0,-1,9,0
5074,140,110.451,124.043,116.135,95.247,94.029,94.664,93.000,86.958,116.000,137.200,other,0,-1,10,0
5075,125,139.474,154.039,147.824,95.935,94.708,95.075,140.000,87.958,177.000,150.314,other,0,-1,11,0
5076,147,148.015,152.073,144.000,95.522,94.248,95.256,125.000,85.792,157.000,163.229,other,0,-1,12,0
5077,146,162.173,163.627,158.897,95.717,94.418,95.564,147.000,85.375,94.000,172.800,other,0,-1,13,0
5078,138,165.006,161.919,157.119,96.811,95.517,96.060,146.000,87.542,107.000,172.257,other,0,-1,14,0
5079,143,160.636,154.661,147.908,97.600,96.301,96.492,138.000,88.833,210.000,183.343,other,0,-1,15,0
5080,186,150.729,147.793,143.505,96.970,95.617,96.627,143.000,86.042,147.000,162.143,other,0,-1,16,0
5081,181,141.865,148.253,158.516,97.875,96.521,97.084,186.000,87.667,92.000,148.800,other,0,-1,17,0
5082,156,122.755,128.193,141.007,99.504,98.175,97.691,181.000,91.375,76.000,128.829,other,0,-1,18,0
5083,101,100.294,103.991,112.916,101.003,99.693,98.272,156.000,94.708,92.000,110.171,other,0,-1,19,0
5084,89,82.195,80.870,80.966,101.474,100.148,98.638,101.000,95.083,67.000,85.143,other,0,-1,20,0
5085,83,69.266,69.467,69.496,102.133,100.797,99.042,89.000,96.000,56.000,75.143,other,0,-1,21,0
5086,72,60.902,64.032,62.363,102.864,101.521,99.463,83.000,97.125,31.000,65.229,other,0,-1,22,0
5087,49,56.577,61.085,56.656,103.798,102.456,99.925,72.000,98.833,14.000,63.543,other,0,-1,23,0
5088,72,52.397,55.703,50.347,104.645,103.300,100.369,49.000,100.292,51.000,61.694,other,0,-1,0,1
5089,65,58.702,64.360,54.665,105.124,103.817,100.745,72.000,101.167,45.000,62.000,other,0,-1,1,1
5090,76,59.983,64.439,53.113,105.587,104.318,101.118,65.000,102.000,63.000,62.222,other,0,-1,2,1
5091,44,68.940,71.447,57.193,105.950,104.715,101.470,76.000,102.542,68.000,61.389,other,0,-1,3,1
5092,63,57.472,59.729,53.931,105.776,104.557,101.709,44.000,101.542,52.000,63.583,other,0,-1,4,1
5093,73,65.396,68.323,63.345,106.109,104.924,102.055,63.000,102.000,52.000,65.139,other,0,-1,5,1
5094,65,70.762,74.795,73.208,106.587,105.441,102.431,73.000,102.875,65.000,66.417,other,0,-1,6,1
5095,77,73.928,78.159,79.782,106.761,105.643,102.743,65.000,102.875,58.000,77.639,other,0,-1,7,1
5096,47,87.444,92.877,93.671,107.210,106.129,103.113,77.000,103.667,104.000,91.833,other,0,-1,8,1
5097,134,105.024,107.332,93.463,106.559,105.477,103.253,47.000,101.292,93.000,109.944,other,0,-1,9,1
5098,102,133.882,138.708,139.929,107.326,106.293,103.689,134.000,103.000,140.000,131.361,other,0,-1,10,1
5099,242,142.890,147.582,134.418,106.950,105.926,103.887,102.000,101.417,125.000,148.500,other,0,-1,11,1
5100,133,241.404,211.562,218.352,108.819,107.881,104.553,242.000,106.292,147.000,174.389,other,0,-1,12,1
5101,120,168.084,165.709,159.486,108.790,107.873,104.823,133.000,105.708,146.000,191.778,other,0,-1,13,1
5102,240,167.598,162.011,150.987,108.587,107.686,105.057,120.000,104.625,138.000,190.222,other,0,-1,14,1
5103,95,210.230,208.503,213.900,110.239,109.416,105.677,240.000,108.875,143.000,183.056,other,0,-1,15,1
5104,222,157.269,144.467,124.048,109.717,108.899,105.845,95.000,106.875,186.000,168.806,other,0,-1,16,1
5105,117,165.752,172.991,178.504,110.413,109.640,106.266,222.000,108.375,181.000,158.750,other,0,-1,17,1
5106,145,129.483,120.456,113.155,109.660,108.883,106.385,117.000,105.708,156.000,131.639,other,0,-1,18,1
5107,130,109.821,109.348,115.112,109.674,108.920,106.664,145.000,105.250,101.000,103.944,other,0,-1,19,1
5108,102,92.994,92.742,100.148,110.268,109.556,107.064,130.000,106.458,89.000,92.389,other,0,-1,20,1
5109,80,79.669,77.798,83.092,110.630,109.953,107.415,102.000,107.000,83.000,77.389,other,0,-1,21,1
5110,67,69.866,68.029,69.565,110.761,110.110,107.719,80.000,106.875,72.000,64.944,other,0,-1,22,1
5111,72,63.421,63.105,59.852,110.862,110.237,108.016,67.000,106.667,49.000,62.889,other,0,-1,23,1
5112,94,62.937,65.744,56.532,111.370,110.784,108.398,72.000,107.625,72.000,59.639,other,0,-1,0,2
5113,55,69.340,76.198,63.994,111.565,111.046,108.515,94.000,108.542,65.000,64.167,other,0,-1,1,2
5114,36,60.230,62.361,54.758,111.297,110.828,108.536,55.000,108.125,76.000,56.194,other,0,-1,2,2
5115,47,58.926,57.621,51.582,110.594,110.161,108.466,36.000,106.458,44.000,60.528,other,0,-1,3,2
5116,66,62.965,61.817,55.411,110.514,110.138,108.526,47.000,106.583,63.000,62.444,other,0,-1,4,2
5117,38,70.153,68.976,62.906,110.434,110.115,108.587,66.000,106.708,73.000,62.833,other,0,-1,5,2
5118,117,71.764,64.719,62.182,109.804,109.523,108.532,38.000,105.250,65.000,70.472,other,0,-1,6,2
5119,43,97.723,91.974,90.725,110.434,110.234,108.740,117.000,107.417,77.000,78.639,other,0,-1,7,2
5120,75,98.591,86.003,78.954,109.818,109.657,108.688,43.000,106.000,47.000,89.639,other,0,-1,8,2
5121,83,114.825,105.055,99.195,110.101,110.009,108.824,75.000,107.167,134.000,104.833,other,0,-1,9,2
5122,133,133.404,126.920,113.596,109.238,109.176,108.721,83.000,105.042,102.000,127.694,other,0,-1,10,2
5123,91,151.927,146.297,145.368,109.564,109.573,108.866,133.000,106.333,242.000,145.361,other,0,-1,11,2
5124,133,159.116,158.212,135.896,107.254,107.242,108.460,91.000,100.042,133.000,159.222,other,0,-1,12,2
5125,164,167.385,166.178,158.499,107.130,107.174,108.511,133.000,100.042,120.000,182.222,other,0,-1,13,2
5126,122,171.845,173.820,172.318,107.644,107.766,108.695,164.000,101.875,240.000,185.000,other,0,-1,14,2
5127,137,159.937,159.347,145.452,105.812,105.929,108.389,122.000,96.958,95.000,172.750,other,0,-1,15,2
5128,132,154.226,154.519,142.469,106.297,106.491,108.567,137.000,98.708,222.000,158.694,other,0,-1,16,2
5129,129,142.880,141.913,128.359,104.870,105.074,108.346,132.000,94.958,117.000,148.139,other,0,-1,17,2
5130,212,127.788,127.121,115.897,104.920,105.186,108.434,129.000,95.458,145.000,124.722,other,0,-1,18,2
5131,124,122.936,159.277,142.485,105.768,106.123,108.687,212.000,98.250,130.000,108.833,other,0,-1,19,2
5132,86,91.984,98.614,94.619,105.557,105.965,108.720,124.000,98.000,102.000,89.361,other,0,-1,20,2
5133,68,79.773,78.741,73.650,105.202,105.657,108.723,86.000,97.333,80.000,75.500,other,0,-1,21,2
5134,91,68.702,67.595,61.322,104.905,105.410,108.738,68.000,96.833,67.000,67.139,other,0,-1,22,2
5135,61,61.188,71.569,60.963,105.130,105.702,108.861,91.000,97.833,72.000,62.722,other,0,-1,23,2
5136,98,55.892,61.137,48.726,104.847,105.469,108.879,61.000,97.375,94.000,61.389,other,0,-1,0,3
5137,108,65.392,79.134,66.203,104.577,105.243,108.643,98.000,97.542,55.000,64.194,other,0,-1,1,3
5138,57,76.475,86.162,67.140,105.017,105.751,108.554,108.000,99.750,36.000,65.056,other,0,-1,2,3
5139,62,57.884,63.882,56.439,104.994,105.779,108.369,57.000,100.625,47.000,61.583,other,0,-1,3,3
5140,52,61.772,66.110,59.215,104.883,105.717,108.166,62.000,101.250,66.000,61.250,other,0,-1,4,3
5141,46,62.570,63.253,60.529,104.353,105.221,107.875,52.000,100.667,38.000,63.500,other,0,-1,5,3
5142,49,68.036,64.135,64.395,104.141,105.055,107.650,46.000,101.000,117.000,67.778,other,0,-1,6,3
5143,91,78.595,70.609,72.021,102.828,103.749,107.196,49.000,98.167,43.000,79.889,other,0,-1,7,3
5144,84,93.678,87.461,93.676,103.196,104.182,107.093,91.000,100.167,75.000,92.417,other,0,-1,8,3
5145,145,110.500,101.751,102.995,102.999,104.030,106.871,84.000,100.542,83.000,115.000,other,0,-1,9,3
5146,141,134.953,129.460,137.897,103.569,104.673,106.810,145.000,103.125,133.000,126.583,other,0,-1,10,3
5147,152,149.012,148.007,148.166,103.357,104.507,106.586,141.000,103.458,91.000,145.861,other,0,-1,11,3
5148,138,162.119,164.340,161.514,103.913,105.135,106.522,152.000,106.000,133.000,168.111,other,0,-1,12,3
5149,184,165.728,166.326,160.298,103.658,104.924,106.288,138.000,106.208,164.000,177.472,other,0,-1,13,3
5150,299,175.124,180.012,179.681,103.620,104.937,106.100,184.000,107.042,122.000,176.694,other,0,-1,14,3
5151,121,258.798,251.008,234.237,105.856,107.304,106.387,299.000,114.417,137.000,173.972,other,0,-1,15,3
5152,125,153.095,146.695,139.659,105.297,106.778,106.090,121.000,113.750,132.000,162.111,other,0,-1,16,3
5153,97,139.846,135.742,130.093,104.868,106.386,105.820,125.000,113.458,129.000,150.028,other,0,-1,17,3
5154,158,125.147,116.367,108.032,104.077,105.620,105.474,97.000,112.125,212.000,132.389,other,0,-1,18,3
5155,113,101.630,121.378,121.310,102.967,104.524,105.062,158.000,109.875,124.000,108.528,other,0,-1,19,3
5156,98,86.209,91.492,94.653,102.480,104.073,104.780,113.000,109.417,86.000,100.083,other,0,-1,20,3
5157,72,71.406,76.995,81.987,102.326,103.966,104.568,98.000,109.917,68.000,85.306,other,0,-1,21,3
5158,36,61.122,61.822,68.739,102.056,103.740,104.332,72.000,110.083,91.000,74.778,other,0,-1,22,3
5159,50,55.181,48.347,56.196,100.932,102.629,103.917,36.000,107.792,61.000,70.444,other,0,-1,23,3
5160,67,47.480,48.189,55.333,100.445,102.178,103.635,50.000,107.333,98.000,60.917,other,0,-1,0,4
5161,38,48.176,57.233,54.757,99.710,101.423,103.180,67.000,106.042,108.000,56.972,other,0,-1,1,4
5162,25,44.570,47.927,48.562,98.411,100.085,102.607,38.000,103.125,57.000,51.583,other,0,-1,2,4
5163,35,44.715,45.117,46.430,97.662,99.316,102.149,25.000,101.792,62.000,54.556,other,0,-1,3,4
5164,52,48.271,49.270,49.478,96.986,98.621,101.706,35.000,100.667,52.000,57.139,other,0,-1,4,4
5165,59,54.366,56.235,55.991,96.700,98.332,101.345,52.000,100.667,46.000,54.694,other,0,-1,5,4
5166,34,60.024,60.953,62.934,96.603,98.238,101.023,59.000,101.208,49.000,65.167,other,0,-1,6,4
5167,70,68.684,61.193,63.596,96.101,97.723,100.617,34.000,100.583,91.000,74.667,other,0,-1,7,4
5168,90,81.196,79.362,83.605,95.511,97.119,100.192,70.000,99.708,84.000,86.667,other,0,-1,8,4
5169,77,98.134,100.400,103.074,95.313,96.920,99.849,90.000,99.958,145.000,109.861,other,0,-1,9,4
5170,108,118.116,118.450,110.916,94.042,95.611,99.282,77.000,97.125,141.000,125.222,other,0,-1,10,4
5171,152,135.503,142.831,136.498,93.279,94.827,98.821,108.000,95.750,152.000,147.361,other,0,-1,11,4
5172,118,154.724,167.053,166.385,92.994,94.537,98.460,152.000,95.750,138.000,161.111,other,0,-1,12,4
5173,137,159.971,155.652,154.659,92.419,93.948,98.038,118.000,94.917,184.000,174.694,other,0,-1,13,4
5174,99,164.842,158.338,161.995,91.452,92.954,97.535,137.000,92.958,299.000,178.167,other,0,-1,14,4
5175,161,155.460,142.045,137.148,88.270,89.667,96.569,99.000,84.625,121.000,172.583,other,0,-1,15,4
5176,137,149.746,151.118,155.423,88.564,89.977,96.329,161.000,86.292,125.000,165.472,other,0,-1,16,4
5177,84,128.841,131.154,131.873,88.452,89.868,96.004,137.000,86.792,97.000,138.861,other,0,-1,17,4
5178,132,110.866,106.888,98.311,87.979,89.383,95.603,84.000,86.250,158.000,121.333,other,0,-1,18,4
5179,106,88.045,102.011,104.357,87.317,88.704,95.164,132.000,85.167,113.000,101.944,other,0,-1,19,4
5180,70,71.747,82.097,85.207,86.930,88.310,94.781,106.000,84.875,98.000,84.222,other,0,-1,20,4
5181,84,60.431,62.986,67.598,86.239,87.601,94.336,70.000,83.708,72.000,70.889,other,0,-1,21,4
5182,73,46.078,59.295,65.177,86.128,87.491,94.011,84.000,84.208,36.000,63.889,other,0,-1,22,4
5183,84,39.106,52.425,57.994,86.378,87.756,93.762,73.000,85.750,50.000,57.111,other,0,-1,23,4
5184,41,38.886,56.459,56.816,86.586,87.977,93.503,84.000,87.167,67.000,38.722,other,0,-1,0,5
5185,33,33.658,43.383,32.543,86.181,87.513,93.223,41.000,86.083,38.000,42.139,other,0,-1,1,5
5186,41,33.892,42.176,31.688,86.080,87.363,93.006,33.000,85.875,25.000,43.389,other,0,-1,2,5
5187,38,38.444,46.641,34.819,86.284,87.529,92.853,41.000,86.542,35.000,43.528,other,0,-1,3,5
5188,62,40.095,46.444,37.122,86.299,87.499,92.660,38.000,86.667,52.000,42.111,other,0,-1,4,5
5189,48,51.582,57.617,47.618,86.416,87.575,92.489,62.000,87.083,59.000,43.028,other,0,-1,5,5
5190,39,48.831,53.353,49.981,86.229,87.335,92.254,48.000,86.625,34.000,55.167,other,0,-1,6,5
5191,434,54.439,55.571,54.544,86.273,87.336,92.067,39.000,86.833,70.000,63.917,inside,1,0,7,5
5192,372,290.520,329.086,315.371,91.518,92.718,92.967,434.000,102.000,90.000,81.722,inside,1,1,8,5
5193,450,270.615,317.305,286.303,95.575,96.871,93.618,372.000,113.750,77.000,98.167,inside,1,2,9,5
5194,569,308.323,367.524,344.030,100.950,102.388,94.545,450.000,129.292,108.000,102.556,inside,1,3,10,5
5195,112,348.429,410.598,399.397,107.600,109.225,95.738,569.000,148.500,152.000,122.722,after,1,4,11,5
5196,142,140.405,140.295,127.884,106.993,108.551,95.415,112.000,146.833,118.000,141.028,after,1,5,12,5
5197,163,154.314,156.747,149.143,107.312,108.836,95.286,142.000,147.833,137.000,161.333,after,1,6,13,5
5198,131,162.000,165.577,162.270,107.661,109.151,95.163,163.000,148.917,99.000,179.778,after,1,7,14,5
5199,199,155.187,149.625,139.501,108.096,109.557,95.058,131.000,150.250,161.000,180.472,after,1,8,15,5
5200,107,152.791,169.105,172.207,108.618,110.052,94.972,199.000,151.833,137.000,165.833,after,1,9,16,5
5201,99,127.972,129.937,111.292,108.156,109.528,94.679,107.000,150.583,84.000,148.556,after,1,10,17,5
5202,133,110.486,117.079,97.921,108.345,109.678,94.523,99.000,151.208,132.000,114.861,after,1,11,18,5
5203,60,90.460,106.422,102.126,108.331,109.619,94.324,133.000,151.250,106.000,90.528,after,1,12,19,5
5204,106,80.815,87.316,71.185,107.637,108.855,93.983,60.000,149.333,70.000,74.972,after,1,13,20,5
5205,27,62.944,77.206,80.948,108.130,109.320,93.891,106.000,150.833,84.000,60.444,after,1,14,21,5
5206,54,57.882,61.432,58.045,107.276,108.391,93.517,27.000,148.458,73.000,52.389,after,1,15,22,5
5207,79,48.307,54.449,62.395,106.973,108.032,93.257,54.000,147.667,84.000,44.139,after,1,16,23,5
5208,15,52.227,58.862,66.685,106.873,107.882,93.041,79.000,147.458,41.000,32.472,after,1,17,0,6
5209,34,43.385,44.238,39.367,106.746,107.689,93.072,15.000,146.375,33.000,34.500,after,1,18,1,6
5210,29,49.319,48.326,43.919,107.011,107.901,93.184,34.000,146.417,41.000,33.361,after,1,19,2,6
5211,27,50.397,48.093,44.061,107.087,107.918,93.258,29.000,145.917,38.000,35.222,after,1,20,3,6
5212,30,51.794,48.978,45.765,107.178,107.949,93.334,27.000,145.458,62.000,34.028,after,1,21,4,6
5213,27,54.423,52.028,49.788,106.965,107.666,93.347,30.000,144.125,48.000,36.611,after,1,22,5,6
5214,37,56.649,55.345,53.288,106.911,107.548,93.393,27.000,143.250,39.000,38.694,after,1,23,6,6
5215,50,63.908,64.479,61.752,107.132,107.714,93.496,37.000,143.167,434.000,47.194,after,1,24,7,6
5216,50,74.178,75.230,72.024,101.820,102.155,92.444,50.000,127.167,372.000,59.167,after,1,25,8,6
5217,64,88.510,84.423,78.247,97.406,97.524,91.580,50.000,113.750,450.000,78.778,after,1,26,9,6
5218,129,103.788,96.326,90.472,92.064,91.934,90.522,64.000,97.667,569.000,101.278,after,1,27,10,6
5219,141,124.377,135.346,132.363,85.941,85.535,89.300,129.000,79.333,112.000,121.778,other,0,-1,11,6
5220,146,141.109,147.123,145.142,86.611,86.166,89.498,141.000,80.542,142.000,140.833,other,0,-1,12,6
5221,185,151.045,152.180,150.929,86.919,86.423,89.620,146.000,80.708,163.000,148.472,other,0,-1,13,6
5222,112,166.101,173.644,178.192,87.488,86.949,89.796,185.000,81.625,131.000,156.639,other,0,-1,14,6
5223,97,147.754,137.439,124.866,87.463,86.861,89.848,112.000,80.833,199.000,153.306,other,0,-1,15,6
5224,138,139.025,128.371,109.957,86.236,85.528,89.649,97.000,76.583,107.000,133.083,other,0,-1,16,6
5225,155,122.243,125.565,122.495,86.935,86.190,89.853,138.000,77.875,99.000,123.667,other,0,-1,17,6
5226,137,104.012,114.117,116.350,87.997,87.226,90.132,155.000,80.208,133.000,102.583,other,0,-1,18,6
5227,97,85.330,93.258,91.505,88.305,87.482,90.253,137.000,80.375,60.000,79.889,other,0,-1,19,6
5228,45,70.584,72.522,65.471,89.091,88.233,90.475,97.000,81.917,106.000,59.111,other,0,-1,20,6
5229,40,62.527,55.852,46.884,88.458,87.516,90.400,45.000,79.375,27.000,47.306,other,0,-1,21,6
5230,41,50.280,47.600,42.704,88.897,87.907,90.549,40.000,79.917,54.000,35.306,other,0,-1,22,6
5231,36,42.280,44.648,40.918,88.958,87.909,90.619,41.000,79.375,79.000,32.556,other,0,-1,23,6
5232,68,39.087,43.565,38.965,88.586,87.461,90.599,36.000,77.583,15.000,61.343,other,0,-1,0,0
5233,53,49.614,58.167,49.111,89.694,88.575,91.098,68.000,79.792,34.000,59.743,other,0,-1,1,0
5234,69,47.761,55.888,47.117,90.309,89.179,91.493,53.000,80.583,29.000,61.829,other,0,-1,2,0
5235,47,59.732,67.568,53.733,91.229,90.098,91.953,69.000,82.250,27.000,63.543,other,0,-1,3,0
5236,51,50.737,57.940,52.678,91.859,90.718,92.352,47.000,83.083,30.000,60.000,other,0,-1,4,0
5237,37,53.495,61.435,59.295,92.503,91.352,92.754,51.000,83.958,27.000,77.171,other,0,-1,5,0
5238,37,51.544,58.586,62.172,92.988,91.821,93.122,37.000,84.375,37.000,77.686,other,0,-1,6,0
5239,78,58.623,65.421,69.590,93.328,92.141,93.461,37.000,84.375,50.000,91.543,other,0,-1,7,0
5240,154,75.341,91.231,92.433,94.074,92.880,93.884,78.000,85.542,50.000,101.114,other,0,-1,8,0
5241,99,131.737,147.451,138.649,95.921,94.759,94.537,154.000,89.875,64.000,122.829,other,0,-1,9,0
5242,134,111.511,126.733,119.116,96.768,95.603,94.981,99.000,91.333,129.000,137.200,other,0,-1,10,0
5243,178,137.310,151.198,144.622,97.181,95.998,95.335,134.000,91.542,141.000,150.314,other,0,-1,11,0
5244,91,170.727,179.847,176.496,98.057,96.872,95.785,178.000,93.083,146.000,163.229,other,0,-1,12,0
5245,163,153.682,145.385,127.387,97.600,96.367,95.957,91.000,90.792,185.000,172.800,other,0,-1,13,0
5246,125,168.822,169.608,168.001,97.622,96.357,96.229,163.000,89.875,112.000,172.257,other,0,-1,14,0
5247,186,158.288,152.104,140.507,98.150,96.871,96.607,125.000,90.417,97.000,183.343,other,0,-1,15,0
5248,165,159.034,163.493,169.986,99.780,98.525,97.214,186.000,94.125,138.000,162.143,other,0,-1,16,0
5249,239,137.313,140.781,145.710,100.511,99.249,97.634,165.000,95.250,155.000,148.800,other,0,-1,17,0
5250,146,163.207,155.684,175.355,102.068,100.828,98.227,239.000,98.750,137.000,128.829,other,0,-1,18,0
5251,142,99.141,102.022,108.422,102.539,101.282,98.593,146.000,99.125,97.000,110.171,other,0,-1,19,0
5252,66,85.065,88.481,93.827,103.531,102.277,99.067,142.000,101.000,45.000,85.143,other,0,-1,20,0
5253,58,70.775,67.494,63.078,104.175,102.911,99.469,66.000,101.875,40.000,75.143,other,0,-1,21,0
5254,62,60.622,59.687,55.706,104.776,103.500,99.862,58.000,102.625,41.000,65.229,other,0,-1,22,0
5255,68,55.634,58.523,52.785,105.421,104.135,100.264,62.000,103.500,36.000,63.543,other,0,-1,23,0
5256,46,57.761,62.125,52.206,106.224,104.934,100.699,68.000,104.833,68.000,61.694,other,0,-1,0,1
5257,82,52.134,55.123,47.302,106.080,104.806,100.945,46.000,103.917,53.000,62.000,other,0,-1,1,1
5258,102,68.323,71.692,54.412,106.674,105.443,101.345,82.000,105.125,69.000,62.222,other,0,-1,2,1
5259,66,85.443,84.197,60.998,107.326,106.139,101.757,102.000,106.500,47.000,61.389,other,0,-1,3,1
5260,73,66.088,68.237,56.812,107.775,106.626,102.127,66.000,107.292,51.000,63.583,other,0,-1,4,1
5261,48,70.018,72.481,64.248,108.268,107.158,102.506,73.000,108.208,37.000,65.139,other,0,-1,5,1
5262,41,64.530,66.744,65.464,108.601,107.524,102.851,48.000,108.667,37.000,66.417,other,0,-1,6,1
5263,73,72.418,73.041,72.086,108.833,107.786,103.176,41.000,108.833,78.000,77.639,other,0,-1,7,1
5264,102,87.359,92.110,91.711,108.934,107.913,103.473,73.000,108.625,154.000,91.833,other,0,-1,8,1
5265,100,108.004,114.340,113.860,108.355,107.336,103.628,102.000,106.458,99.000,109.944,other,0,-1,9,1
5266,146,125.883,131.980,124.234,108.543,107.553,103.943,100.000,106.500,134.000,131.361,other,0,-1,10,1
5267,169,153.868,155.818,156.327,108.891,107.934,104.292,146.000,107.000,178.000,148.500,other,0,-1,11,1
5268,217,174.482,172.353,176.180,108.935,108.001,104.577,169.000,106.625,91.000,174.389,other,0,-1,12,1
5269,107,207.898,199.366,207.526,110.934,110.092,105.271,217.000,111.875,163.000,191.778,other,0,-1,13,1
5270,200,166.557,159.260,144.531,110.297,109.454,105.414,107.000,109.542,125.000,190.222,other,0,-1,14,1
5271,166,183.194,184.184,189.907,111.557,110.781,105.953,200.000,112.667,186.000,183.056,other,0,-1,15,1
5272,106,161.888,160.216,160.038,111.441,110.683,106.205,166.000,111.833,165.000,168.806,other,0,-1,16,1
5273,91,146.212,134.145,118.599,110.760,110.000,106.338,106.000,109.375,239.000,158.750,other,0,-1,17,1
5274,110,133.149,117.927,103.580,108.790,107.983,106.203,91.000,103.208,146.000,131.639,other,0,-1,18,1
5275,149,112.649,103.581,103.026,108.443,107.646,106.406,110.000,101.708,142.000,103.944,other,0,-1,19,1
5276,145,94.314,98.414,109.953,108.718,107.952,106.740,149.000,102.000,66.000,92.389,other,0,-1,20,1
5277,48,84.772,91.631,100.163,110.037,109.339,107.291,145.000,105.292,58.000,77.389,other,0,-1,21,1
5278,95,73.147,63.356,64.985,110.066,109.391,107.573,48.000,104.875,62.000,64.944,other,0,-1,22,1
5279,69,67.691,72.848,71.094,110.718,110.087,107.986,95.000,106.250,68.000,62.889,other,0,-1,23,1
5280,84,62.476,65.421,59.874,110.906,110.304,108.301,69.000,106.292,46.000,59.639,other,0,-1,0,2
5281,65,65.504,72.551,65.799,111.333,110.806,108.467,84.000,107.875,82.000,64.167,other,0,-1,1,2
5282,67,62.676,66.414,60.395,110.964,110.483,108.467,65.000,107.167,102.000,56.194,other,0,-1,2,2
5283,56,65.904,68.321,60.748,110.333,109.891,108.412,67.000,105.708,66.000,60.528,other,0,-1,3,2
5284,61,64.875,64.943,60.182,110.065,109.673,108.433,56.000,105.292,73.000,62.444,other,0,-1,4,2
5285,48,68.609,67.520,64.405,109.768,109.425,108.447,61.000,104.792,48.000,62.833,other,0,-1,5,2
5286,78,71.875,66.713,66.485,109.645,109.358,108.498,48.000,104.792,41.000,70.472,other,0,-1,6,2
5287,72,83.527,79.027,80.933,110.057,109.845,108.661,78.000,106.333,73.000,78.639,other,0,-1,7,2
5288,122,96.181,87.777,88.215,109.920,109.762,108.709,72.000,106.292,102.000,89.639,other,0,-1,8,2
5289,85,117.372,109.268,116.229,110.086,109.994,108.821,122.000,107.125,100.000,104.833,other,0,-1,9,2
5290,78,132.691,126.880,114.150,109.745,109.701,108.827,85.000,106.500,146.000,127.694,other,0,-1,10,2
5291,116,149.096,147.811,121.788,108.637,108.614,108.672,78.000,103.667,169.000,145.361,other,0,-1,11,2
5292,115,160.206,159.008,145.657,107.746,107.752,108.563,116.000,101.458,217.000,159.222,other,0,-1,12,2
5293,152,164.378,163.459,149.081,106.145,106.155,108.305,115.000,97.208,107.000,182.222,other,0,-1,13,2
5294,173,168.255,170.377,165.275,106.674,106.762,108.493,152.000,99.083,200.000,185.000,other,0,-1,14,2
5295,162,166.597,172.942,169.331,106.159,106.289,108.462,173.000,97.958,166.000,172.750,other,0,-1,15,2
5296,181,156.050,161.572,153.950,105.978,106.161,108.501,162.000,97.792,106.000,158.694,other,0,-1,16,2
5297,115,146.486,157.616,151.531,106.941,107.218,108.779,181.000,100.917,91.000,148.139,other,0,-1,17,2
5298,93,128.607,124.393,110.064,107.166,107.510,108.903,115.000,101.917,110.000,124.722,other,0,-1,18,2
5299,119,113.023,105.617,92.248,106.796,107.187,108.902,93.000,101.208,149.000,108.833,other,0,-1,19,2
5300,124,92.459,96.304,93.364,106.238,106.670,108.862,119.000,99.958,145.000,89.361,other,0,-1,20,2
5301,80,77.726,89.212,86.787,105.811,106.287,108.850,124.000,99.083,48.000,75.500,other,0,-1,21,2
5302,39,67.475,68.989,65.549,106.151,106.699,108.998,80.000,100.417,95.000,67.139,other,0,-1,22,2
5303,47,61.455,55.940,49.362,105.216,105.792,108.880,39.000,98.083,69.000,62.722,other,0,-1,23,2
5304,56,55.261,55.173,46.479,104.774,105.394,108.864,47.000,97.167,84.000,61.389,other,0,-1,0,3
5305,54,54.247,59.800,56.955,104.041,104.688,108.531,56.000,96.000,65.000,64.194,other,0,-1,1,3
5306,57,55.176,60.123,55.280,103.554,104.237,108.249,54.000,95.542,67.000,65.056,other,0,-1,2,3
5307,55,58.153,62.186,56.022,103.082,103.800,107.970,57.000,95.125,56.000,61.583,other,0,-1,3,3
5308,44,60.211,62.216,57.400,102.739,103.499,107.718,55.000,95.083,61.000,61.250,other,0,-1,4,3
5309,42,61.765,60.040,58.528,102.165,102.958,107.418,44.000,94.375,48.000,63.500,other,0,-1,5,3
5310,78,68.202,62.725,63.191,101.751,102.581,107.151,42.000,94.125,78.000,67.778,other,0,-1,6,3
5311,76,80.370,76.140,79.641,101.423,102.295,106.903,78.000,94.125,72.000,79.889,other,0,-1,7,3
5312,97,93.373,84.831,88.878,101.153,102.068,106.666,76.000,94.292,122.000,92.417,other,0,-1,8,3
5313,127,111.112,103.082,107.318,100.464,101.407,106.342,97.000,93.250,85.000,115.000,other,0,-1,9,3
5314,186,131.424,126.655,131.074,100.744,101.750,106.220,127.000,95.000,78.000,126.583,other,0,-1,10,3
5315,146,163.004,160.320,166.970,101.981,103.083,106.298,186.000,99.500,116.000,145.861,other,0,-1,11,3
5316,210,160.989,163.680,159.281,102.088,103.246,106.140,146.000,100.750,115.000,168.111,other,0,-1,12,3
5317,128,184.820,192.757,192.214,103.137,104.384,106.179,210.000,104.708,152.000,177.472,other,0,-1,13,3
5318,152,165.925,162.729,155.932,102.461,103.738,105.858,128.000,103.708,173.000,176.694,other,0,-1,14,3
5319,113,163.337,163.689,160.353,101.829,103.136,105.546,152.000,102.833,162.000,173.972,other,0,-1,15,3
5320,171,151.709,145.090,134.780,100.792,102.115,105.149,113.000,100.792,181.000,162.111,other,0,-1,16,3
5321,137,139.353,150.402,149.172,100.319,101.679,104.870,171.000,100.375,115.000,150.028,other,0,-1,17,3
5322,165,121.376,125.375,123.552,100.310,101.722,104.688,137.000,101.292,93.000,132.389,other,0,-1,18,3
5323,158,100.858,126.087,124.497,101.026,102.515,104.657,165.000,104.292,119.000,108.528,other,0,-1,19,3
5324,72,83.299,115.933,111.294,101.263,102.814,104.526,158.000,105.917,124.000,100.083,other,0,-1,20,3
5325,67,75.754,72.155,74.811,100.182,101.748,104.120,72.000,103.750,80.000,85.306,other,0,-1,21,3
5326,77,62.358,62.725,67.401,99.666,101.266,103.832,67.000,103.208,39.000,74.778,other,0,-1,22,3
5327,58,52.163,61.197,64.691,99.889,101.550,103.699,77.000,104.792,47.000,70.444,other,0,-1,23,3
5328,51,47.743,53.127,56.450,99.720,101.428,103.483,58.000,105.250,56.000,60.917,other,0,-1,0,4
5329,52,45.845,54.021,51.185,99.363,101.064,103.107,51.000,105.042,54.000,56.972,other,0,-1,1,4
5330,70,47.226,55.563,50.272,99.048,100.744,102.740,52.000,104.958,57.000,51.583,other,0,-1,2,4
5331,53,55.014,64.072,54.116,98.951,100.650,102.418,70.000,105.500,55.000,54.556,other,0,-1,3,4
5332,82,51.922,57.540,52.403,98.637,100.330,102.051,53.000,105.417,44.000,57.139,other,0,-1,4,4
5333,50,64.177,70.120,62.854,98.902,100.611,101.805,82.000,107.000,42.000,54.694,other,0,-1,5,4
5334,53,58.760,59.385,60.524,98.733,100.441,101.468,50.000,107.333,78.000,65.167,other,0,-1,6,4
5335,69,67.638,65.549,68.616,98.085,99.777,101.031,53.000,106.292,76.000,74.667,other,0,-1,7,4
5336,116,80.790,79.373,83.263,97.699,99.383,100.649,69.000,106.000,97.000,86.667,other,0,-1,8,4
5337,54,99.432,108.301,113.575,97.688,99.378,100.345,116.000,106.792,127.000,109.861,other,0,-1,9,4
5338,68,119.228,115.242,101.551,96.346,97.995,99.763,54.000,103.750,186.000,125.222,other,0,-1,10,4
5339,136,134.230,134.432,119.031,94.351,95.936,99.045,68.000,98.833,146.000,147.361,other,0,-1,11,4
5340,246,151.477,159.599,158.043,93.921,95.497,98.654,136.000,98.417,210.000,161.111,other,0,-1,12,4
5341,178,219.047,227.607,218.709,94.157,95.747,98.401,246.000,99.917,128.000,174.694,other,0,-1,13,4
5342,127,172.698,176.148,182.335,94.596,96.207,98.192,178.000,102.000,152.000,178.167,other,0,-1,14,4
5343,218,159.808,149.196,151.417,93.948,95.543,97.755,127.000,100.958,113.000,172.583,other,0,-1,15,4
5344,211,168.582,182.020,187.211,95.184,96.828,97.711,218.000,105.333,171.000,165.472,other,0,-1,16,4
5345,91,144.734,164.894,169.633,95.478,97.138,97.471,211.000,107.000,137.000,138.861,other,0,-1,17,4
5346,116,112.506,106.394,101.668,94.527,96.159,96.971,91.000,105.083,165.000,121.333,other,0,-1,18,4
5347,82,90.890,95.740,98.617,93.531,95.135,96.462,116.000,103.042,158.000,101.944,other,0,-1,19,4
5348,92,76.287,74.407,78.039,92.145,93.707,95.870,82.000,99.875,72.000,84.222,other,0,-1,20,4
5349,72,58.144,65.737,73.122,92.150,93.717,95.570,92.000,100.708,67.000,70.889,other,0,-1,21,4
5350,58,47.429,53.081,62.324,91.937,93.503,95.224,72.000,100.917,77.000,63.889,other,0,-1,22,4
5351,71,39.656,44.957,54.940,91.376,92.928,94.805,58.000,100.125,58.000,57.111,other,0,-1,23,4
5352,34,36.951,48.129,54.068,91.279,92.834,94.483,71.000,100.667,51.000,38.722,other,0,-1,0,5
5353,32,32.319,37.601,31.840,91.005,92.505,94.230,34.000,99.958,52.000,42.139,other,0,-1,1,5
5354,49,33.538,38.549,31.848,90.687,92.130,93.968,32.000,99.125,70.000,43.389,other,0,-1,2,5
5355,42,41.396,46.722,36.413,90.355,91.741,93.703,49.000,98.250,53.000,43.528,other,0,-1,3,5
5356,76,41.638,45.193,37.928,90.167,91.502,93.468,42.000,97.792,82.000,42.111,other,0,-1,4,5
5357,40,59.969,62.074,51.124,90.052,91.337,93.248,76.000,97.542,50.000,43.028,other,0,-1,5,5
5358,36,47.670,48.615,47.632,89.879,91.113,93.016,40.000,97.125,53.000,55.167,other,0,-1,6,5
5359,38,55.036,53.178,53.638,89.605,90.784,92.763,36.000,96.417,69.000,63.917,other,0,-1,7,5
5360,78,68.411,63.416,62.566,89.128,90.245,92.468,38.000,95.125,116.000,81.722,other,0,-1,8,5
5361,86,84.423,88.192,88.585,88.549,89.601,92.151,78.000,93.542,54.000,98.167,other,0,-1,9,5
5362,152,103.423,105.532,103.131,88.984,90.006,92.046,86.000,94.875,68.000,102.556,other,0,-1,10,5
5363,115,132.188,153.300,151.824,90.173,91.191,92.099,152.000,98.375,136.000,122.722,other,0,-1,11,5
5364,115,139.093,138.224,136.150,89.841,90.801,91.833,115.000,97.500,246.000,141.028,other,0,-1,12,5
5365,133,147.166,141.808,140.023,87.915,88.763,91.235,115.000,92.042,178.000,161.333,other,0,-1,13,5
5366,172,152.651,148.698,150.474,87.235,88.014,90.898,133.000,90.167,127.000,179.778,other,0,-1,14,5
5367,208,156.285,160.908,169.417,87.859,88.614,90.832,172.000,92.042,218.000,180.472,other,0,-1,15,5
5368,122,154.994,171.151,180.730,87.686,88.390,90.600,208.000,91.625,211.000,165.833,other,0,-1,16,5
5369,141,119.932,121.932,116.354,86.369,86.981,90.129,122.000,87.917,91.000,148.556,other,0,-1,17,5
5370,91,99.636,111.818,109.490,87.065,87.657,90.079,141.000,90.000,116.000,114.861,other,0,-1,18,5
5371,99,83.178,85.996,75.945,86.674,87.207,89.802,91.000,88.958,82.000,90.528,other,0,-1,19,5
5372,82,64.647,72.619,68.049,86.893,87.388,89.651,99.000,89.667,92.000,74.972,other,0,-1,20,5
5373,35,51.477,58.413,56.347,86.720,87.163,89.419,82.000,89.250,72.000,60.444,other,0,-1,21,5
5374,22,44.423,42.781,42.459,86.156,86.534,89.106,35.000,87.708,58.000,52.389,other,0,-1,22,5
5375,35,36.581,35.399,37.401,85.606,85.920,88.795,22.000,86.208,71.000,44.139,other,0,-1,23,5
5376,39,31.317,36.087,37.233,85.056,85.306,88.485,35.000,84.708,34.000,32.472,other,0,-1,0,6
5377,22,33.144,38.184,31.575,85.379,85.578,88.609,39.000,84.917,32.000,34.500,other,0,-1,1,6
5378,17,31.563,34.807,30.023,85.484,85.624,88.689,22.000,84.500,49.000,33.361,other,0,-1,2,6
5379,53,32.715,35.001,31.288,85.271,85.341,88.702,17.000,83.167,42.000,35.222,other,0,-1,3,6
5380,25,48.351,51.719,43.060,85.681,85.703,88.845,53.000,83.625,76.000,34.028,other,0,-1,4,6
5381,29,39.678,41.366,40.968,85.192,85.135,88.800,25.000,81.500,40.000,36.611,other,0,-1,5,6
5382,37,44.290,45.949,47.789,85.283,85.166,88.876,29.000,81.042,36.000,38.694,other,0,-1,6,6
5383,51,52.106,54.389,57.023,85.548,85.378,88.989,37.000,81.083,38.000,47.194,other,0,-1,7,6
5384,52,64.278,68.077,69.596,85.987,85.769,89.138,51.000,81.625,78.000,59.167,other,0,-1,8,6
5385,73,79.944,79.631,77.669,85.860,85.576,89.169,52.000,80.542,86.000,78.778,other,0,-1,9,6
5386,57,98.640,98.018,94.391,85.922,85.578,89.239,73.000,80.000,152.000,101.278,other,0,-1,10,6
5387,129,115.158,100.668,92.487,84.796,84.350,89.062,57.000,76.042,115.000,121.778,other,0,-1,11,6
5388,137,137.257,140.020,137.487,85.249,84.757,89.214,129.000,76.625,115.000,140.833,other,0,-1,12,6
5389,203,148.343,147.431,145.140,85.818,85.283,89.390,137.000,77.542,133.000,148.472,other,0,-1,13,6
5390,155,177.039,186.406,191.948,87.083,86.529,89.711,203.000,80.458,172.000,156.639,other,0,-1,14,6
5391,114,150.868,151.583,152.710,87.087,86.471,89.769,155.000,79.750,208.000,153.306,other,0,-1,15,6
5392,130,137.236,131.204,119.362,85.975,85.258,89.595,114.000,75.833,122.000,133.083,other,0,-1,16,6
5393,100,121.357,122.780,117.758,86.341,85.575,89.728,130.000,76.167,141.000,123.667,other,0,-1,17,6
5394,74,105.627,102.008,90.475,85.998,85.157,89.714,100.000,74.458,91.000,102.583,other,0,-1,18,6
5395,235,90.500,83.033,69.523,86.002,85.099,89.772,74.000,73.750,99.000,79.889,inside,1,0,19,6
5396,395,140.766,123.252,119.544,88.222,87.334,90.293,235.000,79.417,82.000,59.111,inside,1,1,20,6
5397,280,287.179,211.099,191.253,93.007,92.223,91.350,395.000,92.458,35.000,47.306,inside,1,2,21,6
5398,34,206.324,182.389,111.841,96.806,96.092,92.201,280.000,102.667,22.000,35.306,after,1,3,22,6
5399,43,40.131,47.344,48.390,97.230,96.468,92.347,34.000,103.167,35.000,32.556,after,1,4,23,6
5400,44,38.131,52.596,49.519,97.596,96.785,92.481,43.000,103.500,39.000,61.343,after,1,5,0,0
5401,64,40.242,55.573,55.633,98.009,97.179,92.834,44.000,103.708,22.000,59.743,after,1,6,1,0
5402,98,52.240,71.560,60.034,98.957,98.129,93.300,64.000,105.458,17.000,61.829,after,1,7,2,0
5403,66,80.754,98.586,69.264,100.471,99.662,93.883,98.000,108.833,53.000,63.543,after,1,8,3,0
5404,94,60.217,76.472,65.947,101.000,100.177,94.261,66.000,109.375,25.000,60.000,after,1,9,4,0
5405,65,81.000,95.280,77.417,102.339,101.531,94.808,94.000,112.250,29.000,77.171,after,1,10,5,0
5406,96,60.438,75.776,75.881,103.201,102.390,95.255,65.000,113.750,37.000,77.686,after,1,11,6,0
5407,120,79.924,97.206,92.775,104.396,103.594,95.772,96.000,116.208,51.000,91.543,after,1,12,7,0
5408,113,100.774,118.560,111.689,105.736,104.948,96.319,120.000,119.083,52.000,101.114,after,1,13,8,0
5409,100,101.893,123.207,118.826,106.959,106.182,96.842,113.000,121.625,73.000,122.829,after,1,14,9,0
5410,176,111.819,128.357,121.824,107.691,106.906,97.262,100.000,122.750,57.000,137.200,after,1,15,10,0
5411,129,169.014,178.192,172.424,109.755,109.010,97.961,176.000,127.708,129.000,150.314,after,1,16,11,0
5412,104,150.016,154.817,149.923,110.095,109.329,98.299,129.000,127.708,137.000,163.229,after,1,17,12,0
5413,196,155.055,149.651,137.701,109.957,109.154,98.538,104.000,126.333,203.000,172.800,after,1,18,13,0
5414,106,187.630,188.642,193.212,110.196,109.369,98.855,196.000,126.042,155.000,172.257,after,1,19,14,0
5415,171,156.902,149.248,132.563,109.826,108.954,99.045,106.000,124.000,114.000,183.343,after,1,20,15,0
5416,110,154.661,159.601,162.073,110.992,110.128,99.556,171.000,126.375,130.000,162.143,after,1,21,16,0
5417,140,134.723,131.282,118.293,111.043,110.148,99.834,110.000,125.542,100.000,148.800,after,1,22,17,0
5418,145,116.341,121.187,120.869,111.962,111.067,100.293,140.000,127.208,74.000,128.829,after,1,23,18,0
5419,123,98.861,106.040,109.758,113.331,112.451,100.846,145.000,130.167,235.000,110.171,after,1,24,19,0
5420,108,82.522,88.253,92.824,112.049,111.091,100.846,123.000,125.500,395.000,85.143,after,1,25,20,0
5421,84,70.700,76.005,81.181,108.231,107.108,100.316,108.000,113.542,280.000,75.143,after,1,26,21,0
5422,50,61.684,66.158,66.611,105.732,104.490,100.062,84.000,105.375,34.000,65.229,other,0,-1,22,0
5423,77,54.714,56.652,55.771,106.304,105.049,100.448,50.000,106.042,43.000,63.543,other,0,-1,23,0
5424,58,61.081,67.093,59.961,107.137,105.878,100.890,77.000,107.458,44.000,61.694,other,0,-1,0,1
5425,57,55.020,60.047,55.797,107.514,106.290,101.244,58.000,108.042,64.000,62.000,other,0,-1,1,1
5426,61,57.851,62.197,55.178,107.586,106.387,101.535,57.000,107.750,98.000,62.222,other,0,-1,2,1
5427,79,62.584,65.729,57.185,107.224,106.034,101.736,61.000,106.208,66.000,61.389,other,0,-1,3,1
5428,44,73.861,75.199,64.551,107.587,106.431,102.088,79.000,106.750,94.000,63.583,other,0,-1,4,1
5429,50,60.163,62.288,61.367,107.036,105.883,102.249,44.000,104.667,65.000,65.139,other,0,-1,5,1
5430,70,64.851,67.686,69.069,106.993,105.860,102.516,50.000,104.042,96.000,66.417,other,0,-1,6,1
5431,103,74.935,80.155,82.609,106.790,105.673,102.749,70.000,102.958,120.000,77.639,other,0,-1,7,1
5432,86,93.513,100.699,103.763,106.718,105.620,103.010,103.000,102.250,113.000,91.833,other,0,-1,8,1
5433,93,104.644,111.697,108.193,106.501,105.417,103.241,86.000,101.125,100.000,109.944,other,0,-1,9,1
5434,134,124.260,131.428,121.348,106.573,105.514,103.532,93.000,100.833,176.000,131.361,other,0,-1,10,1
5435,91,148.206,152.978,149.925,106.139,105.086,103.717,134.000,99.083,129.000,148.500,other,0,-1,11,1
5436,165,154.378,155.620,135.226,105.762,104.718,103.915,91.000,97.500,104.000,174.389,other,0,-1,12,1
5437,204,175.419,175.262,176.808,106.820,105.835,104.411,165.000,100.042,196.000,191.778,other,0,-1,13,1
5438,209,192.277,191.843,198.067,107.110,106.156,104.748,204.000,100.375,106.000,190.222,other,0,-1,14,1
5439,137,186.679,189.136,194.972,108.776,107.902,105.372,209.000,104.667,171.000,183.056,other,0,-1,15,1
5440,142,158.507,152.325,144.538,108.457,107.595,105.581,137.000,103.250,110.000,168.806,other,0,-1,16,1
5441,131,145.386,140.568,135.566,109.094,108.276,105.991,142.000,104.583,140.000,158.750,other,0,-1,17,1
5442,140,128.429,122.528,119.134,109.138,108.343,106.276,131.000,104.208,145.000,131.639,other,0,-1,18,1
5443,82,109.420,107.866,112.984,109.240,108.470,106.573,140.000,104.000,123.000,103.944,other,0,-1,19,1
5444,68,96.145,84.882,85.120,108.820,108.057,106.761,82.000,102.292,108.000,92.389,other,0,-1,20,1
5445,120,81.582,71.435,74.512,108.414,107.660,106.952,68.000,100.625,84.000,77.389,other,0,-1,21,1
5446,82,74.325,78.713,82.709,109.110,108.401,107.374,120.000,102.125,50.000,64.944,other,0,-1,22,1
5447,85,64.258,66.033,66.022,109.747,109.083,107.783,82.000,103.458,77.000,62.889,other,0,-1,23,1
5448,75,66.340,69.492,61.769,110.037,109.405,108.119,85.000,103.792,58.000,59.639,other,0,-1,0,2
5449,58,62.758,67.117,61.193,110.160,109.592,108.222,75.000,104.500,57.000,64.167,other,0,-1,1,2
5450,102,60.762,62.329,56.643,110.051,109.539,108.276,58.000,104.542,61.000,56.194,other,0,-1,2,2
5451,70,84.179,83.071,66.259,110.522,110.086,108.451,102.000,106.250,79.000,60.528,other,0,-1,3,2
5452,45,69.768,68.988,61.336,110.268,109.883,108.475,70.000,105.875,44.000,62.444,other,0,-1,4,2
5453,60,65.928,61.950,59.766,110.159,109.830,108.529,45.000,105.917,50.000,62.833,other,0,-1,5,2
5454,55,73.474,68.848,68.272,110.181,109.912,108.610,60.000,106.333,70.000,70.472,other,0,-1,6,2
5455,58,82.305,73.951,74.107,109.840,109.620,108.616,55.000,105.708,103.000,78.639,other,0,-1,7,2
5456,79,97.111,86.137,83.572,109.065,108.877,108.531,58.000,103.833,86.000,89.639,other,0,-1,8,2
5457,102,114.549,104.782,100.599,108.840,108.705,108.561,79.000,103.542,93.000,104.833,other,0,-1,9,2
5458,181,133.195,125.953,120.634,108.847,108.772,108.639,102.000,103.917,134.000,127.694,other,0,-1,10,2
5459,166,167.870,154.130,166.845,109.405,109.408,108.832,181.000,105.875,91.000,145.361,other,0,-1,11,2
5460,181,167.672,165.282,168.986,110.368,110.465,109.110,166.000,109.000,165.000,159.222,other,0,-1,12,2
5461,176,175.629,177.716,180.906,110.477,110.637,109.210,181.000,109.667,204.000,182.222,other,0,-1,13,2
5462,148,172.733,178.084,177.380,109.948,110.150,109.176,176.000,108.500,209.000,185.000,other,0,-1,14,2
5463,167,163.396,165.570,157.220,108.941,109.167,109.043,148.000,105.958,137.000,172.750,other,0,-1,15,2
5464,156,157.276,163.023,156.780,109.252,109.549,109.185,167.000,107.208,142.000,158.694,other,0,-1,16,2
5465,232,144.683,147.649,139.928,109.332,109.691,109.278,156.000,107.792,131.000,148.139,other,0,-1,17,2
5466,67,147.497,180.595,165.248,110.671,111.138,109.635,232.000,112.000,140.000,124.722,other,0,-1,18,2
5467,112,119.822,102.811,84.539,109.491,109.975,109.465,67.000,108.958,82.000,108.833,other,0,-1,19,2
5468,93,95.320,93.909,91.923,109.802,110.357,109.607,112.000,110.208,68.000,89.361,other,0,-1,20,2
5469,55,81.369,79.212,77.817,110.041,110.664,109.733,93.000,111.250,120.000,75.500,other,0,-1,21,2
5470,135,73.150,64.376,59.961,108.976,109.622,109.588,55.000,108.542,82.000,67.139,other,0,-1,22,2
5471,71,74.768,91.028,75.819,109.620,110.349,109.799,135.000,110.750,85.000,62.722,other,0,-1,23,2
5472,74,58.598,62.646,53.131,109.294,110.071,109.808,71.000,110.167,75.000,61.389,other,0,-1,0,3
5473,21,58.592,66.772,63.539,108.952,109.770,109.556,74.000,110.125,58.000,64.194,other,0,-1,1,3
5474,66,54.559,51.572,52.098,108.088,108.929,109.196,21.000,108.583,102.000,65.056,other,0,-1,2,3
5475,64,61.170,65.966,60.299,107.239,108.103,108.838,66.000,107.083,70.000,61.583,other,0,-1,3,3
5476,60,62.960,65.815,61.455,106.825,107.726,108.571,64.000,106.833,45.000,61.250,other,0,-1,4,3
5477,66,64.949,65.149,63.907,106.714,107.665,108.368,60.000,107.458,60.000,63.500,other,0,-1,5,3
5478,62,70.853,68.901,70.478,106.473,107.468,108.138,66.000,107.708,55.000,67.778,other,0,-1,6,3
5479,55,79.771,72.937,76.639,106.247,107.287,107.910,62.000,108.000,58.000,79.889,other,0,-1,7,3
5480,93,95.330,83.057,83.699,105.876,106.955,107.652,55.000,107.875,79.000,92.417,other,0,-1,8,3
5481,110,111.239,103.209,106.648,105.751,106.879,107.446,93.000,108.458,102.000,115.000,other,0,-1,9,3
5482,115,130.004,125.788,125.147,105.539,106.712,107.222,110.000,108.792,181.000,126.583,other,0,-1,10,3
5483,108,146.924,146.961,139.010,104.255,105.436,106.773,115.000,106.042,166.000,145.861,other,0,-1,11,3
5484,161,158.124,158.357,145.531,103.088,104.281,106.349,108.000,103.625,181.000,168.111,other,0,-1,12,3
5485,164,170.642,172.481,171.324,102.470,103.694,106.040,161.000,102.792,176.000,177.472,other,0,-1,13,3
5486,159,170.994,172.419,172.015,101.969,103.228,105.755,164.000,102.292,148.000,176.694,other,0,-1,14,3
5487,129,164.640,165.491,164.564,101.800,103.106,105.540,159.000,102.750,167.000,173.972,other,0,-1,15,3
5488,157,151.294,148.201,142.122,100.922,102.250,105.176,129.000,101.167,156.000,162.111,other,0,-1,16,3
5489,141,138.846,144.782,143.075,100.609,101.979,104.930,157.000,101.208,232.000,150.028,other,0,-1,17,3
5490,61,120.353,126.374,124.518,98.963,100.328,104.407,141.000,97.417,67.000,132.389,other,0,-1,18,3
5491,149,109.965,97.574,85.494,98.548,99.952,104.140,61.000,97.167,112.000,108.528,other,0,-1,19,3
5492,54,82.438,109.784,106.637,98.757,100.220,104.003,149.000,98.708,93.000,100.083,other,0,-1,20,3
5493,98,76.767,68.319,68.601,97.864,99.349,103.636,54.000,97.083,55.000,85.306,other,0,-1,21,3
5494,69,57.804,72.329,73.877,98.159,99.707,103.518,98.000,98.875,135.000,74.778,other,0,-1,22,3
5495,43,50.791,57.191,61.009,96.876,98.431,103.069,69.000,96.125,71.000,70.444,other,0,-1,23,3
5496,44,46.354,47.488,51.657,96.142,97.725,102.736,43.000,94.958,74.000,60.917,other,0,-1,0,4
5497,41,43.227,49.903,48.196,95.422,96.986,102.284,44.000,93.708,21.000,56.972,other,0,-1,1,4
5498,70,43.672,49.997,46.739,95.427,96.997,101.984,41.000,94.542,66.000,51.583,other,0,-1,2,4
5499,45,54.202,62.667,52.679,95.199,96.767,101.635,70.000,94.708,64.000,54.556,other,0,-1,3,4
5500,60,48.826,53.308,49.579,94.639,96.193,101.216,45.000,93.917,60.000,57.139,other,0,-1,4,4
5501,58,55.305,59.690,56.399,94.353,95.904,100.855,60.000,93.917,66.000,54.694,other,0,-1,5,4
5502,77,58.706,60.914,61.589,93.952,95.494,100.470,58.000,93.583,62.000,65.167,other,0,-1,6,4
5503,53,68.780,71.785,75.020,93.884,95.430,100.154,77.000,94.208,55.000,74.667,other,0,-1,7,4
5504,87,80.740,75.880,77.471,93.570,95.110,99.787,53.000,94.125,93.000,86.667,other,0,-1,8,4
5505,155,96.929,99.204,101.274,93.198,94.731,99.407,87.000,93.875,110.000,109.861,other,0,-1,9,4
5506,123,126.026,142.667,144.614,93.564,95.116,99.182,155.000,95.750,115.000,125.222,other,0,-1,10,4
5507,261,135.315,146.292,141.539,93.395,94.947,98.845,123.000,96.083,108.000,147.361,other,0,-1,11,4
5508,119,231.555,240.411,221.490,95.326,96.951,98.947,261.000,102.458,161.000,161.111,other,0,-1,12,4
5509,210,159.436,156.247,152.391,94.432,96.032,98.459,119.000,100.708,164.000,174.694,other,0,-1,13,4
5510,164,183.025,195.920,196.794,94.813,96.432,98.237,210.000,102.625,159.000,178.167,other,0,-1,14,4
5511,206,164.798,162.771,167.453,94.600,96.218,97.891,164.000,102.833,129.000,172.583,other,0,-1,15,4
5512,167,161.443,174.403,179.705,95.430,97.083,97.763,206.000,106.042,157.000,165.472,other,0,-1,16,4
5513,163,133.911,141.441,147.012,95.290,96.943,97.432,167.000,106.458,141.000,138.861,other,0,-1,17,4
5514,96,111.642,125.904,131.281,95.323,96.984,97.137,163.000,107.375,61.000,121.333,other,0,-1,18,4
5515,76,94.826,92.368,93.029,95.545,97.219,96.882,96.000,108.833,149.000,101.944,other,0,-1,19,4
5516,97,79.303,74.688,78.091,94.202,95.835,96.300,76.000,105.792,54.000,84.222,other,0,-1,20,4
5517,74,59.797,68.258,76.618,94.540,96.190,96.069,97.000,107.583,98.000,70.889,other,0,-1,21,4
5518,57,49.711,54.592,65.055,93.907,95.541,95.635,74.000,106.583,69.000,63.889,other,0,-1,22,4
5519,58,42.298,45.639,57.047,93.448,95.072,95.238,57.000,106.083,43.000,57.111,other,0,-1,23,4
5520,46,37.840,44.247,53.930,93.380,95.008,94.922,58.000,106.708,44.000,38.722,other,0,-1,0,5
5521,29,37.320,42.408,35.180,93.380,94.963,94.726,46.000,106.792,41.000,42.139,other,0,-1,1,5
5522,60,35.915,38.375,32.592,93.179,94.709,94.488,29.000,106.292,70.000,43.389,other,0,-1,2,5
5523,30,47.833,52.123,39.881,93.006,94.484,94.257,60.000,105.875,45.000,43.528,other,0,-1,3,5
5524,32,40.587,41.494,36.476,92.760,94.185,94.009,30.000,105.250,60.000,42.111,other,0,-1,4,5
5525,34,43.982,43.813,40.733,92.326,93.691,93.723,32.000,104.083,58.000,43.028,other,0,-1,5,5
5526,36,48.897,47.475,46.602,91.951,93.257,93.449,34.000,103.083,77.000,55.167,other,0,-1,6,5
5527,49,57.208,53.873,54.032,91.329,92.568,93.123,36.000,101.375,53.000,63.917,other,0,-1,7,5
5528,72,69.922,66.776,66.811,91.243,92.433,92.909,49.000,101.208,87.000,81.722,other,0,-1,8,5
5529,112,85.941,86.517,86.075,90.997,92.134,92.662,72.000,100.583,155.000,98.167,other,0,-1,9,5
5530,137,106.038,117.912,117.301,90.346,91.415,92.331,112.000,98.792,123.000,102.556,other,0,-1,10,5
5531,158,127.688,143.420,142.488,90.521,91.550,92.171,137.000,99.375,261.000,122.722,other,0,-1,11,5
5532,139,147.083,162.095,163.739,89.001,89.932,91.658,158.000,95.083,119.000,141.028,other,0,-1,12,5
5533,138,152.085,152.314,155.329,89.262,90.157,91.517,139.000,95.917,210.000,161.333,other,0,-1,13,5
5534,179,154.703,150.629,153.999,88.191,89.004,91.097,138.000,92.917,164.000,179.778,other,0,-1,14,5
5535,85,158.653,164.494,174.165,88.380,89.154,90.941,179.000,93.542,206.000,180.472,other,0,-1,15,5
5536,92,137.507,125.804,111.161,86.599,87.266,90.373,85.000,88.500,167.000,165.833,other,0,-1,16,5
5537,151,123.141,116.387,102.465,85.485,86.067,89.945,92.000,85.375,163.000,148.556,other,0,-1,17,5
5538,87,101.274,115.306,114.570,85.283,85.813,89.707,151.000,84.875,96.000,114.861,other,0,-1,18,5
5539,88,87.371,86.200,75.853,85.124,85.603,89.478,87.000,84.500,76.000,90.528,other,0,-1,19,5
5540,49,68.766,71.855,66.836,85.270,85.709,89.312,88.000,85.000,97.000,74.972,other,0,-1,20,5
5541,39,59.048,54.901,51.459,84.547,84.915,88.966,49.000,83.000,74.000,60.444,other,0,-1,21,5
5542,62,46.976,44.742,45.711,84.012,84.316,88.658,39.000,81.542,57.000,52.389,other,0,-1,22,5
5543,29,37.068,45.900,47.054,84.056,84.316,88.471,62.000,81.750,58.000,44.139,other,0,-1,23,5
5544,16,32.923,36.376,39.321,83.608,83.807,88.182,29.000,80.542,46.000,32.472,other,0,-1,0,6
5545,29,30.904,33.175,29.498,83.423,83.554,88.201,16.000,79.292,29.000,34.500,other,0,-1,1,6
5546,33,34.310,39.355,33.181,83.674,83.751,88.311,29.000,79.292,60.000,33.361,other,0,-1,2,6
5547,33,38.076,42.952,36.328,83.533,83.542,88.339,33.000,78.167,30.000,35.222,other,0,-1,3,6
5548,55,40.517,44.472,39.885,83.827,83.784,88.457,33.000,78.292,32.000,34.028,other,0,-1,4,6
5549,40,51.493,55.938,50.760,84.410,84.325,88.637,55.000,79.250,34.000,36.611,other,0,-1,5,6
5550,36,47.696,51.409,52.431,84.747,84.612,88.764,40.000,79.500,36.000,38.694,other,0,-1,6,6
5551,46,53.116,55.381,57.803,84.998,84.808,88.874,36.000,79.500,49.000,47.194,other,0,-1,7,6
5552,68,65.173,67.433,68.411,85.204,84.960,88.975,46.000,79.375,72.000,59.167,other,0,-1,8,6
5553,76,81.497,86.172,84.913,85.397,85.097,89.072,68.000,79.208,112.000,78.778,other,0,-1,9,6
5554,80,99.941,99.787,95.713,85.125,84.754,89.073,76.000,77.708,137.000,101.278,other,0,-1,10,6
5555,89,117.857,109.963,103.523,84.550,84.096,89.010,80.000,75.333,158.000,121.778,other,0,-1,11,6
5556,148,132.151,121.467,112.459,83.801,83.258,88.911,89.000,72.458,139.000,140.833,other,0,-1,12,6
5557,161,150.468,153.931,151.588,84.181,83.589,89.048,148.000,72.833,138.000,148.472,other,0,-1,13,6
5558,124,156.280,160.116,160.094,84.765,84.131,89.227,161.000,73.792,179.000,156.639,other,0,-1,14,6
5559,157,146.254,142.151,131.611,84.218,83.503,89.170,124.000,71.500,85.000,153.306,other,0,-1,15,6
5560,178,138.354,144.986,145.529,85.512,84.779,89.498,157.000,74.500,92.000,133.083,other,0,-1,16,6
5561,124,125.448,139.006,146.226,87.008,86.264,89.868,178.000,78.083,151.000,123.667,other,0,-1,17,6
5562,61,101.781,106.804,100.627,86.867,86.056,89.896,124.000,76.958,87.000,102.583,other,0,-1,18,6
5563,66,89.802,83.638,64.870,86.741,85.863,89.927,61.000,75.875,88.000,79.889,other,0,-1,19,6
5564,91,71.578,68.119,57.319,86.672,85.730,89.970,66.000,74.958,49.000,59.111,other,0,-1,20,6
5565,18,55.212,60.248,56.726,87.531,86.556,90.206,91.000,76.708,39.000,47.306,other,0,-1,21,6
5566,20,49.802,43.559,39.157,87.477,86.438,90.253,18.000,75.833,62.000,35.306,other,0,-1,22,6
5567,44,40.451,38.463,37.405,87.119,86.005,90.235,20.000,74.083,29.000,32.556,other,0,-1,23,6
5568,72,38.251,43.081,40.483,87.586,86.426,90.390,44.000,74.708,16.000,61.343,other,0,-1,0,0
5569,58,50.850,56.970,51.193,88.738,87.585,90.898,72.000,77.042,29.000,59.743,other,0,-1,1,0
5570,35,49.319,55.295,49.534,89.498,88.340,91.324,58.000,78.250,33.000,61.829,other,0,-1,2,0
5571,62,43.298,47.890,47.055,89.867,88.689,91.669,35.000,78.333,33.000,63.543,other,0,-1,3,0
5572,38,57.848,62.934,57.614,90.627,89.443,92.095,62.000,79.542,55.000,60.000,other,0,-1,4,0
5573,69,48.128,53.451,56.850,90.721,89.508,92.382,38.000,78.833,40.000,77.171,other,0,-1,5,0
5574,108,62.005,71.060,72.659,91.482,90.262,92.808,69.000,80.042,36.000,77.686,other,0,-1,6,0
5575,27,88.068,99.114,95.939,92.865,91.661,93.364,108.000,83.042,46.000,91.543,other,0,-1,7,0
5576,88,71.075,74.679,74.649,92.930,91.696,93.645,27.000,82.250,68.000,101.114,other,0,-1,8,0
5577,100,91.100,108.248,105.903,93.560,92.315,94.044,88.000,83.083,76.000,122.829,other,0,-1,9,0
5578,89,111.045,126.422,119.550,94.248,92.995,94.455,100.000,84.083,80.000,137.200,other,0,-1,10,0
5579,75,127.888,132.549,120.499,94.718,93.449,94.820,89.000,84.458,89.000,150.314,other,0,-1,11,0
5580,185,141.901,135.858,117.548,94.856,93.559,95.117,75.000,83.875,148.000,163.229,other,0,-1,12,0
5581,291,179.213,183.549,182.985,95.732,94.433,95.567,185.000,85.417,161.000,172.800,other,0,-1,13,0
5582,214,288.443,269.574,255.346,97.955,96.701,96.299,291.000,90.833,124.000,172.257,other,0,-1,14,0
5583,196,186.951,188.816,197.032,99.599,98.370,96.909,214.000,94.583,157.000,183.343,other,0,-1,15,0
5584,137,163.660,165.043,176.498,100.504,99.274,97.366,196.000,96.208,178.000,162.143,other,0,-1,16,0
5585,135,137.051,128.827,130.600,100.251,98.979,97.580,137.000,94.500,124.000,148.800,other,0,-1,17,0
5586,91,118.036,111.398,118.335,100.750,99.464,97.952,135.000,94.958,61.000,128.829,other,0,-1,18,0
5587,115,101.439,88.541,89.780,101.525,100.233,98.381,91.000,96.208,66.000,110.171,other,0,-1,19,0
5588,99,81.910,76.625,87.914,102.575,101.287,98.867,115.000,98.250,91.000,85.143,other,0,-1,20,0
5589,72,68.917,64.892,75.333,103.031,101.727,99.230,99.000,98.583,18.000,75.143,other,0,-1,21,0
5590,52,59.101,55.033,64.069,104.153,102.856,99.732,72.000,100.833,20.000,65.229,other,0,-1,22,0
5591,47,52.778,49.105,57.053,104.957,103.655,100.167,52.000,102.167,44.000,63.543,other,0,-1,23,0
5592,66,50.894,48.616,54.219,105.341,104.019,100.514,47.000,102.292,72.000,61.694,other,0,-1,0,1
5593,39,56.672,56.531,57.530,105.428,104.131,100.809,66.000,102.042,58.000,62.000,other,0,-1,1,1
5594,56,51.745,49.453,52.017,105.326,104.048,101.064,39.000,101.250,35.000,62.222,other,0,-1,2,1
5595,60,59.861,57.866,56.480,105.805,104.565,101.439,56.000,102.125,62.000,61.389,other,0,-1,3,1
5596,60,63.700,61.291,60.255,105.950,104.737,101.746,60.000,102.042,38.000,63.583,other,0,-1,4,1
5597,82,65.062,63.174,65.076,106.442,105.269,102.125,60.000,102.958,69.000,65.139,other,0,-1,5,1
5598,79,75.704,75.101,77.377,106.805,105.666,102.476,82.000,103.500,108.000,66.417,other,0,-1,6,1
5599,114,78.183,79.459,85.061,106.558,105.433,102.701,79.000,102.292,27.000,77.639,other,0,-1,7,1
5600,85,100.458,102.419,107.740,107.993,106.939,103.276,114.000,105.917,88.000,91.833,other,0,-1,8,1
5601,75,106.264,109.584,107.683,108.123,107.096,103.580,85.000,105.792,100.000,109.944,other,0,-1,9,1
5602,131,125.550,128.399,113.661,107.935,106.923,103.816,75.000,104.750,89.000,131.361,other,0,-1,10,1
5603,143,148.391,151.609,148.304,108.717,107.754,104.256,131.000,106.500,75.000,148.500,other,0,-1,11,1
5604,155,163.355,163.938,161.489,109.876,108.976,104.774,143.000,109.333,185.000,174.389,other,0,-1,12,1
5605,187,173.050,171.528,171.084,109.616,108.728,104.995,155.000,108.083,291.000,191.778,other,0,-1,13,1
5606,184,182.945,183.367,187.804,108.283,107.371,104.993,187.000,103.750,214.000,190.222,other,0,-1,14,1
5607,155,175.401,177.032,179.905,108.022,107.123,105.215,184.000,102.500,196.000,183.056,other,0,-1,15,1
5608,99,159.655,157.365,153.827,107.602,106.710,105.403,155.000,100.792,137.000,168.806,other,0,-1,16,1
5609,148,147.298,133.938,115.929,107.226,106.342,105.600,99.000,99.208,135.000,158.750,other,0,-1,17,1
5610,162,128.093,126.735,127.246,107.588,106.739,105.952,148.000,99.750,91.000,131.639,other,0,-1,18,1
5611,84,110.677,114.628,121.971,108.790,108.005,106.479,162.000,102.708,115.000,103.944,other,0,-1,19,1
5612,70,96.441,86.047,85.116,108.515,107.743,106.698,84.000,101.417,99.000,92.389,other,0,-1,20,1
5613,93,81.947,72.760,74.276,108.269,107.510,106.922,70.000,100.208,72.000,77.389,other,0,-1,21,1
5614,64,69.647,70.733,73.740,108.747,108.026,107.298,93.000,101.083,52.000,64.944,other,0,-1,22,1
5615,44,62.583,61.838,60.110,109.095,108.408,107.647,64.000,101.583,47.000,62.889,other,0,-1,23,1
5616,42,58.354,56.782,51.186,109.226,108.565,107.950,44.000,101.458,66.000,59.639,other,0,-1,0,2
5617,80,57.315,56.844,54.111,108.755,108.138,107.928,42.000,100.458,39.000,64.167,other,0,-1,1,2
5618,78,68.267,71.519,60.352,109.225,108.684,108.104,80.000,102.167,56.000,56.194,other,0,-1,2,2
5619,95,70.997,71.989,60.303,109.421,108.946,108.221,78.000,103.083,60.000,60.528,other,0,-1,3,2
5620,96,82.804,80.352,66.220,109.804,109.403,108.378,95.000,104.542,60.000,62.444,other,0,-1,4,2
5621,69,84.451,80.760,70.675,110.203,109.875,108.538,96.000,106.042,82.000,62.833,other,0,-1,5,2
5622,87,75.166,71.619,69.885,109.891,109.613,108.550,69.000,105.500,79.000,70.472,other,0,-1,6,2
5623,48,86.216,81.129,82.367,109.884,109.665,108.625,87.000,105.833,114.000,78.639,other,0,-1,7,2
5624,80,97.681,85.883,80.437,108.804,108.607,108.477,48.000,103.083,85.000,89.639,other,0,-1,8,2
5625,94,114.177,104.881,100.747,108.608,108.465,108.512,80.000,102.875,75.000,104.833,other,0,-1,9,2
5626,86,132.707,126.213,117.411,108.760,108.682,108.621,94.000,103.667,131.000,127.694,other,0,-1,10,2
5627,163,148.921,147.047,124.972,107.985,107.939,108.536,86.000,101.792,143.000,145.361,other,0,-1,11,2
5628,152,167.692,164.091,167.211,108.152,108.171,108.648,163.000,102.625,155.000,159.222,other,0,-1,12,2
5629,154,169.404,169.862,166.304,107.985,108.059,108.690,152.000,102.500,187.000,182.222,other,0,-1,13,2
5630,152,168.732,171.110,166.111,107.384,107.496,108.641,154.000,101.125,184.000,185.000,other,0,-1,14,2
5631,175,163.361,166.517,158.921,106.797,106.949,108.595,152.000,99.792,155.000,172.750,other,0,-1,15,2
5632,164,158.083,166.017,160.437,106.963,107.181,108.707,175.000,100.625,99.000,158.694,other,0,-1,16,2
5633,142,144.814,150.618,143.327,107.781,108.087,108.954,164.000,103.333,148.000,148.139,other,0,-1,17,2
5634,91,128.270,129.792,121.572,107.571,107.930,108.987,142.000,103.083,162.000,124.722,other,0,-1,18,2
5635,116,114.821,104.747,92.178,106.419,106.797,108.824,91.000,100.125,84.000,108.833,other,0,-1,19,2
5636,46,93.521,94.975,92.788,106.760,107.209,108.971,116.000,101.458,70.000,89.361,other,0,-1,20,2
5637,71,87.032,72.610,63.549,106.289,106.782,108.950,46.000,100.458,93.000,75.500,other,0,-1,21,2
5638,89,69.198,66.410,63.421,105.847,106.384,108.934,71.000,99.542,64.000,67.139,other,0,-1,22,2
5639,57,61.583,68.267,61.928,106.086,106.691,109.061,89.000,100.583,44.000,62.722,other,0,-1,23,2
5640,67,56.292,57.602,49.643,106.151,106.818,109.151,57.000,101.125,42.000,61.389,other,0,-1,0,3
5641,93,56.404,63.458,60.876,106.185,106.907,108.978,67.000,102.167,80.000,64.194,other,0,-1,1,3
5642,65,68.606,76.103,65.010,106.046,106.815,108.769,93.000,102.708,78.000,65.056,other,0,-1,2,3
5643,48,60.663,65.005,59.188,105.530,106.334,108.481,65.000,102.167,95.000,61.583,other,0,-1,3,3
5644,67,58.985,59.800,57.319,104.521,105.343,108.090,48.000,100.208,96.000,61.250,other,0,-1,4,3
5645,71,66.269,67.031,64.611,103.773,104.622,107.754,67.000,99.000,69.000,63.500,other,0,-1,5,3
5646,58,71.453,70.006,70.964,103.475,104.365,107.511,71.000,99.083,87.000,67.778,other,0,-1,6,3
5647,74,79.086,71.831,74.853,102.727,103.644,107.175,58.000,97.875,48.000,79.889,other,0,-1,7,3
5648,98,93.401,84.661,88.684,102.776,103.747,107.005,74.000,98.958,80.000,92.417,other,0,-1,8,3
5649,88,110.911,103.396,107.822,102.709,103.731,106.811,98.000,99.708,94.000,115.000,other,0,-1,9,3
5650,128,129.734,124.809,116.622,102.294,103.354,106.544,88.000,99.458,86.000,126.583,other,0,-1,10,3
5651,192,147.014,147.399,143.034,102.575,103.697,106.422,128.000,101.208,163.000,145.861,other,0,-1,11,3
5652,135,173.751,176.626,178.596,102.668,103.846,106.261,192.000,102.417,152.000,168.111,other,0,-1,12,3
5653,148,165.720,165.986,159.209,102.094,103.304,105.961,135.000,101.708,154.000,177.472,other,0,-1,13,3
5654,156,167.596,167.529,163.911,101.679,102.928,105.695,148.000,101.458,152.000,176.694,other,0,-1,14,3
5655,154,163.722,164.621,162.128,101.409,102.702,105.458,156.000,101.625,175.000,173.972,other,0,-1,15,3
5656,246,153.331,155.286,152.280,100.777,102.100,105.146,154.000,100.750,164.000,162.111,other,0,-1,16,3
5657,118,166.339,198.686,186.528,101.637,103.043,105.145,246.000,104.167,142.000,150.028,other,0,-1,17,3
5658,210,121.879,120.292,115.435,100.962,102.397,104.824,118.000,103.167,91.000,132.389,other,0,-1,18,3
5659,59,111.382,161.182,143.403,102.358,103.895,104.935,210.000,108.125,116.000,108.528,other,0,-1,19,3
5660,79,92.681,82.070,75.834,101.205,102.754,104.514,59.000,105.750,46.000,100.083,other,0,-1,20,3
5661,86,73.066,72.572,73.702,101.355,102.962,104.365,79.000,107.125,71.000,85.306,other,0,-1,21,3
5662,47,59.059,67.206,68.587,101.245,102.900,104.162,86.000,107.750,89.000,74.778,other,0,-1,22,3
5663,57,53.264,51.728,53.888,100.309,101.984,103.786,47.000,106.000,57.000,70.444,other,0,-1,23,3
5664,37,46.821,51.366,51.865,99.981,101.698,103.538,57.000,106.000,67.000,60.917,other,0,-1,0,4
5665,42,43.522,48.028,44.537,99.261,100.959,103.086,37.000,104.750,93.000,56.972,other,0,-1,1,4
5666,58,44.518,50.416,44.416,98.237,99.905,102.570,42.000,102.625,65.000,51.583,other,0,-1,2,4
5667,31,50.368,57.354,47.908,97.850,99.510,102.188,58.000,102.333,48.000,54.556,other,0,-1,3,4
5668,63,47.153,49.023,44.848,97.319,98.966,101.776,31.000,101.625,67.000,57.139,other,0,-1,4,4
5669,68,56.679,60.877,55.431,96.975,98.617,101.402,63.000,101.458,71.000,54.694,other,0,-1,5,4
5670,60,61.341,64.467,63.069,96.647,98.283,101.032,68.000,101.333,58.000,65.167,other,0,-1,6,4
5671,67,67.446,66.819,69.397,96.390,98.023,100.677,60.000,101.417,74.000,74.667,other,0,-1,7,4
5672,137,80.708,78.735,82.158,96.004,97.629,100.295,67.000,101.125,98.000,86.667,other,0,-1,8,4
5673,131,106.408,117.741,123.113,96.283,97.924,100.052,137.000,102.750,88.000,109.861,other,0,-1,9,4
5674,129,119.976,132.462,134.638,96.621,98.279,99.821,131.000,104.542,128.000,125.222,other,0,-1,10,4
5675,62,137.195,148.654,146.100,96.350,98.005,99.463,129.000,104.583,192.000,147.361,other,0,-1,11,4
5676,111,144.529,141.613,126.568,94.181,95.767,98.708,62.000,99.167,135.000,161.111,other,0,-1,12,4
5677,222,156.444,152.678,151.461,93.549,95.118,98.274,111.000,98.167,148.000,174.694,other,0,-1,13,4
5678,187,194.466,203.678,205.038,94.335,95.938,98.137,222.000,101.250,156.000,178.167,other,0,-1,14,4
5679,179,171.190,173.334,181.127,94.499,96.113,97.870,187.000,102.542,154.000,172.583,other,0,-1,15,4
5680,199,155.404,159.255,166.769,94.576,96.198,97.584,179.000,103.583,246.000,165.472,other,0,-1,16,4
5681,53,139.941,157.475,162.830,93.610,95.204,97.081,199.000,101.625,118.000,138.861,other,0,-1,17,4
5682,129,112.574,104.367,88.629,92.383,93.941,96.523,53.000,98.917,210.000,121.333,other,0,-1,18,4
5683,135,88.830,100.312,103.407,90.924,92.437,95.917,129.000,95.542,59.000,101.944,other,0,-1,19,4
5684,110,70.241,91.112,94.413,91.740,93.287,95.786,135.000,98.708,79.000,84.222,other,0,-1,20,4
5685,51,56.163,72.992,77.634,91.903,93.462,95.518,110.000,100.000,86.000,70.889,other,0,-1,21,4
5686,68,48.324,49.177,57.118,91.111,92.648,95.051,51.000,98.542,47.000,63.889,other,0,-1,22,4
5687,34,39.054,48.722,56.114,91.130,92.674,94.754,68.000,99.417,57.000,57.111,other,0,-1,23,4
5688,56,34.559,37.353,46.459,90.511,92.039,94.323,34.000,98.458,37.000,38.722,other,0,-1,0,5
5689,52,37.424,46.338,35.144,90.758,92.250,94.179,56.000,99.250,42.000,42.139,other,0,-1,1,5
5690,59,39.630,47.042,35.197,90.875,92.325,94.007,52.000,99.667,58.000,43.389,other,0,-1,2,5
5691,49,46.214,52.149,38.464,90.862,92.266,93.809,59.000,99.708,31.000,43.528,other,0,-1,3,5
5692,39,44.683,48.877,39.587,91.094,92.461,93.662,49.000,100.458,63.000,42.111,other,0,-1,4,5
5693,43,43.617,46.160,41.690,90.718,92.027,93.387,39.000,99.458,68.000,43.028,other,0,-1,5,5
5694,55,48.274,50.196,48.521,90.328,91.578,93.110,43.000,98.417,60.000,55.167,other,0,-1,6,5
5695,90,56.752,59.464,59.785,90.228,91.428,92.893,55.000,98.208,67.000,63.917,other,0,-1,7,5
5696,96,73.463,82.201,83.241,90.533,91.699,92.761,90.000,99.167,137.000,81.722,other,0,-1,8,5
5697,78,86.162,96.582,97.308,89.911,91.010,92.435,96.000,97.458,131.000,98.167,other,0,-1,9,5
5698,80,101.962,102.754,98.985,89.115,90.141,92.073,78.000,95.250,129.000,102.556,other,0,-1,10,5
5699,126,119.583,115.624,109.201,88.377,89.332,91.724,80.000,93.208,62.000,122.722,other,0,-1,11,5
5700,149,139.115,143.431,142.744,89.276,90.217,91.715,126.000,95.875,111.000,141.028,other,0,-1,12,5
5701,181,153.649,157.436,161.183,89.798,90.712,91.629,149.000,97.458,222.000,161.333,other,0,-1,13,5
5702,119,165.058,172.918,181.171,89.176,90.023,91.303,181.000,95.750,187.000,179.778,other,0,-1,14,5
5703,141,148.727,140.431,137.364,88.163,88.929,90.896,119.000,92.917,179.000,180.472,other,0,-1,15,5
5704,135,138.347,139.410,139.701,87.585,88.285,90.579,141.000,91.333,199.000,165.833,other,0,-1,16,5
5705,159,120.640,125.796,122.530,86.629,87.251,90.184,135.000,88.667,53.000,148.556,other,0,-1,17,5
5706,111,100.472,118.293,118.150,88.137,88.766,90.303,159.000,93.083,129.000,114.861,other,0,-1,18,5
5707,125,81.654,89.941,82.958,87.848,88.422,90.047,111.000,92.333,135.000,90.528,other,0,-1,19,5
5708,61,63.502,79.915,76.343,87.675,88.197,89.815,125.000,91.917,110.000,74.972,other,0,-1,20,5
5709,29,54.136,55.697,52.046,86.937,87.388,89.465,61.000,89.875,51.000,60.444,other,0,-1,21,5
5710,58,45.617,42.931,41.810,86.590,86.984,89.197,29.000,88.958,68.000,52.389,other,0,-1,22,5
5711,51,34.913,44.391,43.788,86.417,86.760,88.965,58.000,88.542,34.000,44.139,other,0,-1,23,5
5712,30,32.096,42.537,40.415,86.635,86.940,88.814,51.000,89.250,56.000,32.472,other,0,-1,0,6
5713,13,30.572,37.209,30.040,86.509,86.747,88.845,30.000,88.167,52.000,34.500,other,0,-1,1,6
5714,31,29.223,33.855,28.274,86.194,86.359,88.837,13.000,86.542,59.000,33.361,other,0,-1,2,6
5715,27,36.071,42.019,33.912,86.039,86.136,88.862,31.000,85.375,49.000,35.222,other,0,-1,3,6
5716,26,37.337,41.884,36.612,85.971,86.003,88.905,27.000,84.458,39.000,34.028,other,0,-1,4,6
5717,32,39.576,43.068,41.086,86.033,86.004,88.975,26.000,83.917,43.000,36.611,other,0,-1,5,6
5718,25,44.631,48.012,48.560,86.123,86.036,89.052,32.000,83.458,55.000,38.694,other,0,-1,6,6
5719,39,50.957,51.604,53.194,85.939,85.783,89.071,25.000,82.208,90.000,47.194,other,0,-1,7,6
5720,62,63.584,64.454,65.056,85.451,85.215,89.026,39.000,80.083,96.000,59.167,other,0,-1,8,6
5721,101,79.899,82.887,81.924,85.208,84.902,89.033,62.000,78.667,78.000,78.778,other,0,-1,9,6
5722,41,101.524,111.302,109.019,85.792,85.443,89.212,101.000,79.625,80.000,101.278,other,0,-1,10,6
5723,150,117.159,95.455,85.255,85.477,85.055,89.204,41.000,78.000,126.000,121.778,other,0,-1,11,6
5724,133,144.056,152.924,151.727,86.075,85.611,89.386,150.000,79.000,149.000,140.833,other,0,-1,12,6
5725,166,147.415,145.552,142.721,86.094,85.568,89.447,133.000,78.333,181.000,148.472,other,0,-1,13,6
5726,141,157.939,162.388,164.775,86.127,85.540,89.511,166.000,77.708,119.000,156.639,other,0,-1,14,6
5727,128,147.821,146.678,143.458,86.696,86.066,89.688,141.000,78.625,141.000,153.306,other,0,-1,15,6
5728,182,136.062,135.009,127.692,86.757,86.068,89.758,128.000,78.083,135.000,133.083,other,0,-1,16,6
5729,109,126.850,140.049,148.654,87.689,86.969,90.010,182.000,80.042,159.000,123.667,other,0,-1,17,6
5730,82,103.342,103.785,93.768,87.215,86.416,89.968,109.000,77.958,111.000,102.583,other,0,-1,18,6
5731,73,88.035,84.390,71.220,87.045,86.178,89.990,82.000,76.750,125.000,79.889,other,0,-1,19,6
5732,69,71.638,68.365,59.236,86.542,85.595,89.942,73.000,74.583,61.000,59.111,other,0,-1,20,6
5733,36,56.938,56.530,51.979,86.908,85.911,90.076,69.000,74.917,29.000,47.306,other,0,-1,21,6
5734,39,48.473,45.196,42.439,87.260,86.213,90.207,36.000,75.208,58.000,35.306,other,0,-1,22,6
5735,28,40.559,41.972,41.059,87.235,86.125,90.259,39.000,74.417,51.000,32.556,other,0,-1,23,6
5736,81,36.978,39.101,38.367,87.152,85.977,90.299,28.000,73.458,30.000,61.343,other,0,-1,0,0
5737,42,55.600,62.140,53.509,88.231,87.061,90.792,81.000,75.583,13.000,59.743,other,0,-1,1,0
5738,47,43.038,48.405,46.357,88.991,87.815,91.218,42.000,76.792,31.000,61.829,other,0,-1,2,0
5739,45,48.117,53.563,49.984,89.563,88.374,91.605,47.000,77.458,27.000,63.543,other,0,-1,3,0
5740,51,49.440,54.707,53.543,90.164,88.964,91.998,45.000,78.208,26.000,60.000,other,0,-1,4,0
5741,35,53.104,59.459,60.536,90.866,89.658,92.412,51.000,79.250,32.000,77.171,other,0,-1,5,0
5742,87,50.544,56.282,62.638,91.250,90.023,92.759,35.000,79.375,25.000,77.686,other,0,-1,6,0
5743,66,72.814,85.984,87.576,92.488,91.272,93.285,87.000,81.958,39.000,91.543,other,0,-1,7,0
5744,85,72.625,85.815,88.376,93.220,91.996,93.705,66.000,83.083,62.000,101.114,other,0,-1,8,0
5745,152,90.738,107.057,104.614,93.893,92.660,94.113,85.000,84.042,101.000,122.829,other,0,-1,9,0
5746,106,135.493,154.029,147.285,94.972,93.744,94.606,152.000,86.167,41.000,137.200,other,0,-1,10,0
5747,194,130.675,138.691,129.202,96.254,95.038,95.141,106.000,88.875,150.000,150.314,other,0,-1,11,0
5748,171,183.261,190.929,186.613,97.231,96.017,95.613,194.000,90.708,133.000,163.229,other,0,-1,12,0
5749,176,171.325,174.820,174.003,98.122,96.907,96.066,171.000,92.292,166.000,172.800,other,0,-1,13,0
5750,204,173.897,174.699,176.147,98.607,97.376,96.435,176.000,92.708,141.000,172.257,other,0,-1,14,0
5751,187,179.916,183.041,190.203,99.860,98.640,96.964,204.000,95.333,128.000,183.343,other,0,-1,15,0
5752,223,160.131,161.699,170.662,101.055,99.844,97.481,187.000,97.792,182.000,162.143,other,0,-1,16,0
5753,74,162.043,164.167,182.052,101.989,100.778,97.943,223.000,99.500,109.000,148.800,other,0,-1,17,0
5754,76,124.015,107.615,92.690,101.822,100.573,98.175,74.000,98.042,82.000,128.829,other,0,-1,18,0
5755,98,105.492,91.290,85.286,102.075,100.803,98.496,76.000,97.792,73.000,110.171,other,0,-1,19,0
5756,120,84.707,77.363,83.436,102.778,101.497,98.910,98.000,98.833,69.000,85.143,other,0,-1,20,0
5757,58,73.444,72.491,81.885,103.857,102.581,99.402,120.000,100.958,36.000,75.143,other,0,-1,21,0
5758,54,61.964,55.548,61.359,104.516,103.230,99.807,58.000,101.875,39.000,65.229,other,0,-1,22,0
5759,65,55.783,52.163,57.259,105.073,103.775,100.191,54.000,102.500,28.000,63.543,other,0,-1,23,0
5760,62,57.422,56.413,58.093,105.949,104.649,100.642,65.000,104.042,81.000,61.694,other,0,-1,0,1
5761,73,56.433,56.370,56.817,105.848,104.566,100.896,62.000,103.250,42.000,62.000,other,0,-1,1,1
5762,82,64.204,63.871,58.928,106.471,105.233,101.303,73.000,104.542,47.000,62.222,other,0,-1,2,1
5763,63,72.710,70.659,62.569,107.152,105.959,101.721,82.000,106.000,45.000,61.389,other,0,-1,3,1
5764,53,65.149,63.765,61.762,107.587,106.431,102.088,63.000,106.750,51.000,63.583,other,0,-1,4,1
5765,55,62.879,61.929,64.372,107.789,106.663,102.406,53.000,106.833,35.000,65.139,other,0,-1,5,1
5766,96,66.460,66.391,71.273,108.253,107.165,102.779,55.000,107.667,87.000,66.417,other,0,-1,6,1
5767,57,84.024,87.126,91.651,108.557,107.501,103.118,96.000,108.042,66.000,77.639,other,0,-1,7,1
5768,69,87.503,87.780,88.538,108.601,107.568,103.403,57.000,107.667,85.000,91.833,other,0,-1,8,1
5769,52,105.625,108.047,102.195,108.543,107.531,103.667,69.000,107.000,152.000,109.944,other,0,-1,9,1
5770,94,126.276,127.536,104.805,107.268,106.233,103.677,52.000,102.833,106.000,131.361,other,0,-1,10,1
5771,116,143.517,145.806,130.474,107.269,106.255,103.953,94.000,102.333,194.000,148.500,other,0,-1,11,1
5772,154,158.411,158.082,147.233,106.313,105.288,104.030,116.000,99.083,171.000,174.389,other,0,-1,12,1
5773,136,172.631,171.126,170.249,106.240,105.235,104.290,154.000,98.375,176.000,191.778,other,0,-1,13,1
5774,157,170.032,165.485,158.878,105.835,104.837,104.482,136.000,96.708,204.000,190.222,other,0,-1,14,1
5775,138,168.738,166.924,164.466,105.328,104.335,104.652,157.000,94.750,187.000,183.056,other,0,-1,15,1
5776,181,157.147,152.835,144.896,104.792,103.802,104.816,138.000,92.708,223.000,168.806,other,0,-1,16,1
5777,189,147.859,153.308,156.131,104.358,103.374,105.001,181.000,90.958,74.000,158.750,other,0,-1,17,1
5778,86,133.267,140.483,146.701,106.197,105.300,105.662,189.000,95.750,76.000,131.639,other,0,-1,18,1
5779,47,111.772,101.242,92.112,106.516,105.652,106.004,86.000,96.167,98.000,103.944,other,0,-1,19,1
5780,142,99.520,84.201,73.808,105.951,105.089,106.162,47.000,94.042,120.000,92.389,other,0,-1,20,1
5781,82,82.874,89.161,96.127,106.444,105.621,106.541,142.000,94.958,58.000,77.389,other,0,-1,21,1
5782,49,67.565,67.966,69.864,106.966,106.183,106.926,82.000,95.958,54.000,64.944,other,0,-1,22,1
5783,50,60.720,58.447,55.431,107.067,106.310,107.223,49.000,95.750,65.000,62.889,other,0,-1,23,1
5784,47,57.247,58.296,50.786,107.024,106.287,107.490,50.000,95.125,62.000,59.639,other,0,-1,0,2
5785,53,56.323,58.141,51.832,106.683,105.994,107.496,47.000,94.500,73.000,64.167,other,0,-1,1,2
5786,95,58.497,61.045,51.833,106.270,105.626,107.486,53.000,93.667,82.000,56.194,other,0,-1,2,2
5787,43,79.669,79.536,60.905,106.335,105.753,107.577,95.000,94.208,63.000,60.528,other,0,-1,3,2
5788,95,61.084,60.029,52.635,105.922,105.386,107.567,43.000,93.375,53.000,62.444,other,0,-1,4,2
5789,52,83.385,80.065,68.024,106.407,105.948,107.745,95.000,95.125,55.000,62.833,other,0,-1,5,2
5790,90,71.480,66.986,64.039,106.240,105.835,107.787,52.000,95.000,96.000,70.472,other,0,-1,6,2
5791,102,86.790,81.755,81.719,106.030,105.677,107.820,90.000,94.750,57.000,78.639,other,0,-1,7,2
5792,96,100.398,92.534,96.032,106.559,106.284,108.008,102.000,96.625,69.000,89.639,other,0,-1,8,2
5793,111,114.725,105.486,105.932,106.827,106.621,108.140,96.000,97.750,52.000,104.833,other,0,-1,9,2
5794,57,133.708,125.775,123.941,107.558,107.438,108.370,111.000,100.208,94.000,127.694,other,0,-1,10,2
5795,166,148.356,149.803,113.885,106.899,106.815,108.309,57.000,98.667,116.000,145.361,other,0,-1,11,2
5796,118,169.545,164.305,168.718,107.500,107.497,108.511,166.000,100.750,154.000,159.222,other,0,-1,12,2
5797,241,165.164,164.024,150.631,106.855,106.889,108.454,118.000,99.250,136.000,182.222,other,0,-1,13,2
5798,143,209.253,206.982,211.093,108.253,108.396,108.822,241.000,103.625,157.000,185.000,other,0,-1,14,2
5799,261,163.263,164.255,155.086,107.927,108.118,108.831,143.000,103.042,138.000,172.750,other,0,-1,15,2
5800,149,202.906,216.160,206.711,109.585,109.894,109.254,261.000,108.167,181.000,158.694,other,0,-1,16,2
5801,159,145.155,145.617,136.383,108.998,109.347,109.208,149.000,106.833,189.000,148.139,other,0,-1,17,2
5802,87,129.014,134.716,129.261,108.440,108.829,109.169,159.000,105.583,86.000,124.722,other,0,-1,18,2
5803,116,115.432,103.636,90.396,108.332,108.776,109.223,87.000,105.625,47.000,108.833,other,0,-1,19,2
5804,115,94.065,93.872,91.803,109.208,109.743,109.483,116.000,108.500,142.000,89.361,other,0,-1,20,2
5805,45,78.863,83.796,83.052,108.693,109.270,109.452,115.000,107.375,82.000,75.500,other,0,-1,21,2
5806,41,72.236,61.028,56.145,108.034,108.648,109.391,45.000,105.833,49.000,67.139,other,0,-1,22,2
5807,84,62.295,54.584,49.859,107.795,108.460,109.418,41.000,105.500,50.000,62.722,other,0,-1,23,2
5808,81,60.529,64.883,54.561,108.164,108.902,109.572,84.000,106.917,47.000,61.389,other,0,-1,0,3
5809,56,60.497,67.825,62.813,108.329,109.125,109.426,81.000,108.333,53.000,64.194,other,0,-1,1,3
5810,46,56.587,59.644,56.650,108.045,108.884,109.187,56.000,108.458,95.000,65.056,other,0,-1,2,3
5811,39,56.792,57.432,54.871,107.007,107.863,108.790,46.000,106.417,43.000,61.583,other,0,-1,3,3
5812,46,58.372,56.503,55.159,106.622,107.516,108.529,39.000,106.250,95.000,61.250,other,0,-1,4,3
5813,50,63.134,60.064,59.638,105.584,106.495,108.132,46.000,104.208,52.000,63.500,other,0,-1,5,3
5814,70,69.779,64.163,65.619,105.228,106.179,107.877,50.000,104.125,90.000,67.778,other,0,-1,6,3
5815,102,80.693,74.241,77.913,104.610,105.593,107.568,70.000,103.292,102.000,79.889,other,0,-1,7,3
5816,92,96.816,90.543,97.510,104.282,105.306,107.320,102.000,103.292,96.000,92.417,other,0,-1,8,3
5817,134,112.242,103.187,106.270,103.897,104.960,107.059,92.000,103.125,111.000,115.000,other,0,-1,9,3
5818,103,133.383,128.816,134.644,103.902,105.018,106.880,134.000,104.083,57.000,126.583,other,0,-1,10,3
5819,214,147.291,146.686,134.874,104.241,105.421,106.770,103.000,106.000,166.000,145.861,other,0,-1,11,3
5820,211,186.837,187.841,190.231,104.609,105.855,106.667,214.000,108.000,118.000,168.111,other,0,-1,12,3
5821,158,185.348,194.604,194.454,105.628,106.962,106.700,211.000,111.875,241.000,177.472,other,0,-1,13,3
5822,260,170.052,171.636,169.710,104.098,105.432,106.200,158.000,108.417,143.000,176.694,other,0,-1,14,3
5823,245,207.075,223.180,214.791,105.465,106.899,106.305,260.000,113.292,261.000,173.972,other,0,-1,15,3
5824,131,180.714,205.397,198.308,104.906,106.373,106.008,245.000,112.625,149.000,162.111,other,0,-1,16,3
5825,202,141.132,136.985,132.963,104.317,105.817,105.705,131.000,111.875,159.000,150.028,other,0,-1,17,3
5826,79,126.555,157.269,152.725,104.613,106.175,105.586,202.000,113.667,87.000,132.389,other,0,-1,18,3
5827,160,110.362,97.697,91.820,104.169,105.768,105.313,79.000,113.333,116.000,108.528,other,0,-1,19,3
5828,73,85.253,114.789,110.482,104.479,106.142,105.198,160.000,115.167,115.000,100.083,other,0,-1,20,3
5829,58,75.920,69.223,73.726,103.543,105.226,104.822,73.000,113.417,45.000,85.306,other,0,-1,21,3
5830,51,63.926,57.547,63.910,103.403,105.134,104.613,58.000,113.958,41.000,74.778,other,0,-1,22,3
5831,53,54.334,50.499,57.555,103.220,104.997,104.395,51.000,114.375,84.000,70.444,other,0,-1,23,3
5832,65,48.277,48.146,54.111,102.444,104.246,104.052,53.000,113.083,81.000,60.917,other,0,-1,0,4
5833,55,48.357,55.162,52.722,101.927,103.717,103.643,65.000,112.417,56.000,56.972,other,0,-1,1,4
5834,71,48.203,52.984,49.989,101.627,103.413,103.278,55.000,112.375,46.000,51.583,other,0,-1,2,4
5835,59,56.010,61.171,53.426,101.704,103.498,102.993,71.000,113.417,39.000,54.556,other,0,-1,3,4
5836,43,54.277,57.173,53.097,101.708,103.508,102.692,59.000,114.250,46.000,57.139,other,0,-1,4,4
5837,59,53.589,52.930,53.359,101.379,103.174,102.322,43.000,114.125,50.000,54.694,other,0,-1,5,4
5838,95,60.904,60.760,62.533,101.224,103.020,101.988,59.000,114.500,70.000,65.167,other,0,-1,6,4
5839,47,75.308,78.781,81.468,101.301,103.105,101.703,95.000,115.542,102.000,74.667,other,0,-1,7,4
5840,91,83.777,75.212,76.669,100.219,101.991,101.175,47.000,113.250,92.000,86.667,other,0,-1,8,4
5841,84,99.361,101.080,104.403,99.919,101.687,100.811,91.000,113.208,134.000,109.861,other,0,-1,9,4
5842,129,118.961,120.191,115.156,98.910,100.648,100.299,84.000,111.125,103.000,125.222,other,0,-1,10,4
5843,231,138.270,149.962,147.725,99.001,100.748,100.016,129.000,112.208,214.000,147.361,other,0,-1,11,4
5844,267,198.490,217.696,209.158,98.962,100.714,99.706,231.000,112.917,211.000,161.111,other,0,-1,12,4
5845,174,236.332,249.108,233.538,99.488,101.264,99.515,267.000,115.250,158.000,174.694,other,0,-1,13,4
5846,175,173.090,175.889,182.697,99.434,101.214,99.202,174.000,115.917,260.000,178.167,other,0,-1,14,4
5847,154,168.248,168.334,175.778,97.918,99.651,98.584,175.000,112.375,245.000,172.583,other,0,-1,15,4
5848,151,152.483,148.985,153.930,96.314,97.997,97.947,154.000,108.583,131.000,165.472,other,0,-1,16,4
5849,141,133.694,135.132,139.760,96.318,98.008,97.647,151.000,109.417,202.000,138.861,other,0,-1,17,4
5850,139,112.716,117.405,121.882,95.149,96.804,97.101,141.000,106.875,79.000,121.333,other,0,-1,18,4
5851,70,91.537,102.874,108.856,95.733,97.414,96.921,139.000,109.375,160.000,101.944,other,0,-1,19,4
5852,86,83.081,73.013,77.628,94.144,95.775,96.288,70.000,105.625,73.000,84.222,other,0,-1,20,4
5853,47,62.379,64.609,75.347,94.047,95.681,95.966,86.000,106.167,58.000,70.889,other,0,-1,21,4
5854,55,54.848,48.494,61.473,93.603,95.227,95.572,47.000,105.708,51.000,63.889,other,0,-1,22,4
5855,106,43.059,45.132,59.231,93.375,94.997,95.223,55.000,105.875,53.000,57.111,other,0,-1,23,4
5856,46,47.786,65.012,66.582,93.858,95.502,95.022,106.000,108.083,65.000,38.722,other,0,-1,0,5
5857,26,37.144,42.969,37.471,93.554,95.143,94.763,46.000,107.292,55.000,42.139,other,0,-1,1,5
5858,43,35.336,37.905,34.201,93.106,94.634,94.473,26.000,106.083,71.000,43.389,other,0,-1,2,5
5859,55,41.283,45.382,38.291,92.672,94.140,94.187,43.000,104.917,59.000,43.528,other,0,-1,3,5
5860,42,48.268,51.660,43.407,92.586,94.005,93.973,55.000,104.750,43.000,42.111,other,0,-1,4,5
5861,32,46.227,47.493,44.408,92.544,93.916,93.768,42.000,104.708,59.000,43.028,other,0,-1,5,5
5862,46,48.890,46.939,47.062,92.125,93.437,93.485,32.000,103.583,95.000,55.167,other,0,-1,6,5
5863,73,57.934,56.429,57.770,91.387,92.628,93.135,46.000,101.542,47.000,63.917,other,0,-1,7,5
5864,72,71.091,74.437,76.461,91.735,92.943,93.012,73.000,102.625,91.000,81.722,other,0,-1,8,5
5865,62,86.609,86.395,86.099,91.432,92.584,92.753,72.000,101.833,84.000,98.167,other,0,-1,9,5
5866,118,107.225,97.156,91.216,91.085,92.180,92.485,62.000,100.917,129.000,102.556,other,0,-1,10,5
5867,182,124.897,132.514,130.348,90.898,91.940,92.250,118.000,100.458,231.000,122.722,other,0,-1,11,5
5868,95,157.331,179.756,179.429,90.160,91.131,91.900,182.000,98.417,267.000,141.028,other,0,-1,12,5
5869,132,145.961,134.786,128.126,87.640,88.478,91.178,95.000,91.250,174.000,161.333,other,0,-1,13,5
5870,271,152.893,148.293,149.552,87.003,87.774,90.849,132.000,89.500,175.000,179.778,other,0,-1,14,5
5871,211,228.258,239.099,236.409,88.366,89.139,90.938,271.000,93.500,154.000,180.472,other,0,-1,15,5
5872,153,156.929,172.790,183.440,89.164,89.919,90.909,211.000,95.875,151.000,165.833,other,0,-1,16,5
5873,83,121.423,129.645,132.637,89.164,89.875,90.713,153.000,95.958,141.000,148.556,other,0,-1,17,5
5874,105,102.745,99.547,86.011,88.296,88.931,90.336,83.000,93.542,139.000,114.861,other,0,-1,18,5
5875,101,82.185,86.286,80.908,87.775,88.347,90.031,105.000,92.125,70.000,90.528,other,0,-1,19,5
5876,56,64.565,70.977,68.966,88.196,88.737,89.924,101.000,93.417,86.000,74.972,other,0,-1,20,5
5877,95,53.980,52.044,51.316,87.734,88.213,89.631,56.000,92.167,47.000,60.444,other,0,-1,21,5
5878,48,42.517,54.412,54.944,88.401,88.858,89.575,95.000,94.167,55.000,52.389,other,0,-1,22,5
5879,60,34.876,38.393,42.929,88.271,88.679,89.352,48.000,93.875,106.000,44.139,other,0,-1,23,5
5880,18,33.884,41.981,42.776,87.577,87.915,89.011,60.000,91.958,46.000,32.472,other,0,-1,0,6
5881,33,29.155,29.148,30.172,87.422,87.691,89.036,18.000,90.792,26.000,34.500,other,0,-1,1,6
5882,37,34.090,36.345,34.170,87.773,87.993,89.167,33.000,91.083,43.000,33.361,other,0,-1,2,6
5883,26,38.478,40.385,37.436,87.937,88.100,89.258,37.000,90.833,55.000,35.222,other,0,-1,3,6
5884,43,37.339,37.850,38.504,87.767,87.861,89.280,26.000,89.625,42.000,34.028,other,0,-1,4,6
5885,30,45.566,46.698,47.319,88.032,88.073,89.393,43.000,89.667,32.000,36.611,other,0,-1,5,6
5886,36,44.502,44.764,49.590,88.253,88.240,89.496,30.000,89.583,46.000,38.694,other,0,-1,6,6
5887,52,52.089,52.735,57.907,88.358,88.286,89.576,36.000,89.167,73.000,47.194,other,0,-1,7,6
5888,59,64.559,67.115,70.823,88.304,88.168,89.622,52.000,88.292,72.000,59.167,other,0,-1,8,6
5889,80,80.398,80.903,81.236,88.366,88.170,89.692,59.000,87.750,62.000,78.778,other,0,-1,9,6
5890,121,99.846,100.301,98.266,88.877,88.636,89.856,80.000,88.500,118.000,101.278,other,0,-1,10,6
5891,84,123.169,129.929,127.766,89.171,88.878,89.975,121.000,88.625,182.000,121.778,other,0,-1,11,6
5892,118,131.570,118.879,110.668,88.002,87.605,89.788,84.000,84.542,95.000,140.833,other,0,-1,12,6
5893,149,145.878,138.557,132.987,88.585,88.147,89.968,118.000,85.500,132.000,148.472,other,0,-1,13,6
5894,139,154.731,153.343,152.933,89.082,88.598,90.129,149.000,86.208,271.000,156.639,other,0,-1,14,6
5895,225,147.341,146.582,141.948,87.420,86.816,89.839,139.000,80.708,211.000,153.306,other,0,-1,15,6
5896,136,168.583,181.831,193.835,87.873,87.222,89.991,225.000,81.292,153.000,133.083,other,0,-1,16,6
5897,98,119.982,125.292,121.301,87.877,87.164,90.049,136.000,80.583,83.000,123.667,other,0,-1,17,6
5898,97,102.827,103.075,89.514,88.344,87.585,90.204,98.000,81.208,105.000,102.583,other,0,-1,18,6
5899,99,84.803,86.263,76.466,88.479,87.662,90.290,97.000,80.875,101.000,79.889,other,0,-1,19,6
5900,64,67.846,71.525,66.227,88.700,87.829,90.393,99.000,80.792,56.000,59.111,other,0,-1,20,6
5901,49,56.351,56.025,50.981,89.066,88.145,90.527,64.000,81.125,95.000,47.306,other,0,-1,21,6
5902,38,46.592,46.632,44.425,88.650,87.652,90.498,49.000,79.208,48.000,35.306,other,0,-1,22,6
5903,25,40.111,41.337,40.749,88.756,87.699,90.577,38.000,78.792,60.000,32.556,other,0,-1,23,6
5904,53,36.528,37.834,37.722,88.499,87.371,90.581,25.000,77.333,18.000,61.343,other,0,-1,0,0
5905,45,43.288,47.932,46.932,89.346,88.215,91.025,53.000,78.792,33.000,59.743,other,0,-1,1,0
5906,75,44.139,48.737,46.428,89.860,88.714,91.400,45.000,79.292,37.000,61.829,other,0,-1,2,0
5907,69,63.443,67.712,56.110,90.751,89.604,91.853,75.000,80.875,26.000,63.543,other,0,-1,3,0
5908,58,62.134,66.616,59.221,91.714,90.568,92.322,69.000,82.667,43.000,60.000,other,0,-1,4,0
5909,54,56.433,62.481,62.056,92.271,91.112,92.705,58.000,83.292,30.000,77.171,other,0,-1,5,0
5910,67,55.662,63.690,67.804,92.959,91.791,93.116,54.000,84.292,36.000,77.686,other,0,-1,6,0
5911,114,63.852,75.669,79.959,93.749,92.576,93.549,67.000,85.583,52.000,91.543,other,0,-1,7,0
5912,85,93.718,110.103,108.190,94.987,93.825,94.074,114.000,88.167,59.000,101.114,other,0,-1,8,0
5913,71,90.799,107.585,104.556,95.704,94.534,94.492,85.000,89.250,80.000,122.829,other,0,-1,9,0
5914,171,108.007,116.847,106.113,95.914,94.719,94.803,71.000,88.875,121.000,137.200,other,0,-1,10,0
5915,151,159.972,173.100,166.548,96.978,95.788,95.292,171.000,90.958,84.000,150.314,other,0,-1,11,0
5916,189,156.523,163.889,159.520,98.289,97.112,95.833,151.000,93.750,118.000,163.229,other,0,-1,12,0
5917,97,181.633,185.899,185.953,99.658,98.496,96.387,189.000,96.708,149.000,172.800,other,0,-1,13,0
5918,193,160.134,147.666,129.149,99.244,98.036,96.568,97.000,94.542,139.000,172.257,other,0,-1,14,0
5919,191,174.790,177.537,182.917,100.367,99.165,97.070,193.000,96.792,225.000,183.343,other,0,-1,15,0
5920,129,160.881,165.316,173.341,100.215,98.975,97.305,191.000,95.375,136.000,162.143,other,0,-1,16,0
5921,220,136.198,131.036,126.493,100.453,99.189,97.622,129.000,95.083,98.000,148.800,other,0,-1,17,0
5922,77,145.277,144.573,164.032,102.561,101.338,98.330,220.000,100.167,97.000,128.829,other,0,-1,18,0
5923,88,103.364,93.438,84.184,102.611,101.357,98.608,77.000,99.333,99.000,110.171,other,0,-1,19,0
5924,68,84.499,78.747,78.992,102.792,101.512,98.913,88.000,98.875,64.000,85.143,other,0,-1,20,0
5925,87,71.657,65.731,66.378,103.190,101.892,99.263,68.000,99.042,49.000,75.143,other,0,-1,21,0
5926,50,62.189,63.313,65.580,104.081,102.781,99.717,87.000,100.625,38.000,65.229,other,0,-1,22,0
5927,87,54.908,53.498,53.883,104.595,103.280,100.091,50.000,101.125,25.000,63.543,other,0,-1,23,0
5928,58,65.181,67.301,60.730,105.833,104.529,100.617,87.000,103.708,53.000,61.694,other,0,-1,0,1
5929,45,54.895,56.994,53.993,106.080,104.806,100.945,58.000,103.917,45.000,62.000,other,0,-1,1,1
5930,75,53.978,54.896,51.187,106.254,105.008,101.257,45.000,103.917,75.000,62.222,other,0,-1,2,1
5931,75,68.951,68.866,58.924,106.428,105.210,101.569,75.000,103.917,69.000,61.389,other,0,-1,3,1
5932,60,70.933,70.442,62.525,106.688,105.502,101.900,75.000,104.167,58.000,63.583,other,0,-1,4,1
5933,66,64.850,65.782,64.325,106.891,105.734,102.218,60.000,104.250,54.000,65.139,other,0,-1,5,1
5934,49,68.846,71.126,72.812,107.239,106.115,102.567,66.000,104.750,67.000,66.417,other,0,-1,6,1
5935,74,72.833,73.552,76.328,107.152,106.047,102.825,49.000,104.000,114.000,77.639,other,0,-1,7,1
5936,51,87.321,91.399,93.394,106.747,105.650,103.016,74.000,102.333,85.000,91.833,other,0,-1,8,1
5937,126,105.627,106.937,95.252,106.428,105.342,103.226,51.000,100.917,71.000,109.944,other,0,-1,9,1
5938,129,130.362,136.336,136.204,107.399,106.368,103.704,126.000,103.208,171.000,131.361,other,0,-1,10,1
5939,150,147.410,151.493,147.282,106.964,105.941,103.890,129.000,101.458,151.000,148.500,other,0,-1,11,1
5940,138,165.113,166.035,165.114,107.124,106.127,104.199,150.000,101.417,189.000,174.389,other,0,-1,12,1
5941,249,168.773,166.984,161.593,106.559,105.565,104.357,138.000,99.292,97.000,191.778,other,0,-1,13,1
5942,199,231.222,219.960,225.066,108.935,108.045,105.129,249.000,105.625,193.000,190.222,other,0,-1,14,1
5943,287,181.361,183.283,188.850,109.196,108.337,105.460,199.000,105.875,191.000,183.056,other,0,-1,15,1
5944,1234,249.759,235.755,232.059,110.760,109.978,106.062,287.000,109.875,129.000,168.806,inside,1,0,16,1
5945,804,420.561,384.165,468.580,126.941,126.745,109.718,1234.000,155.917,220.000,158.750,inside,1,1,17,1
5946,554,406.321,366.075,426.463,135.575,135.702,111.797,804.000,180.250,77.000,131.639,inside,1,2,18,1
5947,1215,375.838,333.142,328.832,142.659,143.054,113.552,554.000,200.125,88.000,103.944,inside,1,3,19,1
5948,635,411.372,377.292,464.342,159.159,160.151,117.274,1215.000,247.083,68.000,92.389,inside,1,4,20,1
5949,308,375.350,328.818,294.326,167.547,168.853,119.301,635.000,270.708,87.000,77.389,inside,1,5,21,1
5950,81,253.605,184.925,78.309,170.922,172.367,120.282,308.000,279.917,50.000,64.944,after,1,6,22,1
5951,62,64.977,85.095,44.716,171.545,173.034,120.688,81.000,281.208,87.000,62.889,after,1,7,23,1
5952,68,60.909,82.819,42.808,171.357,172.861,120.925,62.000,280.167,58.000,59.639,after,1,8,0,2
5953,60,64.396,84.099,40.303,171.378,172.943,121.006,68.000,280.583,45.000,64.167,after,1,9,1,2
5954,64,64.986,82.896,40.254,171.472,173.100,121.103,60.000,281.208,75.000,56.194,after,1,10,2,2
5955,70,70.272,84.467,41.544,171.190,172.868,121.121,64.000,280.750,75.000,60.528,after,1,11,3,2
5956,76,77.218,85.442,44.126,170.994,172.725,121.157,70.000,280.542,60.000,62.444,after,1,12,4,2
5957,49,85.520,85.462,48.720,171.102,172.897,121.256,76.000,281.208,66.000,62.833,after,1,13,5,2
5958,65,82.489,75.104,52.615,170.733,172.574,121.256,49.000,280.500,49.000,70.472,after,1,14,6,2
5959,50,100.573,81.392,65.090,170.841,172.746,121.355,65.000,281.167,74.000,78.639,after,1,15,7,2
5960,107,109.744,88.099,76.887,170.370,172.319,121.334,50.000,280.167,51.000,89.639,after,1,16,8,2
5961,135,160.400,109.792,113.278,171.058,173.091,121.554,107.000,282.500,126.000,104.833,after,1,17,9,2
5962,131,202.061,131.314,148.208,171.065,173.158,121.632,135.000,282.875,129.000,127.694,after,1,18,10,2
5963,161,202.604,148.991,167.662,170.971,173.120,121.689,131.000,282.958,150.000,145.361,after,1,19,11,2
5964,139,235.932,167.602,196.933,171.007,173.217,121.774,161.000,283.417,138.000,159.222,after,1,20,12,2
5965,188,199.784,169.446,192.256,170.898,173.164,121.828,139.000,283.458,249.000,182.222,after,1,21,13,2
5966,141,246.072,184.850,214.099,169.891,172.182,121.694,188.000,280.917,199.000,185.000,after,1,22,14,2
5967,162,174.932,164.235,177.872,168.928,171.245,121.570,141.000,278.500,287.000,172.750,after,1,23,15,2
5968,164,178.890,161.688,169.258,166.994,169.303,121.243,162.000,273.292,1234.000,158.694,after,1,24,16,2
5969,163,154.849,151.816,146.143,151.370,153.195,118.057,164.000,228.708,804.000,148.139,after,1,25,17,2
5970,127,133.687,140.459,127.692,141.961,143.518,116.169,163.000,202.000,554.000,124.722,after,1,26,18,2
5971,109,111.182,116.556,101.674,135.653,137.049,114.928,127.000,184.208,1215.000,108.833,after,1,27,19,2
5972,86,94.867,96.598,92.152,119.508,120.401,111.634,109.000,138.125,635.000,89.361,after,1,28,20,2
5973,41,81.502,78.883,76.989,111.431,112.104,110.024,86.000,115.250,308.000,75.500,after,1,29,21,2
5974,61,74.447,63.115,56.240,107.440,108.033,109.267,41.000,104.125,81.000,67.139,other,0,-1,22,2
5975,55,61.863,60.789,55.000,107.027,107.666,109.258,61.000,103.292,62.000,62.722,other,0,-1,23,2
5976,111,57.136,57.801,48.949,106.803,107.493,109.288,55.000,103.000,68.000,61.389,other,0,-1,0,3
5977,65,71.834,83.668,71.297,107.098,107.851,109.169,111.000,104.792,60.000,64.194,other,0,-1,1,3
5978,41,58.432,64.451,59.683,106.842,107.640,108.935,65.000,105.000,64.000,65.056,other,0,-1,2,3
5979,73,56.078,57.311,54.997,106.182,107.008,108.617,41.000,104.042,70.000,61.583,other,0,-1,3,3
5980,107,65.800,69.221,62.986,105.897,106.767,108.378,73.000,104.167,76.000,61.250,other,0,-1,4,3
5981,75,83.901,84.777,74.938,106.019,106.945,108.223,107.000,105.458,49.000,63.500,other,0,-1,5,3
5982,68,72.559,71.615,72.507,106.068,107.048,108.053,75.000,106.542,65.000,67.778,other,0,-1,6,3
5983,84,79.717,74.083,78.051,105.784,106.807,107.813,68.000,106.667,50.000,79.889,other,0,-1,7,3
5984,119,93.779,86.436,92.205,105.948,107.030,107.667,84.000,108.083,107.000,92.417,other,0,-1,8,3
5985,117,112.872,107.017,115.537,105.795,106.924,107.455,119.000,108.583,135.000,115.000,other,0,-1,9,3
5986,96,130.136,125.768,127.315,105.206,106.367,107.152,117.000,107.833,131.000,126.583,other,0,-1,10,3
5987,148,146.184,145.888,131.199,104.371,105.556,106.797,96.000,106.375,161.000,145.861,other,0,-1,11,3
5988,127,161.845,163.532,160.142,103.855,105.075,106.509,148.000,105.833,139.000,168.111,other,0,-1,12,3
5989,151,165.021,163.641,156.236,103.354,104.609,106.225,127.000,105.333,188.000,177.472,other,0,-1,13,3
5990,129,168.102,167.705,165.061,102.490,103.768,105.864,151.000,103.792,141.000,176.694,other,0,-1,14,3
5991,223,160.055,156.532,150.506,101.989,103.301,105.579,129.000,103.292,162.000,173.972,other,0,-1,15,3
5992,252,171.606,188.411,185.345,102.545,103.929,105.515,223.000,105.833,164.000,162.111,other,0,-1,16,3
5993,134,173.697,203.870,189.964,103.492,104.962,105.532,252.000,109.500,163.000,150.028,other,0,-1,17,3
5994,139,120.609,124.596,121.668,102.744,104.241,105.196,134.000,108.292,127.000,132.389,other,0,-1,18,3
5995,109,101.366,113.075,112.065,102.590,104.134,104.984,139.000,108.792,109.000,108.528,other,0,-1,19,3
5996,73,84.857,91.051,90.386,102.262,103.848,104.735,109.000,108.792,86.000,100.083,other,0,-1,20,3
5997,47,72.681,71.225,70.661,101.746,103.367,104.447,73.000,108.250,41.000,85.306,other,0,-1,21,3
5998,62,62.525,57.581,57.397,101.506,103.170,104.217,47.000,108.500,61.000,74.778,other,0,-1,22,3
5999,45,51.116,54.702,55.249,101.192,102.899,103.971,62.000,108.542,55.000,70.444,other,0,-1,23,3
6000,69,46.287,47.629,47.567,100.720,102.462,103.692,45.000,108.125,111.000,60.917,other,0,-1,0,4
6001,64,47.893,58.025,48.487,99.826,101.543,103.204,69.000,106.375,65.000,56.972,other,0,-1,1,4
6002,39,49.396,57.648,46.776,99.526,101.239,102.840,64.000,106.333,41.000,51.583,other,0,-1,2,4
6003,56,45.540,49.788,42.876,99.212,100.920,102.473,39.000,106.250,73.000,54.556,other,0,-1,3,4
6004,68,52.259,56.805,48.523,98.680,100.375,102.060,56.000,105.542,107.000,57.139,other,0,-1,4,4
6005,104,58.536,62.443,55.637,97.830,99.501,101.581,68.000,103.917,75.000,54.694,other,0,-1,5,4
6006,68,77.375,80.375,72.758,97.965,99.647,101.307,104.000,105.125,68.000,65.167,other,0,-1,6,4
6007,91,68.178,68.993,71.470,97.680,99.357,100.946,68.000,105.125,84.000,74.667,other,0,-1,7,4
6008,117,82.358,85.375,90.512,97.496,99.173,100.606,91.000,105.417,119.000,86.667,other,0,-1,8,4
6009,93,101.189,108.814,114.458,97.181,98.854,100.239,117.000,105.333,117.000,109.861,other,0,-1,9,4
6010,109,116.827,120.973,118.212,96.548,98.204,99.805,93.000,104.333,96.000,125.222,other,0,-1,10,4
6011,140,135.240,142.354,137.472,96.451,98.110,99.484,109.000,104.875,148.000,147.361,other,0,-1,11,4
6012,138,153.308,161.154,160.737,96.050,97.701,99.098,140.000,104.542,127.000,161.111,other,0,-1,12,4
6013,131,161.667,161.685,164.092,95.924,97.576,98.770,138.000,105.000,151.000,174.694,other,0,-1,13,4
6014,166,163.040,156.037,159.656,95.349,96.987,98.349,131.000,104.167,129.000,178.167,other,0,-1,14,4
6015,164,165.701,163.002,170.298,95.600,97.252,98.100,166.000,105.708,223.000,172.583,other,0,-1,15,4
6016,221,151.632,152.642,158.308,94.460,96.078,97.560,164.000,103.250,252.000,165.472,other,0,-1,16,4
6017,98,148.620,171.857,173.786,93.725,95.324,97.105,221.000,101.958,134.000,138.861,other,0,-1,17,4
6018,104,109.920,109.160,103.902,92.919,94.495,96.635,98.000,100.458,139.000,121.333,other,0,-1,18,4
6019,87,90.612,94.910,94.408,92.126,93.681,96.168,104.000,99.000,109.000,101.944,other,0,-1,19,4
6020,84,74.173,77.500,79.225,91.522,93.062,95.740,87.000,98.083,73.000,84.222,other,0,-1,20,4
6021,56,58.325,65.453,70.597,91.396,92.937,95.413,84.000,98.542,47.000,70.889,other,0,-1,21,4
6022,61,48.696,51.075,57.890,91.241,92.783,95.079,56.000,98.917,62.000,63.889,other,0,-1,22,4
6023,57,39.416,47.258,54.290,90.942,92.479,94.714,61.000,98.875,45.000,57.111,other,0,-1,23,4
6024,49,35.452,44.388,49.978,90.830,92.369,94.390,57.000,99.375,69.000,38.722,other,0,-1,0,5
6025,30,35.577,44.029,32.827,90.512,91.995,94.127,49.000,98.542,64.000,42.139,other,0,-1,1,5
6026,67,33.596,39.068,30.038,89.992,91.411,93.823,30.000,97.125,39.000,43.389,other,0,-1,2,5
6027,55,50.205,56.070,39.197,90.369,91.756,93.706,67.000,98.292,56.000,43.528,other,0,-1,3,5
6028,20,47.220,51.707,40.070,90.326,91.667,93.501,55.000,98.250,68.000,42.111,other,0,-1,4,5
6029,40,39.731,40.561,36.535,89.603,90.873,93.154,20.000,96.250,104.000,43.028,other,0,-1,5,5
6030,48,47.661,49.511,47.055,88.648,89.839,92.759,40.000,93.583,68.000,55.167,other,0,-1,6,5
6031,32,55.655,57.401,57.016,88.330,89.465,92.497,48.000,92.750,91.000,63.917,other,0,-1,7,5
6032,58,68.082,63.001,60.153,87.447,88.506,92.117,32.000,90.292,117.000,81.722,other,0,-1,8,5
6033,54,83.612,81.933,79.400,86.564,87.547,91.737,58.000,87.833,93.000,98.167,other,0,-1,9,5
6034,72,102.528,94.668,87.330,85.971,86.888,91.417,54.000,86.208,109.000,102.556,other,0,-1,10,5
6035,182,119.308,112.475,104.902,85.407,86.259,91.103,72.000,84.667,140.000,122.722,other,0,-1,11,5
6036,162,158.169,179.266,179.368,85.988,86.814,91.029,182.000,86.417,138.000,141.028,other,0,-1,12,5
6037,137,156.273,164.619,169.610,86.307,87.099,90.900,162.000,87.417,131.000,161.333,other,0,-1,13,5
6038,144,154.400,149.915,153.240,86.366,87.115,90.716,137.000,87.667,166.000,179.778,other,0,-1,14,5
6039,177,151.159,148.003,152.101,86.019,86.711,90.448,144.000,86.750,164.000,180.472,other,0,-1,15,5
6040,143,143.809,152.947,161.210,86.179,86.831,90.286,177.000,87.292,221.000,165.833,other,0,-1,16,5
6041,171,120.970,126.587,126.659,85.021,85.587,89.848,143.000,84.042,98.000,148.556,other,0,-1,17,5
6042,84,102.193,121.271,123.749,86.051,86.607,89.867,171.000,87.083,104.000,114.861,other,0,-1,18,5
6043,112,85.224,83.694,73.509,85.733,86.233,89.605,84.000,86.250,87.000,90.528,other,0,-1,19,5
6044,55,64.016,74.527,71.593,86.067,86.533,89.479,112.000,87.292,84.000,74.972,other,0,-1,20,5
6045,59,55.305,53.238,50.281,85.619,86.024,89.189,55.000,86.083,56.000,60.444,other,0,-1,21,5
6046,65,42.159,46.194,46.708,85.634,85.995,88.997,59.000,86.208,61.000,52.389,other,0,-1,22,5
6047,35,35.357,45.284,44.616,85.664,85.980,88.807,65.000,86.375,57.000,44.139,other,0,-1,23,5
6048,44,30.915,36.502,37.429,85.317,85.576,88.539,35.000,85.458,49.000,32.472,other,0,-1,0,6
6049,28,33.628,40.831,32.567,85.495,85.698,88.634,44.000,85.250,30.000,34.500,other,0,-1,1,6
6050,18,32.146,37.670,31.246,85.716,85.864,88.737,28.000,85.167,67.000,33.361,other,0,-1,2,6
6051,25,32.206,36.013,31.572,85.257,85.326,88.699,18.000,83.125,55.000,35.222,other,0,-1,3,6
6052,38,36.459,40.012,36.402,85.072,85.073,88.717,25.000,81.875,20.000,34.028,other,0,-1,4,6
6053,21,42.995,46.724,44.443,85.583,85.540,88.882,38.000,82.625,40.000,36.611,other,0,-1,5,6
6054,47,42.632,43.562,45.792,85.558,85.451,88.934,21.000,81.833,48.000,38.694,other,0,-1,6,6
6055,60,53.435,57.681,60.553,85.794,85.633,89.040,47.000,81.792,32.000,47.194,other,0,-1,7,6
6056,71,65.216,71.093,73.339,86.450,86.249,89.235,60.000,82.958,58.000,59.167,other,0,-1,8,6
6057,136,80.856,86.358,86.205,86.889,86.641,89.384,71.000,83.500,54.000,78.778,other,0,-1,9,6
6058,90,115.010,133.977,129.741,88.327,88.066,89.741,136.000,86.917,72.000,101.278,other,0,-1,10,6
6059,131,118.799,114.415,109.692,88.838,88.533,89.906,90.000,87.667,182.000,121.778,other,0,-1,11,6
6060,145,138.572,141.585,138.990,88.349,87.965,89.861,131.000,85.542,162.000,140.833,other,0,-1,12,6
6061,224,150.569,152.185,150.716,88.353,87.907,89.919,145.000,84.833,137.000,148.472,other,0,-1,13,6
6062,157,194.355,204.163,208.333,89.864,89.407,90.292,224.000,88.458,144.000,156.639,other,0,-1,14,6
6063,157,152.107,152.755,154.371,90.303,89.799,90.441,157.000,89.000,177.000,153.306,other,0,-1,15,6
6064,122,140.276,143.801,146.105,90.263,89.696,90.490,157.000,88.167,143.000,133.083,other,0,-1,16,6
6065,60,122.901,121.281,113.866,90.209,89.577,90.536,122.000,87.292,171.000,123.667,other,0,-1,17,6
6066,67,113.206,99.319,76.146,88.852,88.110,90.310,60.000,82.667,84.000,102.583,other,0,-1,18,6
6067,87,93.842,83.463,68.771,88.856,88.052,90.368,67.000,81.958,112.000,79.889,other,0,-1,19,6
6068,60,72.319,69.531,65.561,88.744,87.874,90.402,87.000,80.917,55.000,59.111,other,0,-1,20,6
6069,52,60.099,55.161,53.235,89.066,88.145,90.527,60.000,81.125,59.000,47.306,other,0,-1,21,6
6070,47,49.027,46.757,48.655,89.215,88.237,90.616,52.000,80.833,65.000,35.306,other,0,-1,22,6
6071,30,42.440,42.913,46.205,89.205,88.164,90.671,47.000,80.083,35.000,32.556,other,0,-1,23,6
6072,49,38.739,38.659,42.750,89.383,88.285,90.765,30.000,79.875,44.000,61.343,other,0,-1,0,0
6073,60,43.380,45.922,50.196,89.795,88.680,91.119,49.000,80.083,28.000,59.743,other,0,-1,1,0
6074,59,51.552,55.594,53.768,90.599,89.479,91.554,60.000,81.417,18.000,61.829,other,0,-1,2,0
6075,65,54.903,58.628,56.223,91.533,90.413,92.016,59.000,83.125,25.000,63.543,other,0,-1,3,0
6076,61,60.420,64.264,61.814,92.453,91.332,92.476,65.000,84.792,38.000,60.000,other,0,-1,4,0
6077,107,58.769,63.869,66.096,93.126,91.997,92.884,61.000,85.750,21.000,77.171,other,0,-1,5,0
6078,78,89.666,95.131,88.642,94.712,93.605,93.482,107.000,89.333,47.000,77.686,other,0,-1,6,0
6079,102,69.118,81.157,86.143,95.501,94.390,93.915,78.000,90.625,60.000,91.543,other,0,-1,7,0
6080,135,85.931,103.015,104.448,96.450,95.339,94.380,102.000,92.375,71.000,101.114,other,0,-1,8,0
6081,84,114.365,133.950,129.563,97.717,96.618,94.912,135.000,95.042,136.000,122.829,other,0,-1,9,0
6082,115,110.269,120.924,112.388,97.304,96.158,95.093,84.000,92.875,90.000,137.200,other,0,-1,10,0
6083,230,132.542,142.503,134.018,98.007,96.852,95.507,115.000,93.917,131.000,150.314,other,0,-1,11,0
6084,217,222.981,221.605,210.624,99.781,98.656,96.145,230.000,98.042,145.000,163.229,other,0,-1,12,0
6085,189,202.518,206.604,204.339,101.164,100.055,96.701,217.000,101.042,224.000,172.800,other,0,-1,13,0
6086,157,178.975,182.293,184.476,100.997,99.850,96.934,189.000,99.583,157.000,172.257,other,0,-1,14,0
6087,211,165.186,160.717,159.528,101.337,100.169,97.272,157.000,99.583,157.000,183.343,other,0,-1,15,0
6088,122,169.894,175.642,186.892,102.460,101.298,97.774,211.000,101.833,122.000,162.143,other,0,-1,16,0
6089,207,140.061,128.750,123.765,102.800,101.618,98.112,122.000,101.833,60.000,148.800,other,0,-1,17,0
6090,108,135.927,137.310,157.243,105.270,104.141,98.895,207.000,107.958,67.000,128.829,other,0,-1,18,0
6091,134,102.686,94.369,95.606,106.204,105.075,99.358,108.000,109.667,87.000,110.171,other,0,-1,19,0
6092,54,85.588,84.692,93.957,107.225,106.099,99.839,134.000,111.625,60.000,85.143,other,0,-1,20,0
6093,69,75.736,64.134,63.788,107.478,106.329,100.159,54.000,111.375,52.000,75.143,other,0,-1,21,0
6094,107,62.541,59.080,61.810,108.065,106.903,100.549,69.000,112.083,47.000,65.229,other,0,-1,22,0
6095,70,69.847,71.909,67.789,109.274,108.122,101.069,107.000,114.583,30.000,63.543,other,0,-1,23,0
6096,88,59.391,60.642,57.827,110.194,109.041,101.528,70.000,116.250,49.000,61.694,other,0,-1,0,1
6097,85,67.370,69.551,62.082,110.933,109.828,101.958,88.000,117.875,60.000,62.000,other,0,-1,1,1
6098,48,71.462,71.750,61.142,111.469,110.405,102.346,85.000,118.917,59.000,62.222,other,0,-1,2,1
6099,67,58.405,58.182,54.774,111.483,110.442,102.625,48.000,118.458,65.000,61.389,other,0,-1,3,1
6100,72,67.921,67.240,62.026,111.686,110.674,102.944,67.000,118.542,61.000,63.583,other,0,-1,4,1
6101,49,70.902,70.808,68.444,112.019,111.040,103.289,72.000,119.000,107.000,65.139,other,0,-1,5,1
6102,41,65.889,65.701,69.238,111.353,110.373,103.426,49.000,116.583,78.000,66.417,other,0,-1,6,1
6103,72,73.915,71.651,74.808,110.991,110.020,103.627,41.000,115.042,102.000,77.639,other,0,-1,7,1
6104,45,88.076,90.605,93.282,110.730,109.772,103.848,72.000,113.792,135.000,91.833,other,0,-1,8,1
6105,198,107.734,105.670,93.643,109.601,108.625,103.888,45.000,110.042,84.000,109.944,other,0,-1,9,1
6106,53,184.110,166.956,173.189,111.426,110.536,104.545,198.000,114.792,115.000,131.361,other,0,-1,10,1
6107,171,144.513,143.907,113.108,110.702,109.808,104.670,53.000,112.208,230.000,148.500,other,0,-1,11,1
6108,175,173.557,172.831,177.150,110.021,109.126,104.804,171.000,109.750,217.000,174.389,other,0,-1,12,1
6109,186,180.051,178.659,182.708,109.587,108.698,104.989,175.000,108.000,189.000,191.778,other,0,-1,13,1
6110,261,183.385,182.734,187.671,109.717,108.855,105.293,186.000,107.875,157.000,190.222,other,0,-1,14,1
6111,242,233.236,224.010,226.894,111.398,110.616,105.919,261.000,112.208,211.000,183.056,other,0,-1,15,1
6112,142,197.550,199.410,204.553,112.021,111.282,106.326,242.000,113.500,122.000,168.806,other,0,-1,16,1
6113,117,146.707,138.708,135.728,112.484,111.784,106.698,142.000,114.333,207.000,158.750,other,0,-1,17,1
6114,150,130.474,118.281,113.937,111.354,110.637,106.738,117.000,110.583,108.000,131.639,other,0,-1,18,1
6115,89,110.750,107.990,117.400,112.137,111.468,107.178,150.000,112.333,134.000,103.944,other,0,-1,19,1
6116,100,95.884,83.209,87.593,111.659,110.996,107.354,89.000,110.458,54.000,92.389,other,0,-1,20,1
6117,103,79.706,73.840,83.922,112.499,111.887,107.806,100.000,112.375,69.000,77.389,other,0,-1,21,1
6118,81,71.325,70.446,77.988,113.166,112.599,108.221,103.000,113.792,107.000,64.944,other,0,-1,22,1
6119,59,64.787,63.326,65.136,112.963,112.411,108.454,81.000,112.708,70.000,62.889,other,0,-1,23,1
6120,58,60.399,57.638,55.353,112.978,112.448,108.734,59.000,112.250,88.000,59.639,other,0,-1,0,2
6121,78,59.637,59.119,57.218,112.420,111.930,108.694,58.000,111.000,85.000,64.167,other,0,-1,1,2
6122,80,67.370,68.286,59.767,112.195,111.758,108.724,78.000,110.708,48.000,56.194,other,0,-1,2,2
6123,84,71.624,70.768,60.648,112.535,112.169,108.872,80.000,112.042,67.000,60.528,other,0,-1,3,2
6124,45,75.950,73.489,63.594,112.658,112.357,108.974,84.000,112.750,72.000,62.444,other,0,-1,4,2
6125,72,66.658,60.938,59.261,112.144,111.884,108.943,45.000,111.625,49.000,62.833,other,0,-1,5,2
6126,43,76.545,71.498,70.526,112.354,112.161,109.064,72.000,112.583,41.000,70.472,other,0,-1,6,2
6127,57,83.749,71.912,70.834,112.259,112.123,109.121,43.000,112.667,72.000,78.639,other,0,-1,7,2
6128,88,98.575,85.925,83.218,111.919,111.831,109.127,57.000,112.042,45.000,89.639,other,0,-1,8,2
6129,96,116.015,105.264,103.908,112.418,112.407,109.308,88.000,113.833,198.000,104.833,other,0,-1,9,2
6130,104,134.641,126.300,118.735,110.817,110.810,109.051,96.000,109.583,53.000,127.694,other,0,-1,10,2
6131,200,150.854,146.491,133.250,111.433,111.507,109.256,104.000,111.708,171.000,145.361,other,0,-1,11,2
6132,339,185.111,175.230,186.848,111.730,111.874,109.395,200.000,112.917,175.000,159.222,other,0,-1,12,2
6133,216,340.185,267.679,265.267,113.982,114.265,109.942,339.000,119.750,186.000,182.222,other,0,-1,13,2
6134,164,186.517,195.618,199.737,114.293,114.647,110.084,216.000,121.000,261.000,185.000,other,0,-1,14,2
6135,214,166.566,170.431,166.221,112.765,113.125,109.841,164.000,116.958,242.000,172.750,other,0,-1,15,2
6136,150,166.586,184.360,181.435,112.236,112.637,109.808,214.000,115.792,142.000,158.694,other,0,-1,16,2
6137,107,146.621,144.503,137.424,112.229,112.689,109.883,150.000,116.125,117.000,148.139,other,0,-1,17,2
6138,130,135.483,119.880,108.338,111.961,112.472,109.904,107.000,115.708,150.000,124.722,other,0,-1,18,2
6139,119,113.826,109.061,108.319,111.548,112.104,109.894,130.000,114.875,89.000,108.833,other,0,-1,19,2
6140,104,96.450,93.123,96.036,111.859,112.486,110.036,119.000,116.125,100.000,89.361,other,0,-1,20,2
6141,71,81.899,79.355,83.847,111.793,112.478,110.099,104.000,116.292,103.000,75.500,other,0,-1,21,2
6142,46,72.639,64.506,68.051,111.207,111.931,110.054,71.000,114.958,81.000,67.139,other,0,-1,22,2
6143,55,65.402,55.341,57.003,110.576,111.338,109.999,46.000,113.500,59.000,62.722,other,0,-1,23,2
6144,57,58.835,55.680,54.685,110.395,111.211,110.038,55.000,113.333,58.000,61.389,other,0,-1,0,3
6145,60,57.136,59.043,65.744,110.053,110.909,109.786,57.000,113.292,78.000,64.194,other,0,-1,1,3
6146,81,58.519,61.283,64.627,109.464,110.353,109.483,60.000,112.542,80.000,65.056,other,0,-1,2,3
6147,52,67.220,71.103,68.170,109.151,110.081,109.237,81.000,112.583,84.000,61.583,other,0,-1,3,3
6148,81,61.442,60.595,63.264,108.360,109.315,108.892,52.000,111.250,45.000,61.250,other,0,-1,4,3
6149,30,71.706,72.130,71.830,108.554,109.569,108.752,81.000,112.750,72.000,63.500,other,0,-1,5,3
6150,52,71.571,60.572,64.746,107.618,108.652,108.377,30.000,111.000,43.000,67.778,other,0,-1,6,3
6151,65,81.480,71.047,75.571,107.420,108.501,108.155,52.000,111.375,57.000,79.889,other,0,-1,7,3
6152,92,95.718,84.140,87.438,107.209,108.334,107.931,65.000,111.708,88.000,92.417,other,0,-1,8,3
6153,110,111.871,103.941,106.739,106.939,108.108,107.694,92.000,111.875,96.000,115.000,other,0,-1,9,3
6154,103,130.073,127.151,125.521,106.814,108.031,107.488,110.000,112.458,104.000,126.583,other,0,-1,10,3
6155,126,147.672,148.224,134.747,106.472,107.730,107.236,103.000,112.417,200.000,145.861,other,0,-1,11,3
6156,186,159.877,162.157,152.933,105.072,106.334,106.764,126.000,109.333,339.000,168.111,other,0,-1,12,3
6157,229,176.299,182.040,182.595,102.528,103.754,106.052,186.000,102.958,216.000,177.472,other,0,-1,13,3
6158,273,194.922,204.188,202.658,102.389,103.663,105.843,229.000,103.500,164.000,176.694,other,0,-1,14,3
6159,309,222.880,232.345,221.511,103.640,105.010,105.924,273.000,108.042,214.000,173.972,other,0,-1,15,3
6160,267,252.432,255.949,233.113,104.689,106.148,105.963,309.000,112.000,150.000,162.111,other,0,-1,16,3
6161,156,185.805,217.662,199.550,106.056,107.615,106.068,267.000,116.875,107.000,150.028,other,0,-1,17,3
6162,114,123.882,130.307,131.102,106.438,108.064,105.968,156.000,118.917,130.000,132.389,other,0,-1,18,3
6163,85,105.168,102.121,101.549,105.878,107.537,105.670,114.000,118.250,119.000,108.528,other,0,-1,19,3
6164,132,89.143,81.416,81.402,105.058,106.741,105.319,85.000,116.833,104.000,100.083,other,0,-1,20,3
6165,80,70.868,89.061,86.202,105.136,106.875,105.155,132.000,118.000,71.000,85.306,other,0,-1,21,3
6166,67,60.038,60.362,63.966,104.939,106.723,104.934,80.000,118.375,46.000,74.778,other,0,-1,22,3
6167,26,52.001,51.980,55.541,104.915,106.751,104.748,67.000,119.250,55.000,70.444,other,0,-1,23,3
6168,43,47.874,40.020,44.391,104.168,106.030,104.412,26.000,118.042,57.000,60.917,other,0,-1,0,4
6169,69,43.673,45.101,44.180,103.679,105.531,104.009,43.000,117.458,60.000,56.972,other,0,-1,1,4
6170,65,51.431,56.320,47.772,103.525,105.376,103.675,69.000,117.833,81.000,51.583,other,0,-1,2,4
6171,51,53.207,56.466,47.918,103.007,104.847,103.265,65.000,117.167,52.000,54.556,other,0,-1,3,4
6172,61,51.432,52.407,47.833,102.708,104.543,102.901,51.000,117.125,81.000,57.139,other,0,-1,4,4
6173,77,57.042,57.765,54.115,102.133,103.954,102.479,61.000,116.292,30.000,54.694,other,0,-1,5,4
6174,42,65.539,66.521,64.873,102.528,104.369,102.260,77.000,118.250,52.000,65.167,other,0,-1,6,4
6175,60,68.639,61.927,64.546,102.098,103.930,101.869,42.000,117.833,65.000,74.667,other,0,-1,7,4
6176,97,82.822,77.231,80.615,101.740,103.565,101.493,60.000,117.625,92.000,86.667,other,0,-1,8,4
6177,121,100.892,103.078,107.819,101.527,103.351,101.147,97.000,117.833,110.000,109.861,other,0,-1,9,4
6178,79,121.589,130.538,133.260,101.401,103.226,100.819,121.000,118.292,103.000,125.222,other,0,-1,10,4
6179,122,136.928,137.420,128.266,100.768,102.577,100.385,79.000,117.292,126.000,147.361,other,0,-1,11,4
6180,183,153.480,156.730,157.264,100.425,102.228,100.012,122.000,117.125,186.000,161.111,other,0,-1,12,4
6181,108,175.716,184.705,191.407,100.096,101.893,99.642,183.000,117.000,229.000,174.694,other,0,-1,13,4
6182,222,161.933,149.902,153.418,98.058,99.790,98.915,108.000,111.958,273.000,178.167,other,0,-1,14,4
6183,144,188.250,196.065,201.844,97.034,98.736,98.399,222.000,109.833,309.000,172.583,other,0,-1,15,4
6184,194,148.882,145.296,149.811,94.358,95.973,97.539,144.000,102.958,267.000,165.472,other,0,-1,16,4
6185,162,137.987,154.563,160.001,93.016,94.590,96.957,194.000,99.917,156.000,138.861,other,0,-1,17,4
6186,100,109.965,125.739,129.948,92.817,94.390,96.614,162.000,100.167,114.000,121.333,other,0,-1,18,4
6187,71,91.008,93.200,92.687,92.329,93.891,96.210,100.000,99.583,85.000,101.944,other,0,-1,19,4
6188,94,76.231,74.065,74.221,91.841,93.392,95.807,71.000,99.000,132.000,84.222,other,0,-1,20,4
6189,93,57.175,67.260,72.672,91.005,92.533,95.331,94.000,97.417,80.000,70.889,other,0,-1,21,4
6190,54,46.073,60.754,65.877,90.908,92.438,95.009,93.000,97.958,67.000,63.889,other,0,-1,22,4
6191,84,39.458,44.693,52.552,90.435,91.954,94.609,54.000,97.417,26.000,57.111,other,0,-1,23,4
6192,51,39.392,54.329,55.054,90.989,92.534,94.423,84.000,99.833,43.000,38.722,other,0,-1,0,5
6193,22,35.785,44.590,33.241,91.077,92.580,94.245,51.000,100.167,69.000,42.139,other,0,-1,1,5
6194,53,31.972,36.303,28.815,90.368,91.801,93.902,22.000,98.208,65.000,43.389,other,0,-1,2,5
6195,45,43.095,49.389,36.032,90.166,91.546,93.664,53.000,97.708,51.000,43.528,other,0,-1,3,5
6196,42,42.739,47.242,37.585,90.051,91.382,93.444,45.000,97.458,61.000,42.111,other,0,-1,4,5
6197,42,44.223,47.357,41.467,89.748,91.023,93.185,42.000,96.667,77.000,43.028,other,0,-1,5,5
6198,38,47.864,49.887,47.509,89.213,90.424,92.877,42.000,95.208,42.000,55.167,other,0,-1,6,5
6199,77,54.684,54.273,53.814,89.127,90.289,92.663,38.000,95.042,60.000,63.917,other,0,-1,7,5
6200,77,69.823,76.192,77.323,89.345,90.470,92.513,77.000,95.750,97.000,81.722,other,0,-1,8,5
6201,64,83.871,88.352,88.108,89.027,90.095,92.251,77.000,94.917,121.000,98.167,other,0,-1,9,5
6202,131,102.181,97.764,92.290,88.173,89.166,91.877,64.000,92.542,79.000,102.556,other,0,-1,10,5
6203,95,125.528,139.600,138.571,88.898,89.871,91.832,131.000,94.708,122.000,122.722,other,0,-1,11,5
6204,100,135.358,129.838,124.693,88.479,89.392,91.549,95.000,93.583,183.000,141.028,other,0,-1,12,5
6205,113,143.844,136.456,131.554,87.249,88.074,91.096,100.000,90.125,108.000,161.333,other,0,-1,13,5
6206,217,149.564,141.709,139.116,87.293,88.074,90.910,113.000,90.333,222.000,179.778,other,0,-1,14,5
6207,144,176.200,189.707,198.819,87.193,87.925,90.693,217.000,90.125,144.000,180.472,other,0,-1,15,5
6208,115,136.972,140.233,142.001,87.164,87.850,90.491,144.000,90.125,194.000,165.833,other,0,-1,16,5
6209,142,118.177,120.854,112.875,85.992,86.592,90.051,115.000,86.833,162.000,148.556,other,0,-1,17,5
6210,114,98.759,112.687,109.788,85.674,86.217,89.788,142.000,86.000,100.000,114.861,other,0,-1,18,5
6211,63,79.887,90.310,83.540,85.849,86.353,89.629,114.000,86.583,71.000,90.528,other,0,-1,19,5
6212,48,67.664,68.180,58.209,85.705,86.159,89.403,63.000,86.250,94.000,74.972,other,0,-1,20,5
6213,56,54.084,53.672,48.707,85.010,85.395,89.062,48.000,84.333,93.000,60.444,other,0,-1,21,5
6214,37,40.986,46.034,45.928,84.446,84.765,88.749,56.000,82.792,54.000,52.389,other,0,-1,22,5
6215,40,34.188,38.010,39.540,84.172,84.436,88.496,37.000,82.083,84.000,44.139,other,0,-1,23,5
6216,23,30.414,37.529,37.856,83.506,83.702,88.161,40.000,80.250,51.000,32.472,other,0,-1,0,6
6217,46,28.946,33.036,28.764,83.351,83.479,88.186,23.000,79.083,22.000,34.500,other,0,-1,1,6
6218,23,37.797,44.288,34.858,83.949,84.035,88.368,46.000,80.083,53.000,33.361,other,0,-1,2,6
6219,30,33.202,37.225,32.704,83.765,83.782,88.387,23.000,78.833,45.000,35.222,other,0,-1,3,6
6220,25,37.846,41.547,37.750,83.798,83.754,88.451,30.000,78.208,42.000,34.028,other,0,-1,4,6
6221,148,38.781,41.486,41.263,83.802,83.696,88.509,25.000,77.500,42.000,36.611,inside,1,0,5,6
6222,92,136.151,124.067,95.285,85.587,85.481,88.940,148.000,81.917,38.000,38.694,inside,1,1,6,6
6223,222,74.293,81.537,78.667,86.620,86.487,89.213,92.000,84.167,77.000,47.194,inside,1,2,7,6
6224,204,208.901,207.006,167.933,88.971,88.858,89.761,222.000,90.208,77.000,59.167,inside,1,3,8,6
6225,72,185.036,193.836,166.651,91.061,90.958,90.255,204.000,95.500,64.000,78.778,after,1,4,9,6
6226,102,98.433,101.216,94.087,91.427,91.275,90.389,72.000,95.833,131.000,101.278,after,1,5,10,6
6227,108,118.338,123.142,115.845,91.257,91.036,90.411,102.000,94.625,95.000,121.778,after,1,6,11,6
6228,129,133.779,132.697,123.606,91.696,91.428,90.560,108.000,95.167,100.000,140.833,after,1,7,12,6
6229,206,147.242,147.073,138.818,92.366,92.059,90.757,129.000,96.375,113.000,148.472,after,1,8,13,6
6230,136,178.965,191.104,193.012,93.964,93.650,91.148,206.000,100.250,217.000,156.639,after,1,9,14,6
6231,138,148.702,149.518,139.455,93.040,92.632,91.013,136.000,96.875,144.000,153.306,after,1,10,15,6
6232,86,138.098,143.140,133.907,93.204,92.739,91.104,138.000,96.625,115.000,133.083,after,1,11,16,6
6233,168,124.674,122.751,96.604,93.034,92.501,91.126,86.000,95.417,142.000,123.667,after,1,12,17,6
6234,149,106.456,123.063,125.297,93.661,93.087,91.314,168.000,96.500,114.000,102.583,after,1,13,18,6
6235,102,86.574,100.765,98.682,94.418,93.808,91.530,149.000,97.958,63.000,79.889,after,1,14,19,6
6236,40,69.605,77.709,68.630,95.233,94.590,91.758,102.000,99.583,48.000,59.111,after,1,15,20,6
6237,45,61.570,59.686,47.244,95.368,94.666,91.843,40.000,99.250,56.000,47.306,after,1,16,21,6
6238,35,48.322,50.840,44.748,95.459,94.698,91.919,45.000,98.792,37.000,35.306,after,1,17,22,6
6239,39,41.170,45.002,41.085,95.680,94.864,92.023,35.000,98.708,40.000,32.556,after,1,18,23,6
6240,41,38.831,45.304,40.797,95.916,95.046,92.130,39.000,98.667,23.000,61.343,after,1,19,0,0
6241,50,41.299,47.045,44.289,96.517,95.635,92.522,41.000,99.417,46.000,59.743,after,1,20,1,0
6242,53,48.407,54.397,46.993,96.915,96.015,92.873,50.000,99.583,23.000,61.829,after,1,21,2,0
6243,42,53.782,58.811,50.285,97.690,96.784,93.302,53.000,100.833,30.000,63.543,after,1,22,3,0
6244,52,50.758,55.630,51.729,98.204,97.284,93.677,42.000,101.333,25.000,60.000,after,1,23,4,0
6245,71,56.344,62.091,59.763,98.935,98.008,94.097,52.000,102.458,148.000,77.171,after,1,24,5,0
6246,48,65.656,74.148,72.320,98.160,97.173,94.202,71.000,99.250,92.000,77.686,after,1,25,6,0
6247,93,60.614,70.046,72.930,97.863,96.833,94.408,48.000,97.417,222.000,91.543,after,1,26,7,0
6248,130,81.347,98.691,98.216,96.334,95.219,94.356,93.000,92.042,204.000,101.114,after,1,27,8,0
6249,148,110.657,130.437,125.379,95.602,94.429,94.470,130.000,88.958,72.000,122.829,other,0,-1,9,0
6250,106,132.420,151.771,144.802,97.043,95.888,95.039,148.000,92.125,102.000,137.200,other,0,-1,10,0
6251,100,130.564,139.192,129.299,97.442,96.267,95.389,106.000,92.292,108.000,150.314,other,0,-1,11,0
6252,124,144.765,143.558,130.614,97.666,96.467,95.703,100.000,91.958,129.000,163.229,other,0,-1,12,0
6253,176,157.808,155.047,145.626,97.934,96.712,96.027,124.000,91.750,206.000,172.800,other,0,-1,13,0
6254,159,173.745,176.072,176.413,97.839,96.582,96.274,176.000,90.500,136.000,172.257,other,0,-1,14,0
6255,140,163.201,162.864,160.862,98.513,97.246,96.682,159.000,91.458,138.000,183.343,other,0,-1,15,0
6256,132,149.952,147.940,141.687,98.882,97.595,97.027,140.000,91.542,86.000,162.143,other,0,-1,16,0
6257,1248,134.202,133.230,127.217,99.888,98.605,97.504,132.000,93.458,168.000,148.800,inside,1,0,17,0
6258,877,412.941,458.098,470.054,115.874,115.114,101.110,1248.000,138.458,149.000,128.829,inside,1,1,18,0
6259,808,395.201,415.959,444.234,126.760,126.347,103.651,877.000,168.792,102.000,110.171,inside,1,2,19,0
6260,725,384.917,325.649,422.261,137.327,137.250,106.125,808.000,198.208,40.000,85.143,inside,1,3,20,0
6261,333,371.884,275.139,357.094,147.590,147.839,108.536,725.000,226.750,45.000,75.143,inside,1,4,21,0
6262,500,258.869,182.348,78.484,152.103,152.476,109.745,333.000,238.750,35.000,65.229,inside,1,5,22,0
6263,70,327.931,259.339,134.047,159.179,159.766,111.490,500.000,258.125,39.000,63.543,after,1,6,23,0
6264,49,57.537,101.793,39.367,159.968,160.550,111.922,70.000,259.417,41.000,61.694,after,1,7,0,1
6265,51,52.389,93.943,37.195,160.258,160.872,112.259,49.000,259.750,50.000,62.000,after,1,8,1,1
6266,35,55.951,95.898,37.927,160.446,161.089,112.574,51.000,259.792,53.000,62.222,after,1,9,2,1
6267,79,53.792,90.557,38.848,160.360,161.021,112.832,35.000,259.042,42.000,61.389,after,1,10,3,1
6268,70,76.351,103.857,45.260,161.069,161.778,113.257,79.000,260.583,52.000,63.583,after,1,11,4,1
6269,90,72.974,97.392,50.133,161.504,162.249,113.623,70.000,261.333,71.000,65.139,after,1,12,5,1
6270,90,87.800,102.150,61.166,161.953,162.736,113.993,90.000,262.125,48.000,66.417,after,1,13,6,1
6271,72,94.196,100.419,73.442,162.736,163.567,114.433,90.000,263.875,93.000,77.639,after,1,14,7,1
6272,102,95.947,98.933,84.391,162.605,163.455,114.681,72.000,263.000,130.000,91.833,after,1,15,8,1
6273,111,128.754,118.439,111.121,162.374,163.237,114.909,102.000,261.833,148.000,109.944,after,1,16,9,1
6274,118,149.758,135.574,134.016,162.012,162.884,115.109,111.000,260.292,106.000,131.361,after,1,17,10,1
6275,139,164.359,150.902,154.376,162.359,163.266,115.458,118.000,260.792,100.000,148.500,after,1,18,11,1
6276,133,187.271,164.265,177.453,163.098,164.052,115.888,139.000,262.417,124.000,174.389,after,1,19,12,1
6277,244,177.002,166.483,179.016,163.403,164.389,116.228,133.000,262.792,176.000,191.778,after,1,20,13,1
6278,206,323.154,218.097,242.029,164.562,165.610,116.746,244.000,265.625,159.000,190.222,after,1,21,14,1
6279,127,239.089,188.043,207.068,165.416,166.517,117.200,206.000,267.583,140.000,183.056,after,1,22,15,1
6280,93,150.626,150.246,144.640,165.402,166.524,117.473,127.000,267.042,132.000,168.806,after,1,23,16,1
6281,162,134.720,133.032,110.537,165.011,166.141,117.668,93.000,265.417,1248.000,158.750,after,1,24,17,1
6282,66,131.778,134.670,125.056,149.453,150.063,114.695,162.000,220.167,877.000,131.639,after,1,25,18,1
6283,78,116.863,101.950,91.951,137.879,138.107,112.554,66.000,186.375,808.000,103.944,after,1,26,19,1
6284,77,97.398,87.217,98.063,127.478,127.366,110.658,78.000,155.958,725.000,92.389,after,1,27,20,1
6285,99,81.241,73.953,95.213,118.265,117.853,109.010,77.000,128.958,333.000,77.389,after,1,28,21,1
6286,428,70.464,73.078,95.226,115.049,114.547,108.614,99.000,119.208,500.000,64.944,inside,1,0,22,1
6287,393,309.588,279.325,221.193,114.180,113.670,108.709,428.000,116.208,70.000,62.889,inside,1,1,23,1
6288,364,300.025,271.709,202.224,119.033,118.714,109.998,393.000,129.667,49.000,59.639,inside,1,2,0,2
6289,382,294.258,248.747,184.980,123.473,123.368,111.002,364.000,142.792,51.000,64.167,inside,1,3,1,2
6290,88,335.048,253.884,194.689,128.144,128.263,112.054,382.000,156.583,35.000,56.194,after,1,4,2,2
6291,34,77.315,80.562,79.051,128.789,128.989,112.266,88.000,158.792,79.000,60.528,after,1,5,3,2
6292,95,61.294,59.488,67.890,128.014,128.247,112.181,34.000,156.917,70.000,62.444,after,1,6,4,2
6293,125,85.767,83.413,85.485,128.252,128.554,112.307,95.000,157.958,90.000,62.833,after,1,7,5,2
6294,69,110.404,97.962,98.834,128.636,129.011,112.464,125.000,159.417,90.000,70.472,after,1,8,6,2
6295,76,83.907,77.939,87.702,128.209,128.628,112.452,69.000,158.542,72.000,78.639,after,1,9,7,2
6296,134,97.520,88.878,96.309,128.143,128.620,112.515,76.000,158.708,102.000,89.639,after,1,10,8,2
6297,77,128.277,112.356,125.181,128.484,129.032,112.663,134.000,160.042,111.000,104.833,after,1,11,9,2
6298,103,133.493,127.664,112.910,127.868,128.455,112.611,77.000,158.625,118.000,127.694,after,1,12,10,2
6299,146,149.185,146.102,131.469,127.527,128.162,112.617,103.000,158.000,139.000,145.361,after,1,13,11,2
6300,107,164.576,161.241,157.508,127.505,128.199,112.689,146.000,158.292,133.000,159.222,after,1,14,12,2
6301,177,165.317,162.901,143.594,127.005,127.742,112.662,107.000,157.208,244.000,182.222,after,1,15,13,2
6302,263,174.588,177.446,175.636,125.911,126.670,112.510,177.000,154.417,206.000,185.000,after,1,16,14,2
6303,229,248.672,219.027,216.937,126.614,127.456,112.733,263.000,156.792,127.000,172.750,after,1,17,15,2
6304,150,185.573,194.420,190.041,127.968,128.917,113.093,229.000,161.042,93.000,158.694,after,1,18,16,2
6305,999,145.373,147.355,140.103,128.671,129.704,113.317,150.000,163.417,162.000,148.139,inside,1,0,17,2
6306,706,526.993,361.439,442.386,140.672,142.184,115.900,999.000,198.292,66.000,124.722,inside,1,1,18,2
6307,555,501.929,352.731,376.451,149.820,151.710,117.887,706.000,224.958,78.000,108.833,inside,1,2,19,2
6308,471,456.792,361.177,303.427,156.607,158.793,119.381,555.000,244.833,77.000,89.361,inside,1,3,20,2
6309,495,408.266,366.659,237.561,162.191,164.632,120.624,471.000,261.250,99.000,75.500,inside,1,4,21,2
6310,667,410.176,382.640,230.327,167.804,170.500,121.873,495.000,277.750,428.000,67.139,inside,1,5,22,2
6311,54,469.332,422.397,311.613,171.143,174.015,122.647,667.000,287.708,393.000,62.722,after,1,6,23,2
6312,46,56.616,78.929,30.676,166.109,168.866,121.673,54.000,273.583,364.000,61.389,after,1,7,0,3
6313,73,54.529,76.231,33.637,161.175,163.812,120.462,46.000,260.333,382.000,64.194,after,1,8,1,3
6314,69,63.026,87.525,36.558,156.371,158.893,119.279,73.000,247.458,88.000,65.056,after,1,9,2,3
6315,92,65.166,85.252,38.347,155.768,158.322,118.973,69.000,246.667,34.000,61.583,after,1,10,3,3
6316,62,80.691,93.551,46.781,156.280,158.905,118.899,92.000,249.083,95.000,61.250,after,1,11,4,3
6317,44,70.132,77.127,49.209,155.475,158.124,118.551,62.000,247.708,125.000,63.500,after,1,12,5,3
6318,51,72.723,70.038,55.434,153.973,156.623,118.057,44.000,244.333,69.000,67.778,after,1,13,6,3
6319,76,84.986,74.640,68.918,153.385,156.067,117.754,51.000,243.583,76.000,79.889,after,1,14,7,3
6320,78,105.196,87.199,90.718,153.057,155.781,117.505,76.000,243.583,134.000,92.417,after,1,15,8,3
6321,111,122.253,103.098,108.915,151.918,154.655,117.087,78.000,241.250,77.000,115.000,after,1,16,9,3
6322,156,151.883,126.648,139.496,152.083,154.878,116.942,111.000,242.667,103.000,126.583,after,1,17,10,3
6323,183,197.556,153.407,174.813,152.523,155.386,116.853,156.000,244.875,146.000,145.861,after,1,18,11,3
6324,199,229.306,175.779,198.719,152.732,155.654,116.717,183.000,246.417,107.000,168.111,after,1,19,12,3
6325,181,241.835,190.139,212.116,153.737,156.747,116.746,199.000,250.250,177.000,177.472,after,1,20,13,3
6326,166,209.389,181.612,201.823,153.467,156.521,116.510,181.000,250.417,263.000,176.694,after,1,21,14,3
6327,173,182.710,169.505,185.004,151.734,154.780,115.968,166.000,246.375,229.000,173.972,after,1,22,15,3
6328,198,172.484,163.353,174.616,150.595,153.654,115.549,173.000,244.042,150.000,162.111,after,1,23,16,3
6329,137,174.458,165.823,170.938,150.963,154.087,115.446,198.000,246.042,999.000,150.028,after,1,24,17,3
6330,121,121.926,126.569,124.700,138.148,140.879,112.590,137.000,210.125,706.000,132.389,after,1,25,18,3
6331,102,104.060,109.384,107.369,129.346,131.823,110.571,121.000,185.750,555.000,108.528,after,1,26,19,3
6332,84,88.008,92.481,92.879,122.456,124.745,108.952,102.000,166.875,471.000,100.083,after,1,27,20,3
6333,76,73.918,77.613,80.682,116.522,118.657,107.533,84.000,150.750,495.000,85.306,after,1,28,21,3
6334,37,61.341,67.397,71.963,110.125,112.090,106.017,76.000,133.292,667.000,74.778,after,1,29,22,3
6335,29,56.138,49.130,55.376,100.671,102.359,103.862,37.000,107.042,54.000,70.444,other,0,-1,23,3
6336,39,49.583,44.192,50.242,99.981,101.698,103.538,29.000,106.000,46.000,60.917,other,0,-1,0,4
6337,43,44.792,47.676,48.562,99.594,101.304,103.155,39.000,105.708,73.000,56.972,other,0,-1,1,4
6338,69,45.614,49.894,48.171,98.874,100.564,102.704,43.000,104.458,69.000,51.583,other,0,-1,2,4
6339,70,54.604,61.231,53.354,98.589,100.275,102.342,69.000,104.458,92.000,54.556,other,0,-1,3,4
6340,63,57.389,62.524,55.533,97.985,99.656,101.915,70.000,103.542,62.000,57.139,other,0,-1,4,4
6341,106,57.128,60.384,57.756,97.714,99.381,101.557,63.000,103.583,44.000,54.694,other,0,-1,5,4
6342,64,77.825,81.411,75.673,98.327,100.021,101.383,106.000,106.167,51.000,65.167,other,0,-1,6,4
6343,78,68.483,67.828,71.808,98.230,99.927,101.061,64.000,106.708,76.000,74.667,other,0,-1,7,4
6344,108,81.461,81.539,86.516,97.974,99.668,100.706,78.000,106.792,78.000,86.667,other,0,-1,8,4
6345,92,99.101,105.841,110.592,98.123,99.828,100.436,108.000,108.042,111.000,109.861,other,0,-1,9,4
6346,187,117.782,121.344,117.191,97.562,99.254,100.017,92.000,107.250,156.000,125.222,other,0,-1,10,4
6347,228,154.646,177.080,174.248,97.726,99.429,99.750,187.000,108.542,183.000,147.361,other,0,-1,11,4
6348,140,192.905,214.422,204.697,98.093,99.814,99.525,228.000,110.417,199.000,161.111,other,0,-1,12,4
6349,156,162.480,163.527,163.669,96.953,98.640,98.985,140.000,107.958,181.000,174.694,other,0,-1,13,4
6350,225,168.098,166.155,170.076,96.305,97.976,98.549,156.000,106.917,166.000,178.167,other,0,-1,14,4
6351,154,185.014,198.381,200.312,96.875,98.571,98.366,225.000,109.375,173.000,172.583,other,0,-1,15,4
6352,117,151.809,149.103,153.646,96.314,97.997,97.947,154.000,108.583,198.000,165.472,other,0,-1,16,4
6353,167,132.698,126.417,124.303,94.855,96.494,97.341,117.000,105.208,137.000,138.861,other,0,-1,17,4
6354,89,111.569,128.063,133.057,95.005,96.654,97.071,167.000,106.458,121.000,121.333,other,0,-1,18,4
6355,81,96.402,91.881,91.173,94.256,95.885,96.613,89.000,105.125,102.000,101.944,other,0,-1,19,4
6356,65,79.018,76.104,80.236,93.666,95.281,96.188,81.000,104.250,84.000,84.222,other,0,-1,20,4
6357,87,64.787,61.412,69.436,93.106,94.706,95.770,65.000,103.458,76.000,70.889,other,0,-1,21,4
6358,61,48.876,58.969,69.342,92.980,94.582,95.442,87.000,103.917,37.000,63.889,other,0,-1,22,4
6359,40,42.208,47.222,59.209,93.042,94.652,95.153,61.000,104.917,29.000,57.111,other,0,-1,23,4
6360,45,37.836,39.667,51.972,92.916,94.528,94.825,40.000,105.375,39.000,38.722,other,0,-1,0,5
6361,44,37.169,42.634,36.308,92.975,94.543,94.642,45.000,105.625,43.000,42.139,other,0,-1,1,5
6362,39,39.112,44.141,36.534,92.961,94.484,94.443,44.000,105.667,69.000,43.389,other,0,-1,2,5
6363,28,40.385,43.831,36.900,92.499,93.960,94.151,39.000,104.417,70.000,43.528,other,0,-1,3,5
6364,42,40.207,41.217,37.070,91.862,93.256,93.822,28.000,102.667,63.000,42.111,other,0,-1,4,5
6365,46,46.326,47.599,43.982,91.530,92.866,93.557,42.000,101.792,106.000,43.028,other,0,-1,5,5
6366,32,50.840,51.525,50.512,90.632,91.893,93.174,46.000,99.292,64.000,55.167,other,0,-1,6,5
6367,41,57.323,53.202,53.224,90.141,91.338,92.875,32.000,97.958,78.000,63.917,other,0,-1,7,5
6368,77,70.433,64.959,63.994,89.577,90.709,92.561,41.000,96.417,108.000,81.722,other,0,-1,8,5
6369,63,85.725,88.322,88.088,89.100,90.170,92.266,77.000,95.125,92.000,98.167,other,0,-1,9,5
6370,152,105.628,97.586,91.398,88.651,89.661,91.977,63.000,93.917,187.000,102.556,other,0,-1,10,5
6371,104,131.586,153.195,151.293,88.116,89.062,91.669,152.000,92.458,228.000,122.722,other,0,-1,11,5
6372,111,136.748,133.284,129.127,86.292,87.129,91.092,104.000,87.292,140.000,141.028,other,0,-1,12,5
6373,214,147.191,140.160,137.234,85.844,86.620,90.803,111.000,86.083,156.000,161.333,other,0,-1,13,5
6374,148,181.824,196.765,203.604,86.656,87.415,90.777,214.000,88.500,225.000,179.778,other,0,-1,14,5
6375,177,151.751,149.795,154.063,85.512,86.186,90.342,148.000,85.292,154.000,180.472,other,0,-1,15,5
6376,106,143.757,153.119,161.014,85.817,86.456,90.210,177.000,86.250,117.000,165.833,other,0,-1,16,5
6377,160,120.879,117.899,108.914,85.630,86.217,89.975,106.000,85.792,167.000,148.556,other,0,-1,17,5
6378,121,101.017,117.193,118.461,85.500,86.038,89.752,160.000,85.500,89.000,114.861,other,0,-1,18,5
6379,85,81.040,90.374,86.294,85.936,86.443,89.647,121.000,86.833,81.000,90.528,other,0,-1,19,5
6380,45,66.564,69.386,64.298,85.966,86.428,89.458,85.000,87.000,65.000,74.972,other,0,-1,20,5
6381,67,56.303,52.350,48.783,85.648,86.054,89.196,45.000,86.167,87.000,60.444,other,0,-1,21,5
6382,54,41.556,47.752,48.794,85.330,85.680,88.933,67.000,85.333,61.000,52.389,other,0,-1,22,5
6383,35,35.008,41.666,43.305,85.200,85.501,88.710,54.000,85.042,40.000,44.139,other,0,-1,23,5
6384,38,31.036,36.090,38.128,85.100,85.351,88.494,35.000,84.833,45.000,32.472,other,0,-1,0,6
6385,41,32.585,38.058,31.937,85.249,85.443,88.582,38.000,84.542,44.000,34.500,other,0,-1,1,6
6386,32,36.483,42.272,34.191,85.456,85.594,88.683,41.000,84.417,39.000,33.361,other,0,-1,2,6
6387,31,36.540,40.829,34.942,85.604,85.686,88.771,32.000,84.125,28.000,35.222,other,0,-1,3,6
6388,34,38.731,42.040,38.347,85.898,85.928,88.890,31.000,84.250,42.000,34.028,other,0,-1,4,6
6389,26,42.017,44.850,43.878,86.033,86.004,88.975,34.000,83.917,46.000,36.611,other,0,-1,5,6
6390,48,43.587,44.919,47.520,85.993,85.901,89.025,26.000,83.083,32.000,38.694,other,0,-1,6,6
6391,35,53.886,58.088,61.232,86.475,86.337,89.183,48.000,83.750,41.000,47.194,other,0,-1,7,6
6392,104,63.816,62.947,64.100,86.638,86.444,89.274,35.000,83.500,77.000,59.167,other,0,-1,8,6
6393,436,88.622,103.290,102.515,87.280,87.045,89.465,104.000,84.625,63.000,78.778,inside,1,0,9,6
6394,1005,351.105,388.548,343.605,92.933,92.834,90.703,436.000,100.167,152.000,101.278,inside,1,1,10,6
6395,616,401.272,487.196,456.738,105.540,105.817,93.394,1005.000,135.708,104.000,121.778,inside,1,2,11,6
6396,1474,385.997,452.030,416.965,113.208,113.689,95.052,616.000,157.042,111.000,140.833,inside,1,3,12,6
6397,866,410.603,501.781,475.298,133.203,134.319,99.285,1474.000,213.833,214.000,148.472,inside,1,4,13,6
6398,144,402.964,483.243,452.087,142.898,144.289,101.367,866.000,241.000,148.000,156.639,after,1,5,14,6
6399,150,191.421,129.811,147.319,143.090,144.426,101.465,144.000,240.833,177.000,153.306,after,1,6,15,6
6400,104,182.458,119.323,145.543,142.949,144.218,101.493,150.000,239.708,106.000,133.083,after,1,7,16,6
6401,89,183.241,94.823,114.516,143.171,144.384,101.596,104.000,239.625,160.000,123.667,after,1,8,17,6
6402,115,172.598,80.054,106.805,142.392,143.516,101.491,89.000,236.667,121.000,102.583,after,1,9,18,6
6403,58,139.398,70.254,117.283,142.556,143.623,101.583,115.000,236.417,85.000,79.889,after,1,10,19,6
6404,67,142.443,58.393,113.743,142.415,143.415,101.611,58.000,235.292,45.000,59.111,after,1,11,20,6
6405,35,112.336,51.902,129.238,142.984,143.941,101.787,67.000,236.208,67.000,47.306,after,1,12,21,6
6406,18,104.630,47.049,140.135,142.771,143.658,101.800,35.000,234.875,54.000,35.306,after,1,13,22,6
6407,47,92.805,43.941,149.784,142.499,143.315,101.800,18.000,233.375,35.000,32.556,after,1,14,23,6
6408,71,75.586,42.999,157.567,142.923,143.692,101.946,47.000,233.875,38.000,61.343,after,1,15,0,0
6409,66,74.600,45.692,157.402,143.742,144.506,102.385,71.000,235.250,41.000,59.743,after,1,16,1,0
6410,105,75.030,47.100,152.372,144.444,145.200,102.799,66.000,236.292,32.000,61.829,after,1,17,2,0
6411,66,88.352,65.778,147.008,145.842,146.614,103.358,105.000,239.333,31.000,63.543,after,1,18,3,0
6412,50,77.903,52.542,129.624,146.689,147.458,103.802,66.000,240.792,34.000,60.000,after,1,19,4,0
6413,66,76.855,51.052,112.928,147.261,148.018,104.189,50.000,241.458,26.000,77.171,after,1,20,5,0
6414,78,81.673,59.417,104.875,148.180,148.937,104.648,66.000,243.125,48.000,77.686,after,1,21,6,0
6415,99,88.204,69.615,103.321,148.955,149.706,105.078,78.000,244.375,35.000,91.543,after,1,22,7,0
6416,92,98.495,87.639,112.004,150.223,150.985,105.610,99.000,247.042,104.000,101.114,after,1,23,8,0
6417,116,115.306,96.723,113.683,150.389,151.125,105.912,92.000,246.542,436.000,122.829,after,1,24,9,0
6418,95,131.162,118.883,130.504,146.094,146.647,105.282,116.000,233.208,1005.000,137.200,after,1,25,10,0
6419,179,156.517,117.132,124.963,133.251,133.325,102.867,95.000,195.292,616.000,150.314,after,1,26,11,0
6420,161,166.353,170.944,177.422,127.261,127.094,101.884,179.000,177.083,1474.000,163.229,after,1,27,12,0
6421,156,171.072,165.528,167.755,108.581,107.730,98.250,161.000,122.375,866.000,172.800,after,1,28,13,0
6422,97,167.455,166.334,163.103,98.636,97.406,96.441,156.000,92.792,144.000,172.257,other,0,-1,14,0
6423,201,159.339,145.804,124.950,98.295,97.021,96.637,97.000,90.833,150.000,183.343,other,0,-1,15,0
6424,139,164.599,171.741,180.248,99.374,98.105,97.130,201.000,92.958,104.000,162.143,other,0,-1,16,0
6425,151,135.809,134.145,132.371,100.222,98.949,97.574,139.000,94.417,89.000,148.800,other,0,-1,17,0
6426,130,117.720,120.432,126.757,101.460,100.198,98.100,151.000,97.000,115.000,128.829,other,0,-1,18,0
6427,87,98.846,99.522,104.824,102.017,100.743,98.484,130.000,97.625,58.000,110.171,other,0,-1,19,0
6428,64,84.547,79.949,79.707,102.778,101.497,98.910,87.000,98.833,67.000,85.143,other,0,-1,20,0
6429,63,72.045,66.592,66.415,103.074,101.772,99.239,64.000,98.708,35.000,75.143,other,0,-1,21,0
6430,58,60.883,59.595,61.022,103.820,102.511,99.662,63.000,99.875,18.000,65.229,other,0,-1,22,0
6431,53,55.137,56.499,56.800,104.740,103.430,100.122,58.000,101.542,47.000,63.543,other,0,-1,23,0
6432,79,53.591,55.951,53.710,105.167,103.840,100.478,53.000,101.792,71.000,61.694,other,0,-1,0,1
6433,56,62.059,66.284,59.002,105.457,104.161,100.815,79.000,102.125,66.000,62.000,other,0,-1,1,1
6434,83,57.091,59.820,53.591,105.486,104.213,101.097,56.000,101.708,105.000,62.222,other,0,-1,2,1
6435,59,73.611,73.747,60.795,105.341,104.085,101.343,83.000,100.792,66.000,61.389,other,0,-1,3,1
6436,44,63.218,64.507,58.836,105.414,104.182,101.634,59.000,100.500,50.000,63.583,other,0,-1,4,1
6437,83,59.938,61.008,60.482,105.501,104.294,101.928,44.000,100.250,66.000,65.139,other,0,-1,5,1
6438,46,75.331,78.363,77.423,105.921,104.751,102.292,83.000,100.958,78.000,66.417,other,0,-1,6,1
6439,118,72.347,73.407,75.293,105.631,104.473,102.507,46.000,99.625,99.000,77.639,other,0,-1,7,1
6440,96,100.851,105.766,109.533,106.080,104.960,102.877,118.000,100.417,92.000,91.833,other,0,-1,8,1
6441,58,105.997,113.187,112.115,106.312,105.222,103.201,96.000,100.583,116.000,109.944,other,0,-1,9,1
6442,110,124.419,128.994,106.797,105.646,104.554,103.338,58.000,98.167,95.000,131.361,other,0,-1,10,1
6443,173,143.644,148.558,137.823,106.037,104.981,103.696,110.000,98.792,179.000,148.500,other,0,-1,11,1
6444,107,174.053,173.776,177.540,106.124,105.093,103.990,173.000,98.542,161.000,174.389,other,0,-1,12,1
6445,173,163.623,160.773,145.152,105.516,104.485,104.139,107.000,96.292,156.000,191.778,other,0,-1,13,1
6446,162,177.753,177.848,179.392,105.936,104.942,104.503,173.000,97.000,97.000,190.222,other,0,-1,14,1
6447,214,170.012,168.814,167.305,107.052,106.118,105.012,162.000,99.708,201.000,183.056,other,0,-1,15,1
6448,178,176.558,182.446,187.311,107.414,106.515,105.364,214.000,100.250,139.000,168.806,other,0,-1,16,1
6449,281,148.633,151.552,154.049,108.153,107.302,105.794,178.000,101.875,151.000,158.750,other,0,-1,17,1
6450,87,215.374,201.946,197.726,110.210,109.453,106.500,281.000,107.292,130.000,131.639,other,0,-1,18,1
6451,63,111.754,101.172,91.111,109.761,109.010,106.682,87.000,105.500,87.000,103.944,other,0,-1,19,1
6452,70,96.996,84.407,76.049,109.587,108.852,106.921,63.000,104.500,64.000,92.389,other,0,-1,20,1
6453,83,80.301,71.989,70.577,109.848,109.144,107.252,70.000,104.750,63.000,77.389,other,0,-1,21,1
6454,110,68.506,67.065,66.640,110.312,109.645,107.625,83.000,105.583,58.000,64.944,other,0,-1,22,1
6455,82,72.137,75.838,67.640,111.239,110.627,108.094,110.000,107.750,53.000,62.889,other,0,-1,23,1
6456,52,65.178,67.579,55.561,111.833,111.264,108.495,82.000,108.958,79.000,59.639,other,0,-1,0,2
6457,89,57.913,58.957,50.697,111.319,110.791,108.464,52.000,107.833,56.000,64.167,other,0,-1,1,2
6458,62,72.369,74.177,57.147,111.673,111.218,108.615,89.000,109.208,83.000,56.194,other,0,-1,2,2
6459,94,64.519,64.676,52.414,111.246,110.835,108.602,62.000,108.333,59.000,60.528,other,0,-1,3,2
6460,87,82.113,78.780,61.901,111.630,111.292,108.759,94.000,109.792,44.000,62.444,other,0,-1,4,2
6461,58,79.616,76.083,65.245,112.129,111.869,108.940,87.000,111.583,83.000,62.833,other,0,-1,5,2
6462,68,73.379,68.352,64.856,111.644,111.426,108.916,58.000,110.542,46.000,70.472,other,0,-1,6,2
6463,77,83.583,76.375,75.591,111.839,111.688,109.034,68.000,111.458,118.000,78.639,other,0,-1,7,2
6464,102,97.783,88.060,88.173,111.122,111.006,108.961,77.000,109.750,96.000,89.639,other,0,-1,8,2
6465,101,116.953,106.202,108.430,111.086,111.028,109.030,102.000,110.000,58.000,104.833,other,0,-1,9,2
6466,76,134.716,126.072,120.666,111.585,111.605,109.211,101.000,111.792,110.000,127.694,other,0,-1,10,2
6467,94,149.330,147.950,121.995,110.969,111.027,109.159,76.000,110.375,173.000,145.361,other,0,-1,11,2
6468,151,159.655,158.205,137.469,109.702,109.775,108.971,94.000,107.083,107.000,159.222,other,0,-1,12,2
6469,148,171.935,169.496,167.200,110.216,110.367,109.155,151.000,108.917,173.000,182.222,other,0,-1,13,2
6470,120,169.644,169.502,164.582,109.730,109.925,109.131,148.000,107.875,162.000,185.000,other,0,-1,14,2
6471,238,160.145,159.074,145.089,108.999,109.227,109.055,120.000,106.125,214.000,172.750,other,0,-1,15,2
6472,112,187.142,199.450,194.128,109.223,109.519,109.179,238.000,107.125,178.000,158.694,other,0,-1,16,2
6473,83,142.877,138.289,119.920,108.144,108.462,109.030,112.000,104.375,281.000,148.139,other,0,-1,17,2
6474,114,131.368,120.645,98.580,105.152,105.426,108.482,83.000,96.125,87.000,124.722,other,0,-1,18,2
6475,108,111.130,108.804,101.372,105.420,105.763,108.615,114.000,97.250,63.000,108.833,other,0,-1,19,2
6476,87,93.433,93.592,90.752,105.949,106.370,108.802,108.000,99.125,70.000,89.361,other,0,-1,20,2
6477,60,79.483,78.005,76.192,106.071,106.557,108.904,87.000,99.833,83.000,75.500,other,0,-1,21,2
6478,25,69.319,64.738,61.661,105.615,106.144,108.886,60.000,98.875,110.000,67.139,other,0,-1,22,2
6479,67,63.247,53.956,47.613,104.260,104.802,108.680,25.000,95.333,82.000,62.722,other,0,-1,23,2
6480,47,56.470,60.377,51.730,103.920,104.510,108.686,67.000,94.708,52.000,61.389,other,0,-1,0,3
6481,98,53.325,56.682,56.400,103.520,104.148,108.422,47.000,94.500,89.000,64.194,other,0,-1,1,3
6482,93,71.209,78.593,65.595,103.322,103.997,108.200,98.000,94.875,62.000,65.056,other,0,-1,2,3
6483,47,72.941,77.386,64.804,103.444,104.175,108.046,93.000,96.167,94.000,61.583,other,0,-1,3,3
6484,50,58.468,59.333,56.801,102.435,103.184,107.655,47.000,94.208,87.000,61.250,other,0,-1,4,3
6485,50,62.453,61.476,60.596,101.572,102.343,107.294,50.000,92.667,58.000,63.500,other,0,-1,5,3
6486,44,68.394,64.259,65.639,101.128,101.937,107.021,50.000,92.333,68.000,67.778,other,0,-1,6,3
6487,70,79.054,69.651,71.012,100.453,101.290,106.700,44.000,91.333,77.000,79.889,other,0,-1,7,3
6488,87,93.050,83.944,87.122,100.024,100.899,106.430,70.000,91.042,102.000,92.417,other,0,-1,8,3
6489,76,110.493,102.063,103.664,99.479,100.388,106.136,87.000,90.417,101.000,115.000,other,0,-1,9,3
6490,114,129.578,124.896,112.060,98.789,99.726,105.812,76.000,89.375,76.000,126.583,other,0,-1,10,3
6491,179,145.779,146.040,137.305,99.011,100.010,105.678,114.000,90.958,94.000,145.861,other,0,-1,11,3
6492,201,167.963,171.917,172.558,99.915,100.998,105.687,179.000,94.500,151.000,168.111,other,0,-1,12,3
6493,191,180.367,187.841,187.337,100.312,101.461,105.589,201.000,96.583,148.000,177.472,other,0,-1,13,3
6494,166,175.229,184.000,183.091,100.607,101.819,105.471,191.000,98.375,120.000,176.694,other,0,-1,14,3
6495,244,165.213,168.731,167.251,100.946,102.222,105.361,166.000,100.292,238.000,173.972,other,0,-1,15,3
6496,95,179.570,203.800,196.420,100.705,102.025,105.131,244.000,100.542,112.000,162.111,other,0,-1,16,3
6497,152,141.960,129.785,117.816,100.131,101.484,104.831,95.000,99.833,83.000,150.028,other,0,-1,17,3
6498,176,121.617,129.416,129.507,100.803,102.232,104.791,152.000,102.708,114.000,132.389,other,0,-1,18,3
6499,121,102.442,131.853,127.957,101.373,102.875,104.730,176.000,105.292,108.000,108.528,other,0,-1,19,3
6500,105,85.354,93.618,95.934,101.234,102.784,104.520,121.000,105.833,87.000,100.083,other,0,-1,20,3
6501,50,70.674,78.857,82.284,101.167,102.767,104.326,105.000,106.583,60.000,85.306,other,0,-1,21,3
6502,56,64.451,56.604,61.799,100.694,102.331,104.047,50.000,106.167,25.000,74.778,other,0,-1,22,3
6503,40,52.933,52.456,58.283,100.816,102.509,103.892,56.000,107.458,67.000,70.444,other,0,-1,23,3
6504,67,47.757,45.960,51.430,100.097,101.818,103.562,40.000,106.333,47.000,60.917,other,0,-1,0,4
6505,121,47.700,57.561,52.875,100.101,101.828,103.261,67.000,107.167,98.000,56.972,other,0,-1,1,4
6506,42,79.562,87.793,63.205,100.149,101.884,102.970,121.000,108.125,93.000,51.583,other,0,-1,2,4
6507,32,46.566,50.860,47.792,99.125,100.830,102.454,42.000,106.000,47.000,54.556,other,0,-1,3,4
6508,27,47.519,48.685,47.596,98.623,100.315,102.048,32.000,105.375,50.000,57.139,other,0,-1,4,4
6509,76,51.052,49.044,49.715,98.004,99.681,101.617,27.000,104.417,50.000,54.694,other,0,-1,5,4
6510,47,63.865,67.317,66.533,98.095,99.782,101.335,76.000,105.500,44.000,65.167,other,0,-1,6,4
6511,63,67.891,63.535,66.668,97.853,99.537,100.983,47.000,105.625,70.000,74.667,other,0,-1,7,4
6512,75,81.514,77.842,81.307,97.467,99.143,100.600,63.000,105.333,87.000,86.667,other,0,-1,8,4
6513,72,98.841,97.089,97.691,97.008,98.674,100.203,75.000,104.833,76.000,109.861,other,0,-1,9,4
6514,81,118.758,117.800,109.603,96.664,98.324,99.830,72.000,104.667,114.000,125.222,other,0,-1,10,4
6515,153,135.877,137.181,125.677,95.901,97.540,99.369,81.000,103.292,179.000,147.361,other,0,-1,11,4
6516,168,155.672,167.494,168.066,95.239,96.861,98.929,153.000,102.208,201.000,161.111,other,0,-1,12,4
6517,157,168.197,175.299,179.659,94.476,96.077,98.468,168.000,100.833,191.000,174.694,other,0,-1,13,4
6518,152,168.065,166.162,172.790,93.698,95.278,98.004,157.000,99.417,166.000,178.167,other,0,-1,14,4
6519,138,162.674,157.393,163.838,93.210,94.779,97.600,152.000,98.833,244.000,172.583,other,0,-1,15,4
6520,199,148.221,143.256,145.675,91.389,92.900,96.919,138.000,94.417,95.000,165.472,other,0,-1,16,4
6521,165,139.622,157.336,162.624,92.610,94.170,96.872,199.000,98.750,152.000,138.861,other,0,-1,17,4
6522,107,110.109,126.842,131.147,92.513,94.075,96.550,165.000,99.292,176.000,121.333,other,0,-1,18,4
6523,87,90.732,94.218,94.945,91.228,92.752,95.981,107.000,96.417,121.000,101.944,other,0,-1,19,4
6524,89,74.603,76.228,78.679,90.450,91.953,95.517,87.000,95.000,105.000,84.222,other,0,-1,20,4
6525,47,57.875,65.803,71.360,89.933,91.423,95.107,89.000,94.333,50.000,70.889,other,0,-1,21,4
6526,65,50.119,48.616,55.717,89.604,91.089,94.737,47.000,94.208,56.000,63.889,other,0,-1,22,4
6527,52,39.128,48.169,54.828,89.449,90.935,94.403,65.000,94.583,40.000,57.111,other,0,-1,23,4
6528,59,34.838,42.833,48.855,89.338,90.825,94.078,52.000,95.083,67.000,38.722,other,0,-1,0,5
6529,29,37.624,48.314,34.196,89.194,90.631,93.852,59.000,94.750,121.000,42.139,other,0,-1,1,5
6530,32,32.855,38.972,29.380,87.833,89.177,93.372,29.000,90.917,42.000,43.389,other,0,-1,2,5
6531,32,35.775,41.417,31.401,87.660,88.953,93.140,32.000,90.500,32.000,43.528,other,0,-1,3,5
6532,47,38.346,42.616,34.248,87.632,88.878,92.939,32.000,90.500,27.000,42.111,other,0,-1,4,5
6533,37,45.486,49.521,42.160,87.894,89.104,92.797,47.000,91.333,76.000,43.028,other,0,-1,5,5
6534,61,46.700,48.379,45.683,87.301,88.445,92.478,37.000,89.708,47.000,55.167,other,0,-1,6,5
6535,55,57.550,61.602,60.956,87.475,88.580,92.318,61.000,90.292,63.000,63.917,other,0,-1,7,5
6536,58,67.356,68.289,68.278,87.331,88.386,92.093,55.000,89.958,75.000,81.722,other,0,-1,8,5
6537,79,83.897,81.877,79.497,87.057,88.057,91.839,58.000,89.250,72.000,98.167,other,0,-1,9,5
6538,97,102.356,102.934,99.486,87.130,88.087,91.659,79.000,89.542,81.000,102.556,other,0,-1,10,5
6539,100,121.076,122.320,118.523,87.334,88.252,91.506,97.000,90.208,153.000,122.722,other,0,-1,11,5
6540,224,135.351,131.659,127.561,86.538,87.384,91.144,100.000,88.000,168.000,141.028,other,0,-1,12,5
6541,144,194.529,212.986,212.658,87.321,88.149,91.111,224.000,90.333,157.000,161.333,other,0,-1,13,5
6542,141,155.279,153.062,157.825,87.105,87.879,90.870,144.000,89.792,152.000,179.778,other,0,-1,14,5
6543,98,150.727,147.077,150.609,86.917,87.640,90.635,141.000,89.333,138.000,180.472,other,0,-1,15,5
6544,142,136.891,127.652,117.637,86.310,86.966,90.313,98.000,87.667,199.000,165.833,other,0,-1,16,5
6545,176,120.820,126.834,126.065,85.456,86.037,89.939,142.000,85.292,165.000,148.556,other,0,-1,17,5
6546,97,103.107,124.084,126.523,85.587,86.128,89.770,176.000,85.750,107.000,114.861,other,0,-1,18,5
6547,140,84.409,86.382,78.186,85.414,85.903,89.538,97.000,85.333,87.000,90.528,other,0,-1,19,5
6548,57,64.573,84.127,81.271,86.154,86.623,89.497,140.000,87.542,89.000,74.972,other,0,-1,20,5
6549,72,55.708,54.576,51.468,85.662,86.069,89.199,57.000,86.208,47.000,60.444,other,0,-1,21,5
6550,54,41.730,50.658,50.192,85.996,86.369,89.072,72.000,87.250,65.000,52.389,other,0,-1,22,5
6551,35,35.185,43.525,43.700,85.809,86.130,88.838,54.000,86.792,52.000,44.139,other,0,-1,23,5
6552,24,31.128,38.004,38.441,85.534,85.801,88.584,35.000,86.083,59.000,32.472,other,0,-1,0,6
6553,20,29.803,35.778,29.203,85.278,85.473,88.588,24.000,84.625,29.000,34.500,other,0,-1,1,6
6554,24,30.632,36.634,29.806,85.398,85.534,88.671,20.000,84.250,32.000,33.361,other,0,-1,2,6
6555,41,33.932,39.868,32.813,85.532,85.611,88.756,24.000,83.917,32.000,35.222,other,0,-1,3,6
6556,29,42.349,48.329,40.160,85.913,85.943,88.893,41.000,84.292,47.000,34.028,other,0,-1,4,6
6557,46,40.393,44.543,42.102,85.902,85.869,88.948,29.000,83.542,37.000,36.611,other,0,-1,5,6
6558,31,48.543,53.698,52.905,86.283,86.201,89.085,46.000,83.917,61.000,38.694,other,0,-1,6,6
6559,61,51.528,53.264,55.236,86.098,85.948,89.104,31.000,82.667,55.000,47.194,other,0,-1,7,6
6560,30,65.452,72.141,73.612,86.436,86.234,89.232,61.000,82.917,58.000,59.167,other,0,-1,8,6
6561,70,82.122,73.412,69.152,86.280,86.011,89.257,30.000,81.750,79.000,78.778,other,0,-1,9,6
6562,133,99.107,96.599,93.153,86.400,86.073,89.339,70.000,81.375,97.000,101.278,other,0,-1,10,6
6563,141,125.963,137.970,135.351,87.172,86.809,89.558,133.000,82.875,100.000,121.778,other,0,-1,11,6
6564,115,141.468,147.066,145.789,88.016,87.620,89.791,141.000,84.583,224.000,140.833,other,0,-1,12,6
6565,129,144.108,137.891,131.208,86.688,86.183,89.571,115.000,80.042,144.000,148.472,other,0,-1,13,6
6566,175,149.325,145.673,139.541,86.720,86.154,89.635,129.000,79.417,141.000,156.639,other,0,-1,14,6
6567,143,154.858,162.047,166.863,87.463,86.861,89.848,175.000,80.833,98.000,153.306,other,0,-1,15,6
6568,138,136.748,139.572,137.070,88.365,87.732,90.094,143.000,82.708,142.000,133.083,other,0,-1,16,6
6569,88,120.421,125.557,122.190,88.558,87.868,90.191,138.000,82.542,176.000,123.667,other,0,-1,17,6
6570,93,105.956,101.992,85.580,87.533,86.746,90.035,88.000,78.875,97.000,102.583,other,0,-1,18,6
6571,77,87.263,86.203,75.390,87.726,86.882,90.132,93.000,78.708,140.000,79.889,other,0,-1,19,6
6572,58,71.897,69.568,61.038,87.063,86.135,90.051,77.000,76.083,57.000,59.111,other,0,-1,20,6
6573,38,59.084,56.092,50.597,87.328,86.346,90.164,58.000,76.125,72.000,47.306,other,0,-1,21,6
6574,49,49.350,46.011,43.489,87.086,86.033,90.171,38.000,74.708,54.000,35.306,other,0,-1,22,6
6575,17,41.754,44.601,43.685,87.264,86.155,90.265,49.000,74.500,35.000,32.556,other,0,-1,23,6
6576,29,37.610,37.017,37.665,87.253,86.081,90.321,17.000,73.750,24.000,61.343,other,0,-1,0,0
6577,73,38.030,40.134,43.180,87.666,86.476,90.674,29.000,73.958,20.000,59.743,other,0,-1,1,0
6578,55,57.465,63.552,53.821,88.774,87.590,91.173,73.000,76.167,24.000,61.829,other,0,-1,2,0
6579,59,52.043,57.515,52.467,89.563,88.374,91.605,55.000,77.458,41.000,63.543,other,0,-1,3,0
6580,108,56.311,61.792,57.581,90.164,88.964,91.998,59.000,78.208,29.000,60.000,other,0,-1,4,0
6581,64,92.943,94.786,78.835,91.649,90.468,92.575,108.000,81.500,46.000,77.171,other,0,-1,5,0
6582,50,59.846,69.223,71.743,92.249,91.057,92.968,64.000,82.250,31.000,77.686,other,0,-1,6,0
6583,87,59.719,69.358,74.888,92.865,91.661,93.364,50.000,83.042,61.000,91.543,other,0,-1,7,0
6584,81,78.152,95.341,96.915,93.582,92.371,93.781,87.000,84.125,30.000,101.114,other,0,-1,8,0
6585,145,90.242,106.190,103.023,94.661,93.455,94.274,81.000,86.250,70.000,122.829,other,0,-1,9,0
6586,140,129.807,150.075,143.388,96.087,94.899,94.839,145.000,89.375,133.000,137.200,other,0,-1,10,0
6587,104,139.437,154.522,147.798,96.529,95.323,95.199,140.000,89.667,141.000,150.314,other,0,-1,11,0
6588,136,144.782,144.977,132.279,96.333,95.088,95.425,104.000,88.125,115.000,163.229,other,0,-1,12,0
6589,198,159.906,159.419,152.079,96.978,95.722,95.827,136.000,89.000,129.000,172.800,other,0,-1,13,0
6590,187,184.532,188.298,190.537,98.317,97.076,96.374,198.000,91.875,175.000,172.257,other,0,-1,14,0
6591,146,171.705,174.674,178.684,98.831,97.576,96.749,187.000,92.375,143.000,183.343,other,0,-1,15,0
6592,275,151.929,148.417,145.440,99.215,97.940,97.096,146.000,92.500,138.000,162.143,other,0,-1,16,0
6593,90,219.821,204.607,218.099,101.540,100.314,97.849,275.000,98.208,88.000,148.800,other,0,-1,17,0
6594,71,119.173,110.160,98.198,101.909,100.663,98.194,90.000,98.292,93.000,128.829,other,0,-1,18,0
6595,69,103.085,92.590,82.910,101.930,100.653,98.465,71.000,97.375,77.000,110.171,other,0,-1,19,0
6596,63,85.612,76.537,74.448,102.155,100.852,98.780,69.000,97.042,58.000,85.143,other,0,-1,20,0
6597,63,70.943,63.667,66.002,102.567,101.247,99.133,63.000,97.250,38.000,75.143,other,0,-1,21,0
6598,71,60.179,56.257,60.810,103.270,101.941,99.547,63.000,98.292,49.000,65.229,other,0,-1,22,0
6599,49,56.698,56.132,59.110,103.929,102.591,99.952,71.000,99.208,17.000,63.543,other,0,-1,23,0
6600,98,52.662,50.927,52.887,104.732,103.390,100.387,49.000,100.542,29.000,61.694,other,0,-1,0,1
6601,67,71.865,71.512,63.880,105.906,104.626,100.909,98.000,103.417,73.000,62.000,other,0,-1,1,1
6602,84,61.410,60.869,56.383,105.993,104.738,101.203,67.000,103.167,55.000,62.222,other,0,-1,2,1
6603,53,74.299,71.086,62.054,106.587,105.375,101.603,84.000,104.375,59.000,61.389,other,0,-1,3,1
6604,71,61.039,59.569,58.591,106.674,105.487,101.897,53.000,104.125,108.000,63.583,other,0,-1,4,1
6605,46,69.294,68.602,67.914,106.312,105.134,102.097,71.000,102.583,64.000,65.139,other,0,-1,5,1
6606,88,64.330,63.744,68.366,106.225,105.066,102.355,46.000,101.833,50.000,66.417,other,0,-1,6,1
6607,82,80.760,83.971,88.978,106.949,105.838,102.782,88.000,103.417,87.000,77.639,other,0,-1,7,1
6608,62,88.703,92.946,96.904,107.051,105.964,103.080,82.000,103.208,81.000,91.833,other,0,-1,8,1
6609,60,105.101,107.794,99.600,106.950,105.882,103.335,62.000,102.417,145.000,109.944,other,0,-1,9,1
6610,161,124.639,128.241,107.793,105.892,104.809,103.390,60.000,98.875,140.000,131.361,other,0,-1,10,1
6611,171,159.572,160.099,163.623,106.370,105.326,103.766,161.000,99.750,104.000,148.500,other,0,-1,11,1
6612,219,172.816,172.820,176.244,107.515,106.532,104.281,171.000,102.542,136.000,174.389,other,0,-1,12,1
6613,196,206.164,200.429,207.474,108.891,107.978,104.844,219.000,106.000,198.000,191.778,other,0,-1,13,1
6614,212,186.148,187.209,192.672,109.036,108.150,105.150,196.000,105.917,187.000,190.222,other,0,-1,14,1
6615,149,186.585,190.200,196.336,109.572,108.727,105.538,212.000,106.958,146.000,183.056,other,0,-1,15,1
6616,137,160.801,153.862,150.934,109.790,108.974,105.860,149.000,107.083,275.000,168.806,other,0,-1,16,1
6617,222,147.299,137.991,134.286,107.965,107.107,105.755,137.000,101.333,90.000,158.750,other,0,-1,17,1
6618,115,148.822,156.190,165.387,110.051,109.288,106.466,222.000,106.833,71.000,131.639,other,0,-1,18,1
6619,135,112.660,101.903,103.605,110.862,110.149,106.912,115.000,108.667,69.000,103.944,other,0,-1,19,1
6620,91,93.859,92.250,101.905,111.992,111.340,107.424,135.000,111.417,63.000,92.389,other,0,-1,20,1
6621,94,80.998,74.052,79.608,112.572,111.962,107.821,91.000,112.583,63.000,77.389,other,0,-1,21,1
6622,60,70.724,70.107,73.455,113.195,112.629,108.227,94.000,113.875,71.000,64.944,other,0,-1,22,1
6623,102,63.556,60.176,58.413,113.209,112.666,108.506,60.000,113.417,49.000,62.889,other,0,-1,23,1
6624,38,73.942,77.464,64.210,114.151,113.662,108.979,102.000,115.625,98.000,59.639,other,0,-1,0,2
6625,54,58.089,55.659,53.494,113.158,112.695,108.848,38.000,113.125,67.000,64.167,other,0,-1,1,2
6626,34,60.457,61.380,55.093,112.847,112.432,108.860,54.000,112.583,84.000,56.194,other,0,-1,2,2
6627,72,59.163,56.444,51.727,111.999,111.615,108.760,34.000,110.500,53.000,60.528,other,0,-1,3,2
6628,47,70.656,70.008,60.612,112.151,111.832,108.868,72.000,111.292,71.000,62.444,other,0,-1,4,2
6629,68,66.774,62.695,59.126,111.680,111.404,108.847,47.000,110.292,46.000,62.833,other,0,-1,5,2
6630,51,75.275,71.150,69.126,111.876,111.666,108.964,68.000,111.208,88.000,70.472,other,0,-1,6,2
6631,15,83.068,73.350,72.279,111.216,111.044,108.903,51.000,109.667,82.000,78.639,inside,-1,0,7,2
6632,26,103.680,85.736,71.672,110.122,109.972,108.752,15.000,106.875,62.000,89.639,inside,-1,1,8,2
6633,116,120.947,107.552,83.928,109.478,109.364,108.694,26.000,105.375,60.000,104.833,after,-1,2,9,2
6634,123,134.467,126.532,126.625,110.166,110.136,108.914,116.000,107.708,161.000,127.694,after,-1,3,10,2
6635,242,151.115,146.375,141.531,109.492,109.498,108.851,123.000,106.125,171.000,145.361,after,-1,4,11,2
6636,176,223.569,195.370,208.994,110.397,110.495,109.116,242.000,109.083,219.000,159.222,after,-1,5,12,2
6637,139,175.612,176.683,180.178,109.651,109.783,109.037,176.000,107.292,196.000,182.222,after,-1,6,13,2
6638,319,167.927,167.837,160.762,108.702,108.860,108.916,139.000,104.917,212.000,185.000,after,-1,7,14,2
6639,108,292.922,261.260,250.179,110.129,110.397,109.291,319.000,109.375,149.000,172.750,after,-1,8,15,2
6640,119,156.910,147.476,130.172,109.411,109.714,109.218,108.000,107.667,137.000,158.694,after,-1,9,16,2
6641,177,146.639,137.210,123.143,109.027,109.377,109.214,119.000,106.917,222.000,148.139,after,-1,10,17,2
6642,215,129.498,141.247,137.378,108.252,108.634,109.129,177.000,105.042,115.000,124.722,after,-1,11,18,2
6643,51,123.869,159.489,143.162,109.577,110.065,109.483,215.000,109.208,135.000,108.833,after,-1,12,19,2
6644,110,106.067,84.126,71.994,108.237,108.738,109.280,51.000,105.708,91.000,89.361,after,-1,13,20,2
6645,71,80.075,81.742,82.394,108.389,108.955,109.388,110.000,106.500,94.000,75.500,after,-1,14,21,2
6646,82,71.206,65.048,64.144,107.933,108.543,109.370,71.000,105.542,60.000,67.139,after,-1,15,22,2
6647,64,62.348,65.056,61.003,108.128,108.805,109.488,82.000,106.458,102.000,62.722,after,-1,16,23,2
6648,79,58.050,58.950,51.938,107.454,108.167,109.424,64.000,104.875,38.000,61.389,after,-1,17,0,3
6649,88,59.579,67.981,65.371,107.721,108.496,109.299,79.000,106.583,54.000,64.194,after,-1,18,1,3
6650,75,65.609,73.770,65.726,107.885,108.719,109.153,88.000,108.000,34.000,65.056,after,-1,19,2,3
6651,82,63.939,69.213,63.123,108.152,109.047,109.029,75.000,109.708,72.000,61.583,after,-1,20,3,3
6652,79,69.140,72.840,66.079,107.969,108.911,108.810,82.000,110.125,47.000,61.250,after,-1,21,4,3
6653,57,70.242,71.768,68.809,108.105,109.104,108.658,79.000,111.458,68.000,63.500,after,-1,22,5,3
6654,97,70.308,66.182,68.794,107.618,108.652,108.377,57.000,111.000,51.000,67.778,after,-1,23,6,3
6655,108,84.910,82.263,86.670,107.956,109.056,108.267,97.000,112.917,15.000,79.889,after,-1,24,7,3
6656,84,97.563,92.430,100.400,108.976,110.163,108.300,108.000,116.792,26.000,92.417,after,-1,25,8,3
6657,96,112.372,102.780,104.034,109.488,110.746,108.227,84.000,119.208,116.000,115.000,other,0,-1,9,3
6658,212,130.824,125.604,120.293,108.871,110.160,107.917,96.000,118.375,123.000,126.583,other,0,-1,10,3
6659,65,180.158,173.544,179.001,109.833,111.208,107.938,212.000,122.083,242.000,145.861,other,0,-1,11,3
6660,157,157.962,155.525,129.742,106.941,108.268,107.154,65.000,114.708,176.000,168.111,other,0,-1,12,3
6661,217,170.119,171.202,169.109,106.338,107.697,106.848,157.000,113.917,139.000,177.472,other,0,-1,13,3
6662,238,189.097,196.747,196.379,107.140,108.580,106.835,217.000,117.167,319.000,176.694,other,0,-1,14,3
6663,198,193.226,205.338,201.255,105.639,107.079,106.341,238.000,113.792,108.000,173.972,other,0,-1,15,3
6664,143,162.429,174.172,174.234,106.615,108.142,106.365,198.000,117.542,119.000,162.111,other,0,-1,16,3
6665,158,139.918,140.532,137.969,106.635,108.215,106.189,143.000,118.542,177.000,150.028,other,0,-1,17,3
6666,124,122.037,132.591,132.429,106.032,107.644,105.883,158.000,117.750,215.000,132.389,other,0,-1,18,3
6667,78,103.662,107.242,107.469,104.386,105.993,105.359,124.000,113.958,51.000,108.528,other,0,-1,19,3
6668,102,90.274,83.415,82.564,104.450,106.112,105.192,78.000,115.083,110.000,100.083,other,0,-1,20,3
6669,53,70.669,78.161,81.816,104.006,105.705,104.919,102.000,114.750,71.000,85.306,other,0,-1,21,3
6670,68,62.788,57.300,62.552,103.418,105.149,104.616,53.000,114.000,82.000,74.778,other,0,-1,22,3
6671,106,51.861,55.244,60.851,102.887,104.653,104.325,68.000,113.417,64.000,70.444,other,0,-1,23,3
6672,30,55.796,68.793,65.424,103.168,104.996,104.203,106.000,115.167,79.000,60.917,other,0,-1,0,4
6673,51,43.143,44.247,46.335,102.173,103.972,103.694,30.000,113.125,88.000,56.972,other,0,-1,1,4
6674,41,46.577,51.859,48.934,101.352,103.128,103.221,51.000,111.583,75.000,51.583,other,0,-1,2,4
6675,68,46.689,49.620,47.457,100.574,102.329,102.757,41.000,110.167,82.000,54.556,other,0,-1,3,4
6676,69,57.179,61.173,54.592,100.086,101.830,102.353,68.000,109.583,79.000,57.139,other,0,-1,4,4
6677,48,59.558,62.443,58.755,99.655,101.390,101.962,69.000,109.167,57.000,54.694,other,0,-1,5,4
6678,39,58.718,57.487,59.465,99.240,100.966,101.574,48.000,108.792,97.000,65.167,other,0,-1,6,4
6679,44,68.107,61.921,64.443,98.114,99.807,101.037,39.000,106.375,108.000,74.667,other,0,-1,7,4
6680,129,82.771,74.566,75.169,96.902,98.558,100.482,44.000,103.708,84.000,86.667,other,0,-1,8,4
6681,103,103.859,114.291,119.744,97.268,98.943,100.257,129.000,105.583,96.000,109.861,other,0,-1,9,4
6682,147,117.840,124.006,122.418,97.084,98.759,99.917,103.000,105.875,212.000,125.222,other,0,-1,10,4
6683,136,140.661,156.050,155.468,95.857,97.495,99.360,147.000,103.167,65.000,147.361,other,0,-1,11,4
6684,136,152.965,161.036,159.310,96.601,98.270,99.213,136.000,106.125,157.000,161.111,other,0,-1,12,4
6685,143,162.426,161.955,163.623,96.011,97.666,98.789,136.000,105.250,217.000,174.694,other,0,-1,13,4
6686,227,166.042,160.704,165.230,94.654,96.267,98.204,143.000,102.167,238.000,178.167,other,0,-1,14,4
6687,193,187.746,199.380,201.729,94.209,95.813,97.809,227.000,101.708,198.000,172.583,other,0,-1,15,4
6688,152,158.132,166.470,173.231,93.851,95.449,97.433,193.000,101.500,143.000,165.472,other,0,-1,16,4
6689,70,131.581,135.707,139.935,93.696,95.294,97.099,152.000,101.875,158.000,138.861,other,0,-1,17,4
6690,82,113.760,104.992,94.337,92.136,93.686,96.472,70.000,98.208,124.000,121.333,other,0,-1,18,4
6691,144,94.556,90.477,87.692,91.243,92.767,95.984,82.000,96.458,78.000,101.944,other,0,-1,19,4
6692,117,70.955,95.340,98.399,91.913,93.467,95.822,144.000,99.208,102.000,84.222,other,0,-1,20,4
6693,92,56.913,75.922,80.827,91.845,93.402,95.506,117.000,99.833,53.000,70.889,other,0,-1,21,4
6694,53,46.900,60.862,67.745,92.125,93.697,95.263,92.000,101.458,68.000,63.889,other,0,-1,22,4
6695,31,40.509,44.717,54.721,91.622,93.183,94.857,53.000,100.833,106.000,57.111,other,0,-1,23,4
6696,97,36.074,36.830,47.499,90.251,91.769,94.269,31.000,97.708,30.000,38.722,other,0,-1,0,5
6697,16,55.734,67.330,44.943,91.193,92.699,94.270,97.000,100.500,51.000,42.139,other,0,-1,1,5
6698,64,32.407,34.397,30.758,90.658,92.100,93.962,16.000,99.042,41.000,43.389,other,0,-1,2,5
6699,54,48.659,54.930,41.170,90.963,92.371,93.830,64.000,100.000,68.000,43.528,other,0,-1,3,5
6700,24,46.949,51.328,42.147,90.732,92.086,93.586,54.000,99.417,69.000,42.111,other,0,-1,4,5
6701,57,41.027,41.318,39.430,90.052,91.337,93.248,24.000,97.542,48.000,43.028,other,0,-1,5,5
6702,48,52.545,55.612,53.498,90.154,91.398,93.074,57.000,97.917,39.000,55.167,other,0,-1,6,5
6703,79,56.305,57.277,58.176,90.257,91.458,92.899,48.000,98.292,44.000,63.917,other,0,-1,7,5
6704,74,70.765,77.259,78.839,90.736,91.909,92.803,79.000,99.750,129.000,81.722,other,0,-1,8,5
6705,82,84.362,87.352,86.834,89.911,91.010,92.435,74.000,97.458,103.000,98.167,other,0,-1,9,5
6706,126,102.970,104.292,100.755,89.578,90.621,92.170,82.000,96.583,147.000,102.556,other,0,-1,10,5
6707,139,124.455,136.769,134.884,89.246,90.231,91.905,126.000,95.708,136.000,122.722,other,0,-1,11,5
6708,150,141.460,150.369,150.342,89.261,90.202,91.712,139.000,95.833,136.000,141.028,other,0,-1,12,5
6709,142,153.596,157.982,161.242,89.436,90.337,91.553,150.000,96.417,143.000,161.333,other,0,-1,13,5
6710,207,155.976,152.405,155.760,89.394,90.248,91.348,142.000,96.375,227.000,179.778,other,0,-1,14,5
6711,208,169.435,182.368,191.828,89.076,89.874,91.086,207.000,95.542,193.000,180.472,other,0,-1,15,5
6712,194,154.882,171.185,180.781,89.265,90.024,90.930,208.000,96.167,152.000,165.833,other,0,-1,16,5
6713,111,129.448,148.153,155.655,89.845,90.579,90.855,194.000,97.917,70.000,148.556,other,0,-1,17,5
6714,99,101.199,104.218,96.874,90.411,91.119,90.778,111.000,99.625,82.000,114.861,other,0,-1,18,5
6715,80,82.750,86.181,78.716,90.629,91.300,90.627,99.000,100.333,144.000,90.528,other,0,-1,19,5
6716,93,67.120,68.368,63.042,89.674,90.266,90.232,80.000,97.667,117.000,74.972,other,0,-1,20,5
6717,48,51.170,59.493,59.148,89.298,89.832,89.958,93.000,96.667,92.000,60.444,other,0,-1,21,5
6718,57,43.088,43.164,45.039,88.633,89.098,89.623,48.000,94.833,53.000,52.389,other,0,-1,22,5
6719,28,35.434,41.372,43.498,88.663,89.083,89.434,57.000,95.000,31.000,44.139,other,0,-1,23,5
6720,46,31.191,33.221,36.729,88.591,88.964,89.223,28.000,94.875,97.000,32.472,other,0,-1,0,6
6721,28,35.119,39.133,33.364,88.102,88.396,89.178,46.000,92.750,16.000,34.500,other,0,-1,1,6
6722,43,33.032,35.374,31.765,88.527,88.772,89.324,28.000,93.250,64.000,33.361,other,0,-1,2,6
6723,27,41.155,43.689,37.294,88.473,88.654,89.370,43.000,92.375,54.000,35.222,other,0,-1,3,6
6724,51,37.940,38.934,37.431,88.332,88.446,89.398,27.000,91.250,24.000,34.028,other,0,-1,4,6
6725,41,49.416,50.951,48.519,88.973,89.047,89.589,51.000,92.375,57.000,36.611,other,0,-1,5,6
6726,24,47.537,49.291,51.933,88.992,89.004,89.651,41.000,91.708,48.000,38.694,other,0,-1,6,6
6727,45,51.414,49.891,53.541,88.894,88.841,89.688,24.000,90.708,79.000,47.194,other,0,-1,7,6
6728,44,64.288,65.129,67.784,88.652,88.528,89.695,45.000,89.292,74.000,59.167,other,0,-1,8,6
6729,64,80.702,76.245,74.797,88.468,88.275,89.713,44.000,88.042,82.000,78.778,other,0,-1,9,6
6730,109,99.214,93.631,90.428,88.457,88.201,89.769,64.000,87.292,126.000,101.278,other,0,-1,10,6
6731,132,120.425,122.867,120.607,88.461,88.143,89.827,109.000,86.583,139.000,121.778,other,0,-1,11,6
6732,209,139.197,141.286,139.792,88.610,88.235,89.915,132.000,86.292,150.000,140.833,other,0,-1,12,6
6733,166,186.636,197.377,197.641,89.715,89.316,90.203,209.000,88.750,142.000,148.472,other,0,-1,13,6
6734,242,159.937,161.293,165.037,90.313,89.872,90.386,166.000,89.750,207.000,156.639,other,0,-1,14,6
6735,153,200.901,208.903,217.392,91.070,90.593,90.601,242.000,91.208,208.000,153.306,other,0,-1,15,6
6736,211,140.516,140.680,143.601,90.524,89.966,90.545,153.000,88.917,194.000,133.083,other,0,-1,16,6
6737,164,141.125,152.768,168.572,91.020,90.417,90.706,211.000,89.625,111.000,123.667,other,0,-1,17,6
6738,74,105.831,113.077,120.593,92.038,91.408,90.976,164.000,91.833,99.000,102.583,other,0,-1,18,6
6739,72,90.380,80.315,68.855,91.927,91.230,91.010,74.000,90.792,80.000,79.889,other,0,-1,19,6
6740,67,72.595,64.870,58.900,92.061,91.307,91.095,72.000,90.458,93.000,59.111,other,0,-1,20,6
6741,37,57.866,52.948,51.406,91.935,91.113,91.126,67.000,89.375,48.000,47.306,other,0,-1,21,6
6742,25,48.966,42.157,42.443,92.026,91.145,91.202,37.000,88.917,57.000,35.306,other,0,-1,22,6
6743,42,41.536,36.475,38.537,91.812,90.862,91.215,25.000,87.583,28.000,32.556,other,0,-1,23,6
6744,70,39.170,39.749,40.302,92.265,91.268,91.367,42.000,88.167,46.000,61.343,other,0,-1,0,0
6745,87,50.543,52.520,49.479,92.953,91.948,91.778,70.000,89.167,28.000,59.743,other,0,-1,1,0
6746,38,66.531,67.828,55.318,94.148,93.152,92.295,87.000,91.625,43.000,61.829,other,0,-1,2,0
6747,34,45.211,46.374,46.811,94.416,93.396,92.618,38.000,91.417,27.000,63.543,other,0,-1,3,0
6748,66,46.030,46.954,49.795,94.857,93.821,92.978,34.000,91.708,51.000,60.000,other,0,-1,4,0
6749,94,61.033,64.014,63.539,95.415,94.365,93.362,66.000,92.333,41.000,77.171,other,0,-1,5,0
6750,90,78.622,83.177,80.398,96.523,95.479,93.861,94.000,94.542,24.000,77.686,other,0,-1,6,0
6751,37,75.632,85.375,88.142,97.819,96.788,94.399,90.000,97.292,45.000,91.543,other,0,-1,7,0
6752,121,72.383,74.747,77.706,98.043,96.988,94.713,37.000,96.958,44.000,101.114,other,0,-1,8,0
6753,81,105.536,122.952,121.478,99.499,98.462,95.284,121.000,100.167,64.000,122.829,other,0,-1,9,0
6754,147,110.903,118.092,110.745,100.086,99.036,95.674,81.000,100.875,109.000,137.200,other,0,-1,10,0
6755,68,144.138,156.713,152.238,100.976,99.925,96.127,147.000,102.458,132.000,150.314,other,0,-1,11,0
6756,129,144.292,133.286,114.651,100.389,99.285,96.272,68.000,99.792,209.000,163.229,other,0,-1,12,0
6757,107,159.335,155.958,148.538,99.571,98.406,96.369,129.000,96.458,166.000,172.800,other,0,-1,13,0
6758,209,158.919,150.471,134.723,99.056,97.841,96.528,107.000,94.000,242.000,172.257,other,0,-1,14,0
6759,143,184.488,188.018,193.729,98.918,97.666,96.767,209.000,92.625,153.000,183.343,other,0,-1,15,0
6760,134,149.261,148.439,143.647,99.114,97.835,97.075,143.000,92.208,211.000,162.143,other,0,-1,16,0
6761,173,133.431,133.577,129.067,98.338,97.001,97.181,134.000,89.000,164.000,148.800,other,0,-1,17,0
6762,111,119.912,126.650,137.822,98.809,97.455,97.546,173.000,89.375,74.000,128.829,other,0,-1,18,0
6763,77,97.105,97.051,96.511,99.685,98.329,97.997,111.000,90.917,72.000,110.171,other,0,-1,19,0
6764,71,82.583,78.990,76.265,100.098,98.724,98.350,77.000,91.125,67.000,85.143,other,0,-1,20,0
6765,104,68.477,66.585,67.501,100.496,99.103,98.701,71.000,91.292,37.000,75.143,other,0,-1,21,0
6766,100,63.774,69.218,70.754,101.807,100.427,99.242,104.000,94.083,25.000,65.229,other,0,-1,22,0
6767,53,64.472,70.487,67.231,103.233,101.871,99.807,100.000,97.208,42.000,63.543,other,0,-1,23,0
6768,53,52.100,55.685,54.834,103.733,102.355,100.179,53.000,97.667,70.000,61.694,other,0,-1,0,1
6769,77,52.401,56.008,53.874,103.660,102.303,100.440,53.000,96.958,87.000,62.000,other,0,-1,1,1
6770,21,65.632,68.645,58.508,103.690,102.355,100.722,77.000,96.542,38.000,62.222,inside,-1,0,2,1
6771,36,49.804,49.863,48.963,103.617,102.302,100.983,21.000,95.833,34.000,61.389,inside,-1,1,3,1
6772,32,54.970,55.974,54.864,103.820,102.533,101.301,36.000,95.917,66.000,63.583,inside,-1,2,4,1
6773,65,56.731,57.081,58.598,103.502,102.226,101.510,32.000,94.500,94.000,65.139,after,-1,3,5,1
6774,73,67.699,71.061,72.819,103.255,101.993,101.735,65.000,93.292,90.000,66.417,after,-1,4,6,1
6775,76,75.123,79.886,83.439,103.183,101.940,101.996,73.000,92.583,37.000,77.639,after,-1,5,7,1
6776,77,86.908,92.324,94.147,103.922,102.726,102.426,76.000,94.208,121.000,91.833,after,-1,6,8,1
6777,152,103.895,109.774,104.643,103.459,102.269,102.605,77.000,92.375,81.000,109.944,after,-1,7,9,1
6778,147,142.634,144.456,148.654,104.661,103.535,103.133,152.000,95.333,147.000,131.361,after,-1,8,10,1
6779,148,152.926,156.110,156.412,104.835,103.737,103.445,147.000,95.333,68.000,148.500,after,-1,9,11,1
6780,181,164.040,165.736,164.085,106.168,105.138,103.999,148.000,98.667,129.000,174.389,after,-1,10,12,1
6781,189,181.443,181.237,185.800,107.095,106.119,104.469,181.000,100.833,107.000,191.778,after,-1,11,13,1
6782,101,183.217,184.040,189.152,108.457,107.551,105.029,189.000,104.250,209.000,190.222,after,-1,12,14,1
6783,137,164.929,153.951,135.258,107.066,106.133,105.015,101.000,99.750,143.000,183.056,after,-1,13,15,1
6784,244,158.345,152.675,144.444,107.153,106.245,105.309,137.000,99.500,134.000,168.806,after,-1,14,16,1
6785,125,181.390,187.909,191.387,108.921,108.096,105.954,244.000,104.083,173.000,158.750,after,-1,15,17,1
6786,132,129.165,122.275,116.833,108.399,107.579,106.121,125.000,102.083,111.000,131.639,after,-1,16,18,1
6787,80,110.154,107.207,109.868,108.877,108.095,106.497,132.000,102.958,77.000,103.944,after,-1,17,19,1
6788,93,97.816,86.661,84.029,109.095,108.342,106.819,80.000,103.083,71.000,92.389,after,-1,18,20,1
6789,78,80.407,76.686,80.929,109.587,108.874,107.198,93.000,104.000,104.000,77.389,after,-1,19,21,1
6790,86,70.246,68.003,69.257,109.385,108.686,107.431,78.000,102.917,100.000,64.944,after,-1,20,22,1
6791,38,65.887,68.776,64.216,109.356,108.678,107.701,86.000,102.333,53.000,62.889,after,-1,21,23,1
6792,70,59.326,56.356,48.572,109.313,108.655,107.968,38.000,101.708,53.000,59.639,after,-1,22,0,2
6793,91,61.694,66.076,58.223,109.436,108.842,108.071,70.000,102.417,77.000,64.167,after,-1,23,1,2
6794,80,72.483,76.408,61.352,109.515,108.984,108.164,91.000,103.000,21.000,56.194,after,-1,24,2,2
6795,71,71.102,72.943,59.649,110.246,109.801,108.394,80.000,105.458,36.000,60.528,after,-1,25,3,2
6796,72,69.743,70.013,60.051,110.630,110.258,108.551,71.000,106.917,32.000,62.444,after,-1,26,4,2
6797,62,72.144,71.089,64.376,111.086,110.790,108.723,72.000,108.583,65.000,62.833,other,0,-1,5,2
6798,62,73.513,70.064,67.817,110.920,110.677,108.765,62.000,108.458,73.000,70.472,other,0,-1,6,2
6799,58,82.272,75.729,75.297,110.637,110.444,108.782,62.000,108.000,76.000,78.639,other,0,-1,7,2
6800,79,97.043,86.708,83.301,110.253,110.107,108.779,58.000,107.250,77.000,89.639,other,0,-1,8,2
6801,79,114.367,105.113,100.564,110.159,110.069,108.836,79.000,107.333,152.000,104.833,other,0,-1,9,2
6802,742,133.247,127.221,111.937,108.978,108.907,108.666,79.000,104.292,147.000,127.694,inside,1,0,10,2
6803,898,416.961,361.855,396.514,117.474,117.758,110.517,742.000,129.083,148.000,145.361,inside,1,1,11,2
6804,973,425.686,377.420,429.108,128.215,128.934,112.837,898.000,160.333,181.000,159.222,inside,1,2,12,2
6805,1518,429.104,383.651,440.737,139.565,140.739,115.284,973.000,193.333,189.000,182.222,inside,1,3,13,2
6806,641,435.266,400.241,472.452,158.694,160.594,119.356,1518.000,248.708,101.000,185.000,inside,1,4,14,2
6807,2623,401.560,358.199,388.914,166.393,168.621,121.041,641.000,271.208,137.000,172.750,inside,1,5,15,2
6808,159,356.384,408.473,489.725,202.282,205.821,128.612,2623.000,374.792,244.000,158.694,after,1,6,16,2
6809,144,195.829,130.058,153.436,200.927,204.479,128.406,159.000,371.250,125.000,148.139,after,1,7,17,2
6810,78,175.425,99.435,134.214,201.079,204.696,128.515,144.000,372.042,132.000,124.722,after,1,8,18,2
6811,142,167.491,68.694,111.476,200.174,203.819,128.403,78.000,369.792,80.000,108.833,after,1,9,19,2
6812,92,140.807,62.375,111.581,200.949,204.680,128.641,142.000,372.375,93.000,89.361,after,1,10,20,2
6813,77,116.878,48.452,103.658,200.811,204.597,128.689,92.000,372.333,78.000,75.500,after,1,11,21,2
6814,36,103.124,44.298,101.306,200.673,204.515,128.737,77.000,372.292,86.000,67.139,after,1,12,22,2
6815,48,93.784,41.929,99.967,199.826,203.697,128.637,36.000,370.208,38.000,62.722,after,1,13,23,2
6816,53,87.845,41.690,99.633,199.847,203.779,128.718,48.000,370.625,70.000,61.389,after,1,14,0,3
6817,24,87.499,43.910,101.069,199.273,203.238,128.418,53.000,369.917,91.000,64.194,after,1,15,1,3
6818,60,84.230,43.043,100.810,197.975,201.947,127.967,24.000,367.125,80.000,65.056,after,1,16,2,3
6819,87,98.055,47.808,101.726,197.357,201.361,127.658,60.000,366.292,71.000,61.583,after,1,17,3,3
6820,69,124.033,57.522,103.457,197.262,201.314,127.458,87.000,366.958,72.000,61.250,after,1,18,4,3
6821,47,121.334,58.964,105.004,196.890,200.983,127.200,69.000,366.833,62.000,63.500,after,1,19,5,3
6822,45,118.883,61.970,106.362,196.345,200.472,126.906,47.000,366.208,62.000,67.778,after,1,20,6,3
6823,50,129.934,73.116,107.939,195.772,199.931,126.606,45.000,365.500,58.000,79.889,after,1,21,7,3
6824,57,145.382,91.151,110.300,195.328,199.524,126.333,50.000,365.167,79.000,92.417,after,1,22,8,3
6825,119,162.169,116.700,116.435,194.682,198.908,126.018,57.000,364.250,79.000,115.000,after,1,23,9,3
6826,144,211.626,154.579,147.580,194.933,199.221,125.890,119.000,365.917,742.000,126.583,after,1,24,10,3
6827,109,238.926,182.156,172.658,185.943,189.970,123.832,144.000,341.000,898.000,145.861,after,1,25,11,3
6828,130,203.694,176.807,169.504,174.186,177.856,121.197,109.000,308.125,973.000,168.111,after,1,26,12,3
6829,160,210.251,176.701,181.816,161.646,164.932,118.398,130.000,273.000,1518.000,177.472,after,1,27,13,3
6830,215,227.292,177.586,187.430,141.646,144.288,114.041,160.000,216.417,641.000,176.694,after,1,28,14,3
6831,210,305.866,198.477,203.116,135.147,137.615,112.504,215.000,198.667,2623.000,173.972,after,1,29,15,3
6832,113,165.434,180.698,179.795,99.865,101.156,104.955,210.000,98.125,159.000,162.111,other,0,-1,16,3
6833,147,138.569,132.986,124.635,98.871,100.180,104.567,113.000,96.208,144.000,150.028,other,0,-1,17,3
6834,74,120.787,127.849,126.872,98.586,99.939,104.328,147.000,96.333,78.000,132.389,other,0,-1,18,3
6835,127,107.695,97.740,88.982,98.201,99.592,104.067,74.000,96.167,142.000,108.528,other,0,-1,19,3
6836,62,83.600,96.535,97.390,97.656,99.081,103.773,127.000,95.542,92.000,100.083,other,0,-1,20,3
6837,108,74.910,68.014,69.489,96.894,98.345,103.434,62.000,94.292,77.000,85.306,other,0,-1,21,3
6838,69,58.116,74.739,74.983,97.015,98.523,103.279,108.000,95.583,36.000,74.778,other,0,-1,22,3
6839,62,50.904,55.715,59.757,97.165,98.731,103.130,69.000,96.958,48.000,70.444,other,0,-1,23,3
6840,74,46.378,51.350,54.344,97.040,98.655,102.924,62.000,97.542,53.000,60.917,other,0,-1,0,4
6841,79,48.833,59.950,52.928,97.059,98.680,102.626,74.000,98.417,24.000,56.972,other,0,-1,1,4
6842,70,54.298,64.343,53.230,97.571,99.215,102.431,79.000,100.708,60.000,51.583,other,0,-1,2,4
6843,56,54.106,61.643,52.144,97.430,99.076,102.100,70.000,101.125,87.000,54.556,other,0,-1,3,4
6844,28,51.671,56.544,51.441,96.696,98.322,101.646,56.000,99.833,69.000,57.139,other,0,-1,4,4
6845,74,50.136,48.949,49.252,95.817,97.418,101.160,28.000,98.125,47.000,54.694,other,0,-1,5,4
6846,119,62.671,66.307,65.638,95.922,97.533,100.881,74.000,99.250,45.000,65.167,other,0,-1,6,4
6847,88,86.256,90.635,89.135,96.709,98.353,100.744,119.000,102.333,50.000,74.667,other,0,-1,7,4
6848,100,81.630,84.300,89.683,96.974,98.633,100.497,88.000,103.917,57.000,86.667,other,0,-1,8,4
6849,99,98.213,102.926,106.907,97.312,98.988,100.266,100.000,105.708,119.000,109.861,other,0,-1,9,4
6850,122,116.836,122.365,119.603,96.737,98.399,99.845,99.000,104.875,144.000,125.222,other,0,-1,10,4
6851,155,135.981,145.986,141.836,96.133,97.780,99.417,122.000,103.958,109.000,147.361,other,0,-1,11,4
6852,153,155.447,167.556,166.213,96.514,98.180,99.195,155.000,105.875,130.000,161.111,other,0,-1,12,4
6853,177,164.158,167.987,169.518,96.562,98.236,98.904,153.000,106.833,160.000,174.694,other,0,-1,13,4
6854,155,172.401,175.537,180.504,96.523,98.201,98.594,177.000,107.542,215.000,178.167,other,0,-1,14,4
6855,269,163.270,158.631,163.168,95.368,97.012,98.051,155.000,105.042,210.000,172.583,other,0,-1,15,4
6856,134,206.903,222.915,214.179,95.937,97.607,97.869,269.000,107.500,113.000,165.472,other,0,-1,16,4
6857,148,131.119,130.488,131.941,95.956,97.633,97.571,134.000,108.375,147.000,138.861,other,0,-1,17,4
6858,119,110.260,120.600,124.329,95.685,97.358,97.213,148.000,108.417,74.000,121.333,other,0,-1,18,4
6859,110,90.436,97.603,100.072,96.052,97.744,96.988,119.000,110.292,127.000,101.944,other,0,-1,19,4
6860,59,72.471,82.126,86.561,95.520,97.199,96.575,110.000,109.583,62.000,84.222,other,0,-1,20,4
6861,63,62.662,59.907,64.832,95.192,96.865,96.205,59.000,109.458,108.000,70.889,other,0,-1,21,4
6862,71,48.667,51.609,59.932,94.254,95.901,95.708,63.000,107.583,69.000,63.889,other,0,-1,22,4
6863,54,40.124,49.486,56.921,93.998,95.642,95.353,71.000,107.667,62.000,57.111,other,0,-1,23,4
6864,47,35.947,42.635,50.079,93.597,95.232,94.967,54.000,107.333,74.000,38.722,other,0,-1,0,5
6865,47,35.695,42.242,33.181,93.178,94.753,94.684,47.000,106.208,79.000,42.139,other,0,-1,1,5
6866,61,38.439,44.241,33.703,92.686,94.199,94.386,47.000,104.875,70.000,43.389,other,0,-1,2,5
6867,50,47.543,52.237,38.282,92.528,93.990,94.157,61.000,104.500,56.000,43.528,other,0,-1,3,5
6868,34,45.531,48.692,39.231,92.413,93.825,93.937,50.000,104.250,28.000,42.111,other,0,-1,4,5
6869,45,42.933,44.130,40.096,92.471,93.841,93.753,34.000,104.500,74.000,43.028,other,0,-1,5,5
6870,74,49.397,50.676,48.784,92.023,93.332,93.464,45.000,103.292,119.000,55.167,other,0,-1,6,5
6871,43,62.258,66.733,66.243,91.343,92.583,93.126,74.000,101.417,88.000,63.917,other,0,-1,7,5
6872,39,68.357,65.048,64.357,90.663,91.834,92.788,43.000,99.542,100.000,81.722,other,0,-1,8,5
6873,56,86.022,77.060,72.092,89.751,90.845,92.402,39.000,97.000,99.000,98.167,other,0,-1,9,5
6874,154,103.654,95.151,88.789,89.100,90.126,92.070,56.000,95.208,122.000,102.556,other,0,-1,10,5
6875,141,133.357,154.612,153.544,89.536,90.531,91.966,154.000,96.542,155.000,122.722,other,0,-1,11,5
6876,168,142.341,151.487,152.798,89.305,90.247,91.721,141.000,95.958,153.000,141.028,other,0,-1,12,5
6877,135,159.068,168.567,174.318,89.494,90.397,91.565,168.000,96.583,177.000,161.333,other,0,-1,13,5
6878,134,154.450,149.279,152.488,88.858,89.693,91.236,135.000,94.833,155.000,179.778,other,0,-1,14,5
6879,161,150.325,144.553,146.621,88.525,89.304,90.971,134.000,93.958,269.000,180.472,other,0,-1,15,5
6880,131,140.768,146.200,151.222,86.933,87.611,90.443,161.000,89.458,134.000,165.833,other,0,-1,16,5
6881,86,120.608,123.790,120.725,86.861,87.491,90.232,131.000,89.333,148.000,148.556,other,0,-1,17,5
6882,103,105.077,100.858,87.109,85.935,86.487,89.843,86.000,86.750,119.000,114.861,other,0,-1,18,5
6883,96,84.176,87.685,80.792,85.675,86.173,89.593,103.000,86.083,110.000,90.528,other,0,-1,19,5
6884,71,66.794,72.233,68.585,85.444,85.889,89.349,96.000,85.500,59.000,74.972,other,0,-1,20,5
6885,61,54.375,56.831,55.625,85.590,85.994,89.183,71.000,86.000,63.000,60.444,other,0,-1,21,5
6886,55,43.246,47.749,49.309,85.533,85.890,88.976,61.000,85.917,71.000,52.389,other,0,-1,22,5
6887,37,36.008,43.220,45.221,85.273,85.575,88.726,55.000,85.250,54.000,44.139,other,0,-1,23,5
6888,37,32.032,37.790,40.123,84.998,85.246,88.473,37.000,84.542,47.000,32.472,other,0,-1,0,6
6889,37,32.807,39.054,33.798,85.104,85.293,88.552,37.000,84.125,47.000,34.500,other,0,-1,1,6
6890,35,35.430,41.906,35.422,85.209,85.340,88.631,37.000,83.708,61.000,33.361,other,0,-1,2,6
6891,32,37.781,43.274,37.463,85.083,85.146,88.662,35.000,82.625,50.000,35.222,other,0,-1,3,6
6892,39,39.316,43.545,40.285,85.072,85.073,88.717,32.000,81.875,34.000,34.028,other,0,-1,4,6
6893,24,43.959,47.966,46.762,85.395,85.345,88.842,39.000,82.083,45.000,36.611,other,0,-1,5,6
6894,23,43.806,45.237,48.220,85.341,85.226,88.888,24.000,81.208,74.000,38.694,other,0,-1,6,6
6895,66,51.830,50.877,53.983,84.853,84.658,88.844,23.000,79.083,43.000,47.194,other,0,-1,7,6
6896,92,66.601,74.130,76.533,85.436,85.200,89.023,66.000,80.042,39.000,59.167,other,0,-1,8,6
6897,97,84.675,97.012,96.586,86.454,86.191,89.293,92.000,82.250,56.000,78.778,other,0,-1,9,6
6898,130,101.730,109.807,106.896,87.298,87.002,89.527,97.000,83.958,154.000,101.278,other,0,-1,10,6
6899,83,124.960,136.498,132.853,87.201,86.839,89.564,130.000,82.958,141.000,121.778,other,0,-1,11,6
6900,84,132.627,119.384,109.429,86.611,86.166,89.498,83.000,80.542,168.000,140.833,other,0,-1,12,6
6901,174,140.728,127.876,111.815,85.645,85.103,89.353,84.000,77.042,135.000,148.472,other,0,-1,13,6
6902,172,160.665,167.836,169.728,86.460,85.885,89.581,174.000,78.667,134.000,156.639,other,0,-1,14,6
6903,129,154.032,160.996,164.152,87.260,86.651,89.806,172.000,80.250,161.000,153.306,other,0,-1,15,6
6904,145,136.162,136.751,128.210,87.047,86.368,89.818,129.000,78.917,131.000,133.083,other,0,-1,16,6
6905,82,120.766,128.639,126.522,87.500,86.774,89.970,145.000,79.500,86.000,123.667,other,0,-1,17,6
6906,106,105.246,102.889,83.529,87.693,86.911,90.068,82.000,79.333,103.000,102.583,other,0,-1,18,6
6907,62,84.812,88.714,80.258,87.986,87.152,90.187,106.000,79.458,96.000,79.889,other,0,-1,19,6
6908,35,72.403,69.507,57.465,87.744,86.839,90.194,62.000,78.042,71.000,59.111,other,0,-1,20,6
6909,64,60.644,55.146,46.165,87.473,86.496,90.194,35.000,76.542,61.000,47.306,other,0,-1,21,6
6910,39,46.893,50.229,48.426,87.767,86.738,90.313,64.000,76.667,55.000,35.306,other,0,-1,22,6
6911,23,40.696,42.379,42.143,87.785,86.694,90.374,39.000,76.000,37.000,32.556,other,0,-1,23,6
6912,70,36.964,38.131,38.717,87.833,86.681,90.442,23.000,75.417,37.000,61.343,other,0,-1,0,0
6913,71,50.604,56.542,52.422,88.651,87.495,90.880,70.000,76.792,37.000,59.743,other,0,-1,1,0
6914,71,56.683,62.762,54.241,89.484,88.325,91.321,71.000,78.208,35.000,61.829,other,0,-1,2,0
6915,66,61.216,66.607,57.308,90.345,89.184,91.768,71.000,79.708,32.000,63.543,other,0,-1,3,0
6916,70,60.579,66.001,60.459,91.178,90.013,92.210,66.000,81.125,39.000,60.000,other,0,-1,4,0
6917,43,63.290,70.003,67.456,91.967,90.797,92.642,70.000,82.417,24.000,77.171,other,0,-1,5,0
6918,73,52.590,59.941,66.150,92.583,91.402,93.038,43.000,83.208,23.000,77.686,other,0,-1,6,0
6919,64,66.314,79.427,83.597,93.647,92.471,93.527,73.000,85.292,66.000,91.543,other,0,-1,7,0
6920,79,72.296,85.848,88.468,93.958,92.760,93.860,64.000,85.208,92.000,101.114,other,0,-1,8,0
6921,132,89.572,105.365,102.581,94.110,92.885,94.159,79.000,84.667,97.000,122.829,other,0,-1,9,0
6922,112,122.061,142.315,136.446,94.957,93.729,94.603,132.000,86.125,130.000,137.200,other,0,-1,10,0
6923,182,130.757,141.411,132.371,95.037,93.779,94.887,112.000,85.375,83.000,150.314,other,0,-1,11,0
6924,156,173.568,182.657,178.593,96.811,95.583,95.525,182.000,89.500,84.000,163.229,other,0,-1,12,0
6925,148,165.603,167.151,164.260,98.194,96.982,96.081,156.000,92.500,174.000,172.800,other,0,-1,13,0
6926,186,166.092,162.454,158.175,98.158,96.911,96.341,148.000,91.417,172.000,172.257,other,0,-1,14,0
6927,146,171.169,173.835,178.089,98.701,97.441,96.722,186.000,92.000,129.000,183.343,other,0,-1,15,0
6928,167,152.253,147.809,145.657,99.287,98.015,97.111,146.000,92.708,145.000,162.143,other,0,-1,16,0
6929,225,138.323,140.461,147.933,99.946,98.665,97.516,167.000,93.625,82.000,148.800,other,0,-1,17,0
6930,139,149.571,147.266,167.792,102.358,101.128,98.287,225.000,99.583,106.000,128.829,other,0,-1,18,0
6931,65,99.264,99.422,106.820,103.176,101.942,98.726,139.000,100.958,62.000,110.171,other,0,-1,19,0
6932,85,87.465,77.323,72.030,103.560,102.307,99.073,65.000,101.083,35.000,85.143,other,0,-1,20,0
6933,73,70.368,67.791,69.723,104.624,103.376,99.563,85.000,103.167,64.000,75.143,other,0,-1,21,0
6934,76,61.133,60.572,61.069,105.095,103.830,99.928,73.000,103.542,39.000,65.229,other,0,-1,22,0
6935,54,58.131,60.922,58.352,105.971,104.704,100.379,76.000,105.083,23.000,63.543,other,0,-1,23,0
6936,37,54.101,55.859,51.974,106.760,105.489,100.811,54.000,106.375,70.000,61.694,other,0,-1,0,1
6937,57,50.942,51.112,48.067,106.456,105.196,101.023,37.000,105.000,71.000,62.000,other,0,-1,1,1
6938,62,57.438,59.694,51.500,106.427,105.188,101.293,57.000,104.417,71.000,62.222,other,0,-1,2,1
6939,104,62.382,63.693,54.065,106.471,105.255,101.579,62.000,104.042,66.000,61.389,other,0,-1,3,1
6940,55,89.796,85.489,67.665,107.195,106.026,102.006,104.000,105.625,70.000,63.583,other,0,-1,4,1
6941,36,63.004,64.263,61.413,107.152,106.003,102.273,55.000,105.000,43.000,65.139,other,0,-1,5,1
6942,74,63.327,62.581,63.692,107.225,106.100,102.564,36.000,104.708,73.000,66.417,other,0,-1,6,1
6943,57,76.136,79.988,82.375,107.413,106.317,102.879,74.000,104.750,64.000,77.639,other,0,-1,7,1
6944,92,86.855,88.350,86.903,107.486,106.414,103.170,57.000,104.458,79.000,91.833,other,0,-1,8,1
6945,40,106.156,111.836,110.041,107.848,106.811,103.522,92.000,105.000,132.000,109.944,other,0,-1,9,1
6946,194,125.632,128.068,99.924,106.689,105.634,103.556,40.000,101.167,112.000,131.361,other,0,-1,10,1
6947,140,184.498,174.462,182.006,108.051,107.065,104.117,194.000,104.583,182.000,148.500,other,0,-1,11,1
6948,119,162.819,163.337,160.060,107.616,106.637,104.302,140.000,102.833,156.000,174.389,other,0,-1,12,1
6949,186,165.869,162.541,151.910,107.254,106.284,104.502,119.000,101.292,148.000,191.778,other,0,-1,13,1
6950,236,183.630,182.742,187.526,107.979,107.056,104.930,186.000,102.875,186.000,190.222,other,0,-1,14,1
6951,244,206.719,205.525,211.233,108.877,108.007,105.393,236.000,104.958,146.000,183.056,other,0,-1,15,1
6952,251,199.853,200.764,205.414,110.471,109.678,106.002,244.000,109.042,167.000,168.806,other,0,-1,16,1
6953,119,191.527,191.343,195.188,111.861,111.139,106.568,251.000,112.542,225.000,158.750,other,0,-1,17,1
6954,132,128.980,118.634,113.165,110.500,109.752,106.560,119.000,108.125,139.000,131.639,other,0,-1,18,1
6955,130,110.022,103.727,108.491,110.572,109.849,106.851,132.000,107.833,65.000,103.944,other,0,-1,19,1
6956,99,93.008,89.383,97.893,111.688,111.026,107.360,130.000,110.542,85.000,92.389,other,0,-1,20,1
6957,101,79.120,73.607,79.616,112.065,111.437,107.715,99.000,111.125,73.000,77.389,other,0,-1,21,1
6958,101,70.653,69.638,72.757,112.644,112.059,108.112,101.000,112.292,76.000,64.944,other,0,-1,22,1
6959,63,69.146,70.383,66.170,113.180,112.636,108.500,101.000,113.333,54.000,62.889,other,0,-1,23,1
6960,35,60.694,59.033,52.757,113.485,112.972,108.839,63.000,113.708,37.000,59.639,other,0,-1,0,2
6961,55,57.171,53.045,49.734,113.332,112.875,108.884,35.000,113.625,57.000,64.167,other,0,-1,1,2
6962,56,60.299,59.752,52.202,113.180,112.777,108.929,55.000,113.542,62.000,56.194,other,0,-1,2,2
6963,54,62.902,61.472,52.969,112.970,112.619,108.962,56.000,113.292,104.000,60.528,other,0,-1,3,2
6964,32,64.787,61.978,54.664,112.122,111.802,108.862,54.000,111.208,55.000,62.444,other,0,-1,4,2
6965,67,65.175,58.044,54.353,111.666,111.389,108.844,32.000,110.250,36.000,62.833,other,0,-1,5,2
6966,45,75.408,70.080,67.311,111.991,111.786,108.988,67.000,111.542,74.000,70.472,other,0,-1,6,2
6967,57,83.506,72.126,69.761,111.448,111.284,108.952,45.000,110.333,57.000,78.639,other,0,-1,7,2
6968,128,98.650,85.902,82.245,111.325,111.216,109.003,57.000,110.333,92.000,89.639,other,0,-1,8,2
6969,107,122.889,110.784,118.042,111.723,111.688,109.163,128.000,111.833,40.000,104.833,other,0,-1,9,2
6970,142,135.887,126.353,123.372,112.570,112.624,109.417,107.000,114.625,194.000,127.694,other,0,-1,10,2
6971,106,156.290,147.353,150.439,111.694,111.777,109.310,142.000,112.458,140.000,145.361,other,0,-1,11,2
6972,129,162.130,159.023,143.657,111.078,111.200,109.259,106.000,111.042,119.000,159.222,other,0,-1,12,2
6973,151,168.927,166.100,158.241,111.099,111.282,109.340,129.000,111.458,186.000,182.222,other,0,-1,13,2
6974,191,170.981,170.588,167.282,110.469,110.689,109.285,151.000,110.000,236.000,185.000,other,0,-1,14,2
6975,196,174.428,180.146,180.477,109.694,109.947,109.200,191.000,108.125,244.000,172.750,other,0,-1,15,2
6976,128,164.961,174.870,172.034,108.875,109.159,109.106,196.000,106.125,251.000,158.694,other,0,-1,16,2
6977,110,143.959,140.876,126.800,106.970,107.248,108.785,128.000,101.000,119.000,148.139,other,0,-1,17,2
6978,168,129.904,123.339,108.292,106.717,107.045,108.809,110.000,100.625,132.000,124.722,other,0,-1,18,2
6979,162,110.306,126.903,122.167,107.115,107.517,108.969,168.000,102.125,130.000,108.833,other,0,-1,19,2
6980,134,93.896,115.191,109.688,107.455,107.929,109.117,162.000,103.458,99.000,89.361,other,0,-1,20,2
6981,84,78.930,94.307,89.882,107.839,108.386,109.274,134.000,104.917,101.000,75.500,other,0,-1,21,2
6982,74,68.186,70.481,66.312,107.469,108.063,109.273,84.000,104.208,101.000,67.139,other,0,-1,22,2
6983,49,60.839,64.440,57.160,106.955,107.591,109.243,74.000,103.083,63.000,62.722,other,0,-1,23,2
6984,26,56.252,56.511,47.126,106.629,107.313,109.251,49.000,102.500,35.000,61.389,other,0,-1,0,3
6985,69,53.938,52.439,52.526,106.171,106.892,108.975,26.000,102.125,55.000,64.194,other,0,-1,1,3
6986,68,59.132,66.787,59.083,106.046,106.815,108.769,69.000,102.708,56.000,65.056,other,0,-1,2,3
6987,67,61.545,67.394,59.051,105.892,106.708,108.557,68.000,103.208,54.000,61.583,other,0,-1,3,3
6988,66,63.707,67.437,60.638,105.753,106.617,108.347,67.000,103.750,32.000,61.250,other,0,-1,4,3
6989,96,66.185,67.448,64.024,105.917,106.840,108.202,66.000,105.167,67.000,63.500,other,0,-1,5,3
6990,45,79.709,79.817,77.223,106.010,106.989,108.041,96.000,106.375,45.000,67.778,other,0,-1,6,3
6991,69,79.831,70.221,71.567,105.682,106.702,107.792,45.000,106.375,57.000,79.889,other,0,-1,7,3
6992,68,93.957,84.165,87.344,105.528,106.596,107.580,69.000,106.875,128.000,92.417,other,0,-1,8,3
6993,112,112.175,101.583,98.175,104.331,105.410,107.150,68.000,104.375,107.000,115.000,other,0,-1,9,3
6994,114,130.528,125.333,126.023,104.076,105.198,106.916,112.000,104.583,142.000,126.583,other,0,-1,10,3
6995,95,146.881,146.216,138.899,103.343,104.492,106.583,114.000,103.417,106.000,145.861,other,0,-1,11,3
6996,242,157.061,156.805,140.949,102.856,104.041,106.301,95.000,102.958,129.000,168.111,other,0,-1,12,3
6997,202,214.221,210.071,208.803,104.165,105.448,106.394,242.000,107.667,151.000,177.472,other,0,-1,13,3
6998,257,181.782,189.267,190.449,104.576,105.926,106.300,202.000,109.792,191.000,176.694,other,0,-1,14,3
6999,170,208.872,220.040,213.389,105.205,106.629,106.251,257.000,112.542,196.000,173.972,other,0,-1,15,3
7000,139,156.488,161.355,161.465,104.500,105.953,105.923,170.000,111.458,128.000,162.111,other,0,-1,16,3
7001,216,140.367,138.894,136.183,104.332,105.832,105.708,139.000,111.917,110.000,150.028,other,0,-1,17,3
7002,89,132.770,168.518,159.122,105.540,107.134,105.780,216.000,116.333,168.000,132.389,other,0,-1,18,3
7003,111,108.250,98.462,94.342,104.068,105.663,105.292,89.000,113.042,162.000,108.528,other,0,-1,19,3
7004,110,86.591,89.574,92.192,103.001,104.612,104.889,111.000,110.917,134.000,100.083,other,0,-1,20,3
7005,85,70.308,80.185,83.295,102.326,103.966,104.568,110.000,109.917,84.000,85.306,other,0,-1,21,3
7006,112,59.678,64.359,69.549,102.013,103.695,104.322,85.000,109.958,74.000,74.778,other,0,-1,22,3
7007,89,55.614,73.349,70.604,102.235,103.978,104.189,112.000,111.542,49.000,70.444,other,0,-1,23,3
7008,76,50.654,61.011,61.022,102.487,104.291,104.061,89.000,113.208,26.000,60.917,other,0,-1,0,4
7009,42,50.152,60.684,54.620,102.926,104.751,103.851,76.000,115.292,69.000,56.972,other,0,-1,1,4
7010,55,44.458,48.928,47.697,102.250,104.057,103.408,42.000,114.167,68.000,51.583,other,0,-1,2,4
7011,58,49.684,55.079,50.258,101.776,103.573,103.008,55.000,113.625,67.000,54.556,other,0,-1,3,4
7012,41,53.163,57.272,52.703,101.360,103.149,102.620,58.000,113.250,66.000,57.139,other,0,-1,4,4
7013,56,52.299,52.448,52.727,100.713,102.485,102.183,41.000,112.208,96.000,54.694,other,0,-1,5,4
7014,76,59.582,59.801,61.435,99.848,101.596,101.701,56.000,110.542,45.000,65.167,other,0,-1,6,4
7015,41,70.113,71.366,75.129,100.012,101.771,101.433,76.000,111.833,69.000,74.667,other,0,-1,7,4
7016,110,83.516,74.143,74.573,99.321,101.062,100.988,41.000,110.667,68.000,86.667,other,0,-1,8,4
7017,97,100.340,106.758,111.960,99.644,101.402,100.753,110.000,112.417,112.000,109.861,other,0,-1,9,4
7018,94,118.172,122.748,120.391,99.141,100.888,100.347,97.000,111.792,114.000,125.222,other,0,-1,10,4
7019,146,136.277,139.882,131.699,98.566,100.299,99.925,94.000,110.958,95.000,147.361,other,0,-1,11,4
7020,159,154.825,165.141,165.091,99.020,100.774,99.719,146.000,113.083,242.000,161.111,other,0,-1,12,4
7021,132,166.403,171.244,175.503,97.532,99.240,99.106,159.000,109.625,202.000,174.694,other,0,-1,13,4
7022,238,164.467,156.765,160.899,96.233,97.901,98.533,132.000,106.708,257.000,178.167,other,0,-1,14,4
7023,81,197.391,207.733,208.390,95.672,97.327,98.115,238.000,105.917,170.000,172.583,other,0,-1,15,4
7024,150,145.871,131.143,121.927,94.098,95.704,97.484,81.000,102.208,139.000,165.472,other,0,-1,16,4
7025,177,130.811,135.121,138.512,93.972,95.579,97.157,150.000,102.667,216.000,138.861,other,0,-1,17,4
7026,199,111.393,132.940,136.812,93.121,94.705,96.677,177.000,101.042,89.000,121.333,other,0,-1,18,4
7027,82,97.745,136.740,132.469,94.430,96.065,96.649,199.000,105.625,111.000,101.944,other,0,-1,19,4
7028,104,75.572,76.208,77.787,93.724,95.341,96.200,82.000,104.417,110.000,84.222,other,0,-1,20,4
7029,60,56.789,71.877,76.033,93.352,94.961,95.821,104.000,104.167,85.000,70.889,other,0,-1,21,4
7030,57,48.597,52.260,59.115,92.704,94.297,95.384,60.000,103.125,112.000,63.889,other,0,-1,22,4
7031,48,39.743,46.898,53.901,91.622,93.183,94.857,57.000,100.833,89.000,57.111,other,0,-1,23,4
7032,56,35.150,42.598,48.759,90.743,92.279,94.371,48.000,99.125,76.000,38.722,other,0,-1,0,5
7033,37,37.338,48.485,33.861,90.425,91.905,94.109,56.000,98.292,42.000,42.139,other,0,-1,1,5
7034,44,35.075,43.138,31.149,90.325,91.756,93.893,37.000,98.083,55.000,43.389,other,0,-1,2,5
7035,47,39.838,47.369,34.007,90.137,91.516,93.658,44.000,97.625,58.000,43.528,other,0,-1,3,5
7036,56,43.597,49.610,37.684,89.950,91.277,93.423,47.000,97.167,41.000,42.111,other,0,-1,4,5
7037,55,49.422,54.333,44.656,90.139,91.427,93.266,56.000,97.792,56.000,43.028,other,0,-1,5,5
7038,55,51.441,55.602,51.004,90.096,91.338,93.062,55.000,97.750,76.000,55.167,other,0,-1,6,5
7039,59,56.707,60.014,59.129,89.764,90.949,92.796,55.000,96.875,41.000,63.917,other,0,-1,7,5
7040,45,67.816,70.031,70.062,89.997,91.144,92.649,59.000,97.625,110.000,81.722,other,0,-1,8,5
7041,101,84.885,78.709,74.353,89.027,90.095,92.251,45.000,94.917,97.000,98.167,other,0,-1,9,5
7042,66,103.330,112.404,111.266,89.057,90.081,92.061,101.000,95.083,94.000,102.556,other,0,-1,10,5
7043,167,120.234,110.750,102.482,88.623,89.587,91.775,66.000,93.917,146.000,122.722,other,0,-1,11,5
7044,136,150.638,168.079,169.885,88.899,89.827,91.637,167.000,94.792,159.000,141.028,other,0,-1,12,5
7045,249,149.860,150.763,153.507,88.538,89.408,91.366,136.000,93.833,132.000,161.333,other,0,-1,13,5
7046,112,215.604,229.148,229.343,90.205,91.087,91.518,249.000,98.708,238.000,179.778,other,0,-1,14,5
7047,172,148.562,138.013,134.104,88.351,89.124,90.935,112.000,93.458,81.000,180.472,other,0,-1,15,5
7048,184,143.124,150.753,158.868,89.642,90.414,91.009,172.000,97.250,150.000,165.833,other,0,-1,16,5
7049,117,126.526,142.730,149.845,90.106,90.849,90.910,184.000,98.667,177.000,148.556,other,0,-1,17,5
7050,73,101.340,104.886,99.207,89.209,89.875,90.527,117.000,96.167,199.000,114.861,other,0,-1,18,5
7051,65,87.822,82.306,70.955,87.355,87.912,89.944,73.000,90.917,82.000,90.528,other,0,-1,19,5
7052,88,70.678,66.124,60.004,87.081,87.583,89.691,65.000,90.208,104.000,74.972,other,0,-1,20,5
7053,54,51.657,58.139,59.072,86.821,87.268,89.441,88.000,89.542,60.000,60.444,other,0,-1,21,5
7054,50,42.816,44.172,47.574,86.706,87.104,89.221,54.000,89.292,57.000,52.389,other,0,-1,22,5
7055,38,35.129,39.732,43.946,86.577,86.925,88.998,50.000,89.000,48.000,44.139,other,0,-1,23,5
7056,32,31.222,35.978,39.954,86.404,86.700,88.766,38.000,88.583,56.000,32.472,other,0,-1,0,6
7057,44,31.152,34.724,32.285,86.306,86.537,88.803,32.000,87.583,37.000,34.500,other,0,-1,1,6
7058,21,37.442,42.239,36.242,86.658,86.839,88.934,44.000,87.875,44.000,33.361,other,0,-1,2,6
7059,16,33.239,35.485,34.011,86.575,86.690,88.974,21.000,86.917,47.000,35.222,other,0,-1,3,6
7060,39,34.545,35.473,36.135,86.376,86.422,88.990,16.000,85.625,56.000,34.028,other,0,-1,4,6
7061,43,43.840,45.885,46.128,86.380,86.364,89.048,39.000,84.917,55.000,36.611,other,0,-1,5,6
7062,33,47.799,50.219,53.229,86.457,86.381,89.121,43.000,84.417,55.000,38.694,other,0,-1,6,6
7063,27,51.929,52.219,56.788,86.388,86.248,89.164,33.000,83.500,59.000,47.194,other,0,-1,7,6
7064,70,64.709,60.084,61.621,86.175,85.964,89.177,27.000,82.167,45.000,59.167,other,0,-1,8,6
7065,39,81.360,85.250,85.921,86.787,86.536,89.363,70.000,83.208,101.000,78.778,other,0,-1,9,6
7066,87,101.107,85.106,79.096,86.139,85.803,89.285,39.000,80.625,66.000,101.278,other,0,-1,10,6
7067,148,118.887,111.765,107.731,86.694,86.314,89.458,87.000,81.500,167.000,121.778,other,0,-1,11,6
7068,173,143.766,151.144,149.905,86.669,86.226,89.510,148.000,80.708,136.000,140.833,other,0,-1,12,6
7069,197,161.065,168.395,170.097,87.455,86.977,89.732,173.000,82.250,249.000,148.472,other,0,-1,13,6
7070,158,172.744,181.833,187.124,86.952,86.394,89.684,197.000,80.083,112.000,156.639,other,0,-1,14,6
7071,134,152.188,152.388,154.681,87.869,87.280,89.933,158.000,82.000,172.000,153.306,other,0,-1,15,6
7072,158,138.630,135.271,131.321,87.569,86.907,89.927,134.000,80.417,184.000,133.083,other,0,-1,16,6
7073,87,123.459,129.710,134.096,87.442,86.714,89.958,158.000,79.333,117.000,123.667,other,0,-1,17,6
7074,73,108.902,99.320,85.664,87.258,86.461,89.977,87.000,78.083,73.000,102.583,other,0,-1,18,6
7075,120,92.178,81.847,69.724,87.508,86.658,90.087,73.000,78.083,65.000,79.889,other,0,-1,19,6
7076,53,69.341,73.945,73.572,88.555,87.679,90.363,120.000,80.375,88.000,59.111,other,0,-1,20,6
7077,45,60.254,53.435,50.156,88.299,87.351,90.367,53.000,78.917,54.000,47.306,other,0,-1,21,6
7078,30,48.634,45.146,45.539,88.418,87.412,90.449,45.000,78.542,50.000,35.306,other,0,-1,22,6
7079,19,41.455,39.272,41.351,88.379,87.309,90.498,30.000,77.708,38.000,32.556,other,0,-1,23,6
7080,55,37.165,36.224,38.797,88.354,87.221,90.550,19.000,76.917,32.000,61.343,other,0,-1,0,0
7081,77,44.116,48.806,48.735,89.027,87.885,90.958,55.000,77.875,44.000,59.743,other,0,-1,1,0
7082,75,59.708,65.442,54.977,89.846,88.699,91.397,77.000,79.250,21.000,61.829,other,0,-1,2,0
7083,65,63.363,68.297,57.651,90.968,89.828,91.898,75.000,81.500,16.000,63.543,other,0,-1,3,0
7084,41,59.673,64.691,59.530,92.018,90.883,92.385,65.000,83.542,39.000,60.000,other,0,-1,4,0
7085,55,49.561,54.458,58.611,92.387,91.232,92.730,41.000,83.625,43.000,77.171,other,0,-1,5,0
7086,95,56.221,63.840,68.964,92.901,91.732,93.104,55.000,84.125,33.000,77.686,other,0,-1,6,0
7087,92,78.103,90.400,91.070,94.140,92.980,93.630,95.000,86.708,27.000,91.543,other,0,-1,7,0
7088,108,80.689,97.085,99.098,95.421,94.274,94.165,92.000,89.417,70.000,101.114,other,0,-1,8,0
7089,106,98.013,117.397,115.419,96.312,95.164,94.619,108.000,91.000,39.000,122.829,other,0,-1,9,0
7090,164,113.219,128.939,122.760,97.623,96.488,95.160,106.000,93.792,87.000,137.200,other,0,-1,10,0
7091,120,152.839,168.198,162.233,99.079,97.961,95.731,164.000,97.000,148.000,150.314,other,0,-1,11,0
7092,132,148.614,149.936,141.248,99.013,97.861,95.985,120.000,95.833,173.000,163.229,other,0,-1,12,0
7093,106,159.962,157.620,149.905,98.759,97.566,96.199,132.000,94.125,197.000,172.800,other,0,-1,13,0
7094,87,159.575,151.102,133.788,97.781,96.522,96.262,106.000,90.333,158.000,172.257,other,0,-1,14,0
7095,234,155.870,145.710,119.722,97.093,95.777,96.386,87.000,87.375,134.000,183.343,other,0,-1,15,0
7096,247,188.461,193.348,202.403,98.882,97.595,97.027,234.000,91.542,158.000,162.143,other,0,-1,16,0
7097,103,185.700,183.753,198.659,100.511,99.249,97.634,247.000,95.250,87.000,148.800,other,0,-1,17,0
7098,126,116.059,114.115,103.395,101.083,99.809,98.021,103.000,95.917,73.000,128.829,other,0,-1,18,0
7099,165,97.407,99.636,101.185,102.191,100.923,98.520,126.000,98.125,120.000,110.171,other,0,-1,19,0
7100,135,92.484,95.262,103.988,103.183,101.917,98.994,165.000,100.000,53.000,85.143,other,0,-1,20,0
7101,96,76.229,81.402,82.759,104.711,103.466,99.581,135.000,103.417,45.000,75.143,other,0,-1,21,0
7102,64,62.938,68.440,66.224,105.790,104.550,100.074,96.000,105.542,30.000,65.229,other,0,-1,22,0
7103,52,55.423,59.383,55.835,106.623,105.379,100.515,64.000,106.958,19.000,63.543,other,0,-1,23,0
7104,60,53.205,56.987,51.852,107.441,106.193,100.953,52.000,108.333,55.000,61.694,other,0,-1,0,1
7105,64,55.141,59.929,52.736,107.688,106.470,101.281,60.000,108.542,77.000,62.000,other,0,-1,1,1
7106,49,60.050,64.111,53.232,107.673,106.477,101.554,64.000,108.000,75.000,62.222,other,0,-1,2,1
7107,86,57.422,60.172,51.891,107.471,106.289,101.787,49.000,106.917,65.000,61.389,other,0,-1,3,1
7108,69,77.458,77.720,63.307,107.949,106.806,102.163,86.000,107.792,41.000,63.583,other,0,-1,4,1
7109,84,68.502,71.064,65.038,108.528,107.427,102.560,69.000,108.958,55.000,65.139,other,0,-1,5,1
7110,107,76.254,79.711,76.393,109.122,108.064,102.960,84.000,110.167,95.000,66.417,other,0,-1,6,1
7111,67,90.648,94.140,93.139,109.470,108.446,103.309,107.000,110.667,92.000,77.639,other,0,-1,7,1
7112,104,86.623,91.445,90.379,109.282,108.273,103.546,67.000,109.625,108.000,91.833,other,0,-1,8,1
7113,109,108.627,115.434,115.059,109.398,108.415,103.846,104.000,109.458,106.000,109.944,other,0,-1,9,1
7114,132,127.320,133.898,128.501,109.615,108.662,104.167,109.000,109.583,164.000,131.361,other,0,-1,10,1
7115,82,149.373,152.859,149.365,109.326,108.384,104.383,132.000,108.250,120.000,148.500,other,0,-1,11,1
7116,179,152.524,155.183,131.624,108.949,108.016,104.580,82.000,106.667,132.000,174.389,other,0,-1,12,1
7117,179,183.807,180.829,185.520,109.804,108.923,105.035,179.000,108.625,106.000,191.778,other,0,-1,13,1
7118,179,181.856,180.370,184.117,111.035,110.219,105.568,179.000,111.667,87.000,190.222,other,0,-1,14,1
7119,187,175.873,175.120,177.897,112.542,111.800,106.158,179.000,115.500,234.000,183.056,other,0,-1,15,1
7120,181,166.804,169.083,171.938,112.035,111.297,106.329,187.000,113.542,247.000,168.806,other,0,-1,16,1
7121,106,149.482,153.242,155.780,111.253,110.510,106.441,181.000,110.792,103.000,158.750,other,0,-1,17,1
7122,144,129.421,119.930,108.609,111.470,110.757,106.763,106.000,110.917,126.000,131.639,other,0,-1,18,1
7123,95,109.460,109.615,113.999,111.905,111.228,107.129,144.000,111.667,165.000,103.944,other,0,-1,19,1
7124,63,94.090,86.829,88.745,111.065,110.381,107.230,95.000,108.750,135.000,92.389,other,0,-1,20,1
7125,101,81.859,71.693,72.582,110.196,109.504,107.325,63.000,105.750,96.000,77.389,other,0,-1,21,1
7126,40,70.354,72.065,75.980,110.442,109.780,107.652,101.000,105.958,64.000,64.944,other,0,-1,22,1
7127,58,62.231,55.990,54.144,110.269,109.622,107.892,40.000,104.958,52.000,62.889,other,0,-1,23,1
7128,60,59.636,59.343,53.487,110.529,109.914,108.222,58.000,105.208,60.000,59.639,other,0,-1,0,2
7129,61,59.464,61.206,56.381,110.406,109.847,108.273,60.000,105.208,64.000,64.167,other,0,-1,1,2
7130,90,61.784,62.919,55.399,110.239,109.734,108.315,61.000,105.083,49.000,56.194,other,0,-1,2,2
7131,68,77.547,76.345,61.887,110.710,110.281,108.490,90.000,106.792,86.000,60.528,other,0,-1,3,2
7132,46,69.398,67.773,59.327,110.326,109.943,108.487,68.000,106.042,69.000,62.444,other,0,-1,4,2
7133,65,66.228,62.034,58.503,109.869,109.530,108.469,46.000,105.083,84.000,62.833,other,0,-1,5,2
7134,79,74.465,70.013,68.129,109.471,109.178,108.462,65.000,104.292,107.000,70.472,other,0,-1,6,2
7135,58,84.570,78.651,79.385,108.942,108.690,108.428,79.000,103.125,67.000,78.639,other,0,-1,7,2
7136,79,97.285,86.239,82.937,108.688,108.488,108.452,58.000,102.750,104.000,89.639,other,0,-1,8,2
7137,117,114.812,104.822,100.247,108.203,108.045,108.428,79.000,101.708,109.000,104.833,other,0,-1,9,2
7138,101,134.702,126.190,126.500,108.195,108.097,108.503,117.000,102.042,132.000,127.694,other,0,-1,10,2
7139,149,149.551,146.145,131.343,107.623,107.565,108.460,101.000,100.750,82.000,145.361,other,0,-1,11,2
7140,78,164.982,162.267,161.146,108.470,108.501,108.714,149.000,103.542,179.000,159.222,other,0,-1,12,2
7141,142,163.056,159.802,133.849,106.884,106.919,108.460,78.000,99.333,179.000,182.222,other,0,-1,13,2
7142,213,167.395,168.049,160.781,106.225,106.297,108.399,142.000,97.792,179.000,185.000,other,0,-1,14,2
7143,170,181.182,190.168,190.402,106.594,106.739,108.553,213.000,99.208,187.000,172.750,other,0,-1,15,2
7144,171,158.089,164.132,158.077,106.224,106.416,108.552,170.000,98.500,181.000,158.694,other,0,-1,16,2
7145,195,145.320,153.225,146.495,105.956,106.198,108.573,171.000,98.083,106.000,148.139,other,0,-1,17,2
7146,116,133.112,152.804,145.598,107.122,107.465,108.893,195.000,101.792,144.000,124.722,other,0,-1,18,2
7147,85,111.035,108.633,99.922,106.593,106.977,108.860,116.000,100.625,95.000,108.833,other,0,-1,19,2
7148,74,96.103,89.069,80.155,106.325,106.760,108.881,85.000,100.208,63.000,89.361,other,0,-1,20,2
7149,80,81.159,75.195,68.945,106.361,106.857,108.965,74.000,100.667,101.000,75.500,other,0,-1,21,2
7150,79,67.836,68.224,63.062,105.934,106.474,108.953,80.000,99.792,40.000,67.139,other,0,-1,22,2
7151,55,60.554,64.692,56.554,106.375,106.991,109.122,79.000,101.417,58.000,62.722,other,0,-1,23,2
7152,67,55.878,56.844,46.308,106.209,106.878,109.164,55.000,101.292,60.000,61.389,other,0,-1,0,3
7153,64,56.243,63.256,57.732,105.982,106.697,108.936,67.000,101.583,61.000,64.194,other,0,-1,1,3
7154,54,57.584,63.395,55.882,105.698,106.455,108.697,64.000,101.708,90.000,65.056,other,0,-1,2,3
7155,39,57.556,60.833,54.189,104.849,105.629,108.339,54.000,100.208,68.000,61.583,other,0,-1,3,3
7156,95,57.514,57.097,53.154,104.101,104.908,108.003,39.000,99.000,46.000,61.250,other,0,-1,4,3
7157,47,77.737,78.574,69.349,104.483,105.356,107.902,95.000,101.042,65.000,63.500,other,0,-1,5,3
7158,62,68.714,63.774,63.777,103.895,104.800,107.599,47.000,100.292,79.000,67.778,other,0,-1,6,3
7159,70,79.403,72.616,75.013,103.321,104.259,107.299,62.000,99.583,58.000,79.889,other,0,-1,7,3
7160,69,93.935,84.165,87.128,103.167,104.152,107.087,70.000,100.083,79.000,92.417,other,0,-1,8,3
7161,94,112.153,101.548,98.375,102.694,103.716,106.808,69.000,99.667,117.000,115.000,other,0,-1,9,3
7162,107,130.249,124.674,119.520,102.034,103.084,106.489,94.000,98.708,101.000,126.583,other,0,-1,10,3
7163,134,146.751,145.982,136.363,101.793,102.888,106.259,107.000,98.958,149.000,145.861,other,0,-1,11,3
7164,160,160.714,161.141,156.042,101.248,102.377,105.965,134.000,98.333,78.000,168.111,other,0,-1,12,3
7165,141,170.697,172.526,171.629,102.108,103.319,105.964,160.000,101.750,142.000,177.472,other,0,-1,13,3
7166,138,167.500,165.561,163.035,101.766,103.018,105.713,141.000,101.708,213.000,176.694,other,0,-1,14,3
7167,112,161.375,159.002,155.324,100.352,101.607,105.237,138.000,98.583,170.000,173.972,other,0,-1,15,3
7168,211,149.825,144.472,134.816,99.184,100.451,104.813,112.000,96.167,171.000,162.111,other,0,-1,16,3
7169,139,148.716,171.958,168.440,99.436,100.765,104.685,211.000,97.833,195.000,150.028,other,0,-1,17,3
7170,194,120.124,125.693,123.454,98.297,99.639,104.267,139.000,95.500,116.000,132.389,other,0,-1,18,3
7171,69,105.120,146.953,135.643,99.099,100.522,104.255,194.000,98.750,85.000,108.528,other,0,-1,19,3
7172,74,90.596,83.031,78.395,98.539,99.995,103.958,69.000,98.083,74.000,100.083,other,0,-1,20,3
7173,77,73.026,71.682,72.079,98.212,99.709,103.709,74.000,98.083,80.000,85.306,other,0,-1,21,3
7174,75,58.962,64.607,66.068,97.841,99.377,103.451,77.000,97.958,79.000,74.778,other,0,-1,22,3
7175,52,50.453,59.627,59.918,97.455,99.031,103.190,75.000,97.792,55.000,70.444,other,0,-1,23,3
7176,58,45.912,50.468,50.797,97.084,98.700,102.933,52.000,97.667,67.000,60.917,other,0,-1,0,4
7177,43,44.870,55.508,48.273,96.668,98.275,102.544,58.000,97.292,64.000,56.972,other,0,-1,1,4
7178,40,43.759,51.399,44.609,96.079,97.671,102.120,43.000,96.417,54.000,51.583,other,0,-1,2,4
7179,60,45.175,51.371,44.516,95.590,97.172,101.716,40.000,95.833,39.000,54.556,other,0,-1,3,4
7180,75,52.783,59.513,50.597,95.609,97.197,101.419,60.000,96.708,95.000,57.139,other,0,-1,4,4
7181,52,60.469,66.254,58.269,95.034,96.608,100.997,75.000,95.875,47.000,54.694,other,0,-1,5,4
7182,48,57.672,59.358,58.879,94.821,96.394,100.651,52.000,96.083,62.000,65.167,other,0,-1,6,4
7183,88,66.373,63.952,65.767,94.333,95.894,100.248,48.000,95.500,70.000,74.667,other,0,-1,7,4
7184,74,80.923,84.225,89.140,94.309,95.875,99.941,88.000,96.250,69.000,86.667,other,0,-1,8,4
7185,104,97.291,96.456,96.631,94.096,95.660,99.595,74.000,96.458,94.000,109.861,other,0,-1,9,4
7186,143,116.368,123.374,122.042,93.955,95.521,99.264,104.000,96.875,107.000,125.222,other,0,-1,10,4
7187,193,138.870,153.346,152.079,94.192,95.771,99.012,143.000,98.375,134.000,147.361,other,0,-1,11,4
7188,134,170.020,188.165,185.876,94.761,96.366,98.829,193.000,100.833,160.000,161.111,other,0,-1,12,4
7189,212,160.277,160.667,160.777,94.099,95.687,98.389,134.000,99.750,141.000,174.694,other,0,-1,13,4
7190,144,186.444,197.059,199.331,94.842,96.462,98.243,212.000,102.708,138.000,178.167,other,0,-1,14,4
7191,105,161.835,154.814,159.132,94.644,96.263,97.900,144.000,102.958,112.000,172.583,other,0,-1,15,4
7192,231,147.279,135.401,131.570,94.257,95.868,97.518,105.000,102.667,211.000,165.472,other,0,-1,16,4
7193,162,153.512,179.167,179.526,94.261,95.879,97.217,231.000,103.500,139.000,138.861,other,0,-1,17,4
7194,153,110.736,125.700,130.384,94.309,95.934,96.925,162.000,104.458,194.000,121.333,other,0,-1,18,4
7195,46,89.374,109.173,113.201,93.430,95.030,96.440,153.000,102.750,69.000,101.944,other,0,-1,19,4
7196,75,83.488,72.192,69.035,92.812,94.396,96.010,46.000,101.792,74.000,84.222,other,0,-1,20,4
7197,55,61.708,63.101,69.468,92.541,94.122,95.652,75.000,101.833,77.000,70.889,other,0,-1,21,4
7198,58,51.056,50.789,59.139,91.937,93.503,95.224,55.000,100.917,75.000,63.889,other,0,-1,22,4
7199,53,41.213,46.558,55.248,91.405,92.958,94.811,58.000,100.208,52.000,57.111,other,0,-1,23,4
7200,32,36.622,43.427,50.812,91.134,92.684,94.453,53.000,100.250,58.000,38.722,other,0,-1,0,5
7201,34,34.137,38.853,30.289,90.730,92.220,94.173,32.000,99.167,43.000,42.139,other,0,-1,1,5
7202,42,35.729,40.938,30.930,90.571,92.010,93.944,34.000,98.792,40.000,43.389,other,0,-1,2,5
7203,56,40.238,45.341,33.923,90.572,91.966,93.748,42.000,98.875,60.000,43.528,other,0,-1,3,5
7204,64,48.093,52.349,40.013,90.486,91.832,93.535,56.000,98.708,75.000,42.111,other,0,-1,4,5
7205,39,53.710,56.990,47.061,90.298,91.592,93.300,64.000,98.250,52.000,43.028,other,0,-1,5,5
7206,62,48.588,49.397,46.707,90.082,91.323,93.059,39.000,97.708,48.000,55.167,other,0,-1,6,5
7207,31,59.014,62.295,61.739,90.257,91.458,92.899,62.000,98.292,88.000,63.917,other,0,-1,7,5
7208,60,70.044,62.886,59.961,89.403,90.530,92.525,31.000,95.917,74.000,81.722,other,0,-1,8,5
7209,84,85.264,82.711,80.538,89.172,90.245,92.281,60.000,95.333,104.000,98.167,other,0,-1,9,5
7210,127,103.459,104.977,102.117,88.854,89.871,92.019,84.000,94.500,143.000,102.556,other,0,-1,10,5
7211,98,124.919,137.315,136.112,88.594,89.557,91.769,127.000,93.833,193.000,122.722,other,0,-1,11,5
7212,68,135.392,130.916,126.472,87.190,88.058,91.280,98.000,89.875,134.000,141.028,other,0,-1,12,5
7213,116,141.591,127.249,114.340,86.206,86.994,90.878,68.000,87.125,212.000,161.333,other,0,-1,13,5
7214,88,147.654,142.729,140.459,84.787,85.481,90.386,116.000,83.125,144.000,179.778,other,0,-1,14,5
7215,157,140.156,133.430,120.728,83.948,84.567,90.015,88.000,80.792,105.000,180.472,other,0,-1,15,5
7216,128,137.157,145.419,148.797,84.673,85.272,89.971,157.000,82.958,231.000,165.833,other,0,-1,16,5
7217,90,116.324,124.688,118.576,83.153,83.653,89.458,128.000,78.667,162.000,148.556,other,0,-1,17,5
7218,120,99.353,103.677,87.645,82.082,82.500,89.038,90.000,75.667,153.000,114.861,other,0,-1,18,5
7219,66,79.010,93.154,85.646,81.575,81.931,88.737,120.000,74.292,46.000,90.528,other,0,-1,19,5
7220,101,67.245,70.394,58.612,81.837,82.156,88.596,66.000,75.125,75.000,74.972,other,0,-1,20,5
7221,33,49.372,65.550,60.585,82.186,82.471,88.472,101.000,76.208,55.000,60.444,other,0,-1,21,5
7222,31,43.721,44.950,41.298,81.839,82.067,88.204,33.000,75.292,58.000,52.389,other,0,-1,22,5
7223,64,34.813,39.222,37.953,81.419,81.588,87.921,31.000,74.167,53.000,44.139,other,0,-1,23,5
7224,34,33.592,48.179,41.521,81.551,81.678,87.753,64.000,74.625,32.000,32.472,other,0,-1,0,6
7225,27,30.826,39.677,31.128,81.830,81.905,87.868,34.000,74.708,34.000,34.500,other,0,-1,1,6
7226,46,31.499,39.622,31.465,81.979,81.997,87.957,27.000,74.417,42.000,33.361,other,0,-1,2,6
7227,24,41.161,49.868,38.293,82.287,82.253,88.078,46.000,74.583,56.000,35.222,other,0,-1,3,6
7228,21,35.667,41.856,36.956,82.074,81.970,88.091,24.000,73.250,64.000,34.028,other,0,-1,4,6
7229,45,37.524,42.395,40.776,81.701,81.522,88.071,21.000,71.458,39.000,36.611,other,0,-1,5,6
7230,40,47.254,54.184,53.382,82.038,81.808,88.199,45.000,71.708,62.000,38.694,other,0,-1,6,6
7231,63,51.133,57.280,58.682,81.970,81.675,88.242,40.000,70.792,31.000,47.194,other,0,-1,7,6
7232,87,64.421,74.387,74.861,82.684,82.352,88.448,63.000,72.125,60.000,59.167,other,0,-1,8,6
7233,89,81.869,95.731,93.803,83.325,82.953,88.640,87.000,73.250,84.000,78.778,other,0,-1,9,6
7234,104,98.223,106.879,102.375,83.648,83.224,88.764,89.000,73.458,127.000,101.278,other,0,-1,10,6
7235,160,116.963,122.426,116.865,83.565,83.076,88.804,104.000,72.500,98.000,121.778,other,0,-1,11,6
7236,156,147.670,160.948,157.608,84.713,84.202,89.102,160.000,75.083,68.000,140.833,other,0,-1,12,6
7237,119,153.184,158.761,157.277,86.238,85.718,89.477,156.000,78.750,116.000,148.472,other,0,-1,13,6
7238,141,149.360,142.549,132.087,86.532,85.960,89.596,119.000,78.875,88.000,156.639,other,0,-1,14,6
7239,148,148.934,147.511,142.849,87.550,86.951,89.866,141.000,81.083,157.000,153.306,other,0,-1,15,6
7240,164,138.567,141.963,139.926,87.670,87.012,89.949,148.000,80.708,128.000,133.083,other,0,-1,16,6
7241,69,123.663,134.130,137.857,88.442,87.749,90.167,164.000,82.208,90.000,123.667,other,0,-1,17,6
7242,92,109.337,101.416,78.748,88.388,87.630,90.213,69.000,81.333,120.000,102.583,other,0,-1,18,6
7243,43,88.791,87.032,75.824,88.233,87.407,90.238,92.000,80.167,66.000,79.889,other,0,-1,19,6
7244,45,78.866,69.062,53.536,88.150,87.259,90.278,43.000,79.208,101.000,59.111,other,0,-1,20,6
7245,49,62.392,55.964,48.484,87.589,86.616,90.218,45.000,76.875,33.000,47.306,other,0,-1,21,6
7246,51,49.479,48.116,46.139,88.071,87.052,90.377,49.000,77.542,31.000,35.306,other,0,-1,22,6
7247,36,42.777,45.522,44.970,88.611,87.549,90.547,51.000,78.375,64.000,32.556,other,0,-1,23,6
7248,39,39.414,41.752,41.492,88.455,87.326,90.572,36.000,77.208,34.000,61.343,other,0,-1,0,0
7249,65,40.680,43.610,46.291,88.868,87.720,90.925,39.000,77.417,27.000,59.743,other,0,-1,1,0
7250,60,53.814,59.107,53.283,89.759,88.609,91.379,65.000,79.000,46.000,61.829,other,0,-1,2,0
7251,43,55.244,60.028,54.845,90.302,89.139,91.759,60.000,79.583,24.000,63.543,other,0,-1,3,0
7252,53,49.601,53.960,54.743,90.917,89.743,92.155,43.000,80.375,21.000,60.000,other,0,-1,4,0
7253,83,54.803,60.688,62.696,91.721,90.542,92.590,53.000,81.708,45.000,77.171,other,0,-1,5,0
7254,57,70.618,79.553,79.061,92.612,91.432,93.044,83.000,83.292,40.000,77.686,other,0,-1,6,0
7255,89,61.624,72.193,78.035,93.198,92.006,93.434,57.000,84.000,63.000,91.543,other,0,-1,7,0
7256,77,79.135,96.427,98.412,93.915,92.715,93.851,89.000,85.083,87.000,101.114,other,0,-1,8,0
7257,90,89.964,104.594,101.665,94.110,92.885,94.159,77.000,84.667,89.000,122.829,other,0,-1,9,0
7258,179,110.052,122.865,114.926,94.465,93.220,94.500,90.000,84.708,104.000,137.200,other,0,-1,10,0
7259,116,164.955,178.753,171.270,95.892,94.663,95.066,179.000,87.833,160.000,150.314,other,0,-1,11,0
7260,185,146.784,148.619,138.648,95.594,94.323,95.271,116.000,86.000,156.000,163.229,other,0,-1,12,0
7261,195,178.200,183.661,182.662,96.355,95.078,95.697,185.000,87.208,119.000,172.800,other,0,-1,13,0
7262,163,182.307,185.752,188.375,97.796,96.537,96.265,195.000,90.375,141.000,172.257,other,0,-1,14,0
7263,152,165.272,162.712,163.113,98.455,97.186,96.670,163.000,91.292,148.000,183.343,other,0,-1,15,0
7264,154,153.202,149.114,149.029,98.853,97.565,97.021,152.000,91.458,164.000,162.143,other,0,-1,16,0
7265,105,137.505,135.977,140.409,99.048,97.735,97.329,154.000,91.042,69.000,148.800,other,0,-1,17,0
7266,117,120.885,110.852,105.562,99.910,98.594,97.776,105.000,92.542,92.000,128.829,other,0,-1,18,0
7267,98,100.513,95.554,100.108,100.612,99.289,98.190,117.000,93.583,43.000,110.171,other,0,-1,19,0
7268,84,84.364,78.944,83.638,101.749,100.433,98.695,98.000,95.875,45.000,85.143,other,0,-1,20,0
7269,95,70.922,67.011,72.418,102.654,101.337,99.151,84.000,97.500,49.000,75.143,other,0,-1,21,0
7270,80,63.545,65.511,70.141,103.661,102.346,99.629,95.000,99.417,51.000,65.229,other,0,-1,22,0
7271,85,59.138,61.824,63.547,104.421,103.100,100.055,80.000,100.625,36.000,63.543,other,0,-1,23,0
7272,57,64.230,67.340,63.631,105.471,104.154,100.542,85.000,102.667,39.000,61.694,other,0,-1,0,1
7273,27,54.657,56.977,57.393,105.906,104.626,100.909,57.000,103.417,65.000,62.000,other,0,-1,1,1
7274,63,50.596,49.470,51.131,105.529,104.258,101.106,27.000,101.833,60.000,62.222,other,0,-1,2,1
7275,55,62.938,64.105,59.391,105.747,104.505,101.427,63.000,101.958,43.000,61.389,other,0,-1,3,1
7276,41,61.688,62.336,60.818,106.094,104.887,101.776,55.000,102.458,53.000,63.583,other,0,-1,4,1
7277,69,59.515,59.343,62.301,106.095,104.909,102.052,41.000,101.958,83.000,65.139,other,0,-1,5,1
7278,61,69.526,72.188,75.304,106.066,104.901,102.322,69.000,101.375,57.000,66.417,other,0,-1,6,1
7279,73,73.751,76.135,81.018,106.298,105.163,102.646,61.000,101.542,89.000,77.639,other,0,-1,7,1
7280,71,87.152,91.069,93.839,106.240,105.125,102.910,73.000,100.875,77.000,91.833,other,0,-1,8,1
7281,91,104.829,108.537,102.909,106.327,105.237,103.204,71.000,100.625,90.000,109.944,other,0,-1,9,1
7282,161,124.771,130.305,120.593,106.515,105.454,103.520,91.000,100.667,179.000,131.361,other,0,-1,10,1
7283,112,158.224,160.132,163.847,106.428,105.386,103.778,161.000,99.917,116.000,148.500,other,0,-1,11,1
7284,208,157.687,157.697,145.314,106.544,105.528,104.078,112.000,99.750,185.000,174.389,other,0,-1,12,1
7285,185,197.713,194.086,201.571,107.052,106.074,104.460,208.000,100.708,195.000,191.778,other,0,-1,13,1
7286,178,181.425,182.220,186.667,107.081,106.126,104.742,185.000,100.292,163.000,190.222,other,0,-1,14,1
7287,225,173.297,173.967,176.524,107.472,106.553,105.100,178.000,100.917,152.000,183.056,other,0,-1,15,1
7288,113,182.451,188.069,193.911,108.703,107.849,105.633,225.000,103.958,154.000,168.806,other,0,-1,16,1
7289,109,147.183,134.075,122.283,108.283,107.437,105.821,113.000,102.250,105.000,158.750,other,0,-1,17,1
7290,128,131.141,118.154,110.544,108.515,107.699,106.146,109.000,102.417,117.000,131.639,other,0,-1,18,1
7291,72,110.609,104.330,108.986,108.848,108.065,106.491,128.000,102.875,98.000,103.944,other,0,-1,19,1
7292,91,98.979,83.382,83.128,108.646,107.878,106.725,72.000,101.792,84.000,92.389,other,0,-1,20,1
7293,81,80.223,73.564,82.239,108.921,108.184,107.058,91.000,102.083,95.000,77.389,other,0,-1,21,1
7294,41,69.712,65.801,72.518,108.892,108.176,107.328,81.000,101.500,80.000,64.944,other,0,-1,22,1
7295,76,63.374,55.182,56.456,108.501,107.794,107.523,41.000,99.875,85.000,62.889,other,0,-1,23,1
7296,82,63.794,64.387,59.076,108.545,107.861,107.808,76.000,99.500,57.000,59.639,other,0,-1,0,2
7297,68,64.877,68.749,62.975,108.784,108.168,107.934,82.000,100.542,27.000,64.167,other,0,-1,1,2
7298,31,63.578,65.000,59.023,109.254,108.714,108.110,68.000,102.250,63.000,56.194,inside,-1,0,2,2
7299,23,58.374,54.469,52.457,108.667,108.167,108.064,31.000,100.917,55.000,60.528,inside,-1,1,3,2
7300,24,60.334,54.072,52.567,108.081,107.619,108.018,23.000,99.583,41.000,62.444,inside,-1,2,4,2
7301,55,64.783,56.807,55.675,107.711,107.297,108.018,24.000,98.875,69.000,62.833,after,-1,3,5,2
7302,64,72.695,67.097,66.815,107.385,107.019,108.026,55.000,98.292,61.000,70.472,after,-1,4,6,2
7303,62,82.600,75.142,76.079,107.305,106.996,108.087,64.000,98.417,73.000,78.639,after,-1,5,7,2
7304,76,97.135,86.283,84.441,107.022,106.764,108.104,62.000,97.958,71.000,89.639,after,-1,6,8,2
7305,96,114.801,104.770,99.332,106.972,106.771,108.171,76.000,98.167,91.000,104.833,after,-1,7,9,2
7306,137,133.078,126.234,118.113,106.921,106.778,108.237,96.000,98.375,161.000,127.694,after,-1,8,10,2
7307,151,151.654,146.691,146.533,106.450,106.350,108.215,137.000,97.375,112.000,145.361,after,-1,9,11,2
7308,120,164.230,162.888,161.942,106.891,106.867,108.384,151.000,99.000,208.000,159.222,after,-1,10,12,2
7309,102,166.108,164.619,151.750,105.493,105.480,108.169,120.000,95.333,185.000,182.222,after,-1,11,13,2
7310,208,163.374,160.542,142.300,104.168,104.168,107.969,102.000,91.875,178.000,185.000,after,-1,12,14,2
7311,125,177.300,187.681,187.598,104.479,104.550,108.111,208.000,93.125,225.000,172.750,after,-1,13,15,2
7312,226,153.949,151.785,136.311,102.907,102.983,107.860,125.000,88.958,113.000,158.694,after,-1,14,16,2
7313,92,159.870,183.057,174.347,104.421,104.609,108.252,226.000,93.667,109.000,148.139,after,-1,15,17,2
7314,142,130.475,120.901,100.911,104.051,104.287,108.252,92.000,92.958,128.000,124.722,after,-1,16,18,2
7315,89,109.512,115.340,110.825,104.131,104.429,108.346,142.000,93.542,72.000,108.833,after,-1,17,19,2
7316,80,96.320,89.762,82.258,104.254,104.616,108.448,89.000,94.250,91.000,89.361,after,-1,18,20,2
7317,67,81.096,76.437,71.756,103.971,104.383,108.466,80.000,93.792,81.000,75.500,after,-1,19,21,2
7318,78,69.418,65.959,60.956,103.645,104.106,108.475,67.000,93.208,41.000,67.139,after,-1,20,22,2
7319,73,60.683,64.917,57.748,104.058,104.592,108.638,78.000,94.750,76.000,62.722,after,-1,21,23,2
7320,57,57.629,62.760,51.411,103.891,104.480,108.680,73.000,94.625,82.000,61.389,after,-1,22,0,3
7321,85,54.785,60.162,57.288,103.201,103.818,108.355,57.000,93.583,68.000,64.194,after,-1,23,1,3
7322,55,64.042,72.476,61.659,103.120,103.787,108.158,85.000,94.292,31.000,65.056,after,-1,24,2,3
7323,47,57.601,61.503,55.817,103.140,103.860,107.982,55.000,95.292,23.000,61.583,after,-1,25,3,3
7324,91,58.557,59.716,56.028,103.160,103.934,107.806,47.000,96.292,24.000,61.250,after,-1,26,4,3
7325,70,75.054,76.945,69.625,103.802,104.652,107.760,91.000,99.083,55.000,63.500,other,0,-1,5,3
7326,87,71.090,69.873,70.267,103.692,104.590,107.557,70.000,99.708,64.000,67.778,other,0,-1,6,3
7327,130,81.840,78.793,82.696,103.698,104.648,107.378,87.000,100.667,62.000,79.889,other,0,-1,7,3
7328,124,105.015,99.697,107.052,104.355,105.381,107.335,130.000,103.500,76.000,92.417,other,0,-1,8,3
7329,101,114.245,107.886,117.124,104.723,105.814,107.231,124.000,105.500,96.000,115.000,other,0,-1,9,3
7330,75,129.674,124.374,121.129,104.467,105.603,106.998,101.000,105.708,137.000,126.583,other,0,-1,10,3
7331,189,145.495,145.778,123.379,103.241,104.387,106.562,75.000,103.125,151.000,145.861,other,0,-1,11,3
7332,123,174.287,174.262,176.668,103.464,104.670,106.428,189.000,104.708,120.000,168.111,other,0,-1,12,3
7333,226,164.421,162.585,154.093,103.180,104.429,106.188,123.000,104.833,102.000,177.472,other,0,-1,13,3
7334,308,193.095,201.470,199.512,104.649,106.001,106.315,226.000,110.000,208.000,176.694,other,0,-1,14,3
7335,156,265.665,257.650,237.875,105.770,107.214,106.369,308.000,114.167,125.000,173.972,other,0,-1,15,3
7336,119,155.742,156.334,154.970,105.891,107.392,106.214,156.000,115.458,226.000,162.111,other,0,-1,16,3
7337,188,140.966,134.576,127.542,104.013,105.502,105.641,119.000,111.000,92.000,150.028,other,0,-1,17,3
7338,140,124.262,148.090,146.049,105.076,106.654,105.683,188.000,115.000,142.000,132.389,other,0,-1,18,3
7339,128,102.909,112.481,113.536,104.720,106.338,105.428,140.000,114.917,89.000,108.528,other,0,-1,19,3
7340,71,84.949,96.821,98.634,104.957,106.636,105.298,128.000,116.542,80.000,100.083,other,0,-1,20,3
7341,71,74.679,69.145,72.986,104.499,106.215,105.022,71.000,116.167,67.000,85.306,other,0,-1,21,3
7342,58,60.799,60.647,66.693,104.229,105.988,104.785,71.000,116.333,78.000,74.778,other,0,-1,22,3
7343,75,52.357,52.128,58.769,103.612,105.402,104.476,58.000,115.500,73.000,70.444,other,0,-1,23,3
7344,40,48.719,55.285,58.358,103.313,105.146,104.234,75.000,115.583,57.000,60.917,other,0,-1,0,4
7345,58,43.573,46.859,48.360,102.781,104.602,103.821,40.000,114.875,85.000,56.972,other,0,-1,1,4
7346,23,48.389,54.545,50.459,102.105,103.907,103.378,58.000,113.750,55.000,51.583,other,0,-1,2,4
7347,66,44.019,44.078,44.777,101.356,103.138,102.920,23.000,112.417,47.000,54.556,other,0,-1,3,4
7348,46,56.776,60.394,54.329,101.346,103.134,102.617,66.000,113.208,91.000,57.139,other,0,-1,4,4
7349,46,53.518,53.930,53.733,100.409,102.170,102.119,46.000,111.333,70.000,54.694,other,0,-1,5,4
7350,59,58.714,56.874,59.029,99.776,101.521,101.686,46.000,110.333,87.000,65.167,other,0,-1,6,4
7351,61,68.406,66.227,70.045,99.085,100.811,101.240,59.000,109.167,130.000,74.667,other,0,-1,7,4
7352,71,81.867,77.401,80.702,97.800,99.488,100.670,61.000,106.292,124.000,86.667,other,0,-1,8,4
7353,88,99.317,96.397,96.434,96.747,98.404,100.148,71.000,104.083,101.000,109.861,other,0,-1,9,4
7354,114,118.145,120.752,116.728,96.273,97.920,99.748,88.000,103.542,75.000,125.222,other,0,-1,10,4
7355,103,136.793,145.014,140.800,96.553,98.215,99.505,114.000,105.167,189.000,147.361,other,0,-1,11,4
7356,119,150.041,150.542,145.441,95.022,96.636,98.884,103.000,101.583,123.000,161.111,other,0,-1,12,4
7357,140,160.532,155.975,157.191,94.678,96.287,98.510,119.000,101.417,226.000,174.694,other,0,-1,13,4
7358,145,165.353,159.284,165.014,93.147,94.708,97.889,140.000,97.833,308.000,178.167,other,0,-1,14,4
7359,204,160.033,154.471,159.247,90.501,91.975,97.035,145.000,91.042,156.000,172.583,other,0,-1,15,4
7360,160,162.161,172.473,178.604,90.911,92.406,96.819,204.000,93.042,119.000,165.472,other,0,-1,16,4
7361,185,130.860,138.558,143.344,91.219,92.731,96.582,160.000,94.750,188.000,138.861,other,0,-1,17,4
7362,162,112.897,136.852,140.148,90.891,92.396,96.212,185.000,94.625,140.000,121.333,other,0,-1,18,4
7363,73,88.360,113.534,115.094,90.924,92.437,95.917,162.000,95.542,128.000,101.944,other,0,-1,19,4
7364,105,74.243,74.515,73.283,89.842,91.323,95.389,73.000,93.250,71.000,84.222,other,0,-1,20,4
7365,68,55.448,71.451,73.761,90.049,91.543,95.131,105.000,94.667,71.000,70.889,other,0,-1,21,4
7366,59,46.154,53.522,57.773,89.720,91.209,94.761,68.000,94.542,58.000,63.889,other,0,-1,22,4
7367,42,38.394,46.853,50.939,89.449,90.935,94.403,59.000,94.583,75.000,57.111,other,0,-1,23,4
7368,27,33.956,40.285,44.174,88.686,90.150,93.942,42.000,93.208,40.000,38.722,other,0,-1,0,5
7369,60,30.918,37.426,26.309,88.470,89.881,93.701,27.000,92.667,58.000,42.139,other,0,-1,1,5
7370,23,41.621,51.545,32.576,88.471,89.837,93.505,60.000,92.750,23.000,43.389,other,0,-1,2,5
7371,9,33.394,38.831,27.802,88.442,89.762,93.304,23.000,92.750,66.000,43.528,other,0,-1,3,5
7372,51,33.785,35.953,28.019,87.589,88.833,92.930,9.000,90.375,46.000,42.111,other,0,-1,4,5
7373,36,46.631,51.447,41.442,87.633,88.834,92.743,51.000,90.583,46.000,43.028,other,0,-1,5,5
7374,37,45.976,48.361,44.159,87.460,88.610,92.511,36.000,90.167,59.000,55.167,other,0,-1,6,5
7375,53,53.722,54.201,52.237,87.113,88.205,92.243,37.000,89.250,61.000,63.917,other,0,-1,7,5
7376,96,66.416,67.840,67.041,86.969,88.011,92.017,53.000,88.917,71.000,81.722,other,0,-1,8,5
7377,79,85.543,96.467,97.100,87.303,88.311,91.891,96.000,89.958,88.000,98.167,other,0,-1,9,5
7378,93,101.099,103.080,99.961,87.145,88.102,91.662,79.000,89.583,114.000,102.556,other,0,-1,10,5
7379,89,119.103,120.634,117.161,86.812,87.713,91.397,93.000,88.708,103.000,122.722,other,0,-1,11,5
7380,137,132.681,127.571,122.403,86.582,87.429,91.153,89.000,88.125,119.000,141.028,other,0,-1,12,5
7381,175,149.409,151.151,154.950,86.814,87.624,91.006,137.000,88.875,140.000,161.333,other,0,-1,13,5
7382,126,162.886,169.054,178.785,87.293,88.074,90.910,175.000,90.333,145.000,179.778,other,0,-1,14,5
7383,131,147.456,142.175,142.748,86.990,87.715,90.651,126.000,89.542,204.000,180.472,other,0,-1,15,5
7384,129,135.931,135.998,134.834,85.904,86.546,90.228,131.000,86.500,160.000,165.833,other,0,-1,16,5
7385,117,118.528,123.716,119.591,85.427,86.007,89.933,129.000,85.208,185.000,148.556,other,0,-1,17,5
7386,83,99.958,106.399,98.735,84.414,84.913,89.525,117.000,82.375,162.000,114.861,other,0,-1,18,5
7387,89,84.773,85.277,73.489,83.241,83.655,89.085,83.000,79.083,73.000,90.528,other,0,-1,19,5
7388,62,65.644,71.254,65.617,83.445,83.820,88.931,89.000,79.750,105.000,74.972,other,0,-1,20,5
7389,60,53.431,55.321,52.479,82.794,83.101,88.600,62.000,77.958,68.000,60.444,other,0,-1,21,5
7390,29,41.373,47.227,47.816,82.650,82.907,88.374,60.000,77.625,59.000,52.389,other,0,-1,22,5
7391,26,35.245,36.932,39.468,82.187,82.382,88.081,29.000,76.375,42.000,44.139,other,0,-1,23,5
7392,33,30.190,34.544,36.980,81.927,82.068,87.831,26.000,75.708,27.000,32.472,other,0,-1,0,6
7393,43,30.834,37.229,31.747,82.265,82.355,87.959,33.000,75.958,60.000,34.500,other,0,-1,1,6
7394,47,36.692,44.084,35.317,82.269,82.296,88.017,43.000,75.250,23.000,33.361,other,0,-1,2,6
7395,21,41.984,48.485,39.119,82.867,82.853,88.199,47.000,76.250,9.000,35.222,other,0,-1,3,6
7396,33,35.173,39.057,36.888,83.291,83.229,88.345,21.000,76.750,51.000,34.028,other,0,-1,4,6
7397,50,41.181,45.258,44.338,83.280,83.156,88.401,33.000,76.000,36.000,36.611,other,0,-1,5,6
7398,42,49.613,54.942,55.319,83.733,83.562,88.553,50.000,76.583,37.000,38.694,other,0,-1,6,6
7399,39,52.149,56.730,59.641,84.056,83.834,88.677,42.000,76.792,53.000,47.194,other,0,-1,7,6
7400,53,63.163,64.764,65.703,84.103,83.821,88.745,39.000,76.208,96.000,59.167,other,0,-1,8,6
7401,75,79.453,80.088,78.289,83.731,83.373,88.724,53.000,74.417,79.000,78.778,other,0,-1,9,6
7402,114,98.314,99.036,95.230,83.923,83.509,88.822,75.000,74.250,93.000,101.278,other,0,-1,10,6
7403,112,120.212,126.618,122.763,84.478,84.021,88.995,114.000,75.125,89.000,121.778,other,0,-1,11,6
7404,141,134.809,131.417,126.076,85.061,84.562,89.174,112.000,76.083,137.000,140.833,other,0,-1,12,6
7405,120,149.354,149.878,146.956,85.369,84.819,89.296,141.000,76.250,175.000,148.472,other,0,-1,13,6
7406,133,148.839,142.575,132.643,84.823,84.191,89.239,120.000,73.958,126.000,156.639,other,0,-1,14,6
7407,143,146.888,144.794,137.455,85.174,84.492,89.370,133.000,74.250,131.000,153.306,other,0,-1,15,6
7408,98,136.915,140.322,136.597,85.599,84.869,89.516,143.000,74.750,129.000,133.083,other,0,-1,16,6
7409,152,122.142,118.636,101.450,85.400,84.600,89.532,98.000,73.458,117.000,123.667,other,0,-1,17,6
7410,64,102.797,114.273,114.953,86.157,85.322,89.747,152.000,74.917,83.000,102.583,other,0,-1,18,6
7411,68,91.152,85.075,66.262,86.132,85.233,89.800,64.000,74.125,89.000,79.889,other,0,-1,19,6
7412,88,72.986,69.870,58.495,86.078,85.115,89.846,68.000,73.250,62.000,59.111,other,0,-1,20,6
7413,46,56.331,61.453,56.868,86.705,85.702,90.034,88.000,74.333,60.000,47.306,other,0,-1,21,6
7414,33,48.301,48.227,44.626,86.753,85.688,90.101,46.000,73.750,29.000,35.306,other,0,-1,22,6
7415,41,41.329,42.523,40.723,87.061,85.945,90.223,33.000,73.917,26.000,32.556,other,0,-1,23,6
7416,79,38.751,44.314,41.404,87.528,86.366,90.378,41.000,74.542,33.000,61.343,other,0,-1,0,0
7417,35,54.615,63.285,54.600,88.535,87.375,90.856,79.000,76.458,43.000,59.743,other,0,-1,1,0
7418,63,41.025,47.291,45.984,88.759,87.575,91.170,35.000,76.125,47.000,61.829,other,0,-1,2,0
7419,59,56.076,63.609,54.825,89.331,88.134,91.557,63.000,76.792,21.000,63.543,other,0,-1,3,0
7420,36,56.198,63.504,58.163,90.222,89.024,92.010,59.000,78.375,33.000,60.000,other,0,-1,4,0
7421,56,47.776,54.398,57.553,90.605,89.388,92.357,36.000,78.500,50.000,77.171,other,0,-1,5,0
7422,61,56.229,66.236,69.581,91.033,89.798,92.714,56.000,78.750,42.000,77.686,other,0,-1,6,0
7423,73,61.743,74.325,78.852,91.648,90.402,93.110,61.000,79.542,39.000,91.543,other,0,-1,7,0
7424,104,73.665,89.575,91.545,92.481,91.231,93.551,73.000,80.958,53.000,101.114,other,0,-1,8,0
7425,113,95.606,116.491,113.584,93.560,92.315,94.044,104.000,83.083,75.000,122.829,other,0,-1,9,0
7426,107,114.001,132.911,126.281,94.450,93.205,94.497,113.000,84.667,114.000,137.200,other,0,-1,10,0
7427,216,129.851,139.609,129.766,94.689,93.419,94.814,107.000,84.375,112.000,150.314,other,0,-1,11,0
7428,209,207.183,209.037,201.313,96.536,95.298,95.467,216.000,88.708,141.000,163.229,other,0,-1,12,0
7429,173,196.376,200.186,199.162,97.861,96.637,96.012,209.000,91.542,120.000,172.800,other,0,-1,13,0
7430,99,172.689,172.917,174.212,98.969,97.751,96.510,173.000,93.750,133.000,172.257,other,0,-1,14,0
7431,144,161.381,144.391,126.090,98.817,97.561,96.746,99.000,92.333,143.000,183.343,other,0,-1,15,0
7432,97,152.795,146.869,144.390,99.172,97.895,97.087,144.000,92.375,98.000,162.143,other,0,-1,16,0
7433,99,140.370,125.399,111.147,99.497,98.200,97.423,97.000,92.333,152.000,148.800,other,0,-1,17,0
7434,153,123.765,110.978,103.818,99.070,97.725,97.601,99.000,90.125,64.000,128.829,other,0,-1,18,0
7435,163,101.367,103.640,115.141,100.699,99.379,98.208,153.000,93.833,68.000,110.171,other,0,-1,19,0
7436,115,92.029,95.601,105.869,102.415,101.122,98.834,163.000,97.792,88.000,85.143,other,0,-1,20,0
7437,76,72.860,76.406,80.596,103.147,101.847,99.254,115.000,98.917,46.000,75.143,other,0,-1,21,0
7438,58,62.743,64.041,65.597,103.922,102.616,99.683,76.000,100.167,33.000,65.229,other,0,-1,22,0
7439,59,56.740,58.906,58.673,104.624,103.310,100.097,58.000,101.208,41.000,63.543,other,0,-1,23,0
7440,52,56.061,60.982,57.154,105.225,103.900,100.490,59.000,101.958,79.000,61.694,other,0,-1,0,1
7441,57,53.926,58.555,55.535,105.008,103.697,100.721,52.000,100.833,35.000,62.000,other,0,-1,1,1
7442,82,57.725,63.016,56.192,105.500,104.228,101.100,57.000,101.750,63.000,62.222,other,0,-1,2,1
7443,42,72.444,76.568,62.714,105.950,104.715,101.470,82.000,102.542,59.000,61.389,other,0,-1,3,1
7444,44,57.706,60.338,57.301,105.877,104.662,101.731,42.000,101.833,36.000,63.583,other,0,-1,4,1
7445,73,60.237,62.622,62.137,106.167,104.984,102.067,44.000,102.167,56.000,65.139,other,0,-1,5,1
7446,54,70.738,75.749,75.523,106.587,105.441,102.431,73.000,102.875,61.000,66.417,other,0,-1,6,1
7447,60,73.022,75.843,78.304,106.660,105.538,102.722,54.000,102.583,73.000,77.639,other,0,-1,7,1
7448,85,86.568,89.603,89.028,106.645,105.545,102.995,60.000,102.042,104.000,91.833,other,0,-1,8,1
7449,97,104.508,111.013,107.848,106.544,105.462,103.250,85.000,101.250,113.000,109.944,other,0,-1,9,1
7450,121,124.459,131.283,123.068,106.486,105.424,103.514,97.000,100.583,107.000,131.361,other,0,-1,10,1
7451,178,144.581,150.043,143.454,106.863,105.836,103.868,121.000,101.167,216.000,148.500,other,0,-1,11,1
7452,194,175.794,175.661,180.873,106.486,105.468,104.066,178.000,99.583,209.000,174.389,other,0,-1,12,1
7453,175,188.292,187.032,193.532,106.443,105.445,104.333,194.000,98.958,173.000,191.778,other,0,-1,13,1
7454,264,177.577,178.224,181.052,106.646,105.677,104.651,175.000,99.042,99.000,190.222,other,0,-1,14,1
7455,209,235.498,226.403,228.551,109.210,108.352,105.463,264.000,105.917,144.000,183.056,other,0,-1,15,1
7456,97,173.714,178.159,184.443,110.326,109.528,105.972,209.000,108.625,97.000,168.806,other,0,-1,16,1
7457,209,149.154,131.104,114.863,110.500,109.730,106.284,97.000,108.625,99.000,158.750,other,0,-1,17,1
7458,174,142.490,147.525,155.655,112.267,111.581,106.929,209.000,113.208,153.000,131.639,other,0,-1,18,1
7459,95,114.119,115.855,125.078,112.745,112.098,107.305,174.000,114.083,163.000,103.944,other,0,-1,19,1
7460,97,95.829,83.979,86.822,111.934,111.280,107.412,95.000,111.250,115.000,92.389,other,0,-1,20,1
7461,48,80.229,73.741,79.886,111.847,111.212,107.669,97.000,110.500,76.000,77.389,other,0,-1,21,1
7462,98,72.254,59.886,59.985,111.616,110.995,107.897,48.000,109.333,58.000,64.944,other,0,-1,22,1
7463,45,68.613,70.151,66.118,112.369,111.796,108.330,98.000,111.000,59.000,62.889,other,0,-1,23,1
7464,88,59.193,54.907,49.415,112.340,111.788,108.600,45.000,110.417,52.000,59.639,other,0,-1,0,2
7465,52,67.298,71.455,61.541,112.738,112.260,108.760,88.000,111.917,57.000,64.167,other,0,-1,1,2
7466,71,60.025,59.539,53.510,112.543,112.117,108.796,52.000,111.708,82.000,56.194,other,0,-1,2,2
7467,65,67.822,67.775,57.253,112.260,111.885,108.814,71.000,111.250,42.000,60.528,other,0,-1,3,2
7468,35,68.135,66.416,58.225,112.470,112.162,108.935,65.000,112.208,44.000,62.444,other,0,-1,4,2
7469,80,65.717,59.110,56.104,112.216,111.959,108.959,35.000,111.833,73.000,62.833,other,0,-1,5,2
7470,108,78.514,74.443,71.327,112.194,111.996,109.031,80.000,112.125,54.000,70.472,other,0,-1,6,2
7471,70,94.423,87.826,87.565,112.853,112.738,109.245,108.000,114.375,60.000,78.639,other,0,-1,7,2
7472,121,98.125,87.217,86.610,112.875,112.820,109.327,70.000,114.792,85.000,89.639,other,0,-1,8,2
7473,123,119.745,109.320,115.701,113.273,113.292,109.487,121.000,116.292,97.000,104.833,other,0,-1,9,2
7474,162,136.248,127.061,129.621,113.526,113.614,109.616,123.000,117.375,121.000,127.694,other,0,-1,10,2
7475,194,159.136,150.350,158.920,113.997,114.161,109.791,162.000,119.083,178.000,145.361,other,0,-1,11,2
7476,146,180.454,173.133,183.894,114.105,114.333,109.891,194.000,119.750,194.000,159.222,other,0,-1,12,2
7477,253,170.253,169.394,165.021,113.287,113.545,109.797,146.000,117.750,175.000,182.222,other,0,-1,13,2
7478,128,217.754,215.757,219.171,114.293,114.647,110.084,253.000,121.000,264.000,185.000,other,0,-1,14,2
7479,193,163.179,161.060,148.761,112.200,112.540,109.723,128.000,115.333,209.000,172.750,other,0,-1,15,2
7480,181,162.063,173.758,170.297,111.845,112.233,109.726,193.000,114.667,97.000,158.694,other,0,-1,16,2
7481,78,147.575,157.233,152.120,112.939,113.424,110.031,181.000,118.167,209.000,148.139,other,0,-1,17,2
7482,109,135.881,119.771,97.287,110.918,111.392,109.686,78.000,112.708,174.000,124.722,other,0,-1,18,2
7483,82,115.021,107.312,100.467,109.853,110.350,109.540,109.000,110.000,95.000,108.833,other,0,-1,19,2
7484,98,100.764,88.829,83.680,109.541,110.088,109.552,82.000,109.458,97.000,89.361,other,0,-1,20,2
7485,85,81.411,79.870,81.820,109.432,110.035,109.606,98.000,109.500,48.000,75.500,other,0,-1,21,2
7486,101,70.181,69.819,71.314,109.845,110.522,109.769,85.000,111.042,98.000,67.139,other,0,-1,22,2
7487,71,64.875,72.743,69.309,109.765,110.499,109.829,101.000,111.167,45.000,62.722,other,0,-1,23,2
7488,55,59.335,61.666,57.162,110.018,110.821,109.959,71.000,112.250,88.000,61.389,other,0,-1,0,3
7489,32,56.600,59.181,63.227,109.213,110.040,109.611,55.000,110.875,52.000,64.194,other,0,-1,1,3
7490,64,55.226,53.328,57.452,108.595,109.453,109.302,32.000,110.042,71.000,65.056,other,0,-1,2,3
7491,99,61.558,64.504,63.221,108.166,109.062,109.032,64.000,109.750,65.000,61.583,other,0,-1,3,3
7492,71,78.680,80.791,72.383,108.331,109.285,108.886,99.000,111.167,35.000,61.250,other,0,-1,4,3
7493,44,68.487,68.612,69.003,108.525,109.539,108.746,71.000,112.667,80.000,63.500,other,0,-1,5,3
7494,64,70.076,63.427,67.222,107.676,108.712,108.389,44.000,111.167,108.000,67.778,other,0,-1,6,3
7495,95,80.115,73.274,78.341,106.711,107.766,108.007,64.000,109.333,70.000,79.889,other,0,-1,7,3
7496,86,94.437,88.855,96.332,106.745,107.855,107.834,95.000,110.375,121.000,92.417,other,0,-1,8,3
7497,92,111.383,102.746,104.199,105.910,107.044,107.479,86.000,108.917,123.000,115.000,other,0,-1,9,3
7498,114,130.155,125.448,118.086,105.134,106.292,107.137,92.000,107.625,162.000,126.583,other,0,-1,10,3
7499,143,146.480,147.113,137.759,104.111,105.287,106.743,114.000,105.625,194.000,145.861,other,0,-1,11,3
7500,266,160.519,163.401,158.204,103.044,104.236,106.340,143.000,103.500,146.000,168.111,other,0,-1,12,3
7501,271,235.032,226.213,219.201,104.455,105.748,106.454,266.000,108.500,253.000,177.472,other,0,-1,13,3
7502,188,230.956,232.180,222.613,104.388,105.731,106.260,271.000,109.250,128.000,176.694,other,0,-1,14,3
7503,219,169.015,178.454,178.264,104.929,106.344,106.193,188.000,111.750,193.000,173.972,other,0,-1,15,3
7504,68,166.239,187.049,184.766,104.978,106.448,106.023,219.000,112.833,181.000,162.111,other,0,-1,16,3
7505,72,148.221,126.374,108.450,103.014,104.467,105.433,68.000,108.125,78.000,150.028,other,0,-1,17,3
7506,99,132.720,112.305,99.812,102.599,104.091,105.166,72.000,107.875,109.000,132.389,other,0,-1,18,3
7507,88,109.782,99.862,99.943,102.127,103.655,104.887,99.000,107.458,82.000,108.528,other,0,-1,19,3
7508,93,92.211,83.411,88.389,101.886,103.458,104.656,88.000,107.708,98.000,100.083,other,0,-1,20,3
7509,118,73.423,73.838,83.014,101.486,103.097,104.393,93.000,107.500,85.000,85.306,other,0,-1,21,3
7510,66,60.386,79.877,83.799,101.636,103.305,104.244,118.000,108.875,101.000,74.778,other,0,-1,22,3
7511,53,53.095,53.835,66.283,100.801,102.494,103.889,66.000,107.417,71.000,70.444,other,0,-1,23,3
7512,45,48.071,47.744,60.302,100.213,101.938,103.586,53.000,106.667,55.000,60.917,other,0,-1,0,4
7513,93,44.908,47.909,55.261,99.783,101.498,103.195,45.000,106.250,32.000,56.972,other,0,-1,1,4
7514,43,62.269,70.974,63.168,100.381,102.123,103.018,93.000,108.792,64.000,51.583,other,0,-1,2,4
7515,36,47.463,49.930,53.740,99.791,101.519,102.594,43.000,107.917,99.000,54.556,other,0,-1,3,4
7516,50,48.772,48.772,53.355,98.594,100.285,102.042,36.000,105.292,71.000,57.139,other,0,-1,4,4
7517,43,54.402,54.910,58.530,98.004,99.681,101.617,50.000,104.417,44.000,54.694,other,0,-1,5,4
7518,60,58.907,55.777,61.238,97.704,99.377,101.253,43.000,104.375,64.000,65.167,other,0,-1,6,4
7519,67,68.638,66.287,72.069,97.361,99.028,100.880,60.000,104.208,95.000,74.667,other,0,-1,7,4
7520,88,81.967,78.614,83.199,96.670,98.318,100.434,67.000,103.042,86.000,86.667,other,0,-1,8,4
7521,128,98.609,100.140,102.189,96.414,98.059,100.079,88.000,103.125,92.000,109.861,other,0,-1,9,4
7522,120,118.442,132.271,132.259,96.650,98.309,99.827,128.000,104.625,114.000,125.222,other,0,-1,10,4
7523,136,136.393,147.024,140.561,96.451,98.110,99.484,120.000,104.875,143.000,147.361,other,0,-1,11,4
7524,230,152.383,161.486,157.041,96.065,97.716,99.101,136.000,104.583,266.000,161.111,other,0,-1,12,4
7525,144,196.147,216.175,209.676,95.258,96.887,98.631,230.000,103.083,271.000,174.694,other,0,-1,13,4
7526,215,166.063,161.330,163.376,93.133,94.693,97.886,144.000,97.792,188.000,178.167,other,0,-1,14,4
7527,194,178.391,190.903,193.930,93.239,94.809,97.607,215.000,98.917,219.000,172.583,other,0,-1,15,4
7528,166,156.715,167.062,172.587,92.591,94.144,97.170,194.000,97.875,68.000,165.472,other,0,-1,16,4
7529,189,133.437,140.845,146.412,93.725,95.324,97.105,166.000,101.958,72.000,138.861,other,0,-1,17,4
7530,112,114.614,138.682,143.038,95.135,96.789,97.098,189.000,106.833,99.000,121.333,other,0,-1,18,4
7531,45,91.988,94.915,97.593,95.038,96.694,96.776,112.000,107.375,88.000,101.944,other,0,-1,19,4
7532,73,82.754,70.999,68.649,94.130,95.760,96.285,45.000,105.583,93.000,84.222,other,0,-1,20,4
7533,69,61.549,61.376,68.666,93.555,95.171,95.863,73.000,104.750,118.000,70.889,other,0,-1,21,4
7534,60,48.845,52.280,61.888,92.560,94.147,95.354,69.000,102.708,66.000,63.889,other,0,-1,22,4
7535,73,40.821,45.477,55.473,92.187,93.768,94.975,60.000,102.458,53.000,57.111,other,0,-1,23,4
7536,34,38.310,48.623,54.568,92.192,93.778,94.674,73.000,103.292,45.000,38.722,other,0,-1,0,5
7537,47,34.007,37.450,31.507,92.004,93.539,94.439,34.000,102.833,93.000,42.139,other,0,-1,1,5
7538,33,38.800,43.695,34.014,91.310,92.775,94.098,47.000,100.917,43.000,43.389,other,0,-1,2,5
7539,41,37.655,40.222,33.009,91.137,92.551,93.866,33.000,100.500,36.000,43.528,other,0,-1,3,5
7540,65,42.458,44.556,37.351,91.181,92.551,93.680,41.000,100.708,50.000,42.111,other,0,-1,4,5
7541,45,54.291,56.159,47.818,91.370,92.702,93.523,65.000,101.333,43.000,43.028,other,0,-1,5,5
7542,39,49.747,50.296,48.819,91.371,92.657,93.328,45.000,101.417,60.000,55.167,other,0,-1,6,5
7543,98,56.216,54.124,54.481,91.039,92.268,93.063,39.000,100.542,67.000,63.917,other,0,-1,7,5
7544,40,76.771,85.802,86.795,91.460,92.658,92.955,98.000,101.833,88.000,81.722,other,0,-1,8,5
7545,72,87.024,77.397,72.573,90.736,91.864,92.608,40.000,99.833,128.000,98.167,other,0,-1,9,5
7546,113,103.878,100.319,96.345,89.897,90.950,92.237,72.000,97.500,120.000,102.556,other,0,-1,10,5
7547,57,123.466,129.819,128.032,89.768,90.771,92.014,113.000,97.208,136.000,122.722,other,0,-1,11,5
7548,91,135.045,117.428,104.960,88.595,89.512,91.573,57.000,93.917,230.000,141.028,other,0,-1,12,5
7549,123,142.820,133.496,126.975,86.553,87.354,90.951,91.000,88.125,144.000,161.333,other,0,-1,13,5
7550,136,150.153,144.968,145.214,86.221,86.965,90.686,123.000,87.250,215.000,179.778,other,0,-1,14,5
7551,102,146.913,145.916,147.234,85.049,85.706,90.245,136.000,83.958,194.000,180.472,other,0,-1,15,5
7552,135,131.804,129.930,118.974,83.688,84.253,89.765,102.000,80.125,166.000,165.833,other,0,-1,16,5
7553,157,116.750,126.501,121.998,83.211,83.713,89.470,135.000,78.833,189.000,148.556,other,0,-1,17,5
7554,87,98.269,118.548,116.461,82.719,83.159,89.171,157.000,77.500,112.000,114.861,other,0,-1,18,5
7555,58,81.245,87.327,73.866,82.329,82.710,88.894,87.000,76.458,45.000,90.528,other,0,-1,19,5
7556,90,67.467,69.169,56.229,82.489,82.831,88.732,58.000,77.000,73.000,74.972,other,0,-1,20,5
7557,44,48.781,62.163,57.257,82.707,83.011,88.581,90.000,77.708,69.000,60.444,other,0,-1,21,5
7558,44,41.108,45.711,42.731,82.317,82.562,88.304,44.000,76.667,60.000,52.389,other,0,-1,22,5
7559,30,32.981,41.351,39.595,82.057,82.248,88.054,44.000,76.000,73.000,44.139,other,0,-1,23,5
7560,31,28.922,36.707,35.102,81.406,81.528,87.722,30.000,74.208,34.000,32.472,other,0,-1,0,6
7561,26,29.254,37.953,29.654,81.613,81.680,87.823,31.000,74.083,47.000,34.500,other,0,-1,1,6
7562,28,30.382,38.580,30.276,81.559,81.562,87.869,26.000,73.208,33.000,33.361,other,0,-1,2,6
7563,25,33.684,41.293,33.256,81.737,81.683,87.963,28.000,73.000,41.000,35.222,other,0,-1,3,6
7564,35,35.274,41.590,36.254,81.755,81.640,88.025,25.000,72.333,65.000,34.028,other,0,-1,4,6
7565,56,40.895,47.022,43.566,81.571,81.387,88.044,35.000,71.083,45.000,36.611,other,0,-1,5,6
7566,32,51.367,58.624,56.232,81.980,81.749,88.187,56.000,71.542,39.000,38.694,other,0,-1,6,6
7567,67,49.553,54.305,55.575,82.129,81.840,88.275,32.000,71.250,98.000,47.194,other,0,-1,7,6
7568,57,64.789,75.449,76.088,81.930,81.572,88.291,67.000,69.958,40.000,59.167,other,0,-1,8,6
7569,87,77.873,82.497,79.739,82.427,82.023,88.452,57.000,70.667,72.000,78.778,other,0,-1,9,6
7570,76,97.701,105.423,101.239,82.895,82.445,88.607,87.000,71.292,113.000,101.278,other,0,-1,10,6
7571,82,113.878,109.156,101.549,82.609,82.087,88.605,76.000,69.750,57.000,121.778,other,0,-1,11,6
7572,196,129.221,119.392,108.803,83.221,82.658,88.790,82.000,70.792,91.000,140.833,other,0,-1,12,6
7573,139,174.742,186.897,186.632,84.993,84.429,89.217,196.000,75.167,123.000,148.472,other,0,-1,13,6
7574,231,151.560,149.692,145.283,85.475,84.865,89.375,139.000,75.833,136.000,156.639,other,0,-1,14,6
7575,178,189.235,200.075,208.083,87.101,86.486,89.772,231.000,79.792,102.000,153.306,other,0,-1,15,6
7576,114,143.784,152.328,159.984,88.452,87.822,90.112,178.000,82.958,135.000,133.083,other,0,-1,16,6
7577,185,121.735,119.051,109.448,88.398,87.704,90.158,114.000,82.083,157.000,123.667,other,0,-1,17,6
7578,108,110.480,122.367,132.583,89.054,88.320,90.352,185.000,83.250,87.000,102.583,other,0,-1,18,6
7579,82,84.616,85.479,79.672,89.609,88.831,90.526,108.000,84.125,58.000,79.889,other,0,-1,19,6
7580,82,69.409,67.436,60.830,90.207,89.388,90.708,82.000,85.125,90.000,59.111,other,0,-1,20,6
7581,25,55.281,56.706,53.996,90.341,89.464,90.793,82.000,84.792,44.000,47.306,other,0,-1,21,6
7582,25,48.309,42.172,39.962,90.316,89.376,90.845,25.000,84.000,44.000,35.306,other,0,-1,22,6
7583,41,39.832,37.631,38.016,90.291,89.288,90.898,25.000,83.208,30.000,32.556,other,0,-1,23,6
7584,61,37.821,40.942,39.618,90.701,89.649,91.041,41.000,83.667,31.000,61.343,other,0,-1,0,0
7585,84,46.252,50.380,47.021,91.476,90.419,91.470,61.000,84.917,26.000,59.743,other,0,-1,1,0
7586,76,64.622,68.257,53.918,92.656,91.608,91.984,84.000,87.333,28.000,61.829,other,0,-1,2,0
7587,50,64.464,67.610,55.284,93.692,92.647,92.467,76.000,89.333,25.000,63.543,other,0,-1,3,0
7588,86,51.960,55.759,53.305,94.394,93.341,92.881,50.000,90.375,35.000,60.000,other,0,-1,4,0
7589,32,74.641,77.864,69.481,95.473,94.425,93.374,86.000,92.500,56.000,77.171,other,0,-1,5,0
7590,52,50.145,54.116,60.762,95.465,94.385,93.640,32.000,91.500,32.000,77.686,other,0,-1,6,0
7591,56,60.184,68.298,74.343,96.095,95.004,94.039,52.000,92.333,67.000,91.543,other,0,-1,7,0
7592,89,71.687,80.833,84.097,96.276,95.159,94.344,56.000,91.875,57.000,101.114,other,0,-1,8,0
7593,113,92.166,107.468,106.182,97.080,95.958,94.779,89.000,93.208,87.000,122.829,other,0,-1,9,0
7594,126,115.250,131.075,126.206,97.797,96.668,95.196,113.000,94.292,76.000,137.200,other,0,-1,10,0
7595,113,135.612,146.154,140.280,98.861,97.737,95.686,126.000,96.375,82.000,150.314,other,0,-1,11,0
7596,167,147.598,146.287,137.776,99.650,98.521,96.118,113.000,97.667,196.000,163.229,other,0,-1,12,0
7597,87,170.551,172.489,171.888,99.571,98.406,96.369,167.000,96.458,139.000,172.800,other,0,-1,13,0
7598,100,158.525,145.243,124.117,99.158,97.946,96.550,87.000,94.292,231.000,172.257,other,0,-1,14,0
7599,204,155.407,146.358,126.722,97.600,96.301,96.492,100.000,88.833,178.000,183.343,other,0,-1,15,0
7600,174,166.746,173.371,181.918,98.317,97.011,96.909,204.000,89.917,114.000,162.143,other,0,-1,16,0
7601,77,138.380,144.171,151.140,99.526,98.230,97.429,174.000,92.417,185.000,148.800,other,0,-1,17,0
7602,116,118.880,111.135,93.695,98.302,96.930,97.440,77.000,87.917,108.000,128.829,other,0,-1,18,0
7603,70,97.920,97.844,99.098,98.758,97.370,97.803,116.000,88.250,82.000,110.171,other,0,-1,19,0
7604,81,85.214,79.212,75.310,98.924,97.509,98.105,70.000,87.750,82.000,85.143,other,0,-1,20,0
7605,82,69.356,68.429,71.129,99.250,97.814,98.440,81.000,87.708,25.000,75.143,other,0,-1,21,0
7606,45,60.573,63.456,66.432,100.416,98.988,98.951,82.000,90.083,25.000,65.229,other,0,-1,22,0
7607,103,53.721,53.550,54.974,101.046,99.607,99.350,45.000,90.917,41.000,63.543,other,0,-1,23,0
7608,48,72.968,76.573,67.355,102.284,100.856,99.876,103.000,93.500,61.000,61.694,other,0,-1,0,1
7609,58,51.611,54.588,53.812,102.270,100.863,100.149,48.000,92.958,84.000,62.000,other,0,-1,1,1
7610,67,56.925,60.443,55.376,102.067,100.676,100.383,58.000,91.875,76.000,62.222,other,0,-1,2,1
7611,26,63.886,66.286,58.790,102.111,100.743,100.668,67.000,91.500,50.000,61.389,other,0,-1,3,1
7612,44,53.084,53.299,53.437,101.937,100.585,100.908,26.000,90.500,86.000,63.583,other,0,-1,4,1
7613,59,58.985,60.862,61.721,101.502,100.157,101.093,44.000,88.750,32.000,65.139,other,0,-1,5,1
7614,53,65.712,69.324,71.893,102.068,100.764,101.487,59.000,89.875,52.000,66.417,other,0,-1,6,1
7615,100,71.820,74.929,78.152,102.256,100.980,101.802,53.000,89.917,56.000,77.639,other,0,-1,7,1
7616,107,92.007,99.214,103.187,103.067,101.842,102.248,100.000,91.750,89.000,91.833,other,0,-1,8,1
7617,108,107.723,115.804,116.871,103.502,102.314,102.615,107.000,92.500,113.000,109.944,other,0,-1,9,1
7618,109,125.504,133.433,127.824,103.604,102.441,102.912,108.000,92.292,126.000,131.361,other,0,-1,10,1
7619,169,142.824,148.772,137.193,103.531,102.388,103.173,109.000,91.583,113.000,148.500,other,0,-1,11,1
7620,164,171.363,172.354,175.118,104.516,103.429,103.654,169.000,93.917,167.000,174.389,other,0,-1,12,1
7621,204,174.410,174.959,175.479,104.647,103.586,103.958,164.000,93.792,87.000,191.778,other,0,-1,13,1
7622,285,190.309,191.585,197.482,106.516,105.542,104.624,204.000,98.667,100.000,190.222,other,0,-1,14,1
7623,124,260.148,243.399,241.098,109.370,108.517,105.496,285.000,106.375,204.000,183.056,other,0,-1,15,1
7624,229,160.174,148.498,137.948,108.385,107.520,105.566,124.000,103.042,174.000,168.806,other,0,-1,16,1
7625,56,168.876,176.143,182.932,109.355,108.546,106.045,229.000,105.333,77.000,158.750,other,0,-1,17,1
7626,172,137.582,114.443,90.964,109.225,108.433,106.294,56.000,104.458,116.000,131.639,other,0,-1,18,1
7627,188,113.272,115.127,126.919,110.210,109.475,106.776,172.000,106.792,70.000,103.944,other,0,-1,19,1
7628,86,108.770,112.179,121.952,112.093,111.445,107.445,188.000,111.708,81.000,92.389,other,0,-1,20,1
7629,63,80.738,72.391,77.967,112.340,111.722,107.772,86.000,111.917,82.000,77.389,other,0,-1,21,1
7630,77,70.527,62.150,64.999,112.239,111.639,108.027,63.000,111.125,45.000,64.944,other,0,-1,22,1
7631,67,64.451,63.406,62.679,112.876,112.321,108.436,77.000,112.458,103.000,62.889,other,0,-1,23,1
7632,63,62.099,61.627,54.886,112.528,111.983,108.640,67.000,110.958,48.000,59.639,other,0,-1,0,2
7633,60,60.679,62.061,57.610,112.622,112.140,108.736,63.000,111.583,58.000,64.167,other,0,-1,1,2
7634,40,61.962,62.561,55.901,112.528,112.102,108.793,60.000,111.667,67.000,56.194,other,0,-1,2,2
7635,33,60.024,57.278,52.697,112.014,111.630,108.763,40.000,110.542,26.000,60.528,other,0,-1,3,2
7636,33,61.619,56.665,53.255,111.992,111.667,108.835,33.000,110.833,44.000,62.444,other,0,-1,4,2
7637,66,65.657,58.775,56.453,111.709,111.434,108.853,33.000,110.375,59.000,62.833,other,0,-1,5,2
7638,41,75.241,70.221,68.506,111.687,111.471,108.925,66.000,110.667,53.000,70.472,other,0,-1,6,2
7639,87,83.796,71.951,69.864,111.390,111.224,108.940,41.000,110.167,100.000,78.639,other,0,-1,7,2
7640,86,98.647,89.483,91.668,111.079,110.961,108.951,87.000,109.625,107.000,89.639,other,0,-1,8,2
7641,97,115.738,105.098,102.888,110.651,110.578,108.939,86.000,108.750,108.000,104.833,other,0,-1,9,2
7642,96,134.401,126.352,119.177,110.368,110.346,108.957,97.000,108.292,109.000,127.694,other,0,-1,10,2
7643,172,150.523,146.779,130.206,110.057,110.083,108.969,96.000,107.750,169.000,145.361,other,0,-1,11,2
7644,148,172.118,166.895,173.557,109.977,110.060,109.029,172.000,107.875,164.000,159.222,other,0,-1,12,2
7645,164,170.411,169.615,166.509,109.622,109.753,109.031,148.000,107.208,204.000,182.222,other,0,-1,13,2
7646,201,172.117,174.231,173.000,108.919,109.085,108.961,164.000,105.542,285.000,185.000,other,0,-1,14,2
7647,160,175.779,184.497,184.963,107.579,107.758,108.758,201.000,102.042,124.000,172.750,other,0,-1,15,2
7648,80,157.454,160.501,153.777,107.977,108.230,108.918,160.000,103.542,229.000,158.694,other,0,-1,16,2
7649,192,147.820,133.437,107.208,105.695,105.929,108.519,80.000,97.333,56.000,148.139,other,0,-1,17,2
7650,102,131.626,150.722,143.985,107.542,107.900,108.981,192.000,103.000,172.000,124.722,other,0,-1,18,2
7651,115,114.109,105.671,95.576,106.405,106.782,108.820,102.000,100.083,188.000,108.833,other,0,-1,19,2
7652,131,94.067,94.147,92.336,105.224,105.620,108.651,115.000,97.042,86.000,89.361,other,0,-1,20,2
7653,65,78.698,91.832,89.757,105.753,106.227,108.838,131.000,98.917,63.000,75.500,other,0,-1,21,2
7654,96,70.390,65.344,62.575,105.658,106.189,108.895,65.000,99.000,77.000,67.139,other,0,-1,22,2
7655,92,62.719,71.625,64.358,105.810,106.406,109.004,96.000,99.792,67.000,62.722,other,0,-1,23,2
7656,35,61.922,70.713,58.177,106.049,106.713,109.130,92.000,100.833,63.000,61.389,other,0,-1,0,3
7657,31,54.101,54.173,56.061,105.316,106.007,108.797,35.000,99.667,60.000,64.194,other,0,-1,1,3
7658,67,53.491,53.625,53.963,104.568,105.286,108.461,31.000,98.458,40.000,65.056,other,0,-1,2,3
7659,106,61.198,66.574,60.570,104.632,105.404,108.294,67.000,99.583,33.000,61.583,other,0,-1,3,3
7660,61,82.629,85.355,71.030,105.361,106.212,108.266,106.000,102.625,33.000,61.250,other,0,-1,4,3
7661,48,65.019,65.472,64.247,105.439,106.345,108.102,61.000,103.792,66.000,63.500,other,0,-1,5,3
7662,111,69.003,64.209,66.193,104.851,105.789,107.799,48.000,103.042,41.000,67.778,other,0,-1,6,3
7663,77,90.136,87.569,90.654,105.537,106.552,107.762,111.000,105.958,87.000,79.889,other,0,-1,7,3
7664,105,93.633,85.210,89.997,105.065,106.116,107.483,77.000,105.542,86.000,92.417,other,0,-1,8,3
7665,119,111.396,104.397,110.484,105.012,106.114,107.292,105.000,106.333,97.000,115.000,other,0,-1,9,3
7666,111,130.121,125.990,127.988,105.003,106.158,107.110,119.000,107.250,96.000,126.583,other,0,-1,10,3
7667,157,146.239,146.304,136.531,104.893,106.096,106.906,111.000,107.875,172.000,145.861,other,0,-1,11,3
7668,157,163.002,165.679,163.676,104.348,105.585,106.612,157.000,107.250,148.000,168.111,other,0,-1,12,3
7669,174,168.798,171.294,168.289,104.151,105.433,106.391,157.000,107.625,164.000,177.472,other,0,-1,13,3
7670,187,172.222,176.171,175.292,103.968,105.297,106.173,174.000,108.042,201.000,176.694,other,0,-1,14,3
7671,111,169.369,176.550,176.081,103.437,104.800,105.882,187.000,107.458,160.000,173.972,other,0,-1,15,3
7672,126,151.784,144.616,134.095,102.400,103.779,105.485,111.000,105.417,80.000,162.111,other,0,-1,16,3
7673,177,138.691,136.240,129.866,102.738,104.183,105.375,126.000,107.333,192.000,150.028,other,0,-1,17,3
7674,191,121.256,142.122,140.767,102.193,103.671,105.081,177.000,106.708,102.000,132.389,other,0,-1,18,3
7675,123,104.614,144.937,135.412,103.155,104.719,105.102,191.000,110.417,115.000,108.528,other,0,-1,19,3
7676,92,84.312,96.726,97.434,102.943,104.553,104.877,123.000,110.750,131.000,100.083,other,0,-1,20,3
7677,103,71.504,76.666,79.235,102.051,103.681,104.511,92.000,109.125,65.000,85.306,other,0,-1,21,3
7678,58,58.530,75.236,75.466,102.273,103.965,104.377,103.000,110.708,96.000,74.778,other,0,-1,22,3
7679,26,52.283,55.128,58.862,101.395,103.109,104.013,58.000,109.125,92.000,70.444,other,0,-1,23,3
7680,110,48.549,45.094,48.672,100.111,101.833,103.565,26.000,106.375,35.000,60.917,other,0,-1,0,4
7681,99,65.630,80.878,61.870,100.913,102.668,103.431,110.000,109.500,31.000,56.972,other,0,-1,1,4
7682,53,65.665,77.240,58.703,101.612,103.398,103.275,99.000,112.333,67.000,51.583,other,0,-1,2,4
7683,36,49.201,56.804,49.748,101.124,102.898,102.872,53.000,111.750,106.000,54.556,other,0,-1,3,4
7684,43,47.963,51.421,48.160,99.825,101.560,102.299,36.000,108.833,61.000,57.139,other,0,-1,4,4
7685,69,52.362,54.688,52.908,99.279,101.000,101.883,43.000,108.083,48.000,54.694,other,0,-1,5,4
7686,48,61.878,65.433,64.824,99.298,101.026,101.586,69.000,108.958,111.000,65.167,other,0,-1,6,4
7687,107,67.254,64.210,66.811,98.100,99.792,101.034,48.000,106.333,77.000,74.667,other,0,-1,7,4
7688,74,85.204,91.428,96.800,98.249,99.952,100.764,107.000,107.583,105.000,86.667,other,0,-1,8,4
7689,150,98.025,96.673,96.937,97.515,99.198,100.309,74.000,106.292,119.000,109.861,other,0,-1,9,4
7690,161,125.044,140.431,143.220,97.678,99.374,100.041,150.000,107.583,111.000,125.222,other,0,-1,10,4
7691,67,143.787,161.701,160.885,98.117,99.834,99.832,161.000,109.667,157.000,147.361,other,0,-1,11,4
7692,66,146.997,142.683,127.503,96.528,98.195,99.198,67.000,105.917,157.000,161.111,other,0,-1,12,4
7693,187,152.713,142.990,131.726,94.925,96.542,98.562,66.000,102.125,174.000,174.694,other,0,-1,13,4
7694,128,176.330,179.886,185.271,94.828,96.447,98.240,187.000,102.667,187.000,178.167,other,0,-1,14,4
7695,223,156.960,149.180,150.425,93.688,95.273,97.700,128.000,100.208,111.000,172.583,other,0,-1,15,4
7696,152,172.471,185.104,188.497,95.025,96.663,97.678,223.000,104.875,126.000,165.472,other,0,-1,16,4
7697,112,129.743,136.241,139.705,95.116,96.763,97.396,152.000,105.958,177.000,138.861,other,0,-1,17,4
7698,118,107.552,111.890,109.003,93.889,95.500,96.838,112.000,103.250,191.000,121.333,other,0,-1,18,4
7699,42,88.153,98.447,99.098,92.546,94.116,96.256,118.000,100.208,123.000,101.944,other,0,-1,19,4
7700,56,77.873,73.477,66.684,91.088,92.612,95.650,42.000,96.833,92.000,84.222,other,0,-1,20,4
7701,63,60.457,60.709,63.278,90.281,91.783,95.180,56.000,95.333,103.000,70.889,other,0,-1,21,4
7702,44,46.850,52.454,59.055,89.416,90.894,94.697,63.000,93.667,58.000,63.889,other,0,-1,22,4
7703,59,39.467,42.807,50.514,88.928,90.395,94.294,44.000,93.083,26.000,57.111,other,0,-1,23,4
7704,40,35.255,44.626,50.026,89.121,90.600,94.033,59.000,94.458,110.000,38.722,other,0,-1,0,5
7705,45,33.578,40.167,31.116,88.079,89.476,93.619,40.000,91.542,99.000,42.139,other,0,-1,1,5
7706,34,37.259,43.655,32.510,87.268,88.592,93.254,45.000,89.292,53.000,43.389,other,0,-1,2,5
7707,46,36.860,41.206,32.157,86.965,88.233,92.995,34.000,88.500,36.000,43.528,other,0,-1,3,5
7708,32,43.330,47.174,37.700,87.082,88.309,92.824,46.000,88.917,43.000,42.111,other,0,-1,4,5
7709,70,41.634,43.674,38.981,86.894,88.069,92.589,32.000,88.458,69.000,43.028,other,0,-1,5,5
7710,22,57.346,61.078,55.887,86.881,88.010,92.390,70.000,88.500,48.000,55.167,other,0,-1,6,5
7711,46,53.965,51.129,48.891,86.476,87.546,92.110,22.000,87.417,107.000,63.917,other,0,-1,7,5
7712,93,66.671,66.136,64.858,85.564,86.557,91.723,46.000,84.875,74.000,81.722,other,0,-1,8,5
7713,94,84.985,95.152,95.245,85.811,86.767,91.579,93.000,85.667,150.000,98.167,other,0,-1,9,5
7714,109,101.827,109.177,106.506,84.972,85.853,91.208,94.000,83.333,161.000,102.556,other,0,-1,10,5
7715,748,120.441,127.724,124.344,84.190,84.999,90.849,109.000,81.167,67.000,122.722,inside,1,0,11,5
7716,1280,388.220,439.736,437.330,94.027,95.134,92.708,748.000,109.542,66.000,141.028,inside,1,1,12,5
7717,906,399.125,474.421,470.088,111.585,113.258,96.179,1280.000,160.125,187.000,161.333,inside,1,2,13,5
7718,898,395.357,457.209,454.878,121.973,123.962,98.152,906.000,190.083,128.000,179.778,inside,1,3,14,5
7719,1601,394.069,455.941,454.738,133.099,135.431,100.280,898.000,222.167,223.000,180.472,inside,1,4,15,5
7720,1299,398.574,483.235,478.058,153.033,156.014,104.247,1601.000,279.583,152.000,165.833,inside,1,5,16,5
7721,173,394.824,471.035,471.955,169.620,173.134,107.515,1299.000,327.375,112.000,148.556,after,1,6,17,5
7722,70,133.136,82.541,134.814,170.476,173.974,107.498,173.000,329.917,118.000,114.861,after,1,7,18,5
7723,73,105.359,44.334,86.136,169.753,173.180,107.151,70.000,327.917,42.000,90.528,after,1,8,19,5
7724,103,77.788,32.161,78.616,170.174,173.570,107.043,73.000,329.208,56.000,74.972,after,1,9,20,5
7725,48,64.619,26.775,76.328,170.826,174.201,106.984,103.000,331.167,63.000,60.444,after,1,10,21,5
7726,34,46.421,18.901,67.915,170.581,173.901,106.737,48.000,330.542,44.000,52.389,after,1,11,22,5
7727,47,39.140,16.127,64.701,170.408,173.677,106.505,34.000,330.125,59.000,44.139,after,1,12,23,5
7728,29,41.500,15.994,63.687,170.206,173.423,106.267,47.000,329.625,40.000,32.472,after,1,13,0,6
7729,38,38.979,12.627,53.450,170.297,173.454,106.343,29.000,329.167,45.000,34.500,after,1,14,1,6
7730,30,45.972,13.787,53.399,170.446,173.546,106.432,38.000,328.875,34.000,33.361,after,1,15,2,6
7731,43,46.852,14.479,53.075,170.638,173.683,106.529,30.000,328.708,46.000,35.222,after,1,16,3,6
7732,42,55.935,17.471,54.080,170.845,173.834,106.630,43.000,328.583,32.000,34.028,after,1,17,4,6
7733,27,59.090,20.147,55.417,171.240,174.181,106.770,42.000,329.000,70.000,36.611,after,1,18,5,6
7734,58,58.324,22.323,56.728,170.867,173.733,106.749,27.000,327.208,22.000,38.694,after,1,19,6,6
7735,55,76.135,33.660,66.666,171.639,174.469,106.968,58.000,328.708,46.000,47.194,after,1,20,7,6
7736,63,86.300,42.803,74.927,172.020,174.800,107.105,55.000,329.083,93.000,59.167,after,1,21,8,6
7737,102,105.373,57.622,88.016,171.836,174.547,107.123,63.000,327.833,94.000,78.778,after,1,22,9,6
7738,105,133.169,87.441,116.994,172.202,174.864,107.257,102.000,328.167,109.000,101.278,after,1,23,10,6
7739,109,155.619,100.270,128.424,172.394,175.000,107.355,105.000,328.000,748.000,121.778,after,1,24,11,6
7740,160,165.132,109.815,137.366,163.388,165.618,105.531,109.000,301.375,1280.000,140.833,after,1,25,12,6
7741,77,179.357,147.000,173.846,147.413,149.025,102.253,160.000,254.708,906.000,148.472,after,1,26,13,6
7742,107,125.560,114.554,120.043,135.655,136.794,99.855,77.000,220.167,898.000,156.639,after,1,27,14,6
7743,146,125.379,123.933,130.647,124.446,125.132,97.571,107.000,187.208,1601.000,153.306,after,1,28,15,6
7744,127,130.963,136.499,141.170,103.619,103.517,93.279,146.000,126.583,1299.000,133.083,after,1,29,16,6
7745,96,119.594,125.131,116.316,86.892,86.145,89.843,127.000,77.750,173.000,123.667,other,0,-1,17,6
7746,102,104.644,105.355,89.254,86.027,85.187,89.720,96.000,74.542,70.000,102.583,other,0,-1,18,6
7747,68,85.855,89.846,78.842,86.741,85.863,89.927,102.000,75.875,73.000,79.889,other,0,-1,19,6
7748,79,72.981,71.741,58.662,86.918,85.985,90.021,68.000,75.667,103.000,59.111,other,0,-1,20,6
7749,35,56.971,61.400,54.886,86.821,85.822,90.058,79.000,74.667,48.000,47.306,other,0,-1,21,6
7750,33,49.853,48.362,42.656,86.883,85.823,90.128,35.000,74.125,34.000,35.306,other,0,-1,22,6
7751,13,41.737,43.810,40.590,87.119,86.005,90.235,33.000,74.083,47.000,32.556,other,0,-1,23,6
7752,48,37.725,38.679,36.402,86.876,85.692,90.242,13.000,72.667,29.000,61.343,other,0,-1,0,0
7753,78,42.209,49.352,46.591,87.492,86.296,90.638,48.000,73.458,38.000,59.743,other,0,-1,1,0
7754,59,60.714,69.192,54.849,88.412,87.215,91.097,78.000,75.125,30.000,61.829,other,0,-1,2,0
7755,46,54.255,62.182,53.194,89.172,87.970,91.523,59.000,76.333,43.000,63.543,other,0,-1,3,0
7756,33,50.223,57.631,54.079,89.555,88.334,91.871,46.000,76.458,42.000,60.000,other,0,-1,4,0
7757,76,47.181,53.970,55.988,89.765,88.519,92.182,33.000,76.083,27.000,77.171,other,0,-1,5,0
7758,66,65.940,77.288,75.319,90.815,89.573,92.669,76.000,78.125,58.000,77.686,other,0,-1,6,0
7759,55,63.311,77.374,79.997,91.271,90.012,93.031,66.000,78.458,55.000,91.543,other,0,-1,7,0
7760,129,71.091,83.736,84.265,91.612,90.332,93.370,55.000,78.458,63.000,101.114,other,0,-1,8,0
7761,63,109.073,130.979,125.546,92.908,91.641,93.908,129.000,81.208,102.000,122.829,other,0,-1,9,0
7762,147,107.680,115.517,102.466,92.683,91.376,94.128,63.000,79.583,105.000,137.200,other,0,-1,10,0
7763,105,142.286,158.571,151.780,93.632,92.325,94.594,147.000,81.333,109.000,150.314,other,0,-1,11,0
7764,102,143.909,145.318,132.772,93.914,92.584,94.920,105.000,81.167,160.000,163.229,other,0,-1,12,0
7765,145,152.263,148.926,132.690,93.414,92.035,95.083,102.000,78.750,77.000,172.800,other,0,-1,13,0
7766,131,163.674,162.445,156.301,94.739,93.373,95.627,145.000,81.583,107.000,172.257,other,0,-1,14,0
7767,122,158.489,153.806,143.642,95.427,94.053,96.038,131.000,82.583,146.000,183.343,other,0,-1,15,0
7768,145,148.435,143.879,131.620,95.420,94.013,96.304,122.000,81.583,127.000,162.143,other,0,-1,16,0
7769,156,134.156,136.438,134.807,96.021,94.602,96.697,145.000,82.333,96.000,148.800,other,0,-1,17,0
7770,142,116.660,122.496,128.208,97.230,95.821,97.217,156.000,84.833,102.000,128.829,other,0,-1,18,0
7771,200,97.633,102.580,108.204,98.150,96.740,97.676,142.000,86.500,68.000,110.171,other,0,-1,19,0
7772,102,115.950,111.162,118.309,100.402,99.039,98.414,200.000,92.000,79.000,85.143,other,0,-1,20,0
7773,53,68.703,74.174,73.130,101.075,99.703,98.822,102.000,92.958,35.000,75.143,other,0,-1,21,0
7774,73,59.516,60.230,56.330,101.676,100.292,99.214,53.000,93.708,33.000,65.229,other,0,-1,22,0
7775,67,56.019,63.947,57.236,102.596,101.211,99.674,73.000,95.375,13.000,63.543,other,0,-1,23,0
7776,54,56.123,64.546,54.712,103.718,102.340,100.176,67.000,97.625,48.000,61.694,other,0,-1,0,1
7777,56,52.682,59.788,51.741,103.979,102.632,100.506,54.000,97.875,78.000,62.000,other,0,-1,1,1
7778,67,56.198,63.027,51.678,103.834,102.504,100.752,56.000,96.958,59.000,62.222,other,0,-1,2,1
7779,57,64.104,69.607,55.465,104.124,102.826,101.088,67.000,97.292,46.000,61.389,other,0,-1,3,1
7780,66,61.653,66.387,56.876,104.458,103.193,101.434,57.000,97.750,33.000,63.583,other,0,-1,4,1
7781,37,66.520,71.167,64.206,105.110,103.890,101.846,66.000,99.125,76.000,65.139,other,0,-1,5,1
7782,75,62.061,64.556,64.034,104.719,103.507,102.041,37.000,97.500,66.000,66.417,other,0,-1,6,1
7783,101,75.568,82.006,82.552,105.023,103.844,102.380,75.000,97.875,55.000,77.639,other,0,-1,7,1
7784,91,93.111,100.392,101.976,105.863,104.735,102.832,101.000,99.792,129.000,91.833,other,0,-1,8,1
7785,79,105.041,112.736,109.539,105.487,104.367,103.029,91.000,98.208,63.000,109.944,other,0,-1,9,1
7786,118,123.080,130.498,115.253,105.892,104.809,103.390,79.000,98.875,147.000,131.361,other,0,-1,10,1
7787,104,144.664,150.103,142.118,105.646,104.576,103.614,118.000,97.667,105.000,148.500,other,0,-1,11,1
7788,212,154.998,157.284,141.878,105.806,104.763,103.924,104.000,97.625,102.000,174.389,other,0,-1,12,1
7789,194,204.614,196.482,204.596,107.573,106.614,104.569,212.000,102.208,145.000,191.778,other,0,-1,13,1
7790,234,187.178,186.669,192.612,108.457,107.551,105.029,194.000,104.250,131.000,190.222,other,0,-1,14,1
7791,273,205.466,204.303,210.383,110.123,109.297,105.653,234.000,108.542,122.000,183.056,other,0,-1,15,1
7792,187,232.905,223.760,223.464,112.484,111.762,106.422,273.000,114.833,145.000,168.806,other,0,-1,16,1
7793,206,152.567,152.935,158.136,113.267,112.594,106.862,187.000,116.583,156.000,158.750,other,0,-1,17,1
7794,170,142.642,145.157,153.302,114.165,113.545,107.325,206.000,118.667,142.000,131.639,other,0,-1,18,1
7795,121,113.948,113.438,121.843,114.744,114.167,107.722,170.000,119.833,200.000,103.944,other,0,-1,19,1
7796,50,93.060,86.839,93.450,113.774,113.184,107.796,121.000,116.542,102.000,92.389,other,0,-1,20,1
7797,23,83.086,67.402,65.067,113.195,112.607,107.951,50.000,114.375,53.000,77.389,other,0,-1,21,1
7798,60,73.089,56.717,52.251,112.934,112.359,108.172,23.000,113.125,73.000,64.944,other,0,-1,22,1
7799,71,62.172,56.668,53.637,112.919,112.366,108.445,60.000,112.583,67.000,62.889,other,0,-1,23,1
7800,27,62.485,60.400,51.099,113.151,112.628,108.770,71.000,112.750,54.000,59.639,other,0,-1,0,2
7801,59,56.987,50.580,46.860,112.637,112.155,108.739,27.000,111.625,56.000,64.167,other,0,-1,1,2
7802,58,61.645,60.248,51.085,112.557,112.132,108.799,59.000,111.750,67.000,56.194,other,0,-1,2,2
7803,51,63.970,61.363,51.441,112.303,111.930,108.823,58.000,111.375,57.000,60.528,other,0,-1,3,2
7804,39,64.655,60.376,52.411,112.093,111.772,108.856,51.000,111.125,66.000,62.444,other,0,-1,4,2
7805,51,66.176,59.072,54.044,111.579,111.299,108.825,39.000,110.000,37.000,62.833,other,0,-1,5,2
7806,54,73.680,65.569,62.252,111.658,111.441,108.919,51.000,110.583,75.000,70.472,other,0,-1,6,2
7807,79,83.989,73.008,70.803,111.231,111.059,108.906,54.000,109.708,101.000,78.639,other,0,-1,7,2
7808,115,99.295,87.869,87.831,110.789,110.661,108.891,79.000,108.792,91.000,89.639,other,0,-1,8,2
7809,103,120.095,108.115,112.741,111.013,110.953,109.015,115.000,109.792,79.000,104.833,other,0,-1,9,2
7810,92,136.217,126.381,121.695,111.238,111.245,109.138,103.000,110.792,118.000,127.694,other,0,-1,10,2
7811,159,151.607,147.064,129.225,110.738,110.788,109.111,92.000,109.708,104.000,145.361,other,0,-1,11,2
7812,155,169.931,164.729,168.063,111.411,111.544,109.328,159.000,112.000,212.000,159.222,other,0,-1,12,2
7813,175,173.532,171.208,170.720,110.462,110.622,109.207,155.000,109.625,194.000,182.222,other,0,-1,13,2
7814,105,176.575,177.874,179.336,110.064,110.269,109.200,175.000,108.833,234.000,185.000,other,0,-1,14,2
7815,142,159.899,156.286,139.124,108.072,108.268,108.861,105.000,103.458,273.000,172.750,other,0,-1,15,2
7816,191,155.161,155.704,144.866,106.051,106.236,108.516,142.000,98.000,187.000,158.694,other,0,-1,16,2
7817,153,148.434,161.861,156.247,105.985,106.228,108.579,191.000,98.167,206.000,148.139,other,0,-1,17,2
7818,135,127.887,133.146,125.867,105.094,105.366,108.470,153.000,95.958,170.000,124.722,other,0,-1,18,2
7819,172,110.102,113.389,107.979,104.464,104.774,108.415,135.000,94.500,121.000,108.833,other,0,-1,19,2
7820,80,95.299,121.126,113.568,105.079,105.470,108.620,172.000,96.625,50.000,89.361,other,0,-1,20,2
7821,52,81.690,77.115,71.462,105.391,105.852,108.762,80.000,97.875,23.000,75.500,other,0,-1,21,2
7822,68,71.970,64.641,57.252,105.687,106.219,108.901,52.000,99.083,60.000,67.139,other,0,-1,22,2
7823,63,60.937,63.343,55.103,105.680,106.271,108.976,68.000,99.417,71.000,62.722,other,0,-1,23,2
7824,59,56.910,61.055,48.998,105.441,106.084,109.003,63.000,99.083,27.000,61.389,other,0,-1,0,3
7825,40,55.361,62.192,58.525,105.577,106.277,108.851,59.000,100.417,59.000,64.194,other,0,-1,1,3
7826,72,53.937,57.030,53.520,104.974,105.706,108.545,40.000,99.625,58.000,65.056,other,0,-1,2,3
7827,56,62.843,69.202,59.759,104.849,105.629,108.339,72.000,100.208,51.000,61.583,other,0,-1,3,3
7828,55,60.656,63.562,58.198,104.594,105.418,108.105,56.000,100.417,39.000,61.250,other,0,-1,4,3
7829,64,63.638,63.964,61.396,104.498,105.371,107.905,55.000,101.083,51.000,63.500,other,0,-1,5,3
7830,88,70.214,68.505,68.828,104.358,105.280,107.696,64.000,101.625,54.000,67.778,other,0,-1,6,3
7831,61,82.116,79.297,83.012,104.523,105.503,107.550,88.000,103.042,79.000,79.889,other,0,-1,7,3
7832,95,93.953,83.310,84.824,103.935,104.947,107.247,61.000,102.292,115.000,92.417,other,0,-1,8,3
7833,67,110.921,102.963,106.964,103.317,104.360,106.938,95.000,101.458,103.000,115.000,other,0,-1,9,3
7834,115,130.575,125.694,109.854,102.468,103.534,106.580,67.000,99.958,92.000,126.583,other,0,-1,10,3
7835,187,146.496,146.322,138.870,102.474,103.593,106.401,115.000,100.917,159.000,145.861,other,0,-1,11,3
7836,172,173.524,174.601,177.496,102.552,103.726,106.237,187.000,102.083,155.000,168.111,other,0,-1,12,3
7837,189,172.726,176.225,175.832,102.470,103.694,106.040,172.000,102.792,175.000,177.472,other,0,-1,13,3
7838,132,177.011,182.585,183.145,102.345,103.618,105.834,189.000,103.375,105.000,176.694,other,0,-1,14,3
7839,194,161.518,157.828,153.142,102.409,103.736,105.667,132.000,104.500,142.000,173.972,other,0,-1,15,3
7840,151,160.936,172.010,172.316,102.834,104.229,105.575,194.000,106.667,191.000,162.111,other,0,-1,16,3
7841,182,139.325,142.695,140.837,101.927,103.343,105.206,151.000,105.000,153.000,150.028,other,0,-1,17,3
7842,123,122.623,144.403,142.744,102.020,103.491,105.045,182.000,106.208,135.000,132.389,other,0,-1,18,3
7843,89,103.410,106.816,106.469,101.518,103.025,104.760,123.000,105.708,172.000,108.528,other,0,-1,19,3
7844,74,89.212,85.142,85.529,99.988,101.494,104.260,89.000,102.250,80.000,100.083,other,0,-1,20,3
7845,98,74.539,70.587,73.510,99.573,101.118,103.993,74.000,102.000,52.000,85.306,other,0,-1,21,3
7846,62,58.686,71.067,73.300,99.912,101.521,103.884,98.000,103.917,68.000,74.778,other,0,-1,22,3
7847,46,52.100,54.593,59.146,99.498,101.145,103.617,62.000,103.667,63.000,70.444,other,0,-1,23,3
7848,97,47.130,47.861,51.978,98.924,100.603,103.317,46.000,102.958,59.000,60.917,other,0,-1,0,4
7849,36,58.189,71.643,58.432,99.189,100.884,103.071,97.000,104.542,40.000,56.972,other,0,-1,1,4
7850,48,43.690,48.081,45.825,98.845,100.534,102.698,36.000,104.375,72.000,51.583,other,0,-1,2,4
7851,74,47.659,53.228,48.233,98.212,99.885,102.264,48.000,103.375,56.000,54.556,other,0,-1,3,4
7852,75,58.992,64.796,55.545,98.188,99.866,101.957,74.000,104.125,55.000,57.139,other,0,-1,4,4
7853,52,61.242,65.724,59.942,98.192,99.876,101.657,75.000,104.958,64.000,54.694,other,0,-1,5,4
7854,78,58.588,59.047,60.192,97.733,99.407,101.259,52.000,104.458,88.000,65.167,other,0,-1,6,4
7855,75,69.659,72.189,75.501,97.303,98.968,100.868,78.000,104.042,61.000,74.667,other,0,-1,7,4
7856,113,80.879,80.630,85.184,97.220,98.888,100.549,75.000,104.625,95.000,86.667,other,0,-1,8,4
7857,138,99.676,107.397,112.547,97.196,98.869,100.242,113.000,105.375,67.000,109.861,other,0,-1,9,4
7858,154,121.027,135.376,137.450,97.939,99.644,100.096,138.000,108.333,115.000,125.222,other,0,-1,10,4
7859,190,141.254,158.776,157.295,98.219,99.939,99.853,154.000,109.958,187.000,147.361,other,0,-1,11,4
7860,194,167.458,186.802,184.198,97.977,99.694,99.501,190.000,110.083,172.000,161.111,other,0,-1,12,4
7861,244,176.157,190.248,190.419,98.010,99.735,99.206,194.000,111.000,189.000,174.694,other,0,-1,13,4
7862,271,206.798,222.523,216.861,98.522,100.270,99.011,244.000,113.292,132.000,178.167,other,0,-1,14,4
7863,92,221.685,237.935,228.080,100.250,102.064,99.071,271.000,119.083,194.000,172.583,other,0,-1,15,4
7864,86,152.572,133.116,126.983,98.487,100.246,98.401,92.000,114.833,151.000,165.472,other,0,-1,16,4
7865,138,137.584,120.609,112.445,97.260,98.982,97.843,86.000,112.125,182.000,138.861,other,0,-1,17,4
7866,162,113.429,116.874,120.905,96.337,98.033,97.349,138.000,110.292,123.000,121.333,other,0,-1,18,4
7867,112,91.004,113.090,118.654,96.617,98.328,97.106,162.000,111.917,89.000,101.944,other,0,-1,19,4
7868,89,75.567,82.285,90.614,96.665,98.384,96.814,112.000,112.875,74.000,84.222,other,0,-1,20,4
7869,69,62.000,65.836,77.070,96.597,98.319,96.499,89.000,113.500,98.000,70.889,other,0,-1,21,4
7870,40,51.243,53.195,67.195,95.891,97.595,96.050,69.000,112.292,62.000,63.889,other,0,-1,22,4
7871,54,44.716,41.664,57.649,95.287,96.976,95.622,40.000,111.375,46.000,57.111,other,0,-1,23,4
7872,33,38.210,43.315,57.254,95.118,96.806,95.285,54.000,111.708,97.000,38.722,other,0,-1,0,5
7873,22,35.782,38.453,36.772,94.163,95.773,94.890,33.000,109.042,36.000,42.139,other,0,-1,1,5
7874,25,35.326,36.490,35.020,93.932,95.488,94.646,22.000,108.458,48.000,43.389,other,0,-1,2,5
7875,39,37.596,38.829,36.257,93.571,95.069,94.375,25.000,107.500,74.000,43.528,other,0,-1,3,5
7876,30,43.320,45.068,40.864,93.035,94.470,94.067,39.000,106.042,75.000,42.111,other,0,-1,4,5
7877,25,44.147,43.265,42.293,92.355,93.721,93.729,30.000,104.167,52.000,43.028,other,0,-1,5,5
7878,74,48.817,44.955,45.749,91.936,93.242,93.446,25.000,103.042,78.000,55.167,other,0,-1,6,5
7879,53,63.330,66.890,67.522,91.850,93.107,93.232,74.000,102.875,75.000,63.917,other,0,-1,7,5
7880,69,70.748,67.729,68.727,91.503,92.703,92.964,53.000,101.958,113.000,81.722,other,0,-1,8,5
7881,45,86.949,85.316,84.740,90.838,91.969,92.629,69.000,100.125,138.000,98.167,other,0,-1,9,5
7882,151,109.421,92.096,83.543,89.463,90.501,92.146,45.000,96.250,154.000,102.556,other,0,-1,10,5
7883,93,131.527,152.614,151.285,89.391,90.381,91.935,151.000,96.125,190.000,122.722,other,0,-1,11,5
7884,112,139.020,128.928,123.398,87.958,88.853,91.440,93.000,92.083,194.000,141.028,other,0,-1,12,5
7885,202,148.947,140.488,138.401,86.742,87.549,90.990,112.000,88.667,244.000,161.333,other,0,-1,13,5
7886,170,174.410,187.242,195.523,86.105,86.845,90.662,202.000,86.917,271.000,179.778,other,0,-1,14,5
7887,143,154.915,159.802,167.557,84.614,85.256,90.154,170.000,82.708,92.000,180.472,other,0,-1,15,5
7888,232,138.488,139.405,141.219,85.325,85.947,90.107,143.000,84.833,86.000,165.833,other,0,-1,16,5
7889,160,151.026,171.956,179.105,87.412,88.061,90.347,232.000,90.917,138.000,148.556,other,0,-1,17,5
7890,127,100.361,116.749,117.994,87.702,88.316,90.212,160.000,91.833,162.000,114.861,other,0,-1,18,5
7891,127,79.576,91.291,87.351,87.167,87.717,89.904,127.000,90.375,112.000,90.528,other,0,-1,19,5
7892,85,62.942,78.112,74.776,87.356,87.868,89.748,127.000,91.000,89.000,74.972,other,0,-1,20,5
7893,45,50.199,57.918,55.066,87.270,87.733,89.534,85.000,90.833,69.000,60.444,other,0,-1,21,5
7894,33,41.926,43.208,42.248,86.894,87.299,89.260,45.000,89.833,40.000,52.389,other,0,-1,22,5
7895,34,34.420,36.718,37.110,86.765,87.120,89.037,33.000,89.542,54.000,44.139,other,0,-1,23,5
7896,27,30.171,35.759,35.006,86.447,86.745,88.775,34.000,88.708,33.000,32.472,other,0,-1,0,6
7897,32,29.653,34.307,26.881,86.610,86.852,88.867,27.000,88.458,22.000,34.500,other,0,-1,1,6
7898,20,33.111,38.516,29.245,87.006,87.198,89.006,32.000,88.875,25.000,33.361,other,0,-1,2,6
7899,38,32.502,36.200,29.512,87.183,87.320,89.101,20.000,88.667,39.000,35.222,other,0,-1,3,6
7900,29,40.928,44.732,36.938,87.419,87.502,89.208,38.000,88.625,30.000,34.028,other,0,-1,4,6
7901,25,40.043,42.735,39.958,87.655,87.683,89.314,29.000,88.583,25.000,36.611,other,0,-1,5,6
7902,29,42.832,44.441,45.076,87.905,87.880,89.424,25.000,88.583,74.000,38.694,other,0,-1,6,6
7903,22,50.588,51.455,53.232,87.504,87.402,89.397,29.000,86.708,53.000,47.194,other,0,-1,7,6
7904,63,63.215,59.334,58.518,87.305,87.134,89.413,22.000,85.417,69.000,59.167,other,0,-1,8,6
7905,51,79.602,82.523,82.117,87.468,87.240,89.505,63.000,85.167,45.000,78.778,other,0,-1,9,6
7906,111,98.012,89.330,84.503,87.805,87.527,89.633,51.000,85.417,151.000,101.278,other,0,-1,10,6
7907,110,119.825,124.001,122.334,87.476,87.124,89.621,111.000,83.750,93.000,121.778,other,0,-1,11,6
7908,178,134.015,129.590,126.828,87.973,87.575,89.782,110.000,84.458,112.000,140.833,other,0,-1,12,6
7909,141,164.428,171.822,175.436,89.179,88.761,90.092,178.000,87.208,202.000,148.472,other,0,-1,13,6
7910,119,152.132,149.323,148.499,88.546,88.043,90.017,141.000,84.667,170.000,156.639,other,0,-1,14,6
7911,162,144.768,139.154,130.089,88.057,87.475,89.972,119.000,82.542,143.000,153.306,other,0,-1,15,6
7912,97,139.183,145.433,149.413,88.583,87.957,90.139,162.000,83.333,232.000,133.083,other,0,-1,16,6
7913,95,122.009,116.828,100.691,86.877,86.130,89.840,97.000,77.708,160.000,123.667,other,0,-1,17,6
7914,125,106.038,101.945,88.197,86.186,85.352,89.753,95.000,75.000,127.000,102.583,other,0,-1,18,6
7915,69,84.745,90.214,86.714,86.407,85.518,89.857,125.000,74.917,127.000,79.889,other,0,-1,19,6
7916,59,73.589,68.440,58.738,85.817,84.845,89.791,69.000,72.500,85.000,59.111,other,0,-1,20,6
7917,57,59.227,55.886,50.492,85.691,84.652,89.822,59.000,71.417,45.000,47.306,other,0,-1,21,6
7918,40,47.798,48.960,46.883,86.115,85.029,89.968,57.000,71.917,33.000,35.306,other,0,-1,22,6
7919,28,41.328,43.075,42.321,86.467,85.330,90.099,40.000,72.208,34.000,32.556,other,0,-1,23,6
7920,32,37.608,40.081,39.612,86.630,85.437,90.190,28.000,71.958,27.000,61.343,other,0,-1,0,0
7921,58,38.178,41.975,43.956,87.043,85.831,90.544,32.000,72.167,32.000,59.743,other,0,-1,1,0
7922,40,49.344,56.763,50.335,87.760,86.541,90.961,58.000,73.250,20.000,61.829,other,0,-1,2,0
7923,60,45.302,51.307,48.976,88.390,87.160,91.360,40.000,74.083,38.000,63.543,other,0,-1,3,0
7924,72,56.463,63.198,57.651,89.048,87.809,91.765,60.000,75.000,29.000,60.000,other,0,-1,4,0
7925,95,63.868,71.518,66.757,90.012,88.774,92.233,72.000,76.792,25.000,77.171,other,0,-1,5,0
7926,60,78.955,87.844,81.903,91.366,90.142,92.784,95.000,79.708,29.000,77.686,other,0,-1,6,0
7927,64,61.644,73.539,78.026,92.155,90.927,93.216,60.000,81.000,22.000,91.543,other,0,-1,7,0
7928,117,72.331,85.727,87.700,93.104,91.876,93.681,64.000,82.750,63.000,101.114,other,0,-1,8,0
7929,149,101.885,123.094,119.507,94.226,93.005,94.183,117.000,85.000,51.000,122.829,other,0,-1,9,0
7930,108,132.594,152.797,145.577,95.986,94.794,94.818,149.000,89.083,111.000,137.200,other,0,-1,10,0
7931,234,130.667,140.155,130.207,96.283,95.068,95.147,108.000,88.958,110.000,150.314,other,0,-1,11,0
7932,93,227.971,225.222,213.510,98.419,97.247,95.861,234.000,94.125,178.000,163.229,other,0,-1,12,0
7933,217,154.737,146.091,128.045,97.528,96.292,95.942,93.000,90.583,141.000,172.800,other,0,-1,13,0
7934,112,197.895,201.404,203.626,98.969,97.751,96.510,217.000,93.750,119.000,172.257,other,0,-1,14,0
7935,218,160.426,148.387,133.034,99.208,97.965,96.828,112.000,93.458,162.000,183.343,other,0,-1,15,0
7936,137,174.521,180.599,191.262,100.359,99.124,97.335,218.000,95.792,97.000,162.143,other,0,-1,16,0
7937,122,136.661,132.812,130.581,101.279,100.044,97.795,137.000,97.458,95.000,148.800,other,0,-1,17,0
7938,136,118.775,114.207,112.127,102.010,100.768,98.215,122.000,98.583,125.000,128.829,other,0,-1,18,0
7939,110,99.885,99.540,106.623,102.510,101.252,98.587,136.000,99.042,69.000,110.171,other,0,-1,19,0
7940,76,83.757,81.670,86.254,103.444,102.187,99.049,110.000,100.750,59.000,85.143,other,0,-1,20,0
7941,60,71.754,67.231,69.249,104.030,102.761,99.439,76.000,101.458,57.000,75.143,other,0,-1,21,0
7942,68,61.994,58.531,60.301,104.414,103.126,99.786,60.000,101.583,40.000,65.229,other,0,-1,22,0
7943,44,57.424,58.406,58.749,105.160,103.865,100.209,68.000,102.750,28.000,63.543,other,0,-1,23,0
7944,52,53.152,52.670,52.082,105.732,104.424,100.596,44.000,103.417,32.000,61.694,other,0,-1,0,1
7945,33,54.042,55.359,53.799,106.196,104.926,100.969,52.000,104.250,58.000,62.000,other,0,-1,1,1
7946,67,52.049,51.476,49.736,106.007,104.753,101.206,33.000,103.208,40.000,62.222,other,0,-1,2,1
7947,48,65.173,65.715,57.807,106.572,105.360,101.600,67.000,104.333,60.000,61.389,other,0,-1,3,1
7948,81,59.724,59.792,56.947,106.573,105.382,101.876,48.000,103.833,72.000,63.583,other,0,-1,4,1
7949,51,74.362,74.829,69.553,106.877,105.719,102.215,81.000,104.208,95.000,65.139,other,0,-1,5,1
7950,47,65.398,66.492,68.656,106.413,105.261,102.395,51.000,102.375,60.000,66.417,other,0,-1,6,1
7951,75,73.040,73.268,75.418,106.399,105.268,102.668,47.000,101.833,64.000,77.639,other,0,-1,7,1
7952,111,87.531,91.870,93.345,106.732,105.635,103.013,75.000,102.292,117.000,91.833,other,0,-1,8,1
7953,84,109.248,116.221,117.912,106.819,105.747,103.307,111.000,102.042,149.000,109.944,other,0,-1,9,1
7954,129,124.630,129.856,117.161,106.052,104.974,103.423,84.000,99.333,108.000,131.361,other,0,-1,10,1
7955,130,146.981,151.514,147.129,106.530,105.491,103.799,129.000,100.208,234.000,148.500,other,0,-1,11,1
7956,111,159.969,161.260,154.430,105.197,104.134,103.797,130.000,95.875,93.000,174.389,other,0,-1,12,1
7957,158,164.989,161.175,147.410,105.632,104.605,104.163,111.000,96.625,217.000,191.778,other,0,-1,13,1
7958,156,173.572,172.411,171.026,104.951,103.923,104.297,158.000,94.167,112.000,190.222,other,0,-1,14,1
7959,213,168.746,166.845,163.919,105.762,104.784,104.743,156.000,96.000,218.000,183.056,other,0,-1,15,1
7960,147,175.878,181.817,186.444,105.864,104.911,105.040,213.000,95.792,137.000,168.806,other,0,-1,16,1
7961,111,144.643,142.345,137.604,106.183,105.263,105.382,147.000,96.208,122.000,158.750,other,0,-1,17,1
7962,121,128.213,120.506,110.125,106.197,105.300,105.662,111.000,95.750,136.000,131.639,other,0,-1,18,1
7963,59,109.268,105.153,104.949,106.154,105.277,105.928,121.000,95.125,110.000,103.944,other,0,-1,19,1
7964,90,98.193,85.107,77.566,105.589,104.714,106.087,59.000,93.000,76.000,92.389,other,0,-1,20,1
7965,123,78.734,74.884,79.770,105.966,105.126,106.441,90.000,93.583,60.000,77.389,other,0,-1,21,1
7966,62,74.805,80.191,82.894,107.052,106.273,106.944,123.000,96.208,68.000,64.944,other,0,-1,22,1
7967,36,61.821,60.684,59.684,107.139,106.384,107.238,62.000,95.958,44.000,62.889,other,0,-1,23,1
7968,43,57.370,54.183,49.688,107.198,106.466,107.526,36.000,95.625,52.000,59.639,other,0,-1,0,2
7969,83,56.777,56.427,52.958,106.944,106.264,107.550,43.000,95.250,33.000,64.167,other,0,-1,1,2
7970,58,68.813,71.999,59.854,107.545,106.945,107.753,83.000,97.333,67.000,56.194,other,0,-1,2,2
7971,46,62.743,63.364,55.263,107.291,106.743,107.776,58.000,96.958,48.000,60.528,other,0,-1,3,2
7972,61,62.192,60.520,54.996,107.139,106.645,107.821,46.000,96.875,81.000,62.444,other,0,-1,4,2
7973,56,68.431,66.499,61.646,106.726,106.277,107.812,61.000,96.042,51.000,62.833,other,0,-1,5,2
7974,45,72.221,67.806,66.088,106.675,106.285,107.878,56.000,96.250,47.000,70.472,other,0,-1,6,2
7975,62,81.833,72.680,70.621,106.523,106.187,107.923,45.000,96.167,75.000,78.639,other,0,-1,7,2
7976,71,96.413,86.506,84.043,106.211,105.924,107.935,62.000,95.625,111.000,89.639,other,0,-1,8,2
7977,131,114.372,104.722,97.379,105.508,105.257,107.865,71.000,93.958,84.000,104.833,other,0,-1,9,2
7978,91,136.317,127.082,131.967,106.066,105.893,108.058,131.000,95.917,129.000,127.694,other,0,-1,10,2
7979,228,148.662,146.562,126.922,105.392,105.256,107.994,91.000,94.333,130.000,145.361,other,0,-1,11,2
7980,159,207.858,186.174,199.775,106.689,106.657,108.342,228.000,98.417,111.000,159.222,other,0,-1,12,2
7981,246,170.462,171.795,169.986,107.261,107.309,108.538,159.000,100.417,158.000,182.222,other,0,-1,13,2
7982,122,209.596,210.809,214.323,108.412,108.560,108.856,246.000,104.083,156.000,185.000,other,0,-1,14,2
7983,96,163.072,159.291,145.399,107.796,107.983,108.804,122.000,102.667,213.000,172.750,other,0,-1,15,2
7984,190,157.047,146.374,124.108,105.978,106.161,108.501,96.000,97.792,147.000,158.694,other,0,-1,16,2
7985,181,146.262,161.078,156.110,106.478,106.738,108.682,190.000,99.583,111.000,148.139,other,0,-1,17,2
7986,73,129.061,144.250,139.620,107.368,107.720,108.945,181.000,102.500,121.000,124.722,other,0,-1,18,2
7987,87,120.293,102.430,86.837,106.550,106.932,108.851,73.000,100.500,59.000,108.833,other,0,-1,19,2
7988,109,99.585,88.699,83.979,106.832,107.284,108.986,87.000,101.667,90.000,89.361,other,0,-1,20,2
7989,105,79.738,83.076,83.780,106.984,107.501,109.095,109.000,102.458,123.000,75.500,other,0,-1,21,2
7990,54,69.035,76.521,74.950,106.600,107.164,109.092,105.000,101.708,62.000,67.139,other,0,-1,22,2
7991,36,63.097,58.956,55.693,106.361,106.976,109.119,54.000,101.375,36.000,62.722,other,0,-1,23,2
7992,120,58.181,53.365,47.845,106.238,106.908,109.170,36.000,101.375,43.000,61.389,other,0,-1,0,3
7993,40,76.546,88.906,76.261,107.025,107.776,109.154,120.000,104.583,83.000,64.194,other,0,-1,1,3
7994,61,54.869,56.190,57.773,106.075,106.845,108.775,40.000,102.792,58.000,65.056,other,0,-1,2,3
7995,59,59.833,64.039,61.439,105.791,106.604,108.536,61.000,102.917,46.000,61.583,other,0,-1,3,3
7996,48,61.731,63.969,62.263,105.651,106.512,108.326,59.000,103.458,61.000,61.250,other,0,-1,4,3
7997,51,63.171,61.483,62.721,105.135,106.031,108.038,48.000,102.917,56.000,63.500,other,0,-1,5,3
7998,56,69.455,64.934,67.848,104.735,105.669,107.775,51.000,102.708,45.000,67.778,other,0,-1,6,3
7999,45,79.700,71.773,75.583,104.567,105.548,107.559,56.000,103.167,62.000,79.889,other,0,-1,7,3
8000,118,96.454,82.451,81.000,103.993,105.006,107.259,45.000,102.458,71.000,92.417,other,0,-1,8,3
8001,151,111.740,107.050,115.144,104.346,105.425,107.153,118.000,104.417,131.000,115.000,other,0,-1,9,3
8002,111,134.205,132.319,140.362,104.308,105.438,106.964,151.000,105.250,91.000,126.583,other,0,-1,10,3
8003,196,146.115,147.070,136.411,104.270,105.451,106.776,111.000,106.083,228.000,145.861,other,0,-1,11,3
8004,189,174.609,178.798,180.561,103.479,104.685,106.431,196.000,104.750,159.000,168.111,other,0,-1,12,3
8005,110,175.537,183.425,182.429,103.586,104.849,106.273,189.000,106.000,246.000,177.472,other,0,-1,13,3
8006,121,163.193,158.375,147.825,101.288,102.523,105.613,110.000,100.333,122.000,176.694,other,0,-1,14,3
8007,141,159.552,155.098,146.632,100.946,102.222,105.361,121.000,100.292,96.000,173.972,other,0,-1,15,3
8008,189,152.209,151.508,146.615,101.270,102.610,105.249,141.000,102.167,190.000,162.111,other,0,-1,16,3
8009,214,141.866,158.949,157.700,100.928,102.309,104.997,189.000,102.125,181.000,150.028,other,0,-1,17,3
8010,99,128.724,167.168,158.217,101.078,102.517,104.848,214.000,103.500,73.000,132.389,other,0,-1,18,3
8011,128,105.641,102.387,98.409,101.127,102.620,104.678,99.000,104.583,87.000,108.528,other,0,-1,19,3
8012,100,83.904,98.840,99.212,101.393,102.948,104.554,128.000,106.292,109.000,100.083,other,0,-1,20,3
8013,63,70.784,79.624,81.493,100.935,102.527,104.278,100.000,105.917,105.000,85.306,other,0,-1,21,3
8014,76,62.411,61.848,64.674,99.999,101.611,103.902,63.000,104.167,54.000,74.778,other,0,-1,22,3
8015,83,51.812,60.675,62.427,99.990,101.654,103.720,76.000,105.083,36.000,70.444,other,0,-1,23,3
8016,54,49.186,61.503,59.792,100.343,102.073,103.613,83.000,107.042,120.000,60.917,other,0,-1,0,4
8017,74,45.837,54.752,49.534,99.102,100.794,103.053,54.000,104.292,40.000,56.972,other,0,-1,1,4
8018,64,53.059,64.252,52.541,99.309,101.014,102.794,74.000,105.708,61.000,51.583,other,0,-1,2,4
8019,51,52.574,61.092,51.014,99.067,100.770,102.442,64.000,105.833,59.000,54.556,other,0,-1,3,4
8020,27,51.126,56.586,50.376,98.666,100.360,102.057,51.000,105.500,48.000,57.139,other,0,-1,4,4
8021,68,51.228,50.502,48.899,98.076,99.756,101.632,27.000,104.625,51.000,54.694,other,0,-1,5,4
8022,50,61.323,65.088,64.161,98.037,99.722,101.323,68.000,105.333,56.000,65.167,other,0,-1,6,4
8023,88,67.401,64.843,67.186,97.665,99.342,100.943,50.000,105.083,45.000,74.667,other,0,-1,7,4
8024,109,81.355,84.505,89.737,98.003,99.698,100.712,88.000,106.875,118.000,86.667,other,0,-1,8,4
8025,79,98.659,105.748,110.743,97.587,99.273,100.324,109.000,106.500,151.000,109.861,other,0,-1,9,4
8026,65,116.889,118.345,111.670,96.259,97.905,99.745,79.000,103.500,111.000,125.222,other,0,-1,10,4
8027,74,133.815,134.070,118.037,95.307,96.926,99.245,65.000,101.583,196.000,147.361,other,0,-1,11,4
8028,129,144.586,143.248,131.176,93.254,94.807,98.514,74.000,96.500,189.000,161.111,other,0,-1,12,4
8029,278,158.056,157.583,159.234,92.100,93.618,97.972,129.000,94.000,110.000,174.694,other,0,-1,13,4
8030,148,251.997,250.996,236.344,94.248,95.848,98.119,278.000,101.000,121.000,178.167,other,0,-1,14,4
8031,214,161.965,155.800,162.559,94.354,95.963,97.839,148.000,102.125,141.000,172.583,other,0,-1,15,4
8032,321,167.947,179.231,185.699,95.126,96.768,97.699,214.000,105.167,189.000,165.472,other,0,-1,16,4
8033,99,256.288,257.888,232.986,96.753,98.457,97.737,321.000,110.667,214.000,138.861,other,0,-1,17,4
8034,187,109.077,107.567,104.297,94.802,96.444,97.028,99.000,105.875,99.000,121.333,other,0,-1,18,4
8035,103,94.877,126.728,125.486,95.791,97.474,96.933,187.000,109.542,128.000,101.944,other,0,-1,19,4
8036,88,70.593,78.398,81.187,95.144,96.810,96.497,103.000,108.500,100.000,84.222,other,0,-1,20,4
8037,66,56.018,63.735,67.981,94.685,96.340,96.099,88.000,108.000,63.000,70.889,other,0,-1,21,4
8038,56,45.392,50.563,56.161,94.443,96.096,95.747,66.000,108.125,76.000,63.889,other,0,-1,22,4
8039,39,37.651,43.531,49.203,93.868,95.507,95.326,56.000,107.292,83.000,57.111,other,0,-1,23,4
8040,31,33.088,37.132,42.725,92.945,94.558,94.831,39.000,105.458,54.000,38.722,other,0,-1,0,5
8041,39,30.201,35.589,26.617,92.584,94.139,94.560,31.000,104.500,74.000,42.139,other,0,-1,1,5
8042,41,34.052,39.962,28.255,92.049,93.539,94.253,39.000,103.042,64.000,43.389,other,0,-1,2,5
8043,36,37.729,42.474,30.351,91.687,93.120,93.981,41.000,102.083,51.000,43.528,other,0,-1,3,5
8044,25,38.847,42.036,32.626,91.442,92.821,93.734,36.000,101.458,27.000,42.111,other,0,-1,4,5
8045,65,39.039,40.156,35.012,91.385,92.717,93.526,25.000,101.375,68.000,43.028,other,0,-1,5,5
8046,92,54.950,57.547,51.833,91.313,92.597,93.316,65.000,101.250,50.000,55.167,other,0,-1,6,5
8047,75,70.558,74.980,71.234,91.894,93.152,93.241,92.000,103.000,88.000,63.917,other,0,-1,7,5
8048,100,69.481,74.635,75.964,91.677,92.883,93.000,75.000,102.458,109.000,81.722,other,0,-1,8,5
8049,103,87.545,98.066,99.726,91.519,92.674,92.771,100.000,102.083,79.000,98.167,other,0,-1,9,5
8050,91,104.186,113.311,113.568,91.838,92.959,92.642,103.000,103.083,65.000,102.556,other,0,-1,10,5
8051,146,120.533,119.991,117.309,92.187,93.274,92.519,91.000,104.167,74.000,122.722,other,0,-1,11,5
8052,109,144.765,154.698,158.062,93.202,94.279,92.535,146.000,107.167,129.000,141.028,other,0,-1,12,5
8053,284,147.595,139.751,139.313,92.884,93.905,92.273,109.000,106.333,278.000,161.333,other,0,-1,13,5
8054,155,256.100,266.677,254.830,92.943,93.921,92.090,284.000,106.583,148.000,179.778,other,0,-1,14,5
8055,164,154.077,152.833,161.260,93.016,93.951,91.909,155.000,106.875,214.000,180.472,other,0,-1,15,5
8056,128,142.319,147.233,154.874,92.264,93.127,91.556,164.000,104.792,321.000,165.833,other,0,-1,16,5
8057,138,121.880,123.046,119.748,89.440,90.160,90.771,128.000,96.750,99.000,148.556,other,0,-1,17,5
8058,215,101.100,110.431,108.657,89.976,90.670,90.687,138.000,98.375,187.000,114.861,other,0,-1,18,5
8059,98,106.630,128.860,128.243,90.354,91.015,90.570,215.000,99.542,103.000,90.528,other,0,-1,19,5
8060,103,65.670,71.582,68.348,90.253,90.866,90.353,98.000,99.333,88.000,74.972,other,0,-1,20,5
8061,55,51.254,63.072,62.171,90.443,91.016,90.197,103.000,99.958,66.000,60.444,other,0,-1,21,5
8062,33,42.540,45.423,47.281,90.255,90.777,89.962,55.000,99.500,56.000,52.389,other,0,-1,22,5
8063,55,35.652,37.128,40.678,89.894,90.358,89.691,33.000,98.542,39.000,44.139,other,0,-1,23,5
8064,31,33.294,42.958,42.038,90.098,90.523,89.537,55.000,99.208,31.000,32.472,other,0,-1,0,6
8065,23,31.343,36.447,30.437,90.348,90.720,89.647,31.000,99.208,39.000,34.500,other,0,-1,1,6
8066,24,31.745,36.132,30.305,90.366,90.676,89.708,23.000,98.542,41.000,33.361,other,0,-1,2,6
8067,25,34.575,38.417,32.612,90.370,90.618,89.766,24.000,97.833,36.000,35.222,other,0,-1,3,6
8068,25,37.406,40.255,36.125,90.461,90.650,89.843,25.000,97.375,25.000,34.028,other,0,-1,4,6
8069,31,39.999,41.841,40.699,90.712,90.846,89.953,25.000,97.375,65.000,36.611,other,0,-1,5,6
8070,31,45.148,46.741,48.015,90.469,90.533,89.959,31.000,95.958,92.000,38.694,other,0,-1,6,6
8071,43,52.033,52.205,54.821,89.836,89.815,89.884,31.000,93.417,75.000,47.194,other,0,-1,7,6
8072,58,64.469,64.725,66.433,89.623,89.532,89.897,43.000,92.083,100.000,59.167,other,0,-1,8,6
8073,79,80.764,80.598,80.345,89.264,89.099,89.880,58.000,90.333,103.000,78.778,other,0,-1,9,6
8074,65,99.791,99.552,97.898,89.167,88.936,89.917,79.000,89.333,91.000,101.278,other,0,-1,10,6
8075,69,117.790,102.676,97.325,89.041,88.743,89.948,65.000,88.250,146.000,121.778,other,0,-1,11,6
8076,85,131.333,112.694,103.618,88.176,87.785,89.825,69.000,85.042,109.000,140.833,other,0,-1,12,6
8077,151,141.954,126.073,114.354,88.078,87.622,89.862,85.000,84.042,284.000,148.472,other,0,-1,13,6
8078,151,152.337,155.117,155.192,86.402,85.825,89.569,151.000,78.500,155.000,156.639,other,0,-1,14,6
8079,146,147.082,151.309,150.729,86.594,85.961,89.666,151.000,78.333,164.000,153.306,other,0,-1,15,6
8080,155,134.435,141.324,138.950,86.584,85.888,89.722,146.000,77.583,128.000,133.083,other,0,-1,16,6
8081,135,119.091,131.062,131.602,87.225,86.489,89.913,155.000,78.708,138.000,123.667,other,0,-1,17,6
8082,105,99.027,109.501,104.706,87.432,86.641,90.014,135.000,78.583,215.000,102.583,other,0,-1,18,6
8083,87,81.984,87.603,78.022,86.089,85.189,89.790,105.000,74.000,98.000,79.889,other,0,-1,19,6
8084,52,66.554,70.419,61.492,86.180,85.220,89.867,87.000,73.542,103.000,59.111,other,0,-1,20,6
8085,64,55.414,55.050,46.885,85.691,84.652,89.822,52.000,71.417,55.000,47.306,other,0,-1,21,6
8086,33,44.452,49.875,45.639,86.072,84.984,89.959,64.000,71.792,33.000,35.306,other,0,-1,22,6
8087,31,38.184,41.017,38.477,86.322,85.180,90.069,33.000,71.792,55.000,32.556,other,0,-1,23,6
8088,50,35.239,40.151,37.201,86.225,85.017,90.106,31.000,70.792,31.000,61.343,other,0,-1,0,0
8089,47,41.094,47.920,44.916,86.840,85.621,90.502,50.000,71.583,23.000,59.743,other,0,-1,1,0
8090,76,43.796,50.860,45.568,87.528,86.301,90.913,47.000,72.583,24.000,61.829,other,0,-1,2,0
8091,66,63.571,69.611,55.306,88.621,87.400,91.408,76.000,74.750,25.000,63.543,other,0,-1,3,0
8092,61,59.674,66.059,57.478,89.555,88.334,91.871,66.000,76.458,25.000,60.000,other,0,-1,4,0
8093,70,57.313,65.022,62.139,90.417,89.193,92.318,61.000,77.958,31.000,77.171,other,0,-1,5,0
8094,65,62.192,72.423,72.209,91.322,90.098,92.774,70.000,79.583,31.000,77.686,other,0,-1,6,0
8095,45,62.419,75.510,78.866,92.155,90.927,93.216,65.000,81.000,43.000,91.543,other,0,-1,7,0
8096,109,69.302,79.392,80.260,92.524,91.276,93.560,45.000,81.083,58.000,101.114,other,0,-1,8,0
8097,161,98.051,118.678,115.377,93.603,92.360,94.053,109.000,83.208,79.000,122.829,other,0,-1,9,0
8098,137,144.960,160.904,152.535,95.131,93.909,94.639,161.000,86.625,65.000,137.200,other,0,-1,10,0
8099,140,138.581,153.206,146.287,96.514,95.308,95.196,137.000,89.625,69.000,150.314,other,0,-1,11,0
8100,135,152.311,158.946,152.956,97.883,96.692,95.749,140.000,92.583,85.000,163.229,other,0,-1,12,0
8101,105,160.131,158.710,151.956,98.948,97.761,96.238,135.000,94.667,151.000,172.800,other,0,-1,13,0
8102,152,159.174,150.440,133.502,98.622,97.391,96.438,105.000,92.750,151.000,172.257,other,0,-1,14,0
8103,177,161.906,160.371,156.544,98.976,97.726,96.779,152.000,92.792,146.000,183.343,other,0,-1,15,0
8104,172,156.123,160.148,164.321,99.765,98.510,97.211,177.000,94.083,155.000,162.143,other,0,-1,16,0
8105,134,138.522,143.752,150.151,100.352,99.084,97.601,172.000,94.792,135.000,148.800,other,0,-1,17,0
8106,151,116.634,117.619,117.580,100.678,99.389,97.937,134.000,94.750,105.000,128.829,other,0,-1,18,0
8107,102,99.820,104.017,112.283,101.684,100.398,98.414,151.000,96.667,87.000,110.171,other,0,-1,19,0
8108,59,82.653,82.278,82.928,102.242,100.942,98.798,102.000,97.292,52.000,85.143,other,0,-1,20,0
8109,49,72.023,67.308,64.062,102.683,101.367,99.157,59.000,97.583,64.000,75.143,other,0,-1,21,0
8110,64,61.503,58.391,56.252,102.806,101.462,99.450,49.000,96.958,33.000,65.229,other,0,-1,22,0
8111,61,56.107,58.462,56.007,103.595,102.246,99.883,64.000,98.250,31.000,63.543,other,0,-1,23,0
8112,77,55.853,58.878,53.675,104.370,103.015,100.312,61.000,99.500,50.000,61.694,other,0,-1,0,1
8113,31,61.089,65.676,56.981,104.935,103.622,100.706,77.000,100.625,47.000,62.000,other,0,-1,1,1
8114,36,51.015,51.877,47.396,104.877,103.584,100.970,31.000,99.958,76.000,62.222,other,0,-1,2,1
8115,61,53.850,54.932,49.609,104.472,103.186,101.161,36.000,98.292,66.000,61.389,other,0,-1,3,1
8116,54,63.766,65.404,57.972,104.573,103.313,101.458,61.000,98.083,61.000,63.583,other,0,-1,4,1
8117,81,62.439,64.470,61.579,104.646,103.410,101.749,54.000,97.792,70.000,65.139,other,0,-1,5,1
8118,63,73.812,77.580,75.678,104.979,103.777,102.095,81.000,98.250,65.000,66.417,other,0,-1,6,1
8119,64,73.588,77.597,79.295,105.124,103.949,102.401,63.000,98.167,45.000,77.639,other,0,-1,7,1
8120,114,86.315,90.445,89.288,105.573,104.435,102.771,64.000,98.958,109.000,91.833,other,0,-1,8,1
8121,64,110.238,117.547,119.052,105.820,104.712,103.099,114.000,99.167,161.000,109.944,other,0,-1,9,1
8122,118,123.569,129.325,108.883,104.589,103.460,103.117,64.000,95.125,137.000,131.361,other,0,-1,10,1
8123,201,144.878,149.753,141.629,104.487,103.377,103.372,118.000,94.333,140.000,148.500,other,0,-1,11,1
8124,89,193.967,186.221,193.662,105.545,104.493,103.869,201.000,96.875,135.000,174.389,other,0,-1,12,1
8125,113,161.554,157.886,136.434,105.052,104.006,104.042,89.000,94.958,105.000,191.778,other,0,-1,13,1
8126,180,166.207,160.929,146.821,105.342,104.328,104.379,113.000,95.292,152.000,190.222,other,0,-1,14,1
8127,159,174.392,175.560,177.504,105.922,104.949,104.776,180.000,96.458,177.000,183.056,other,0,-1,15,1
8128,203,159.417,158.917,155.755,105.835,104.881,105.034,159.000,95.708,172.000,168.806,other,0,-1,16,1
8129,183,155.590,162.910,167.400,106.458,105.548,105.440,203.000,97.000,134.000,158.750,other,0,-1,17,1
8130,149,131.931,137.734,142.574,107.342,106.484,105.901,183.000,99.042,151.000,131.639,other,0,-1,18,1
8131,103,109.045,110.979,114.969,107.487,106.656,106.207,149.000,98.958,102.000,103.944,other,0,-1,19,1
8132,88,92.633,88.623,88.627,107.675,106.873,106.522,103.000,99.000,59.000,92.389,other,0,-1,20,1
8133,41,78.836,75.819,76.137,108.269,107.510,106.922,88.000,100.208,49.000,77.389,other,0,-1,21,1
8134,69,71.229,62.902,56.863,108.327,107.592,107.210,41.000,99.875,64.000,64.944,other,0,-1,22,1
8135,34,62.377,63.716,56.980,108.574,107.869,107.538,69.000,100.083,61.000,62.889,other,0,-1,23,1
8136,33,57.516,55.322,44.557,108.356,107.666,107.768,34.000,98.958,77.000,59.639,other,0,-1,0,2
8137,347,56.446,55.191,47.454,107.596,106.938,107.686,33.000,97.125,31.000,64.167,inside,1,0,1,2
8138,429,297.591,226.433,156.752,112.050,111.608,108.693,347.000,110.292,36.000,56.194,inside,1,1,2,2
8139,358,413.016,261.333,212.162,117.620,117.431,109.933,429.000,126.667,61.000,60.528,inside,1,2,3,2
8140,412,384.878,235.666,174.953,121.799,121.816,110.883,358.000,139.042,54.000,62.444,inside,1,3,4,2
8141,288,382.574,261.394,216.764,126.862,127.115,112.017,412.000,153.958,81.000,62.833,inside,1,4,5,2
8142,349,335.886,203.643,158.064,129.737,130.150,112.694,288.000,162.583,63.000,70.472,inside,1,5,6,2
8143,105,352.894,241.760,201.903,133.757,134.370,113.611,349.000,174.500,64.000,78.639,after,1,6,7,2
8144,60,108.290,94.916,102.693,134.227,134.917,113.786,105.000,176.208,114.000,89.639,after,1,7,8,2
8145,105,115.542,106.883,96.998,133.322,134.039,113.673,60.000,173.958,64.000,104.833,after,1,8,9,2
8146,103,135.159,126.152,122.995,133.793,134.586,113.849,105.000,175.667,118.000,127.694,after,1,9,10,2
8147,123,149.977,145.781,131.155,133.452,134.293,113.854,103.000,175.042,201.000,145.361,after,1,10,11,2
8148,196,162.348,158.342,146.075,132.199,133.056,113.669,123.000,171.792,89.000,159.222,after,1,11,12,2
8149,200,189.874,178.866,182.576,133.625,134.593,114.044,196.000,176.250,113.000,182.222,after,1,12,13,2
8150,299,186.045,185.049,184.680,134.762,135.829,114.358,200.000,179.875,180.000,185.000,after,1,13,14,2
8151,142,295.135,244.401,232.460,136.363,137.545,114.769,299.000,184.833,159.000,172.750,after,1,14,15,2
8152,146,157.622,158.798,145.981,135.993,137.222,114.769,142.000,184.125,203.000,158.694,after,1,15,16,2
8153,187,145.981,149.535,138.846,135.044,136.300,114.648,146.000,181.750,183.000,148.139,after,1,16,17,2
8154,136,133.762,153.996,150.085,134.979,136.292,114.711,187.000,181.917,149.000,124.722,after,1,17,18,2
8155,122,111.986,119.302,117.966,134.667,136.030,114.723,136.000,181.375,103.000,108.833,after,1,18,19,2
8156,116,94.690,101.802,104.638,134.819,136.247,114.831,122.000,182.167,88.000,89.361,after,1,19,20,2
8157,83,80.147,89.863,95.041,135.102,136.599,114.967,116.000,183.333,41.000,75.500,after,1,20,21,2
8158,66,69.375,72.417,76.538,135.587,137.160,115.145,83.000,185.083,69.000,67.139,after,1,21,22,2
8159,117,61.811,63.437,65.669,135.420,137.048,115.187,66.000,184.958,34.000,62.722,after,1,22,23,2
8160,24,82.404,84.156,77.266,136.499,138.224,115.489,117.000,188.417,33.000,61.389,after,1,23,0,3
8161,60,54.451,52.364,58.102,136.041,137.803,115.213,24.000,188.042,347.000,64.194,after,1,24,1,3
8162,87,60.389,63.170,63.457,131.556,133.214,114.096,60.000,176.083,429.000,65.056,after,1,25,2,3
8163,75,79.404,75.304,68.585,126.274,127.801,112.813,87.000,161.833,358.000,61.583,after,1,26,3,3
8164,30,73.826,70.249,66.595,121.847,123.272,111.708,75.000,150.042,412.000,61.250,after,1,27,4,3
8165,48,63.214,56.996,58.981,115.985,117.259,110.304,30.000,134.125,288.000,63.500,after,1,28,5,3
8166,40,70.916,64.180,66.819,112.181,113.375,109.329,48.000,124.125,349.000,67.778,after,1,29,6,3
8167,68,81.516,69.295,70.799,107.377,108.456,108.146,40.000,111.250,105.000,79.889,other,0,-1,7,3
8168,77,95.340,84.225,87.334,106.513,107.615,107.785,68.000,109.708,60.000,92.417,other,0,-1,8,3
8169,96,113.180,102.487,101.711,106.432,107.583,107.588,77.000,110.417,105.000,115.000,other,0,-1,9,3
8170,146,131.378,125.920,121.112,105.974,107.162,107.312,96.000,110.042,103.000,126.583,other,0,-1,10,3
8171,122,151.030,151.455,152.803,106.269,107.520,107.194,146.000,111.833,123.000,145.861,other,0,-1,11,3
8172,177,160.325,161.250,152.673,105.927,107.219,106.942,122.000,111.792,196.000,168.111,other,0,-1,12,3
8173,175,174.907,179.367,180.438,105.324,106.647,106.636,177.000,111.000,200.000,177.472,other,0,-1,13,3
8174,97,174.054,177.686,178.902,104.634,105.986,106.312,175.000,109.958,299.000,176.694,other,0,-1,14,3
8175,172,157.962,150.110,138.595,101.380,102.672,105.452,97.000,101.542,142.000,173.972,other,0,-1,15,3
8176,146,155.796,161.730,161.210,101.487,102.835,105.294,172.000,102.792,146.000,162.111,other,0,-1,16,3
8177,143,138.342,141.112,138.348,101.159,102.549,105.045,146.000,102.792,187.000,150.028,other,0,-1,17,3
8178,68,120.479,126.912,125.415,100.194,101.603,104.664,143.000,100.958,136.000,132.389,other,0,-1,18,3
8179,124,109.670,97.866,87.898,98.882,100.297,104.209,68.000,98.125,122.000,108.528,other,0,-1,19,3
8180,128,83.775,96.590,97.791,98.583,100.040,103.967,124.000,98.208,116.000,100.083,other,0,-1,20,3
8181,18,68.301,92.120,90.564,98.429,99.934,103.754,128.000,98.708,83.000,85.306,inside,-1,0,21,3
8182,6,69.718,55.030,55.428,97.160,98.673,103.309,18.000,96.000,66.000,74.778,inside,-1,1,22,3
8183,23,59.871,46.411,48.840,95.963,97.487,102.879,6.000,93.500,117.000,70.444,inside,-1,2,23,3
8184,45,48.723,43.676,48.291,94.274,95.791,102.346,23.000,89.583,24.000,60.917,after,-1,3,0,4
8185,66,43.811,50.196,48.784,94.292,95.817,102.048,45.000,90.458,60.000,56.972,after,-1,4,1,4
8186,67,49.575,59.359,51.725,94.094,95.617,101.705,66.000,90.708,87.000,51.583,after,-1,5,2,4
8187,71,52.900,61.062,52.317,93.519,95.028,101.284,67.000,89.875,75.000,54.556,after,-1,6,3,4
8188,53,56.917,63.526,55.203,93.176,94.679,100.910,71.000,89.708,30.000,57.139,after,-1,7,4,4
8189,36,53.575,57.033,54.970,93.224,94.734,100.619,53.000,90.667,48.000,54.694,after,-1,8,5,4
8190,63,57.014,54.899,56.279,92.764,94.265,100.221,36.000,90.167,40.000,65.167,after,-1,9,6,4
8191,49,67.072,67.436,70.827,92.812,94.320,99.930,63.000,91.125,68.000,74.667,after,-1,10,7,4
8192,108,81.396,75.254,76.169,92.252,93.746,99.511,49.000,90.333,77.000,86.667,after,-1,11,8,4
8193,150,97.856,105.283,109.695,92.415,93.922,99.244,108.000,91.625,96.000,109.861,after,-1,12,9,4
8194,155,123.176,140.340,142.054,92.912,94.442,99.046,150.000,93.875,146.000,125.222,after,-1,13,10,4
8195,231,140.384,158.682,156.508,92.757,94.287,98.712,155.000,94.250,122.000,147.361,after,-1,14,11,4
8196,171,194.783,215.940,204.557,94.051,95.632,98.681,231.000,98.792,177.000,161.111,after,-1,15,12,4
8197,193,166.916,177.231,177.022,93.679,95.252,98.302,171.000,98.542,175.000,174.694,after,-1,16,13,4
8198,163,175.727,185.221,187.497,93.654,95.233,97.995,193.000,99.292,97.000,178.167,after,-1,17,14,4
8199,176,165.122,162.561,167.366,94.325,95.933,97.833,163.000,102.042,172.000,172.583,after,-1,18,15,4
8200,137,154.256,158.129,163.827,94.098,95.704,97.484,176.000,102.208,146.000,165.472,after,-1,19,16,4
8201,224,133.186,131.040,132.926,93.682,95.279,97.096,137.000,101.833,143.000,138.861,after,-1,20,17,4
8202,136,126.103,162.300,160.862,94.570,96.204,96.980,224.000,105.208,68.000,121.333,after,-1,21,18,4
8203,97,91.272,102.256,107.379,95.270,96.934,96.825,136.000,108.042,124.000,101.944,after,-1,22,19,4
8204,120,76.848,78.703,84.238,94.593,96.240,96.382,97.000,106.917,128.000,84.222,after,-1,23,20,4
8205,88,58.880,76.761,83.135,94.192,95.831,95.996,120.000,106.583,18.000,70.889,after,-1,24,21,4
8206,39,49.327,59.610,68.369,94.921,96.591,95.847,88.000,109.500,6.000,63.889,after,-1,25,22,4
8207,72,44.829,42.801,53.595,95.114,96.796,95.586,39.000,110.875,23.000,57.111,after,-1,26,23,4
8208,35,39.533,50.672,56.641,95.538,97.241,95.373,72.000,112.917,45.000,38.722,other,0,-1,0,5
8209,48,36.338,40.763,32.658,95.365,97.017,95.141,35.000,112.500,66.000,42.139,other,0,-1,1,5
8210,34,40.708,47.129,35.183,95.076,96.673,94.885,48.000,111.750,67.000,43.389,other,0,-1,2,5
8211,45,39.614,43.304,33.992,94.570,96.103,94.583,34.000,110.375,71.000,43.528,other,0,-1,3,5
8212,46,45.104,48.547,38.855,94.165,95.639,94.303,45.000,109.292,53.000,42.111,other,0,-1,4,5
8213,54,47.815,50.002,43.459,94.036,95.460,94.080,46.000,109.000,36.000,43.028,other,0,-1,5,5
8214,40,53.168,55.182,51.776,94.268,95.655,93.933,54.000,109.750,63.000,55.167,other,0,-1,6,5
8215,21,57.791,55.621,55.143,93.907,95.236,93.662,40.000,108.792,49.000,63.917,other,0,-1,7,5
8216,78,73.077,61.640,57.275,93.473,94.742,93.375,21.000,107.625,108.000,81.722,other,0,-1,8,5
8217,113,86.171,88.901,89.069,93.011,94.218,93.083,78.000,106.375,150.000,98.167,other,0,-1,9,5
8218,120,106.389,118.575,118.415,92.447,93.589,92.769,113.000,104.833,155.000,102.556,other,0,-1,10,5
8219,61,124.662,133.600,132.858,91.912,92.990,92.462,120.000,103.375,231.000,122.722,other,0,-1,11,5
8220,122,133.961,118.683,107.627,89.421,90.367,91.746,61.000,96.292,171.000,141.028,other,0,-1,12,5
8221,179,147.231,144.535,145.802,88.683,89.558,91.396,122.000,94.250,193.000,161.333,other,0,-1,13,5
8222,133,164.354,171.531,181.276,88.452,89.273,91.152,179.000,93.667,163.000,179.778,other,0,-1,14,5
8223,142,147.802,144.588,146.597,87.989,88.749,90.859,133.000,92.417,176.000,180.472,other,0,-1,15,5
8224,169,136.549,139.521,141.026,87.469,88.165,90.555,142.000,91.000,137.000,165.833,other,0,-1,16,5
8225,117,121.777,136.851,140.861,87.904,88.570,90.450,169.000,92.333,224.000,148.556,other,0,-1,17,5
8226,132,99.137,106.482,98.751,86.326,86.892,89.925,117.000,87.875,136.000,114.861,other,0,-1,18,5
8227,93,79.310,94.394,90.070,86.240,86.758,89.711,132.000,87.708,97.000,90.528,other,0,-1,19,5
8228,51,64.265,72.071,65.860,86.154,86.623,89.497,93.000,87.542,120.000,74.972,other,0,-1,20,5
8229,79,54.021,54.103,49.036,85.126,85.514,89.087,51.000,84.667,88.000,60.444,other,0,-1,21,5
8230,25,40.610,52.020,50.190,84.968,85.305,88.858,79.000,84.292,39.000,52.389,other,0,-1,22,5
8231,31,35.156,36.441,37.373,84.737,85.021,88.614,25.000,83.708,72.000,44.139,other,0,-1,23,5
8232,36,30.172,35.911,36.124,84.115,84.332,88.288,31.000,82.000,35.000,32.472,other,0,-1,0,6
8233,41,31.615,38.386,30.615,84.380,84.543,88.401,36.000,82.042,48.000,34.500,other,0,-1,1,6
8234,27,36.103,43.266,33.262,84.528,84.635,88.489,41.000,81.750,34.000,33.361,other,0,-1,2,6
8235,24,34.546,39.773,33.054,84.677,84.727,88.578,27.000,81.458,45.000,35.222,other,0,-1,3,6
8236,31,36.130,40.153,35.938,84.623,84.608,88.624,24.000,80.583,46.000,34.028,other,0,-1,4,6
8237,38,40.634,44.426,42.356,84.656,84.580,88.688,31.000,79.958,54.000,36.611,other,0,-1,5,6
8238,48,45.679,49.797,50.321,84.675,84.537,88.749,38.000,79.292,40.000,38.694,other,0,-1,6,6
8239,32,53.298,58.748,60.715,85.041,84.853,88.883,48.000,79.625,21.000,47.194,other,0,-1,7,6
8240,50,62.927,62.924,62.679,85.451,85.215,89.026,32.000,80.083,78.000,59.167,other,0,-1,8,6
8241,79,79.141,79.245,76.882,85.295,84.992,89.051,50.000,78.917,113.000,78.778,other,0,-1,9,6
8242,63,97.969,100.655,97.409,85.053,84.679,89.058,79.000,77.500,120.000,101.278,other,0,-1,10,6
8243,136,114.658,102.956,95.458,84.478,84.021,88.995,63.000,75.125,61.000,121.778,other,0,-1,11,6
8244,140,139.197,144.125,142.131,85.814,85.342,89.331,136.000,78.250,122.000,140.833,other,0,-1,12,6
8245,158,149.103,148.997,147.219,86.325,85.808,89.496,140.000,79.000,179.000,148.472,other,0,-1,13,6
8246,90,155.617,158.101,158.937,86.271,85.690,89.542,158.000,78.125,133.000,156.639,other,0,-1,14,6
8247,129,144.115,133.089,112.224,85.899,85.242,89.521,90.000,76.333,142.000,153.306,other,0,-1,15,6
8248,100,135.524,135.792,128.166,85.961,85.243,89.592,129.000,75.792,169.000,133.083,other,0,-1,16,6
8249,89,121.974,118.485,102.286,85.211,84.406,89.493,100.000,72.917,117.000,123.667,other,0,-1,17,6
8250,68,106.465,102.543,86.074,85.056,84.182,89.517,89.000,71.750,132.000,102.583,other,0,-1,18,6
8251,106,91.917,84.783,68.170,84.379,83.420,89.433,68.000,69.083,93.000,79.889,other,0,-1,19,6
8252,66,68.914,74.261,69.739,84.818,83.811,89.582,106.000,69.625,51.000,59.111,other,0,-1,20,6
8253,30,58.105,58.009,52.958,85.285,84.232,89.737,66.000,70.250,79.000,47.306,other,0,-1,21,6
8254,41,50.311,46.156,42.808,84.826,83.695,89.699,30.000,68.208,25.000,35.306,other,0,-1,22,6
8255,53,40.980,44.241,43.219,85.308,84.131,89.857,41.000,68.875,31.000,32.556,other,0,-1,23,6
8256,69,40.395,48.587,44.887,85.877,84.657,90.033,53.000,69.792,36.000,61.343,other,0,-1,0,0
8257,63,49.316,58.799,53.593,86.695,85.472,90.471,69.000,71.167,41.000,59.743,other,0,-1,1,0
8258,50,51.625,61.117,53.589,87.354,86.121,90.876,63.000,72.083,27.000,61.829,other,0,-1,2,0
8259,54,49.203,57.575,53.221,88.027,86.785,91.284,50.000,73.042,24.000,63.543,other,0,-1,3,0
8260,44,53.328,61.566,58.197,88.802,87.555,91.713,54.000,74.292,31.000,60.000,other,0,-1,4,0
8261,63,50.086,58.273,60.774,89.331,88.069,92.091,44.000,74.833,38.000,77.171,other,0,-1,5,0
8262,68,58.869,70.154,72.773,90.033,88.763,92.505,63.000,75.875,48.000,77.686,other,0,-1,6,0
8263,50,63.668,77.873,82.080,90.663,89.383,92.904,68.000,76.708,32.000,91.543,other,0,-1,7,0
8264,81,70.780,81.469,83.522,91.264,89.972,93.297,50.000,77.458,50.000,101.114,other,0,-1,8,0
8265,89,89.501,106.429,103.524,92.053,90.756,93.729,81.000,78.750,79.000,122.829,other,0,-1,9,0
8266,153,109.044,122.767,114.578,92.538,91.226,94.098,89.000,79.167,63.000,137.200,other,0,-1,10,0
8267,234,145.220,161.727,155.478,94.182,92.895,94.709,153.000,82.917,136.000,150.314,other,0,-1,11,0
8268,198,230.193,225.331,213.420,95.942,94.683,95.343,234.000,87.000,140.000,163.229,other,0,-1,12,0
8269,199,186.298,191.975,191.508,97.122,95.872,95.857,198.000,89.417,158.000,172.800,other,0,-1,13,0
8270,185,184.010,187.911,191.243,98.057,96.806,96.320,199.000,91.125,90.000,172.257,other,0,-1,14,0
8271,140,171.027,171.672,177.499,99.773,98.550,96.945,185.000,95.083,129.000,183.343,other,0,-1,15,0
8272,136,154.464,143.972,142.221,100.272,99.035,97.317,140.000,95.542,100.000,162.143,other,0,-1,16,0
8273,175,139.276,129.693,130.672,101.134,99.894,97.764,136.000,97.042,89.000,148.800,other,0,-1,17,0
8274,181,122.674,123.491,138.901,102.720,101.503,98.363,175.000,100.625,68.000,128.829,other,0,-1,18,0
8275,177,109.234,109.058,125.808,104.697,103.516,99.043,181.000,105.333,106.000,110.171,other,0,-1,19,0
8276,58,99.386,97.901,108.800,106.066,104.900,99.596,177.000,108.292,66.000,85.143,other,0,-1,20,0
8277,75,75.902,64.290,63.679,106.290,105.100,99.911,58.000,107.958,30.000,75.143,other,0,-1,21,0
8278,40,63.043,61.227,62.342,107.282,106.094,100.385,75.000,109.833,41.000,65.229,other,0,-1,22,0
8279,39,56.762,52.416,51.635,107.608,106.398,100.721,40.000,109.792,53.000,63.543,other,0,-1,23,0
8280,70,53.307,52.298,49.059,107.745,106.508,101.017,39.000,109.208,69.000,61.694,other,0,-1,0,1
8281,72,59.018,63.131,55.100,107.934,106.725,101.332,70.000,109.250,63.000,62.000,other,0,-1,1,1
8282,60,63.676,67.115,55.049,108.238,107.062,101.672,72.000,109.625,50.000,62.222,other,0,-1,2,1
8283,76,61.891,64.045,54.140,108.557,107.413,102.014,60.000,110.042,54.000,61.389,other,0,-1,3,1
8284,83,71.163,72.390,60.842,109.050,107.945,102.393,76.000,110.958,44.000,63.583,other,0,-1,4,1
8285,77,75.279,76.605,68.067,109.789,108.732,102.823,83.000,112.583,63.000,65.139,other,0,-1,5,1
8286,55,72.872,75.871,73.949,110.165,109.143,103.178,77.000,113.167,68.000,66.417,other,0,-1,6,1
8287,67,74.003,74.902,76.548,110.151,109.150,103.451,55.000,112.625,50.000,77.639,other,0,-1,7,1
8288,109,87.770,89.941,89.971,110.571,109.607,103.815,67.000,113.333,81.000,91.833,other,0,-1,8,1
8289,79,109.346,115.557,116.880,111.151,110.229,104.212,109.000,114.500,89.000,109.944,other,0,-1,9,1
8290,122,125.851,129.248,115.326,111.180,110.281,104.494,79.000,114.083,153.000,131.361,other,0,-1,10,1
8291,172,146.421,150.058,144.182,110.905,110.018,104.713,122.000,112.792,234.000,148.500,other,0,-1,11,1
8292,194,174.313,173.319,177.863,110.180,109.290,104.837,172.000,110.208,198.000,174.389,other,0,-1,12,1
8293,285,189.823,187.046,193.922,110.296,109.432,105.138,194.000,110.042,199.000,191.778,other,0,-1,13,1
8294,225,277.999,248.123,247.474,111.716,110.924,105.710,285.000,113.625,185.000,190.222,other,0,-1,14,1
8295,266,196.663,198.021,204.878,112.470,111.725,106.143,225.000,115.292,140.000,183.056,other,0,-1,15,1
8296,149,222.117,217.529,219.201,114.469,113.816,106.837,266.000,120.542,136.000,168.806,other,0,-1,16,1
8297,155,148.158,139.323,138.444,114.831,114.213,107.189,149.000,121.083,175.000,158.750,other,0,-1,17,1
8298,200,130.650,124.338,128.706,114.715,114.115,107.440,155.000,120.250,181.000,131.639,other,0,-1,18,1
8299,74,124.697,126.181,137.311,115.164,114.601,107.810,200.000,121.042,177.000,103.944,other,0,-1,19,1
8300,148,99.269,80.421,80.511,113.846,113.259,107.811,74.000,116.750,58.000,92.389,other,0,-1,20,1
8301,86,87.166,87.183,95.989,115.324,114.810,108.395,148.000,120.500,75.000,77.389,other,0,-1,21,1
8302,59,70.536,64.767,69.599,115.657,115.177,108.741,86.000,120.958,40.000,64.944,other,0,-1,22,1
8303,108,63.460,56.716,57.511,116.106,115.664,109.111,59.000,121.750,39.000,62.889,other,0,-1,23,1
8304,79,77.580,77.098,64.883,117.280,116.900,109.632,108.000,124.625,70.000,59.639,other,0,-1,0,2
8305,69,65.111,66.787,60.979,117.287,116.967,109.710,79.000,125.000,72.000,64.167,other,0,-1,1,2
8306,84,65.043,64.738,57.896,117.120,116.854,109.752,69.000,124.875,60.000,56.194,other,0,-1,2,2
8307,43,74.498,72.679,61.182,117.345,117.146,109.876,84.000,125.875,76.000,60.528,other,0,-1,3,2
8308,50,63.626,58.519,55.417,116.743,116.584,109.827,43.000,124.500,83.000,62.444,other,0,-1,4,2
8309,65,68.239,62.269,60.022,116.142,116.021,109.778,50.000,123.125,77.000,62.833,other,0,-1,5,2
8310,84,75.918,69.382,68.553,115.845,115.774,109.793,65.000,122.625,55.000,70.472,other,0,-1,6,2
8311,67,87.425,79.671,81.196,116.142,116.141,109.932,84.000,123.833,67.000,78.639,other,0,-1,7,2
8312,68,99.295,86.708,86.188,116.018,116.073,109.983,67.000,123.833,109.000,89.639,other,0,-1,8,2
8313,119,117.650,104.903,97.404,115.301,115.391,109.910,68.000,122.125,79.000,104.833,other,0,-1,9,2
8314,117,136.883,127.090,128.496,115.757,115.922,110.082,119.000,123.792,122.000,127.694,other,0,-1,10,2
8315,102,152.474,146.729,139.666,115.562,115.780,110.118,117.000,123.583,172.000,145.361,other,0,-1,11,2
8316,96,162.826,159.185,142.031,114.424,114.662,109.957,102.000,120.667,194.000,159.222,other,0,-1,12,2
8317,160,166.153,161.703,143.444,112.881,113.126,109.712,96.000,116.583,285.000,182.222,other,0,-1,13,2
8318,202,172.576,172.758,171.340,110.947,111.184,109.385,160.000,111.375,225.000,185.000,other,0,-1,14,2
8319,174,179.024,184.918,186.043,110.491,110.771,109.366,202.000,110.417,266.000,172.750,other,0,-1,15,2
8320,131,159.382,165.645,160.650,109.035,109.324,109.139,174.000,106.583,149.000,158.694,other,0,-1,16,2
8321,178,143.395,141.623,128.172,108.651,108.987,109.136,131.000,105.833,155.000,148.139,other,0,-1,17,2
8322,96,130.004,143.792,137.560,108.861,109.264,109.256,178.000,106.792,200.000,124.722,other,0,-1,18,2
8323,75,112.872,105.722,93.548,107.231,107.637,108.993,96.000,102.458,74.000,108.833,other,0,-1,19,2
8324,64,97.481,88.219,78.445,107.122,107.584,109.047,75.000,102.500,148.000,89.361,other,0,-1,20,2
8325,83,82.507,73.947,67.879,105.782,106.257,108.844,64.000,99.000,86.000,75.500,other,0,-1,21,2
8326,63,67.561,69.051,66.194,105.615,106.144,108.886,83.000,98.875,59.000,67.139,other,0,-1,22,2
8327,68,60.173,60.151,54.902,105.550,106.136,108.949,63.000,99.042,108.000,62.722,other,0,-1,23,2
8328,70,56.805,60.322,50.713,104.847,105.469,108.879,68.000,97.375,79.000,61.389,other,0,-1,0,3
8329,62,56.738,64.087,59.734,104.389,105.048,108.603,70.000,97.000,69.000,64.194,other,0,-1,1,3
8330,71,56.996,62.345,56.837,103.960,104.656,108.333,62.000,96.708,84.000,65.056,other,0,-1,2,3
8331,51,62.436,67.003,58.842,103.444,104.175,108.046,71.000,96.167,43.000,61.583,other,0,-1,3,3
8332,51,59.372,60.444,56.662,103.232,104.009,107.821,51.000,96.500,50.000,61.250,other,0,-1,4,3
8333,82,62.826,61.697,60.111,102.919,103.737,107.575,51.000,96.542,65.000,63.500,other,0,-1,5,3
8334,70,74.461,73.607,73.048,102.837,103.705,107.378,82.000,97.250,84.000,67.778,other,0,-1,6,3
8335,74,79.624,74.163,77.608,102.307,103.209,107.087,70.000,96.667,67.000,79.889,other,0,-1,7,3
8336,127,93.555,84.595,88.416,102.081,103.028,106.860,74.000,96.958,68.000,92.417,other,0,-1,8,3
8337,112,115.219,108.817,118.107,102.608,103.626,106.790,127.000,99.417,119.000,115.000,other,0,-1,9,3
8338,165,130.168,125.078,125.292,102.178,103.234,106.520,112.000,99.125,117.000,126.583,other,0,-1,10,3
8339,133,154.618,153.306,157.815,102.546,103.667,106.416,165.000,101.125,102.000,145.861,other,0,-1,11,3
8340,245,159.672,161.105,153.778,102.668,103.846,106.261,133.000,102.417,96.000,168.111,other,0,-1,12,3
8341,172,210.069,212.459,208.347,104.498,105.793,106.464,245.000,108.625,160.000,177.472,other,0,-1,13,3
8342,181,171.469,176.473,174.756,104.344,105.686,106.251,172.000,109.125,202.000,176.694,other,0,-1,14,3
8343,160,167.660,174.695,173.602,103.713,105.085,105.939,181.000,108.250,174.000,173.972,other,0,-1,15,3
8344,122,154.693,157.688,155.338,103.182,104.589,105.648,160.000,107.667,131.000,162.111,other,0,-1,16,3
8345,199,140.452,135.234,128.492,102.724,104.168,105.372,122.000,107.292,178.000,150.028,other,0,-1,17,3
8346,127,124.199,155.537,151.375,102.700,104.196,105.187,199.000,108.167,96.000,132.389,other,0,-1,18,3
8347,131,104.018,108.299,109.407,102.822,104.374,105.032,127.000,109.458,75.000,108.528,other,0,-1,19,3
8348,64,84.732,99.119,101.237,103.305,104.927,104.953,131.000,111.792,64.000,100.083,other,0,-1,20,3
8349,80,77.694,69.562,72.951,102.978,104.641,104.704,64.000,111.792,83.000,85.306,other,0,-1,21,3
8350,86,61.011,64.969,70.964,102.607,104.309,104.447,80.000,111.667,63.000,74.778,other,0,-1,22,3
8351,55,52.665,63.172,67.191,102.612,104.368,104.267,86.000,112.625,68.000,70.444,other,0,-1,23,3
8352,71,48.065,50.826,56.406,102.096,103.886,103.979,55.000,112.083,70.000,60.917,other,0,-1,0,4
8353,50,49.671,60.090,55.662,101.825,103.612,103.621,71.000,112.125,62.000,56.972,other,0,-1,1,4
8354,63,47.049,53.372,50.636,101.366,103.143,103.224,50.000,111.625,71.000,51.583,other,0,-1,2,4
8355,38,52.952,59.699,53.295,100.965,102.734,102.839,63.000,111.292,51.000,54.556,other,0,-1,3,4
8356,63,49.252,51.259,50.020,100.491,102.249,102.438,38.000,110.750,51.000,57.139,other,0,-1,4,4
8357,40,57.586,61.090,58.608,100.380,102.140,102.113,63.000,111.250,82.000,54.694,other,0,-1,5,4
8358,45,58.631,56.149,58.387,99.486,101.221,101.625,40.000,109.500,70.000,65.167,other,0,-1,6,4
8359,89,68.454,63.505,66.631,98.839,100.557,101.188,45.000,108.458,74.000,74.667,other,0,-1,7,4
8360,99,82.089,84.865,90.477,98.770,100.492,100.873,89.000,109.083,127.000,86.667,other,0,-1,8,4
8361,107,98.382,102.944,106.931,98.080,99.783,100.427,99.000,107.917,112.000,109.861,other,0,-1,9,4
8362,115,117.522,125.004,123.735,97.722,99.419,100.051,107.000,107.708,165.000,125.222,other,0,-1,10,4
8363,135,135.977,144.771,139.730,96.712,98.380,99.538,115.000,105.625,133.000,147.361,other,0,-1,11,4
8364,155,152.286,160.327,158.147,96.456,98.120,99.183,135.000,105.708,245.000,161.111,other,0,-1,12,4
8365,178,164.551,168.906,171.729,94.867,96.482,98.550,155.000,101.958,172.000,174.694,other,0,-1,13,4
8366,122,172.955,176.071,182.065,94.668,96.282,98.207,178.000,102.208,181.000,178.167,other,0,-1,14,4
8367,218,158.519,147.787,148.632,93.528,95.108,97.667,122.000,99.750,160.000,172.583,other,0,-1,15,4
8368,182,168.185,181.865,186.211,94.083,95.689,97.481,218.000,102.167,122.000,165.472,other,0,-1,16,4
8369,142,135.564,148.264,154.371,94.667,96.299,97.302,182.000,104.667,199.000,138.861,other,0,-1,17,4
8370,170,109.486,118.429,121.414,93.556,95.155,96.768,142.000,102.292,127.000,121.333,other,0,-1,18,4
8371,194,90.168,117.655,119.506,93.894,95.510,96.537,170.000,104.083,131.000,101.944,other,0,-1,19,4
8372,67,83.735,127.882,116.272,94.521,96.165,96.367,194.000,106.708,64.000,84.222,other,0,-1,20,4
8373,72,60.944,61.737,65.551,94.279,95.921,96.015,67.000,106.833,80.000,70.889,other,0,-1,21,4
8374,89,47.415,55.046,60.572,93.878,95.511,95.629,72.000,106.500,86.000,63.889,other,0,-1,22,4
8375,58,41.045,57.991,59.285,93.636,95.267,95.277,89.000,106.625,55.000,57.111,other,0,-1,23,4
8376,36,35.857,45.823,49.296,93.394,95.023,94.925,58.000,106.750,71.000,38.722,other,0,-1,0,5
8377,30,33.459,41.121,29.546,92.859,94.423,94.618,36.000,105.292,50.000,42.139,other,0,-1,1,5
8378,53,33.963,40.674,28.975,92.541,94.049,94.355,30.000,104.458,63.000,43.389,other,0,-1,2,5
8379,67,43.546,51.212,34.772,92.368,93.825,94.123,53.000,104.042,38.000,43.528,other,0,-1,3,5
8380,30,53.166,58.912,41.415,92.760,94.185,94.009,67.000,105.250,63.000,42.111,other,0,-1,4,5
8381,37,41.710,44.389,37.762,92.254,93.616,93.708,30.000,103.875,40.000,43.028,other,0,-1,5,5
8382,47,47.410,49.218,45.455,92.182,93.497,93.497,37.000,103.750,45.000,55.167,other,0,-1,6,5
8383,46,55.874,57.482,56.218,92.183,93.452,93.302,47.000,103.833,89.000,63.917,other,0,-1,7,5
8384,94,67.711,66.233,65.111,91.532,92.733,92.970,46.000,102.042,99.000,81.722,other,0,-1,8,5
8385,96,86.000,95.659,96.601,91.432,92.584,92.753,94.000,101.833,107.000,98.167,other,0,-1,9,5
8386,88,103.163,110.159,109.284,91.244,92.344,92.518,96.000,101.375,115.000,102.556,other,0,-1,10,5
8387,192,120.137,118.719,114.981,90.825,91.865,92.235,88.000,100.250,135.000,122.722,other,0,-1,11,5
8388,84,166.377,187.906,188.516,91.623,92.645,92.206,192.000,102.625,155.000,141.028,other,0,-1,12,5
8389,139,142.898,131.579,124.235,90.566,91.507,91.789,84.000,99.667,178.000,161.333,other,0,-1,13,5
8390,208,152.986,151.172,155.902,89.973,90.848,91.469,139.000,98.042,122.000,179.778,other,0,-1,14,5
8391,140,171.740,183.016,194.653,91.191,92.062,91.528,208.000,101.625,218.000,180.472,other,0,-1,15,5
8392,205,137.237,138.700,140.443,90.033,90.819,91.090,140.000,98.375,182.000,165.833,other,0,-1,16,5
8393,92,134.110,154.632,162.285,90.338,91.089,90.958,205.000,99.333,142.000,148.556,other,0,-1,17,5
8394,106,100.922,102.005,89.109,89.585,90.265,90.605,92.000,97.250,170.000,114.861,other,0,-1,18,5
8395,142,81.623,88.249,80.971,88.630,89.231,90.210,106.000,94.583,194.000,90.528,other,0,-1,19,5
8396,86,64.843,84.311,81.642,87.849,88.377,89.851,142.000,92.417,67.000,74.972,other,0,-1,20,5
8397,55,51.248,59.407,57.353,88.096,88.588,89.707,86.000,93.208,72.000,60.444,other,0,-1,21,5
8398,66,42.350,46.069,46.205,87.822,88.258,89.454,55.000,92.500,89.000,52.389,other,0,-1,22,5
8399,13,35.852,45.942,44.981,87.460,87.839,89.182,66.000,91.542,58.000,44.139,other,0,-1,23,5
8400,53,31.428,31.759,34.370,86.780,87.090,88.845,13.000,89.667,36.000,32.472,other,0,-1,0,6
8401,21,37.235,44.613,34.729,87.277,87.542,89.006,53.000,90.375,30.000,34.500,other,0,-1,1,6
8402,48,31.338,35.274,30.472,87.397,87.603,89.088,21.000,90.000,53.000,33.361,other,0,-1,2,6
8403,36,43.181,48.490,38.396,87.575,87.725,89.183,48.000,89.792,67.000,35.222,other,0,-1,3,6
8404,21,40.852,44.624,39.456,87.376,87.457,89.198,36.000,88.500,30.000,34.028,other,0,-1,4,6
8405,20,38.781,40.596,40.610,87.496,87.518,89.281,21.000,88.125,37.000,36.611,other,0,-1,5,6
8406,38,42.923,43.622,45.873,87.500,87.460,89.339,20.000,87.417,47.000,38.694,other,0,-1,6,6
8407,55,52.313,54.958,57.779,87.620,87.522,89.422,38.000,87.042,46.000,47.194,other,0,-1,7,6
8408,76,64.762,69.600,71.504,88.000,87.853,89.558,55.000,87.417,94.000,59.167,other,0,-1,8,6
8409,68,81.347,88.750,88.616,87.990,87.780,89.614,76.000,86.667,96.000,78.778,other,0,-1,9,6
8410,84,98.480,96.012,92.372,87.834,87.557,89.639,68.000,85.500,88.000,101.278,other,0,-1,10,6
8411,112,117.047,111.377,106.662,88.027,87.693,89.736,84.000,85.333,192.000,121.778,other,0,-1,11,6
8412,161,133.500,131.420,127.333,87.118,86.691,89.604,112.000,82.000,84.000,140.833,other,0,-1,12,6
8413,162,155.872,161.008,162.330,88.484,88.042,89.946,161.000,85.208,139.000,148.472,other,0,-1,13,6
8414,150,157.665,159.895,162.380,89.067,88.583,90.126,162.000,86.167,208.000,156.639,other,0,-1,14,6
8415,204,149.395,150.184,149.664,88.477,87.910,90.060,150.000,83.750,140.000,153.306,other,0,-1,15,6
8416,139,154.391,166.811,178.664,89.655,89.066,90.363,204.000,86.417,205.000,133.083,other,0,-1,16,6
8417,98,121.080,125.119,122.990,88.949,88.273,90.273,139.000,83.667,92.000,123.667,other,0,-1,17,6
8418,58,104.461,101.942,89.507,89.286,88.560,90.401,98.000,83.917,106.000,102.583,other,0,-1,18,6
8419,90,91.517,82.482,64.774,88.841,88.037,90.365,58.000,81.917,142.000,79.889,other,0,-1,19,6
8420,50,69.584,69.268,64.610,88.338,87.454,90.318,90.000,79.750,86.000,59.111,other,0,-1,20,6
8421,26,59.036,53.538,49.138,88.067,87.111,90.318,50.000,78.250,55.000,47.306,other,0,-1,21,6
8422,41,49.452,42.926,41.665,87.897,86.873,90.340,26.000,77.042,66.000,35.306,other,0,-1,22,6
8423,32,40.536,40.835,42.275,87.785,86.694,90.374,41.000,76.000,13.000,32.556,other,0,-1,23,6
8424,57,37.277,38.486,40.178,88.311,87.176,90.541,32.000,76.792,53.000,61.343,other,0,-1,0,0
8425,60,44.807,48.417,48.992,88.709,87.555,90.892,57.000,76.958,21.000,59.743,other,0,-1,1,0
8426,30,50.575,54.688,51.085,89.614,88.460,91.348,60.000,78.583,48.000,61.829,other,0,-1,2,0
8427,53,42.120,44.401,46.943,89.693,88.509,91.632,30.000,77.833,36.000,63.543,other,0,-1,3,0
8428,60,53.254,56.799,56.026,90.280,89.084,92.022,53.000,78.542,21.000,60.000,other,0,-1,4,0
8429,65,57.538,62.415,63.492,91.185,89.988,92.478,60.000,80.167,20.000,77.171,other,0,-1,5,0
8430,71,60.397,67.993,71.979,92.177,90.982,92.953,65.000,82.042,38.000,77.686,other,0,-1,6,0
8431,92,65.522,76.724,82.008,92.995,91.796,93.391,71.000,83.417,55.000,91.543,other,0,-1,7,0
8432,110,80.516,96.683,98.977,93.871,92.670,93.842,92.000,84.958,76.000,101.114,other,0,-1,8,0
8433,106,98.762,118.230,116.220,94.704,93.500,94.283,110.000,86.375,68.000,122.829,other,0,-1,9,0
8434,79,112.880,128.870,122.556,95.595,94.389,94.736,106.000,87.958,84.000,137.200,other,0,-1,10,0
8435,209,128.396,129.580,115.594,95.863,94.633,95.059,79.000,87.750,112.000,150.314,other,0,-1,11,0
8436,147,198.077,202.701,196.370,97.608,96.407,95.691,209.000,91.792,161.000,163.229,other,0,-1,12,0
8437,156,163.314,163.044,158.703,97.745,96.517,95.987,147.000,91.208,162.000,172.800,other,0,-1,13,0
8438,239,167.979,165.673,163.121,97.999,96.746,96.308,156.000,90.958,150.000,172.257,other,0,-1,14,0
8439,114,207.375,208.539,214.248,99.628,98.400,96.915,239.000,94.667,204.000,183.343,other,0,-1,15,0
8440,116,152.445,140.033,127.504,98.665,97.371,96.981,114.000,90.917,139.000,162.143,other,0,-1,16,0
8441,67,138.076,128.187,120.167,98.672,97.345,97.250,116.000,89.958,98.000,148.800,other,0,-1,17,0
8442,172,126.465,108.552,91.108,98.563,97.200,97.495,67.000,88.667,58.000,128.829,other,0,-1,18,0
8443,63,105.065,107.728,123.162,100.554,99.229,98.178,172.000,93.417,90.000,110.171,other,0,-1,19,0
8444,72,89.305,76.779,74.139,100.503,99.143,98.435,63.000,92.292,50.000,85.143,other,0,-1,20,0
8445,43,71.736,65.504,69.809,101.162,99.793,98.840,72.000,93.208,26.000,75.143,other,0,-1,21,0
8446,39,62.579,55.017,58.600,101.749,100.367,99.230,43.000,93.917,41.000,65.229,other,0,-1,22,0
8447,57,54.655,50.596,54.271,102.060,100.657,99.562,39.000,93.833,32.000,63.543,other,0,-1,23,0
8448,34,54.603,55.521,56.161,102.762,101.351,99.976,57.000,94.875,57.000,61.694,other,0,-1,0,1
8449,61,50.515,49.048,51.576,102.603,101.208,100.219,34.000,93.917,60.000,62.000,other,0,-1,1,1
8450,49,59.009,60.384,56.259,102.791,101.425,100.534,61.000,93.958,30.000,62.222,other,0,-1,2,1
8451,76,57.641,57.818,55.231,103.241,101.912,100.904,49.000,94.750,53.000,61.389,other,0,-1,3,1
8452,47,71.557,70.844,64.182,103.748,102.458,101.286,76.000,95.708,60.000,63.583,other,0,-1,4,1
8453,54,60.857,60.828,62.319,103.733,102.466,101.559,47.000,95.167,65.000,65.139,other,0,-1,5,1
8454,110,65.651,66.768,70.219,103.748,102.503,101.838,54.000,94.708,71.000,66.417,other,0,-1,6,1
8455,72,91.401,94.054,95.762,104.487,103.289,102.268,110.000,96.333,92.000,77.639,other,0,-1,7,1
8456,94,86.918,90.973,92.787,104.371,103.191,102.520,72.000,95.500,110.000,91.833,other,0,-1,8,1
8457,111,105.499,112.170,111.166,104.313,103.153,102.784,94.000,94.833,106.000,109.944,other,0,-1,9,1
8458,89,126.051,133.316,128.872,104.560,103.430,103.111,111.000,95.042,79.000,131.361,other,0,-1,10,1
8459,190,142.712,146.189,127.636,104.878,103.782,103.454,89.000,95.458,209.000,148.500,other,0,-1,11,1
8460,266,182.317,180.843,186.644,104.777,103.699,103.709,190.000,94.667,147.000,174.389,other,0,-1,12,1
8461,127,258.666,232.907,235.351,106.675,105.685,104.381,266.000,99.625,156.000,191.778,other,0,-1,13,1
8462,230,170.295,163.126,153.532,106.429,105.452,104.606,127.000,98.417,239.000,190.222,other,0,-1,14,1
8463,219,196.479,201.628,206.741,106.472,105.519,104.891,230.000,98.042,114.000,183.056,other,0,-1,15,1
8464,197,176.873,184.212,190.088,108.167,107.295,105.521,219.000,102.417,116.000,168.806,other,0,-1,16,1
8465,139,153.257,157.756,164.319,109.515,108.711,106.078,197.000,105.792,67.000,158.750,other,0,-1,17,1
8466,174,129.858,122.081,121.807,110.732,109.992,106.608,139.000,108.792,172.000,131.639,other,0,-1,18,1
8467,172,114.021,115.514,126.390,110.934,110.224,106.927,174.000,108.875,63.000,103.944,other,0,-1,19,1
8468,67,101.429,103.850,113.492,112.687,112.060,107.569,172.000,113.417,72.000,92.389,other,0,-1,20,1
8469,74,83.387,70.440,70.307,112.789,112.187,107.866,67.000,113.208,43.000,77.389,other,0,-1,21,1
8470,67,70.466,64.461,65.327,113.412,112.854,108.272,74.000,114.500,39.000,64.944,other,0,-1,22,1
8471,95,63.851,60.925,57.867,113.991,113.475,108.669,67.000,115.667,57.000,62.889,other,0,-1,23,1
8472,117,71.150,72.746,59.780,114.716,114.247,109.097,95.000,117.250,34.000,59.639,other,0,-1,0,2
8473,35,82.432,86.167,68.305,115.795,115.423,109.399,117.000,120.708,61.000,64.167,other,0,-1,1,2
8474,91,58.120,55.209,50.844,115.295,114.966,109.371,35.000,119.625,49.000,56.194,other,0,-1,2,2
8475,76,77.933,77.080,61.684,115.780,115.527,109.549,91.000,121.375,76.000,60.528,other,0,-1,3,2
8476,80,72.967,71.212,60.754,115.657,115.460,109.600,76.000,121.375,47.000,62.444,other,0,-1,4,2
8477,63,76.545,73.434,65.731,116.012,115.887,109.751,80.000,122.750,54.000,62.833,other,0,-1,5,2
8478,55,75.183,69.701,67.768,116.019,115.954,109.829,63.000,123.125,110.000,70.472,other,0,-1,6,2
8479,70,83.683,73.987,73.227,115.099,115.061,109.714,55.000,120.833,72.000,78.639,other,0,-1,7,2
8480,82,98.326,87.313,86.790,114.946,114.964,109.759,70.000,120.750,94.000,89.639,other,0,-1,8,2
8481,65,116.213,105.123,101.907,114.649,114.716,109.774,82.000,120.250,111.000,104.833,other,0,-1,9,2
8482,144,135.773,128.772,107.732,113.860,113.959,109.686,65.000,118.333,89.000,127.694,other,0,-1,10,2
8483,162,155.333,147.826,151.215,114.533,114.715,109.903,144.000,120.625,190.000,145.361,other,0,-1,11,2
8484,142,169.797,164.949,168.955,114.004,114.228,109.870,162.000,119.458,266.000,159.222,other,0,-1,12,2
8485,225,170.216,168.198,163.774,112.085,112.301,109.546,142.000,114.292,127.000,182.222,other,0,-1,13,2
8486,155,198.802,199.167,204.906,113.381,113.702,109.893,225.000,118.375,230.000,185.000,other,0,-1,14,2
8487,206,165.880,167.458,162.271,112.171,112.510,109.717,155.000,115.250,219.000,172.750,other,0,-1,15,2
8488,118,167.816,179.984,177.469,111.859,112.248,109.729,206.000,114.708,197.000,158.694,other,0,-1,16,2
8489,113,145.460,138.248,122.867,110.592,110.996,109.541,118.000,111.417,139.000,148.139,other,0,-1,17,2
8490,179,131.183,122.772,109.865,110.092,110.538,109.514,113.000,110.333,174.000,124.722,other,0,-1,18,2
8491,150,111.961,132.824,127.697,110.041,110.545,109.580,179.000,110.542,172.000,108.833,other,0,-1,19,2
8492,102,93.088,107.596,106.008,109.599,110.148,109.564,150.000,109.625,67.000,89.361,other,0,-1,20,2
8493,70,79.799,80.825,80.461,109.983,110.604,109.721,102.000,111.083,74.000,75.500,other,0,-1,21,2
8494,65,70.180,66.171,64.249,109.801,110.477,109.760,70.000,110.917,67.000,67.139,other,0,-1,22,2
8495,88,61.530,61.226,57.191,109.649,110.379,109.805,65.000,110.833,95.000,62.722,other,0,-1,23,2
8496,53,61.226,68.901,57.324,109.425,110.206,109.835,88.000,110.542,117.000,61.389,other,0,-1,0,3
8497,47,55.113,59.194,59.402,108.170,108.960,109.393,53.000,107.875,35.000,64.194,other,0,-1,1,3
8498,31,55.055,58.240,56.938,108.016,108.854,109.181,47.000,108.375,91.000,65.056,other,0,-1,2,3
8499,48,55.008,54.374,53.925,106.819,107.668,108.750,31.000,105.875,76.000,61.583,other,0,-1,3,3
8500,78,59.467,60.252,58.236,106.086,106.962,108.417,48.000,104.708,80.000,61.250,other,0,-1,4,3
8501,30,69.964,71.656,67.721,105.729,106.645,108.162,78.000,104.625,63.000,63.500,other,0,-1,5,3
8502,64,69.639,60.818,62.019,104.923,105.864,107.814,30.000,103.250,55.000,67.778,other,0,-1,6,3
8503,83,79.824,73.143,76.819,104.726,105.713,107.592,64.000,103.625,70.000,79.889,other,0,-1,7,3
8504,69,94.071,86.296,91.735,104.587,105.621,107.383,83.000,104.167,82.000,92.417,other,0,-1,8,3
8505,78,112.645,101.919,98.657,104.071,105.140,107.095,69.000,103.625,65.000,115.000,other,0,-1,9,3
8506,113,130.996,125.654,113.913,103.931,105.048,106.886,78.000,104.167,144.000,126.583,other,0,-1,10,3
8507,99,146.864,147.007,138.702,103.155,104.297,106.543,113.000,102.875,162.000,145.861,other,0,-1,11,3
8508,147,157.819,157.554,142.742,101.914,103.066,106.104,99.000,100.250,142.000,168.111,other,0,-1,12,3
8509,220,167.916,168.820,166.295,101.659,102.855,105.871,147.000,100.458,225.000,177.472,other,0,-1,13,3
8510,183,192.035,198.173,198.591,101.259,102.493,105.607,220.000,100.250,155.000,176.694,other,0,-1,14,3
8511,113,169.563,175.058,176.338,101.337,102.627,105.443,183.000,101.417,206.000,173.972,other,0,-1,15,3
8512,80,151.570,144.613,135.639,99.662,100.946,104.913,113.000,97.542,118.000,162.111,other,0,-1,16,3
8513,97,140.740,128.114,111.776,98.784,100.090,104.549,80.000,95.958,113.000,150.028,other,0,-1,17,3
8514,116,124.125,116.135,107.191,98.224,99.564,104.252,97.000,95.292,179.000,132.389,other,0,-1,18,3
8515,102,103.476,104.927,104.225,96.984,98.333,103.813,116.000,92.667,150.000,108.528,other,0,-1,19,3
8516,95,86.383,88.272,90.568,95.961,97.327,103.419,102.000,90.667,102.000,100.083,other,0,-1,20,3
8517,80,70.335,76.216,80.852,95.532,96.936,103.149,95.000,90.375,70.000,85.306,other,0,-1,21,3
8518,93,58.768,64.503,70.581,95.349,96.799,102.931,80.000,90.792,65.000,74.778,other,0,-1,22,3
8519,68,51.167,66.097,68.676,95.427,96.932,102.767,93.000,91.958,88.000,70.444,other,0,-1,23,3
8520,50,46.358,54.349,59.091,94.810,96.346,102.458,68.000,91.125,53.000,60.917,other,0,-1,0,4
8521,50,43.470,51.712,51.855,94.481,96.012,102.088,50.000,91.000,47.000,56.972,other,0,-1,1,4
8522,17,44.902,53.076,50.880,94.239,95.767,101.736,50.000,91.125,31.000,51.583,other,0,-1,2,4
8523,46,42.426,43.517,45.266,93.751,95.268,101.332,17.000,90.542,48.000,54.556,other,0,-1,3,4
8524,58,48.770,53.545,51.740,93.436,94.949,100.965,46.000,90.458,78.000,57.139,other,0,-1,4,4
8525,70,54.522,58.834,57.401,92.861,94.359,100.543,58.000,89.625,30.000,54.694,other,0,-1,5,4
8526,57,61.302,65.049,65.777,93.156,94.670,100.303,70.000,91.292,64.000,65.167,other,0,-1,6,4
8527,54,66.517,65.698,69.608,92.769,94.275,99.921,57.000,91.000,83.000,74.667,other,0,-1,7,4
8528,138,80.586,75.845,77.837,92.063,93.551,99.472,54.000,89.792,69.000,86.667,other,0,-1,8,4
8529,91,105.786,117.662,122.377,92.778,94.296,99.320,138.000,92.667,78.000,109.861,other,0,-1,9,4
8530,118,116.176,120.455,115.052,92.681,94.202,98.998,91.000,93.208,113.000,125.222,other,0,-1,10,4
8531,183,134.620,144.792,138.511,92.468,93.987,98.652,118.000,93.417,99.000,147.361,other,0,-1,11,4
8532,186,162.237,182.057,178.756,93.399,94.957,98.545,183.000,96.917,147.000,161.111,other,0,-1,12,4
8533,140,170.781,185.072,184.544,93.679,95.253,98.302,186.000,98.542,220.000,174.694,other,0,-1,13,4
8534,139,164.722,159.578,160.319,92.235,93.764,97.698,140.000,95.208,183.000,178.167,other,0,-1,14,4
8535,148,160.761,152.914,153.761,91.312,92.815,97.204,139.000,93.375,113.000,172.583,other,0,-1,15,4
8536,152,149.842,146.727,148.829,91.534,93.050,96.949,148.000,94.833,80.000,165.472,other,0,-1,16,4
8537,117,131.549,135.918,138.998,92.291,93.840,96.806,152.000,97.833,97.000,138.861,other,0,-1,17,4
8538,180,111.492,112.158,111.408,92.296,93.851,96.505,117.000,98.667,116.000,121.333,other,0,-1,18,4
8539,97,91.470,123.980,124.840,92.938,94.521,96.337,180.000,101.333,102.000,101.944,other,0,-1,19,4
8540,71,74.996,79.736,83.638,92.580,94.156,95.961,97.000,101.125,95.000,84.222,other,0,-1,20,4
8541,47,62.407,63.224,69.307,91.947,93.507,95.527,71.000,100.125,80.000,70.889,other,0,-1,21,4
8542,59,52.382,50.290,58.475,91.183,92.723,95.067,47.000,98.750,93.000,63.889,other,0,-1,22,4
8543,95,41.064,47.793,56.632,90.406,91.924,94.603,59.000,97.333,68.000,57.111,other,0,-1,23,4
8544,40,43.206,61.004,60.734,90.511,92.039,94.323,95.000,98.458,50.000,38.722,other,0,-1,0,5
8545,31,35.096,42.770,33.003,90.338,91.815,94.091,40.000,98.042,50.000,42.139,other,0,-1,1,5
8546,55,35.079,41.261,31.784,90.035,91.456,93.832,31.000,97.250,17.000,43.389,other,0,-1,2,5
8547,41,44.877,52.262,37.960,90.557,91.951,93.745,55.000,98.833,46.000,43.528,other,0,-1,3,5
8548,35,42.440,47.369,37.968,90.457,91.802,93.528,41.000,98.625,58.000,42.111,other,0,-1,4,5
8549,35,43.512,46.299,40.777,90.096,91.382,93.257,35.000,97.667,70.000,43.028,other,0,-1,5,5
8550,36,47.888,48.851,46.331,89.560,90.783,92.950,35.000,96.208,57.000,55.167,other,0,-1,6,5
8551,62,56.046,54.649,53.630,89.228,90.394,92.684,36.000,95.333,54.000,63.917,other,0,-1,7,5
8552,62,68.799,71.170,71.432,89.316,90.440,92.507,62.000,95.667,138.000,81.722,other,0,-1,8,5
8553,98,84.825,83.393,81.278,88.187,89.226,92.075,62.000,92.500,91.000,98.167,other,0,-1,9,5
8554,126,103.531,111.030,109.135,88.260,89.256,91.895,98.000,92.792,118.000,102.556,other,0,-1,10,5
8555,92,124.413,136.760,135.035,88.348,89.302,91.717,126.000,93.125,183.000,122.722,other,0,-1,11,5
8556,158,135.145,128.719,122.475,87.002,87.863,91.240,92.000,89.333,186.000,141.028,other,0,-1,12,5
8557,239,154.571,162.273,166.609,86.568,87.369,90.954,158.000,88.167,140.000,161.333,other,0,-1,13,5
8558,218,204.196,219.168,221.414,87.974,88.779,91.052,239.000,92.292,139.000,179.778,other,0,-1,14,5
8559,263,176.264,190.348,200.605,89.090,89.889,91.089,218.000,95.583,148.000,180.472,other,0,-1,15,5
8560,181,200.900,215.330,219.380,90.728,91.538,91.235,263.000,100.375,152.000,165.833,other,0,-1,16,5
8561,132,126.645,140.016,148.664,91.120,91.898,91.122,181.000,101.583,117.000,148.556,other,0,-1,17,5
8562,84,100.643,106.552,105.591,91.309,92.049,90.965,132.000,102.208,180.000,114.861,other,0,-1,18,5
8563,90,84.396,81.477,73.760,89.890,90.535,90.473,84.000,98.208,97.000,90.528,other,0,-1,19,5
8564,61,65.493,66.873,65.422,89.761,90.356,90.250,90.000,97.917,71.000,74.972,other,0,-1,20,5
8565,41,52.909,50.568,51.884,89.588,90.132,90.018,61.000,97.500,47.000,60.444,other,0,-1,21,5
8566,40,42.581,39.266,44.010,89.473,89.967,89.799,41.000,97.250,59.000,52.389,other,0,-1,22,5
8567,71,34.523,34.468,40.893,89.170,89.608,89.539,40.000,96.458,95.000,44.139,other,0,-1,23,5
8568,51,36.454,43.903,43.684,88.794,89.174,89.265,71.000,95.458,40.000,32.472,other,0,-1,0,6
8569,20,36.405,37.892,34.569,89.203,89.535,89.408,51.000,95.917,31.000,34.500,other,0,-1,1,6
8570,20,30.776,29.730,30.574,89.294,89.567,89.484,20.000,95.458,55.000,33.361,other,0,-1,2,6
8571,49,33.194,31.801,32.657,89.038,89.239,89.488,20.000,94.000,41.000,35.222,other,0,-1,3,6
8572,14,46.504,45.533,42.542,89.404,89.555,89.622,49.000,94.333,35.000,34.028,other,0,-1,4,6
8573,22,37.255,34.343,39.013,89.350,89.437,89.668,14.000,93.458,35.000,36.611,other,0,-1,5,6
8574,52,43.174,40.569,46.420,89.412,89.439,89.738,22.000,92.917,36.000,38.694,other,0,-1,6,6
8575,75,55.408,56.788,62.527,89.894,89.875,89.897,52.000,93.583,62.000,47.194,other,0,-1,7,6
8576,57,69.515,75.318,79.753,90.332,90.267,90.045,75.000,94.125,62.000,59.167,other,0,-1,8,6
8577,60,80.952,79.314,80.243,90.510,90.388,90.140,57.000,93.917,98.000,78.778,other,0,-1,9,6
8578,96,99.788,91.349,88.662,90.210,90.015,90.135,60.000,92.333,126.000,101.278,other,0,-1,10,6
8579,91,119.520,115.533,113.242,90.026,89.762,90.154,96.000,91.083,92.000,121.778,other,0,-1,11,6
8580,101,134.704,120.556,114.916,90.262,89.944,90.260,91.000,91.042,158.000,140.833,other,0,-1,12,6
8581,131,144.872,131.247,122.849,89.686,89.286,90.197,101.000,88.667,239.000,148.472,other,0,-1,13,6
8582,116,150.213,145.893,140.967,88.372,87.863,89.980,131.000,84.167,218.000,156.639,other,0,-1,14,6
8583,84,143.255,139.653,127.571,87.145,86.531,89.781,116.000,79.917,263.000,153.306,other,0,-1,15,6
8584,135,133.196,128.253,103.029,84.802,84.044,89.350,84.000,72.458,181.000,133.083,other,0,-1,16,6
8585,77,119.004,127.087,120.606,84.386,83.551,89.320,135.000,70.542,132.000,123.667,other,0,-1,17,6
8586,64,105.772,103.409,81.573,83.839,82.923,89.263,77.000,68.250,84.000,102.583,other,0,-1,18,6
8587,102,90.105,86.546,66.816,83.800,82.820,89.312,64.000,67.417,90.000,79.889,other,0,-1,19,6
8588,63,67.875,75.049,68.374,84.224,83.196,89.458,102.000,67.917,61.000,59.111,other,0,-1,20,6
8589,41,57.054,58.889,51.889,84.503,83.423,89.574,63.000,68.000,41.000,47.306,other,0,-1,21,6
8590,36,47.576,48.556,44.405,84.753,83.620,89.684,41.000,68.000,40.000,35.306,other,0,-1,22,6
8591,35,40.074,44.034,41.918,84.946,83.756,89.781,36.000,67.833,71.000,32.556,other,0,-1,23,6
8592,35,36.988,43.503,40.880,84.675,83.413,89.782,35.000,66.333,51.000,61.343,other,0,-1,0,0
8593,63,37.846,44.562,45.139,84.783,83.493,90.072,35.000,65.667,20.000,59.743,other,0,-1,1,0
8594,86,51.544,61.237,52.429,85.746,84.457,90.541,63.000,67.458,20.000,61.829,other,0,-1,2,0
8595,55,71.087,78.948,61.541,87.042,85.766,91.079,86.000,70.208,49.000,63.543,other,0,-1,3,0
8596,35,53.744,62.500,57.644,87.469,86.175,91.435,55.000,70.458,14.000,60.000,other,0,-1,4,0
8597,85,46.829,54.888,57.733,88.114,86.810,91.837,35.000,71.333,22.000,77.171,other,0,-1,5,0
8598,98,71.622,83.207,79.571,89.367,88.074,92.366,85.000,73.958,52.000,77.686,other,0,-1,6,0
8599,78,79.995,95.302,93.012,90.373,89.083,92.844,98.000,75.875,75.000,91.543,other,0,-1,7,0
8600,63,74.276,93.039,93.760,90.757,89.447,93.191,78.000,76.000,57.000,101.114,other,0,-1,8,0
8601,129,87.338,101.408,95.740,91.184,89.857,93.548,63.000,76.250,60.000,122.829,other,0,-1,9,0
8602,182,119.790,141.859,134.637,92.524,91.211,94.095,129.000,79.125,96.000,137.200,other,0,-1,10,0
8603,94,168.892,182.073,173.183,94.110,92.820,94.693,182.000,82.708,91.000,150.314,other,0,-1,11,0
8604,80,142.929,142.594,126.854,94.493,93.184,95.041,94.000,82.833,101.000,163.229,other,0,-1,12,0
8605,143,151.854,144.067,121.014,94.529,93.189,95.316,80.000,81.958,131.000,172.800,other,0,-1,13,0
8606,136,163.015,162.583,154.902,95.043,93.688,95.690,143.000,82.458,116.000,172.257,other,0,-1,14,0
8607,212,158.821,156.271,146.551,95.673,94.308,96.089,136.000,83.292,84.000,183.343,other,0,-1,15,0
8608,224,170.964,178.429,187.262,97.868,96.546,96.815,212.000,88.625,135.000,162.143,other,0,-1,16,0
8609,228,163.440,168.125,183.079,99.497,98.200,97.423,224.000,92.333,77.000,148.800,other,0,-1,17,0
8610,73,153.109,149.152,168.552,102.025,100.783,98.218,228.000,98.625,64.000,128.829,other,0,-1,18,0
8611,103,98.731,95.234,81.458,102.495,101.237,98.583,73.000,99.000,102.000,110.171,other,0,-1,19,0
8612,133,80.690,81.185,81.363,102.850,101.572,98.925,103.000,99.042,63.000,85.143,other,0,-1,20,0
8613,57,75.231,78.971,81.376,104.204,102.941,99.475,133.000,101.958,41.000,75.143,other,0,-1,21,0
8614,54,59.090,58.450,56.088,104.776,103.500,99.862,57.000,102.625,36.000,65.229,other,0,-1,22,0
8615,36,53.640,55.101,51.795,105.377,104.090,100.255,54.000,103.375,35.000,63.543,other,0,-1,23,0
8616,62,50.136,50.840,46.210,105.732,104.424,100.596,36.000,103.417,35.000,61.694,other,0,-1,0,1
8617,44,55.474,58.774,50.743,106.297,105.031,100.990,62.000,104.542,63.000,62.000,other,0,-1,1,1
8618,68,53.125,54.941,47.070,106.196,104.948,101.245,44.000,103.750,86.000,62.222,other,0,-1,2,1
8619,85,65.155,65.890,53.352,106.109,104.880,101.503,68.000,103.000,55.000,61.389,other,0,-1,3,1
8620,49,76.905,75.230,61.102,106.717,105.532,101.906,85.000,104.250,35.000,63.583,other,0,-1,4,1
8621,68,61.059,62.244,58.642,107.094,105.943,102.261,49.000,104.833,85.000,65.139,other,0,-1,5,1
8622,42,69.305,72.062,70.473,107.022,105.890,102.522,68.000,104.125,98.000,66.417,other,0,-1,6,1
8623,82,71.892,72.470,72.112,106.385,105.253,102.665,42.000,101.792,78.000,77.639,other,0,-1,7,1
8624,80,88.525,93.606,94.445,106.616,105.515,102.989,82.000,101.958,63.000,91.833,other,0,-1,8,1
8625,121,104.988,110.409,104.883,107.037,105.971,103.353,80.000,102.667,129.000,109.944,other,0,-1,9,1
8626,127,130.473,135.515,133.477,107.095,106.053,103.641,121.000,102.333,182.000,131.361,other,0,-1,10,1
8627,237,148.255,151.385,146.420,106.472,105.431,103.787,127.000,100.042,94.000,148.500,other,0,-1,11,1
8628,167,234.508,208.115,215.360,108.717,107.776,104.532,237.000,106.000,80.000,174.389,other,0,-1,12,1
8629,113,177.585,175.653,178.353,110.152,109.283,105.107,167.000,109.625,143.000,191.778,other,0,-1,13,1
8630,173,167.673,160.319,147.485,109.891,109.035,105.329,113.000,108.375,136.000,190.222,other,0,-1,14,1
8631,136,173.750,172.114,174.018,110.601,109.791,105.753,173.000,109.917,212.000,183.056,other,0,-1,15,1
8632,135,158.438,151.975,143.836,109.674,108.854,105.836,136.000,106.750,224.000,168.806,other,0,-1,16,1
8633,123,145.520,139.415,132.027,108.559,107.722,105.879,135.000,103.042,228.000,158.750,other,0,-1,17,1
8634,116,129.797,122.149,116.516,107.211,106.349,105.873,123.000,98.667,73.000,131.639,other,0,-1,18,1
8635,63,111.810,105.148,104.190,108.008,107.196,106.316,116.000,100.458,103.000,103.944,other,0,-1,19,1
8636,163,101.710,86.309,80.186,107.603,106.798,106.507,63.000,98.792,133.000,92.389,other,0,-1,20,1
8637,110,91.635,99.662,105.928,108.211,107.450,106.910,163.000,100.042,57.000,77.389,other,0,-1,21,1
8638,68,72.481,77.887,80.852,109.153,108.446,107.383,110.000,102.250,54.000,64.944,other,0,-1,22,1
8639,59,64.042,64.857,63.596,109.530,108.858,107.737,68.000,102.833,36.000,62.889,other,0,-1,23,1
8640,50,60.993,62.914,57.414,110.037,109.405,108.119,59.000,103.792,62.000,59.639,other,0,-1,0,2
8641,56,58.613,60.558,58.285,109.740,109.157,108.134,50.000,103.292,44.000,64.167,other,0,-1,1,2
8642,71,60.482,63.546,58.210,109.790,109.269,108.222,56.000,103.792,68.000,56.194,other,0,-1,2,2
8643,59,67.231,70.267,61.321,109.710,109.246,108.282,71.000,103.917,85.000,60.528,other,0,-1,3,2
8644,30,65.520,66.323,60.468,109.210,108.789,108.254,59.000,102.833,49.000,62.444,other,0,-1,4,2
8645,61,64.764,59.809,57.814,108.812,108.436,108.248,30.000,102.042,68.000,62.833,other,0,-1,5,2
8646,50,72.761,70.020,69.191,108.587,108.263,108.278,61.000,101.750,42.000,70.472,other,0,-1,6,2
8647,107,81.851,74.000,73.309,108.580,108.315,108.353,50.000,102.083,82.000,78.639,other,0,-1,7,2
8648,68,99.540,94.167,99.026,108.819,108.622,108.480,107.000,103.125,80.000,89.639,other,0,-1,8,2
8649,136,114.420,105.226,97.023,108.522,108.375,108.494,68.000,102.625,121.000,104.833,other,0,-1,9,2
8650,131,135.457,127.829,134.239,108.616,108.532,108.591,136.000,103.250,127.000,127.694,other,0,-1,10,2
8651,176,149.783,146.078,143.698,108.550,108.524,108.654,131.000,103.417,237.000,145.361,other,0,-1,11,2
8652,177,171.150,166.651,173.527,107.543,107.542,108.520,176.000,100.875,167.000,159.222,other,0,-1,12,2
8653,189,174.492,175.871,178.546,107.565,107.624,108.602,177.000,101.292,113.000,182.222,other,0,-1,13,2
8654,252,175.861,182.525,183.949,108.542,108.695,108.883,189.000,104.458,173.000,185.000,other,0,-1,14,2
8655,213,204.710,213.829,211.827,109.564,109.812,109.173,252.000,107.750,136.000,172.750,other,0,-1,15,2
8656,179,167.821,183.799,180.769,110.556,110.898,109.457,213.000,110.958,135.000,158.694,other,0,-1,16,2
8657,134,147.298,155.682,150.950,111.070,111.490,109.641,179.000,112.792,123.000,148.139,other,0,-1,17,2
8658,143,130.804,126.357,118.450,111.106,111.587,109.725,134.000,113.250,116.000,124.722,other,0,-1,18,2
8659,87,111.750,114.135,111.737,111.374,111.924,109.858,143.000,114.375,63.000,108.833,other,0,-1,19,2
8660,96,99.205,87.595,82.625,111.598,112.216,109.982,87.000,115.375,163.000,89.361,other,0,-1,20,2
8661,75,81.421,77.524,77.813,110.504,111.144,109.830,96.000,112.583,110.000,75.500,other,0,-1,21,2
8662,51,70.649,65.363,64.591,109.874,110.552,109.775,75.000,111.125,68.000,67.139,other,0,-1,22,2
8663,71,63.322,56.017,53.144,109.504,110.229,109.775,51.000,110.417,59.000,62.722,other,0,-1,23,2
8664,79,59.096,59.799,52.817,109.555,110.341,109.862,71.000,110.917,50.000,61.389,other,0,-1,0,3
8665,71,60.352,66.574,64.058,109.647,110.489,109.701,79.000,112.125,56.000,64.194,other,0,-1,1,3
8666,59,60.748,64.938,61.118,109.537,110.428,109.498,71.000,112.750,71.000,65.056,other,0,-1,2,3
8667,66,60.100,61.637,58.851,109.035,109.962,109.213,59.000,112.250,59.000,61.583,other,0,-1,3,3
8668,71,64.388,65.219,61.815,108.809,109.780,108.986,66.000,112.542,30.000,61.250,other,0,-1,4,3
8669,79,68.582,68.009,66.354,109.075,110.108,108.861,71.000,114.250,61.000,63.500,other,0,-1,5,3
8670,47,74.658,72.528,73.742,109.008,110.092,108.667,79.000,115.000,50.000,67.778,other,0,-1,6,3
8671,55,81.440,70.358,72.954,108.637,109.760,108.409,47.000,114.875,107.000,79.889,other,0,-1,7,3
8672,88,96.448,83.138,83.893,107.556,108.694,108.003,55.000,112.708,68.000,92.417,other,0,-1,8,3
8673,173,112.738,103.277,105.416,107.518,108.708,107.815,88.000,113.542,136.000,115.000,other,0,-1,9,3
8674,148,145.594,141.037,150.712,107.727,108.976,107.678,173.000,115.083,131.000,126.583,other,0,-1,10,3
8675,210,150.627,151.795,152.843,107.645,108.944,107.481,148.000,115.792,176.000,145.861,other,0,-1,11,3
8676,135,182.904,186.801,189.020,107.810,109.168,107.335,210.000,117.208,177.000,168.111,other,0,-1,12,3
8677,118,167.570,167.206,161.389,106.874,108.251,106.960,135.000,115.458,189.000,177.472,other,0,-1,13,3
8678,220,165.808,160.445,153.292,105.518,106.901,106.496,118.000,112.500,252.000,176.694,other,0,-1,14,3
8679,158,181.735,194.659,193.080,104.727,106.135,106.151,220.000,111.167,213.000,173.972,other,0,-1,15,3
8680,199,154.476,156.892,154.669,103.602,105.024,105.736,158.000,108.875,179.000,162.111,other,0,-1,16,3
8681,94,144.642,164.691,163.043,103.564,105.037,105.548,199.000,109.708,134.000,150.028,other,0,-1,17,3
8682,94,124.192,116.549,106.921,102.657,104.151,105.178,94.000,108.042,143.000,132.389,other,0,-1,18,3
8683,71,106.959,101.294,97.330,101.620,103.130,104.781,94.000,106.000,87.000,108.528,other,0,-1,19,3
8684,98,92.284,83.625,81.685,101.060,102.604,104.484,71.000,105.333,96.000,100.083,other,0,-1,20,3
8685,53,71.528,77.827,82.332,100.761,102.347,104.241,98.000,105.417,75.000,85.306,other,0,-1,21,3
8686,103,64.285,58.755,64.094,100.115,101.731,103.926,53.000,104.500,51.000,74.778,other,0,-1,22,3
8687,63,53.738,70.138,71.282,100.541,102.224,103.835,103.000,106.667,71.000,70.444,other,0,-1,23,3
8688,40,47.909,52.514,57.619,100.097,101.818,103.562,63.000,106.333,79.000,60.917,other,0,-1,0,4
8689,49,45.008,48.077,49.170,99.247,100.944,103.083,40.000,104.708,71.000,56.972,other,0,-1,1,4
8690,48,46.756,51.966,49.785,98.643,100.325,102.655,49.000,103.792,59.000,51.583,other,0,-1,2,4
8691,42,48.570,52.817,49.860,98.198,99.870,102.261,48.000,103.333,66.000,54.556,other,0,-1,3,4
8692,50,49.684,51.804,50.343,97.565,99.221,101.827,42.000,102.333,71.000,57.139,other,0,-1,4,4
8693,62,54.058,55.786,55.331,96.975,98.617,101.402,50.000,101.458,79.000,54.694,other,0,-1,5,4
8694,66,60.372,62.134,63.617,96.444,98.073,100.990,62.000,100.750,47.000,65.167,other,0,-1,6,4
8695,105,68.230,68.421,72.480,96.434,98.068,100.686,66.000,101.542,55.000,74.667,other,0,-1,7,4
8696,88,84.245,90.560,96.219,96.873,98.528,100.476,105.000,103.625,88.000,86.667,other,0,-1,8,4
8697,90,97.906,99.807,102.043,96.587,98.239,100.115,88.000,103.625,173.000,109.861,other,0,-1,9,4
8698,198,117.076,120.589,115.625,95.100,96.705,99.503,90.000,100.167,148.000,125.222,other,0,-1,10,4
8699,101,161.837,183.680,178.993,95.539,97.165,99.293,198.000,102.250,210.000,147.361,other,0,-1,11,4
8700,157,148.388,149.496,140.975,93.674,95.242,98.602,101.000,97.708,135.000,161.111,other,0,-1,12,4
8701,115,164.575,169.674,171.110,93.708,95.282,98.308,157.000,98.625,118.000,174.694,other,0,-1,13,4
8702,267,162.349,151.567,150.801,93.379,94.948,97.937,115.000,98.500,220.000,178.167,other,0,-1,14,4
8703,120,219.899,232.593,222.914,93.775,95.363,97.718,267.000,100.458,158.000,172.583,other,0,-1,15,4
8704,207,148.094,138.812,137.650,92.939,94.504,97.242,120.000,98.875,199.000,165.472,other,0,-1,16,4
8705,106,141.259,162.370,166.359,92.769,94.335,96.905,207.000,99.208,94.000,138.861,other,0,-1,17,4
8706,119,111.089,109.941,107.196,92.658,94.225,96.581,106.000,99.708,94.000,121.333,other,0,-1,18,4
8707,77,90.245,97.642,100.134,92.735,94.311,96.295,119.000,100.750,71.000,101.944,other,0,-1,19,4
8708,163,76.339,75.320,77.007,92.536,94.111,95.952,77.000,101.000,98.000,84.222,other,0,-1,20,4
8709,95,64.589,102.530,95.155,93.193,94.796,95.788,163.000,103.708,53.000,70.889,other,0,-1,21,4
8710,50,46.952,62.430,68.028,93.516,95.137,95.554,95.000,105.458,103.000,63.889,other,0,-1,22,4
8711,43,40.681,44.305,53.504,92.463,94.053,95.032,50.000,103.250,63.000,57.111,other,0,-1,23,4
8712,29,35.766,40.290,48.909,91.888,93.463,94.610,43.000,102.417,40.000,38.722,other,0,-1,0,5
8713,44,33.057,37.468,31.165,91.700,93.224,94.376,29.000,101.958,49.000,42.139,other,0,-1,1,5
8714,45,37.735,44.340,34.080,91.600,93.075,94.159,44.000,101.750,48.000,43.389,other,0,-1,2,5
8715,54,40.997,46.445,35.896,91.528,92.955,93.948,45.000,101.625,42.000,43.528,other,0,-1,3,5
8716,56,47.199,51.580,40.848,91.674,93.061,93.783,54.000,102.125,50.000,42.111,other,0,-1,4,5
8717,57,50.127,53.513,46.067,91.733,93.076,93.599,56.000,102.375,62.000,43.028,other,0,-1,5,5
8718,30,52.768,55.897,52.720,91.632,92.927,93.382,57.000,102.167,66.000,55.167,other,0,-1,6,5
8719,43,55.342,52.747,52.054,91.082,92.313,93.072,30.000,100.667,105.000,63.917,other,0,-1,7,5
8720,463,68.185,65.344,64.440,90.156,91.309,92.682,43.000,98.083,88.000,81.722,inside,1,0,8,5
8721,601,331.843,356.988,344.093,95.560,96.856,93.615,463.000,113.708,90.000,98.167,inside,1,1,9,5
8722,837,363.474,405.984,406.116,102.935,104.442,94.959,601.000,135.000,198.000,102.556,inside,1,2,10,5
8723,93,384.376,445.202,447.915,112.163,113.947,96.691,837.000,161.625,101.000,122.722,after,1,3,11,5
8724,112,142.174,133.634,119.098,112.019,113.753,96.465,93.000,161.292,157.000,141.028,after,1,4,12,5
8725,252,152.604,144.942,133.324,111.339,113.004,96.127,112.000,159.417,115.000,161.333,after,1,5,13,5
8726,148,191.512,234.514,227.021,113.296,114.983,96.340,252.000,165.125,267.000,179.778,after,1,6,14,5
8727,168,158.876,154.153,150.645,111.544,113.125,95.778,148.000,160.167,120.000,180.472,after,1,7,15,5
8728,123,149.711,153.163,154.396,112.211,113.770,95.722,168.000,162.167,207.000,165.833,after,1,8,16,5
8729,176,130.486,130.720,119.389,110.966,112.436,95.266,123.000,158.667,106.000,148.556,after,1,9,17,5
8730,87,112.688,130.018,134.194,111.952,113.411,95.276,176.000,161.583,119.000,114.861,after,1,10,18,5
8731,65,95.986,102.962,88.410,111.460,112.857,94.978,87.000,160.250,77.000,90.528,after,1,11,19,5
8732,39,81.742,89.998,78.459,111.258,112.603,94.740,65.000,159.750,163.000,74.972,after,1,12,20,5
8733,57,70.081,78.507,71.297,109.434,110.669,94.163,39.000,154.583,95.000,60.444,after,1,13,21,5
8734,39,57.641,65.955,76.468,108.855,110.025,93.846,57.000,153.000,50.000,52.389,after,1,14,22,5
8735,42,51.253,57.497,72.443,108.668,109.786,93.611,39.000,152.542,43.000,44.139,after,1,15,23,5
8736,24,48.755,52.353,72.650,108.625,109.696,93.407,42.000,152.500,29.000,32.472,after,1,16,0,6
8737,24,48.611,50.875,50.667,108.803,109.818,93.501,24.000,152.292,44.000,34.500,after,1,17,1,6
8738,14,50.662,49.723,50.014,108.764,109.715,93.550,24.000,151.458,45.000,33.361,after,1,18,2,6
8739,23,50.451,48.286,47.150,108.565,109.447,93.566,14.000,150.167,54.000,35.222,after,1,19,3,6
8740,41,54.462,50.698,49.442,108.366,109.178,93.582,23.000,148.875,56.000,34.028,after,1,20,4,6
8741,27,60.938,56.965,55.887,108.399,109.150,93.646,41.000,148.250,57.000,36.611,after,1,21,5,6
8742,54,60.208,57.754,54.953,108.215,108.897,93.665,27.000,147.000,30.000,38.694,after,1,22,6,6
8743,54,69.630,70.051,68.418,108.813,109.453,93.847,54.000,148.000,43.000,47.194,after,1,23,7,6
8744,67,78.395,79.422,74.401,109.222,109.815,93.990,54.000,148.458,463.000,59.167,after,1,24,8,6
8745,88,91.419,91.529,85.849,103.736,104.075,92.902,67.000,131.958,601.000,78.778,after,1,25,9,6
8746,80,106.337,106.608,102.349,96.555,96.581,91.460,88.000,110.583,837.000,101.278,after,1,26,10,6
8747,120,117.396,109.332,103.893,85.839,85.430,89.279,80.000,79.042,93.000,121.778,other,0,-1,11,6
8748,46,136.734,134.967,131.490,86.481,86.031,89.471,120.000,80.167,112.000,140.833,other,0,-1,12,6
8749,124,141.118,116.463,92.335,85.775,85.238,89.381,46.000,77.417,252.000,148.472,other,0,-1,13,6
8750,186,147.341,144.527,135.555,84.171,83.516,89.103,124.000,72.083,148.000,156.639,other,0,-1,14,6
8751,158,158.542,168.679,174.110,84.972,84.282,89.328,186.000,73.667,168.000,153.306,other,0,-1,15,6
8752,113,137.296,145.867,146.180,85.077,84.329,89.407,158.000,73.250,123.000,133.083,other,0,-1,16,6
8753,63,117.862,121.636,108.526,85.182,84.376,89.486,113.000,72.833,176.000,123.667,other,0,-1,17,6
8754,115,105.136,101.803,76.188,83.796,82.878,89.254,63.000,68.125,87.000,102.583,other,0,-1,18,6
8755,45,82.870,89.914,83.129,84.452,83.495,89.449,115.000,69.292,65.000,79.889,other,0,-1,19,6
8756,65,72.918,68.843,52.942,84.412,83.391,89.498,45.000,68.458,39.000,59.111,other,0,-1,20,6
8757,66,55.530,57.093,51.566,85.039,83.978,89.686,65.000,69.542,57.000,47.306,other,0,-1,21,6
8758,26,45.630,50.586,48.423,85.420,84.309,89.823,66.000,69.917,39.000,35.306,other,0,-1,22,6
8759,26,39.527,39.866,39.759,85.482,84.311,89.893,26.000,69.375,42.000,32.556,other,0,-1,23,6
