target_index,target,pred_s0,pred_s1,pred_s2,ctrl_s0,ctrl_s1,ctrl_s2,B1,B2,B3,B4,group,event_sign,hours_since_onset,target_hour,target_day
24,58,37.337,39.519,39.918,93.815,92.872,91.691,23.000,92.625,121.000,61.343,after,1,24,0,0
25,57,45.377,52.011,51.035,93.243,92.247,91.839,58.000,90.000,131.000,59.743,after,1,25,1,0
26,71,49.440,56.019,51.040,92.511,91.458,91.953,57.000,86.917,124.000,61.829,after,1,26,2,0
27,71,61.502,66.932,56.789,92.084,90.983,92.131,71.000,84.708,110.000,63.543,after,1,27,3,0
28,63,63.909,69.151,60.997,91.859,90.718,92.352,71.000,83.083,125.000,60.000,after,1,28,4,0
29,61,59.184,66.259,64.302,91.301,90.108,92.503,63.000,80.500,37.000,77.171,other,0,-1,5,0
30,53,58.556,68.034,70.696,91.989,90.787,92.914,61.000,81.500,52.000,77.686,other,0,-1,6,0
31,76,60.177,70.705,75.790,92.343,91.122,93.255,53.000,81.542,39.000,91.543,other,0,-1,7,0
32,70,74.659,90.557,92.507,93.220,91.996,93.705,76.000,83.083,70.000,101.114,other,0,-1,8,0
33,98,88.893,102.214,98.341,93.560,92.315,94.044,70.000,83.083,86.000,122.829,other,0,-1,9,0
34,181,110.664,125.964,118.622,94.074,92.815,94.419,98.000,83.583,98.000,137.200,other,0,-1,10,0
35,140,167.639,180.352,172.564,95.616,94.379,95.008,181.000,87.042,139.000,150.314,other,0,-1,11,0
36,170,151.981,158.544,152.480,95.971,94.713,95.349,140.000,87.083,124.000,163.229,other,0,-1,12,0
37,193,170.533,174.615,173.021,96.978,95.722,95.827,170.000,89.000,132.000,172.800,other,0,-1,13,0
38,166,181.336,184.468,187.110,98.201,96.956,96.350,193.000,91.542,144.000,172.257,other,0,-1,14,0
39,167,165.863,163.834,165.064,98.860,97.606,96.755,166.000,92.458,150.000,183.343,other,0,-1,15,0
40,204,154.932,154.052,158.110,99.447,98.180,97.145,167.000,93.167,126.000,162.143,other,0,-1,16,0
41,126,149.999,154.656,170.083,100.917,99.669,97.719,204.000,96.417,116.000,148.800,other,0,-1,17,0
42,120,118.787,112.906,114.053,101.402,100.138,98.088,126.000,96.833,97.000,128.829,other,0,-1,18,0
43,112,100.126,95.294,100.074,102.075,100.803,98.496,120.000,97.792,53.000,110.171,other,0,-1,19,0
44,83,83.484,80.168,86.379,103.270,102.007,99.013,112.000,100.250,58.000,85.143,other,0,-1,20,0
45,79,70.981,66.409,70.243,103.973,102.701,99.427,83.000,101.292,31.000,75.143,other,0,-1,21,0
46,62,61.809,60.781,64.173,105.008,103.740,99.910,79.000,103.292,37.000,65.229,other,0,-1,22,0
47,48,56.178,55.744,57.162,105.710,104.434,100.324,62.000,104.333,23.000,63.543,other,0,-1,23,0
48,71,53.280,52.840,52.652,106.413,105.129,100.738,48.000,105.375,58.000,61.694,other,0,-1,0,1
49,58,58.951,61.574,57.092,106.775,105.526,101.090,71.000,105.917,57.000,62.000,other,0,-1,1,1
50,46,57.914,59.300,54.100,106.963,105.742,101.405,58.000,105.958,71.000,62.222,other,0,-1,2,1
51,52,56.719,56.827,53.088,106.775,105.570,101.642,46.000,104.917,71.000,61.389,other,0,-1,3,1
52,69,60.585,60.616,57.355,106.674,105.487,101.897,52.000,104.125,63.000,63.583,other,0,-1,4,1
53,65,68.193,68.987,66.222,106.935,105.778,102.227,69.000,104.375,61.000,65.139,other,0,-1,5,1
54,61,68.450,70.353,72.140,107.167,106.040,102.552,65.000,104.542,53.000,66.417,other,0,-1,6,1
55,70,74.032,75.878,79.390,107.456,106.362,102.888,61.000,104.875,76.000,77.639,other,0,-1,7,1
56,95,87.369,90.268,91.718,107.544,106.474,103.183,70.000,104.625,70.000,91.833,other,0,-1,8,1
57,98,106.562,112.215,111.522,108.080,107.051,103.571,95.000,105.667,98.000,109.944,other,0,-1,9,1
58,132,125.762,131.207,123.401,108.254,107.253,103.883,98.000,105.667,181.000,131.361,other,0,-1,10,1
59,155,148.305,152.054,148.862,107.718,106.720,104.047,132.000,103.625,140.000,148.500,other,0,-1,11,1
60,184,166.736,167.457,168.056,108.109,107.147,104.405,155.000,104.250,170.000,174.389,other,0,-1,12,1
61,160,183.419,182.365,187.685,108.486,107.559,104.759,184.000,104.833,193.000,191.778,other,0,-1,13,1
62,175,174.766,172.655,172.488,108.182,107.266,104.972,160.000,103.458,166.000,190.222,other,0,-1,14,1
63,190,173.249,173.000,174.893,108.486,107.603,105.311,175.000,103.833,167.000,183.056,other,0,-1,15,1
64,142,166.660,169.513,173.293,108.993,108.149,105.693,190.000,104.792,204.000,168.806,other,0,-1,16,1
65,140,145.751,140.307,135.608,108.269,107.422,105.818,142.000,102.208,126.000,158.750,other,0,-1,17,1
66,136,128.582,124.072,123.127,108.646,107.833,106.173,140.000,102.792,120.000,131.639,other,0,-1,18,1
67,98,109.939,106.954,111.110,109.051,108.275,106.534,136.000,103.458,112.000,103.944,other,0,-1,19,1
68,90,94.956,86.701,89.428,109.022,108.267,106.804,98.000,102.875,83.000,92.389,other,0,-1,20,1
69,87,80.196,74.787,79.814,109.298,108.574,107.137,90.000,103.167,79.000,77.389,other,0,-1,21,1
70,54,69.765,68.681,71.860,109.588,108.896,107.474,87.000,103.500,62.000,64.944,other,0,-1,22,1
71,45,62.935,59.109,57.367,109.646,108.978,107.762,54.000,103.167,48.000,62.889,other,0,-1,23,1
72,54,58.937,56.572,50.966,109.776,109.135,108.065,45.000,103.042,71.000,59.639,other,0,-1,0,2
73,46,58.728,59.880,55.765,109.407,108.812,108.065,54.000,102.333,58.000,64.167,other,0,-1,1,2
74,57,58.581,58.552,53.096,109.109,108.564,108.079,46.000,101.833,46.000,56.194,other,0,-1,2,2
75,64,62.973,63.296,55.432,109.145,108.662,108.164,57.000,102.292,52.000,60.528,other,0,-1,3,2
76,57,67.377,66.708,58.748,109.196,108.774,108.251,64.000,102.792,69.000,62.444,other,0,-1,4,2
77,64,67.977,65.440,60.926,108.899,108.526,108.266,57.000,102.292,65.000,62.833,other,0,-1,5,2
78,69,73.876,69.957,67.961,108.761,108.443,108.314,64.000,102.250,61.000,70.472,other,0,-1,6,2
79,57,82.891,76.550,76.763,108.754,108.495,108.389,69.000,102.583,70.000,78.639,other,0,-1,7,2
80,76,97.312,86.268,82.667,108.442,108.233,108.401,57.000,102.042,95.000,89.639,other,0,-1,8,2
81,123,114.703,104.863,99.231,108.044,107.880,108.394,76.000,101.250,98.000,104.833,other,0,-1,9,2
82,150,134.721,126.653,128.968,108.282,108.187,108.521,123.000,102.292,132.000,127.694,other,0,-1,10,2
83,144,154.483,147.878,152.650,108.420,108.389,108.627,150.000,103.042,155.000,145.361,other,0,-1,11,2
84,170,163.809,161.704,158.958,108.137,108.156,108.645,144.000,102.583,184.000,159.222,other,0,-1,12,2
85,157,173.589,174.310,175.793,107.811,107.879,108.653,170.000,102.000,160.000,182.222,other,0,-1,13,2
86,194,169.771,172.198,168.355,107.644,107.766,108.695,157.000,101.875,175.000,185.000,other,0,-1,14,2
87,186,172.261,181.461,180.767,107.796,107.983,108.804,194.000,102.667,190.000,172.750,other,0,-1,15,2
88,167,160.476,170.303,166.335,107.615,107.855,108.843,186.000,102.500,142.000,158.694,other,0,-1,16,2
89,169,145.489,151.259,144.747,107.854,108.162,108.969,167.000,103.542,140.000,148.139,other,0,-1,17,2
90,122,129.138,138.613,133.451,108.151,108.529,109.108,169.000,104.750,136.000,124.722,other,0,-1,18,2
91,133,112.210,109.195,102.982,107.825,108.252,109.117,122.000,104.167,98.000,108.833,other,0,-1,19,2
92,93,93.225,99.737,97.929,108.208,108.708,109.274,133.000,105.625,90.000,89.361,other,0,-1,20,2
93,81,80.804,78.375,75.917,108.129,108.686,109.334,93.000,105.750,87.000,75.500,other,0,-1,21,2
94,68,69.336,68.521,65.057,107.918,108.528,109.367,81.000,105.500,54.000,67.139,other,0,-1,22,2
95,68,61.692,61.692,55.707,107.998,108.670,109.460,68.000,106.083,45.000,62.722,other,0,-1,23,2
96,68,58.017,60.943,51.075,108.208,108.947,109.581,68.000,107.042,54.000,61.389,other,0,-1,0,3
97,57,57.303,64.003,60.825,108.083,108.870,109.375,68.000,107.625,46.000,64.194,other,0,-1,1,3
98,81,56.812,61.250,57.332,107.914,108.749,109.159,57.000,108.083,57.000,65.056,other,0,-1,2,3
99,69,66.612,72.009,62.268,107.934,108.822,108.983,81.000,109.083,64.000,61.583,other,0,-1,3,3
100,53,64.655,67.512,61.545,107.679,108.611,108.750,69.000,109.292,57.000,61.250,other,0,-1,4,3
101,96,63.893,62.783,61.568,107.294,108.264,108.489,53.000,109.125,64.000,63.500,other,0,-1,5,3
102,74,79.699,79.530,77.561,107.429,108.458,108.337,96.000,110.458,69.000,67.778,other,0,-1,6,3
103,60,80.631,75.462,79.484,107.174,108.246,108.104,74.000,110.667,57.000,79.889,other,0,-1,7,3
104,75,95.008,83.415,85.004,106.890,108.005,107.864,60.000,110.792,76.000,92.417,other,0,-1,8,3
105,98,112.434,102.052,100.768,106.548,107.703,107.612,75.000,110.750,123.000,115.000,other,0,-1,9,3
106,130,130.522,125.243,121.147,105.858,107.042,107.288,98.000,109.708,150.000,126.583,other,0,-1,10,3
107,153,148.525,148.024,145.320,105.241,106.456,106.979,130.000,108.875,144.000,145.861,other,0,-1,11,3
108,129,163.495,165.503,163.848,105.043,106.304,106.758,153.000,109.250,170.000,168.111,other,0,-1,12,3
109,191,165.869,164.579,158.638,104.122,105.403,106.385,129.000,107.542,157.000,177.472,other,0,-1,13,3
110,201,178.544,183.522,184.857,104.286,105.626,106.239,191.000,108.958,194.000,176.694,other,0,-1,14,3
111,207,175.231,183.668,184.533,104.060,105.445,106.012,201.000,109.250,186.000,173.972,other,0,-1,15,3
112,158,165.210,179.057,178.748,104.037,105.473,105.826,207.000,110.125,167.000,162.111,other,0,-1,16,3
113,150,140.041,145.144,144.190,103.579,105.052,105.551,158.000,109.750,169.000,150.028,other,0,-1,17,3
114,121,121.374,129.157,128.536,102.976,104.481,105.244,150.000,108.958,122.000,132.389,other,0,-1,18,3
115,114,103.376,106.155,105.519,102.634,104.179,104.993,121.000,108.917,133.000,108.528,other,0,-1,19,3
116,74,85.323,91.676,93.047,102.031,103.608,104.687,114.000,108.125,93.000,100.083,other,0,-1,20,3
117,15,73.685,70.252,72.698,101.428,103.037,104.381,74.000,107.333,81.000,85.306,inside,-1,0,21,3
118,22,68.762,53.399,53.164,100.144,101.761,103.932,15.000,104.583,68.000,74.778,inside,-1,1,22,3
119,15,56.115,46.149,49.955,99.150,100.785,103.544,22.000,102.667,68.000,70.444,inside,-1,2,23,3
120,18,49.196,41.005,45.177,98.054,99.704,103.135,15.000,100.458,68.000,60.917,inside,-1,3,0,4
121,64,42.865,41.328,42.552,97.045,98.665,102.623,18.000,98.375,57.000,56.972,after,-1,4,1,4
122,73,49.334,56.645,49.453,96.861,98.481,102.283,64.000,98.667,81.000,51.583,after,-1,5,2,4
123,56,55.951,62.069,51.790,96.460,98.071,101.898,73.000,98.333,69.000,54.556,after,-1,6,3,4
124,52,52.200,55.936,50.566,95.986,97.587,101.497,56.000,97.792,53.000,57.139,after,-1,7,4,4
125,54,53.881,55.723,53.572,95.686,97.283,101.133,52.000,97.750,96.000,54.694,after,-1,8,5,4
126,68,58.755,58.971,59.787,94.792,96.364,100.645,54.000,96.000,74.000,65.167,after,-1,9,6,4
127,71,68.213,68.554,71.831,94.420,95.984,100.266,68.000,95.750,60.000,74.667,after,-1,10,7,4
128,90,80.912,79.488,83.511,94.294,95.860,99.938,71.000,96.208,75.000,86.667,after,-1,11,8,4
129,104,98.093,100.346,103.225,94.226,95.795,99.622,90.000,96.833,98.000,109.861,after,-1,12,9,4
130,145,117.413,124.069,122.672,94.028,95.596,99.279,104.000,97.083,130.000,125.222,after,-1,13,10,4
131,161,139.618,155.144,153.970,93.960,95.531,98.963,145.000,97.708,153.000,147.361,after,-1,14,11,4
132,210,157.166,171.219,170.800,93.790,95.362,98.626,161.000,98.042,129.000,161.111,after,-1,15,12,4
133,173,183.506,201.632,200.399,94.678,96.287,98.510,210.000,101.417,191.000,174.694,after,-1,16,13,4
134,201,171.786,174.395,180.126,94.132,95.728,98.095,173.000,100.667,201.000,178.167,after,-1,17,14,4
135,181,174.279,182.233,188.327,93.847,95.438,97.734,201.000,100.667,207.000,172.583,after,-1,18,15,4
136,143,155.372,160.401,167.282,93.185,94.759,97.294,181.000,99.583,158.000,165.472,after,-1,19,16,4
137,129,132.627,132.582,135.927,92.682,94.245,96.887,143.000,98.958,150.000,138.861,after,-1,20,17,4
138,120,112.101,114.059,116.516,92.093,93.641,96.463,129.000,98.083,121.000,121.333,after,-1,21,18,4
139,105,92.169,96.843,101.026,91.793,93.336,96.098,120.000,98.042,114.000,101.944,after,-1,22,19,4
140,68,74.758,79.660,86.190,91.377,92.912,95.710,105.000,97.667,74.000,84.222,after,-1,23,20,4
141,91,63.490,60.398,68.869,91.005,92.533,95.331,68.000,97.417,15.000,70.889,after,-1,24,21,4
142,44,48.047,59.353,68.754,91.821,93.383,95.200,91.000,100.583,22.000,63.889,after,-1,25,22,4
143,38,42.643,42.105,54.512,91.854,93.423,94.905,44.000,101.500,15.000,57.111,after,-1,26,23,4
144,34,36.990,38.388,50.332,91.902,93.478,94.614,38.000,102.458,18.000,38.722,after,-1,27,0,5
145,34,34.509,38.311,33.519,92.106,93.644,94.460,34.000,103.125,64.000,42.139,other,0,-1,1,5
146,43,35.913,39.886,33.739,91.643,93.120,94.168,34.000,101.875,73.000,43.389,other,0,-1,2,5
147,32,40.773,44.840,36.646,91.180,92.596,93.875,43.000,100.625,56.000,43.528,other,0,-1,3,5
148,47,40.274,41.989,37.010,90.805,92.161,93.601,32.000,99.625,52.000,42.111,other,0,-1,4,5
149,40,47.145,48.982,44.363,90.704,92.012,93.384,47.000,99.417,54.000,43.028,other,0,-1,5,5
150,47,49.097,49.022,48.236,90.473,91.728,93.140,40.000,98.833,68.000,55.167,other,0,-1,6,5
151,60,57.150,56.603,57.447,90.141,91.338,92.875,47.000,97.958,71.000,63.917,other,0,-1,7,5
152,66,69.410,69.716,70.853,89.953,91.099,92.640,60.000,97.500,90.000,81.722,other,0,-1,8,5
153,89,85.730,84.303,83.252,89.578,90.665,92.366,66.000,96.500,104.000,98.167,other,0,-1,9,5
154,115,104.326,106.922,104.629,89.332,90.366,92.119,89.000,95.875,145.000,102.556,other,0,-1,10,5
155,127,123.811,130.850,128.851,88.869,89.842,91.826,115.000,94.625,161.000,122.722,other,0,-1,11,5
156,168,140.141,143.933,143.602,88.349,89.257,91.522,127.000,93.208,210.000,141.028,other,0,-1,12,5
157,163,158.618,168.511,173.836,87.712,88.553,91.193,168.000,91.458,173.000,161.333,other,0,-1,13,5
158,154,159.719,162.342,169.728,87.539,88.329,90.961,163.000,91.042,201.000,179.778,other,0,-1,14,5
159,159,152.960,152.322,158.108,86.830,87.550,90.617,154.000,89.083,181.000,180.472,other,0,-1,15,5
160,122,140.843,145.242,150.293,86.484,87.146,90.349,159.000,88.167,143.000,165.833,other,0,-1,16,5
161,129,121.233,121.455,116.379,86.151,86.757,90.084,122.000,87.292,129.000,148.556,other,0,-1,17,5
162,123,101.169,108.264,104.291,86.123,86.682,89.882,129.000,87.292,120.000,114.861,other,0,-1,18,5
163,61,81.701,91.253,87.429,86.139,86.653,89.690,123.000,87.417,105.000,90.528,other,0,-1,19,5
164,66,71.705,67.045,58.797,85.473,85.919,89.355,61.000,85.583,68.000,74.972,other,0,-1,20,5
165,48,54.467,55.284,53.844,85.416,85.814,89.147,66.000,85.500,91.000,60.444,other,0,-1,21,5
166,50,44.018,44.334,46.037,84.765,85.095,88.815,48.000,83.708,44.000,52.389,other,0,-1,22,5
167,51,35.664,40.941,43.454,84.824,85.111,88.632,50.000,83.958,38.000,44.139,other,0,-1,23,5
168,33,32.825,41.154,41.540,84.984,85.231,88.469,51.000,84.500,34.000,32.472,other,0,-1,0,6
169,33,31.917,36.657,31.822,85.220,85.413,88.576,33.000,84.458,34.000,34.500,other,0,-1,1,6
170,31,34.316,39.316,33.389,85.456,85.594,88.683,33.000,84.417,43.000,33.361,other,0,-1,2,6
171,28,36.551,40.684,35.437,85.532,85.611,88.756,31.000,83.917,32.000,35.222,other,0,-1,3,6
172,30,38.113,41.103,38.299,85.724,85.748,88.854,28.000,83.750,47.000,34.028,other,0,-1,4,6
173,34,41.159,43.541,43.404,85.728,85.689,88.912,30.000,83.042,40.000,36.611,other,0,-1,5,6
174,36,45.580,47.898,50.272,85.892,85.796,89.003,34.000,82.792,47.000,38.694,other,0,-1,6,6
175,51,52.400,54.143,57.548,85.983,85.828,89.080,36.000,82.333,60.000,47.194,other,0,-1,7,6
176,48,64.752,67.925,70.189,86.102,85.889,89.162,51.000,81.958,66.000,59.167,other,0,-1,8,6
177,83,81.072,78.121,76.344,86.092,85.816,89.217,48.000,81.208,89.000,78.778,other,0,-1,9,6
178,115,99.960,102.099,99.457,86.255,85.923,89.309,83.000,80.958,115.000,101.278,other,0,-1,10,6
179,110,121.350,126.737,123.679,86.506,86.119,89.418,115.000,80.958,127.000,121.778,other,0,-1,11,6
180,132,135.177,130.100,125.261,86.510,86.061,89.477,110.000,80.250,168.000,140.833,other,0,-1,12,6
181,127,147.638,145.202,141.409,86.238,85.718,89.477,132.000,78.750,163.000,148.472,other,0,-1,13,6
182,174,149.799,144.787,137.561,85.967,85.375,89.478,127.000,77.250,154.000,156.639,other,0,-1,14,6
183,158,154.657,161.474,165.607,86.507,85.871,89.648,174.000,78.083,159.000,153.306,other,0,-1,15,6
184,162,138.767,144.925,146.383,86.743,86.053,89.755,158.000,78.042,122.000,133.083,other,0,-1,16,6
185,142,122.468,132.641,136.343,87.573,86.849,89.986,162.000,79.708,129.000,123.667,other,0,-1,17,6
186,88,102.052,110.303,109.275,88.011,87.241,90.135,142.000,80.250,123.000,102.583,other,0,-1,18,6
187,85,86.532,85.277,73.159,87.755,86.912,90.138,88.000,78.792,61.000,79.889,other,0,-1,19,6
188,64,69.584,69.872,61.884,88.353,87.469,90.321,85.000,79.792,66.000,59.111,other,0,-1,20,6
189,39,57.137,56.233,50.341,88.574,87.635,90.424,64.000,79.708,48.000,47.306,other,0,-1,21,6
190,31,48.056,45.742,42.157,88.694,87.697,90.507,39.000,79.333,50.000,35.306,other,0,-1,22,6
191,31,40.804,40.545,38.889,88.669,87.609,90.559,31.000,78.542,51.000,32.556,other,0,-1,23,6
192,44,37.480,39.842,37.903,88.629,87.506,90.608,31.000,77.708,33.000,61.343,other,0,-1,0,0
193,74,40.819,44.897,43.971,89.129,87.990,90.980,44.000,78.167,33.000,59.743,other,0,-1,1,0
194,71,58.010,63.561,51.856,90.063,88.924,91.442,74.000,79.875,31.000,61.829,other,0,-1,2,0
195,49,60.871,65.741,54.324,90.983,89.843,91.901,71.000,81.542,28.000,63.543,other,0,-1,3,0
196,79,51.355,56.401,53.306,91.627,90.478,92.303,49.000,82.417,30.000,60.000,other,0,-1,4,0
197,55,68.913,74.486,67.584,92.677,91.532,92.790,79.000,84.458,34.000,77.171,other,0,-1,5,0
198,54,56.134,64.454,67.617,93.321,92.166,93.192,55.000,85.333,36.000,77.686,other,0,-1,6,0
199,88,60.357,70.400,75.199,93.922,92.756,93.585,54.000,86.083,51.000,91.543,other,0,-1,7,0
200,76,78.730,95.404,96.677,94.799,93.630,94.035,88.000,87.625,48.000,101.114,other,0,-1,8,0
201,115,89.540,103.946,100.539,95.544,94.369,94.458,76.000,88.792,83.000,122.829,other,0,-1,9,0
202,142,115.301,133.169,127.122,96.348,95.168,94.893,115.000,90.125,115.000,137.200,other,0,-1,10,0
203,116,140.938,155.147,149.126,97.079,95.893,95.314,142.000,91.250,110.000,150.314,other,0,-1,11,0
204,150,146.718,148.507,139.138,97.507,96.302,95.670,116.000,91.500,132.000,163.229,other,0,-1,12,0
205,201,163.786,164.734,160.939,98.107,96.892,96.063,150.000,92.250,127.000,172.800,other,0,-1,13,0
206,157,187.233,189.670,192.933,99.520,98.320,96.625,201.000,95.333,174.000,172.257,other,0,-1,14,0
207,197,163.811,160.726,159.635,99.614,98.385,96.912,157.000,94.625,158.000,183.343,other,0,-1,15,0
208,144,163.673,167.790,177.233,100.519,99.289,97.369,197.000,96.250,162.000,162.143,other,0,-1,16,0
209,152,136.093,133.513,134.279,100.598,99.339,97.653,144.000,95.500,142.000,148.800,other,0,-1,17,0
210,121,118.002,118.591,126.434,101.083,99.809,98.021,152.000,95.917,88.000,128.829,other,0,-1,18,0
211,80,98.935,95.952,100.087,101.901,100.623,98.459,121.000,97.292,85.000,110.171,other,0,-1,19,0
212,67,84.802,77.064,77.098,102.169,100.867,98.783,80.000,97.083,64.000,85.143,other,0,-1,20,0
213,88,70.971,64.399,66.648,102.553,101.232,99.130,67.000,97.208,39.000,75.143,other,0,-1,21,0
214,60,61.809,62.608,66.587,103.603,102.286,99.617,88.000,99.250,31.000,65.229,other,0,-1,22,0
215,68,55.030,54.769,57.101,104.363,103.040,100.043,60.000,100.458,31.000,63.543,other,0,-1,23,0
216,53,57.328,58.956,57.327,105.239,103.915,100.493,68.000,102.000,44.000,61.694,other,0,-1,0,1
217,56,53.352,54.530,53.905,105.544,104.251,100.833,53.000,102.375,74.000,62.000,other,0,-1,1,1
218,52,56.953,58.096,54.040,105.457,104.183,101.091,56.000,101.625,71.000,62.222,other,0,-1,2,1
219,48,58.403,58.629,54.611,105.356,104.100,101.346,52.000,100.833,49.000,61.389,other,0,-1,3,1
220,64,59.084,58.826,56.981,105.515,104.287,101.655,48.000,100.792,79.000,63.583,other,0,-1,4,1
221,66,66.094,66.687,65.456,105.472,104.264,101.922,64.000,100.167,55.000,65.139,other,0,-1,5,1
222,89,68.643,70.509,72.823,105.805,104.631,102.267,66.000,100.625,54.000,66.417,other,0,-1,6,1
223,65,80.988,84.775,88.357,106.486,105.358,102.686,89.000,102.083,88.000,77.639,other,0,-1,7,1
224,89,86.817,89.381,90.323,106.327,105.215,102.928,65.000,101.125,76.000,91.833,other,0,-1,8,1
225,95,105.674,111.183,109.277,106.689,105.612,103.280,89.000,101.667,115.000,109.944,other,0,-1,9,1
226,158,125.199,130.885,122.058,106.573,105.514,103.532,95.000,100.833,142.000,131.361,other,0,-1,10,1
227,132,157.439,159.197,162.161,106.979,105.955,103.893,158.000,101.500,116.000,148.500,other,0,-1,11,1
228,176,160.680,161.627,155.519,107.385,106.397,104.253,132.000,102.167,150.000,174.389,other,0,-1,12,1
229,189,179.393,179.109,182.785,107.935,106.989,104.644,176.000,103.250,201.000,191.778,other,0,-1,13,1
230,163,183.616,184.176,188.929,107.935,107.011,104.920,189.000,102.750,157.000,190.222,other,0,-1,14,1
231,198,170.566,168.669,167.949,108.196,107.303,105.251,163.000,103.000,197.000,183.056,other,0,-1,15,1
232,192,168.731,173.407,177.907,108.385,107.520,105.566,198.000,103.042,144.000,168.806,other,0,-1,16,1
233,118,151.977,156.561,161.609,109.254,108.441,106.024,192.000,105.042,152.000,158.750,other,0,-1,17,1
234,135,129.775,120.163,113.746,108.935,108.133,106.233,118.000,103.625,121.000,131.639,other,0,-1,18,1
235,105,110.081,106.376,110.986,109.312,108.545,106.588,135.000,104.208,80.000,103.944,other,0,-1,19,1
236,79,94.145,87.190,91.509,109.848,109.122,106.976,105.000,105.250,67.000,92.389,other,0,-1,20,1
237,102,81.129,72.847,76.421,110.196,109.504,107.325,79.000,105.750,88.000,77.389,other,0,-1,21,1
238,50,71.022,72.193,75.741,110.573,109.915,107.679,102.000,106.333,60.000,64.944,other,0,-1,22,1
239,74,62.945,57.810,56.270,110.602,109.967,107.961,50.000,105.917,68.000,62.889,other,0,-1,23,1
240,82,63.421,64.703,56.812,110.863,110.259,108.292,74.000,106.167,53.000,59.639,other,0,-1,0,2
241,59,65.104,69.533,61.042,111.159,110.626,108.431,82.000,107.375,56.000,64.167,other,0,-1,1,2
242,66,61.290,62.445,55.278,111.080,110.603,108.491,59.000,107.500,52.000,56.194,other,0,-1,2,2
243,62,65.972,66.297,57.055,111.159,110.745,108.584,66.000,108.083,48.000,60.528,other,0,-1,3,2
244,61,67.020,65.766,58.361,111.239,110.887,108.678,62.000,108.667,64.000,62.444,other,0,-1,4,2
245,92,69.225,66.547,61.908,111.072,110.775,108.720,61.000,108.542,66.000,62.833,other,0,-1,5,2
246,56,82.872,79.198,75.208,111.325,111.097,108.849,92.000,109.625,89.000,70.472,other,0,-1,6,2
247,87,82.619,74.181,73.623,110.724,110.534,108.801,56.000,108.250,65.000,78.639,other,0,-1,7,2
248,97,97.927,89.635,91.972,110.919,110.796,108.918,87.000,109.167,89.000,89.639,other,0,-1,8,2
249,86,115.298,105.842,106.834,110.912,110.848,108.993,97.000,109.500,95.000,104.833,other,0,-1,9,2
250,151,133.742,126.825,114.743,110.658,110.646,109.017,86.000,109.125,158.000,127.694,other,0,-1,10,2
251,142,155.876,147.970,153.259,110.433,110.473,109.047,151.000,108.833,132.000,145.361,other,0,-1,11,2
252,157,164.152,161.473,158.147,110.455,110.555,109.129,142.000,109.250,176.000,159.222,other,0,-1,12,2
253,176,171.369,171.178,169.540,110.056,110.202,109.122,157.000,108.458,189.000,182.222,other,0,-1,13,2
254,213,174.229,177.832,177.817,109.745,109.940,109.134,176.000,107.917,163.000,185.000,other,0,-1,14,2
255,168,180.383,190.573,190.969,110.346,110.621,109.336,213.000,110.000,198.000,172.750,other,0,-1,15,2
256,164,158.294,163.437,157.520,109.788,110.104,109.297,168.000,108.750,192.000,158.694,other,0,-1,16,2
257,162,145.260,150.432,143.579,109.259,109.616,109.263,164.000,107.583,118.000,148.139,other,0,-1,17,2
258,150,128.962,136.054,130.720,109.773,110.208,109.447,162.000,109.417,135.000,124.722,other,0,-1,18,2
259,112,110.481,117.964,114.748,109.867,110.365,109.543,150.000,110.042,105.000,108.833,other,0,-1,19,2
260,105,94.851,93.467,90.879,109.845,110.402,109.616,112.000,110.333,79.000,89.361,other,0,-1,20,2
261,66,79.618,81.660,80.369,110.099,110.724,109.745,105.000,111.417,102.000,75.500,other,0,-1,21,2
262,63,70.579,65.259,61.696,109.454,110.117,109.688,66.000,109.917,50.000,67.139,other,0,-1,22,2
263,67,61.688,60.386,55.158,109.519,110.244,109.778,63.000,110.458,74.000,62.722,other,0,-1,23,2
264,56,57.898,60.525,51.182,109.294,110.071,109.808,67.000,110.167,82.000,61.389,other,0,-1,0,3
265,53,55.627,59.714,58.593,108.590,109.395,109.481,56.000,109.083,59.000,64.194,other,0,-1,1,3
266,58,56.186,59.749,56.661,108.175,109.019,109.214,53.000,108.833,66.000,65.056,other,0,-1,2,3
267,64,59.353,62.542,57.637,107.732,108.612,108.941,58.000,108.500,62.000,61.583,other,0,-1,3,3
268,61,63.442,65.488,60.480,107.433,108.356,108.698,64.000,108.583,61.000,61.250,other,0,-1,4,3
269,51,65.561,65.197,63.259,107.105,108.069,108.450,61.000,108.583,92.000,63.500,other,0,-1,5,3
270,49,69.707,64.792,66.128,106.184,107.168,108.077,51.000,106.875,56.000,67.778,other,0,-1,6,3
271,88,80.307,70.647,72.694,105.755,106.777,107.807,49.000,106.583,87.000,79.889,other,0,-1,7,3
272,104,94.618,87.297,93.232,105.441,106.506,107.562,88.000,106.625,97.000,92.417,other,0,-1,8,3
273,126,112.143,104.647,110.511,105.215,106.324,107.334,104.000,106.917,86.000,115.000,other,0,-1,9,3
274,141,131.668,127.452,131.581,105.467,106.637,107.206,126.000,108.583,151.000,126.583,other,0,-1,10,3
275,132,149.679,149.614,149.691,104.994,106.201,106.928,141.000,108.167,142.000,145.861,other,0,-1,11,3
276,149,160.454,161.749,155.340,104.522,105.765,106.649,132.000,107.750,157.000,168.111,other,0,-1,12,3
277,203,168.638,169.658,166.856,104.078,105.358,106.376,149.000,107.417,176.000,177.472,other,0,-1,13,3
278,203,182.411,189.722,190.522,104.142,105.477,106.209,203.000,108.542,213.000,176.694,other,0,-1,14,3
279,220,175.345,185.000,185.400,103.669,105.040,105.930,203.000,108.125,168.000,173.972,other,0,-1,15,3
280,166,169.874,187.297,185.426,104.095,105.533,105.839,220.000,110.292,164.000,162.111,other,0,-1,16,3
281,158,141.017,148.237,148.023,103.796,105.277,105.596,166.000,110.375,162.000,150.028,other,0,-1,17,3
282,152,121.900,132.249,132.155,103.410,104.930,105.335,158.000,110.208,150.000,132.389,other,0,-1,18,3
283,82,102.096,117.909,117.711,103.112,104.674,105.093,152.000,110.292,112.000,108.528,other,0,-1,19,3
284,91,89.775,83.753,82.841,102.349,103.938,104.753,82.000,109.042,105.000,100.083,other,0,-1,20,3
285,76,71.858,74.269,77.381,101.819,103.442,104.462,91.000,108.458,66.000,85.306,other,0,-1,21,3
286,59,60.309,62.444,66.557,101.636,103.305,104.244,76.000,108.875,63.000,74.778,other,0,-1,22,3
287,78,52.387,52.894,57.363,101.250,102.959,103.983,59.000,108.708,67.000,70.444,other,0,-1,23,3
288,57,48.785,56.686,57.298,101.082,102.837,103.768,78.000,109.167,56.000,60.917,other,0,-1,0,4
289,60,45.989,52.872,49.427,100.811,102.563,103.410,57.000,109.208,53.000,56.972,other,0,-1,1,4
290,52,48.724,55.589,49.119,100.627,102.378,103.070,60.000,109.500,58.000,51.583,other,0,-1,2,4
291,49,49.129,53.853,48.161,100.255,101.999,102.690,52.000,109.250,64.000,54.556,other,0,-1,3,4
292,58,50.810,53.805,49.596,99.752,101.485,102.284,49.000,108.625,61.000,57.139,other,0,-1,4,4
293,61,55.808,58.273,55.325,99.424,101.150,101.914,58.000,108.500,51.000,54.694,other,0,-1,5,4
294,62,60.479,61.588,62.068,99.283,101.011,101.583,61.000,108.917,49.000,65.167,other,0,-1,6,4
295,54,68.300,67.176,70.607,99.186,100.916,101.261,62.000,109.458,88.000,74.667,other,0,-1,7,4
296,83,82.007,76.221,78.342,98.408,100.117,100.797,54.000,108.042,104.000,86.667,other,0,-1,8,4
297,101,98.586,98.792,100.909,97.819,99.513,100.372,83.000,107.167,126.000,109.861,other,0,-1,9,4
298,130,117.789,123.462,122.025,97.171,98.849,99.936,101.000,106.125,141.000,125.222,other,0,-1,10,4
299,138,137.908,149.566,147.895,96.727,98.395,99.541,130.000,105.667,132.000,147.361,other,0,-1,11,4
300,190,153.315,161.501,160.979,96.528,98.195,99.198,138.000,105.917,149.000,161.111,other,0,-1,12,4
301,161,175.854,188.099,191.266,96.837,98.521,98.961,190.000,107.625,203.000,174.694,other,0,-1,13,4
302,213,169.605,168.346,175.107,95.943,97.602,98.473,161.000,105.875,203.000,178.167,other,0,-1,14,4
303,177,180.679,189.761,195.566,95.803,97.462,98.142,213.000,106.292,220.000,172.583,other,0,-1,15,4
304,138,154.709,158.360,165.688,94.894,96.528,97.651,177.000,104.500,166.000,165.472,other,0,-1,16,4
305,158,131.510,131.101,133.723,94.203,95.819,97.205,138.000,103.333,158.000,138.861,other,0,-1,17,4
306,105,110.647,123.730,128.527,93.918,95.530,96.844,158.000,103.333,152.000,121.333,other,0,-1,18,4
307,101,92.636,93.521,95.185,92.952,94.536,96.341,105.000,101.375,82.000,101.944,other,0,-1,19,4
308,65,74.047,79.000,84.053,92.942,94.531,96.037,101.000,102.167,91.000,84.222,other,0,-1,20,4
309,93,62.538,60.105,66.958,92.280,93.852,95.597,65.000,101.083,76.000,70.889,other,0,-1,21,4
310,59,47.122,60.488,67.780,92.241,93.817,95.287,93.000,101.792,59.000,63.889,other,0,-1,22,4
311,55,40.453,45.846,55.784,91.956,93.528,94.926,59.000,101.792,78.000,57.111,other,0,-1,23,4
312,33,36.097,43.027,51.685,91.337,92.894,94.496,55.000,100.833,57.000,38.722,other,0,-1,0,5
313,53,33.419,37.848,32.061,90.961,92.460,94.221,33.000,99.833,60.000,42.139,other,0,-1,1,5
314,47,40.244,47.171,35.942,90.832,92.280,93.998,53.000,99.542,52.000,43.389,other,0,-1,2,5
315,38,41.369,46.461,36.485,90.731,92.131,93.782,47.000,99.333,49.000,43.528,other,0,-1,3,5
316,31,41.090,44.142,37.485,90.544,91.892,93.547,38.000,98.875,58.000,42.111,other,0,-1,4,5
317,32,42.243,43.179,39.979,90.125,91.412,93.263,31.000,97.750,61.000,43.028,other,0,-1,5,5
318,60,47.137,46.490,45.625,89.676,90.903,92.974,32.000,96.542,62.000,55.167,other,0,-1,6,5
319,46,58.276,60.923,61.447,89.619,90.799,92.766,60.000,96.458,54.000,63.917,other,0,-1,7,5
320,81,68.624,65.667,65.484,89.475,90.604,92.540,46.000,96.125,83.000,81.722,other,0,-1,8,5
321,73,85.040,89.708,90.035,89.418,90.500,92.333,81.000,96.042,101.000,98.167,other,0,-1,9,5
322,132,103.746,100.736,96.585,88.984,90.006,92.046,73.000,94.875,130.000,102.556,other,0,-1,10,5
323,123,126.087,140.223,139.184,88.985,89.961,91.851,132.000,94.958,138.000,122.722,other,0,-1,11,5
324,160,139.357,141.929,141.144,88.740,89.662,91.604,123.000,94.333,190.000,141.028,other,0,-1,12,5
325,118,156.162,163.582,168.561,88.277,89.138,91.311,160.000,93.083,161.000,161.333,other,0,-1,13,5
326,162,152.279,143.146,141.878,87.626,88.419,90.979,118.000,91.292,213.000,179.778,other,0,-1,14,5
327,168,153.727,156.013,162.802,86.859,87.580,90.623,162.000,89.167,177.000,180.472,other,0,-1,15,5
328,163,141.664,149.267,155.533,86.701,87.371,90.394,168.000,88.792,138.000,165.833,other,0,-1,16,5
329,134,121.859,134.140,137.486,87.035,87.671,90.268,163.000,89.833,158.000,148.556,other,0,-1,17,5
330,94,100.002,109.824,106.328,86.659,87.237,89.994,134.000,88.833,105.000,114.861,other,0,-1,18,5
331,73,83.529,86.293,76.930,86.472,86.997,89.759,94.000,88.375,101.000,90.528,other,0,-1,19,5
332,49,68.473,68.656,61.107,86.038,86.503,89.473,73.000,87.208,65.000,74.972,other,0,-1,20,5
333,63,56.176,53.591,49.343,85.778,86.189,89.223,49.000,86.542,93.000,60.444,other,0,-1,21,5
334,10,42.183,47.379,47.723,85.315,85.665,88.930,63.000,85.292,59.000,52.389,inside,-1,0,22,5
335,16,38.500,34.019,35.720,84.577,84.856,88.580,10.000,83.250,55.000,44.139,inside,-1,1,23,5
336,20,31.622,31.959,34.465,83.984,84.197,88.261,16.000,81.625,33.000,32.472,inside,-1,2,0,6
337,31,29.795,32.233,27.827,84.046,84.199,88.331,20.000,81.083,53.000,34.500,after,-1,3,1,6
338,23,33.696,37.878,31.111,83.978,84.065,88.374,31.000,80.167,47.000,33.361,after,-1,4,2,6
339,42,34.155,37.035,31.942,83.881,83.902,88.411,23.000,79.167,38.000,35.222,after,-1,5,3,6
340,28,43.145,46.300,39.847,84.189,84.159,88.533,42.000,79.333,31.000,34.028,after,-1,6,4,6
341,35,40.467,42.424,41.361,84.396,84.310,88.634,28.000,79.208,32.000,36.611,after,-1,7,5,6
342,30,45.632,48.020,49.237,84.689,84.552,88.752,35.000,79.333,60.000,38.694,after,-1,8,6,6
343,35,51.586,52.286,54.526,84.505,84.299,88.771,30.000,78.083,46.000,47.194,after,-1,9,7,6
344,67,63.999,63.130,63.443,84.596,84.330,88.848,35.000,77.625,81.000,59.167,after,-1,10,8,6
345,78,80.544,84.717,83.934,84.643,84.317,88.915,67.000,77.042,73.000,78.778,after,-1,11,9,6
346,103,99.272,100.015,96.648,84.966,84.589,89.040,78.000,77.250,132.000,101.278,after,-1,12,10,6
347,134,118.911,120.259,116.512,84.796,84.350,89.062,103.000,76.042,123.000,121.778,after,-1,13,11,6
348,114,139.084,142.845,140.424,85.206,84.712,89.204,134.000,76.500,160.000,140.833,after,-1,14,12,6
349,143,144.154,137.296,129.925,84.790,84.219,89.175,114.000,74.583,118.000,148.472,after,-1,15,13,6
350,144,152.589,150.913,148.243,85.402,84.790,89.360,143.000,75.625,162.000,156.639,after,-1,16,14,6
351,159,148.307,148.000,144.937,85.392,84.717,89.415,144.000,74.875,168.000,153.306,after,-1,17,15,6
352,152,138.892,145.140,146.838,85.512,84.779,89.498,159.000,74.500,163.000,133.083,after,-1,18,16,6
353,113,121.417,129.443,130.089,85.603,84.810,89.574,152.000,74.042,134.000,123.667,after,-1,19,17,6
354,86,103.161,104.966,95.602,85.549,84.692,89.620,113.000,73.167,94.000,102.583,after,-1,20,18,6
355,81,87.452,85.387,72.444,85.683,84.769,89.706,86.000,72.833,73.000,79.889,after,-1,21,19,6
356,51,70.620,69.766,60.935,86.049,85.085,89.840,81.000,73.167,49.000,59.111,after,-1,22,20,6
357,43,59.251,55.345,47.913,86.328,85.312,89.955,51.000,73.250,63.000,47.306,after,-1,23,21,6
358,41,48.209,46.479,43.013,86.289,85.209,90.004,43.000,72.417,10.000,35.306,after,-1,24,22,6
359,22,41.075,42.742,41.114,86.988,85.870,90.208,41.000,73.708,16.000,32.556,after,-1,25,23,6
360,49,37.224,38.047,37.299,87.326,86.156,90.336,22.000,73.958,20.000,61.343,after,-1,26,0,0
361,77,42.283,47.167,46.160,88.086,86.911,90.762,49.000,75.167,31.000,59.743,other,0,-1,1,0
362,58,59.739,65.879,53.949,89.092,87.920,91.239,77.000,77.083,23.000,61.829,other,0,-1,2,0
363,60,53.445,59.148,52.429,89.940,88.764,91.684,58.000,78.542,42.000,63.543,other,0,-1,3,0
364,61,56.751,62.398,57.214,90.541,89.353,92.077,60.000,79.292,28.000,60.000,other,0,-1,4,0
365,44,57.904,64.741,63.286,91.359,90.168,92.515,61.000,80.667,35.000,77.171,other,0,-1,5,0
366,69,52.644,60.063,65.163,91.829,90.622,92.880,44.000,81.042,30.000,77.686,other,0,-1,6,0
367,70,64.497,77.062,80.995,92.735,91.526,93.337,69.000,82.667,35.000,91.543,other,0,-1,7,0
368,118,73.331,87.755,89.933,93.582,92.371,93.781,70.000,84.125,67.000,101.114,other,0,-1,8,0
369,92,102.581,123.386,120.102,94.661,93.455,94.274,118.000,86.250,78.000,122.829,other,0,-1,9,0
370,106,109.976,123.885,115.752,95.204,93.984,94.654,92.000,86.833,103.000,137.200,other,0,-1,10,0
371,150,130.052,138.938,129.175,95.587,94.349,95.002,106.000,86.958,134.000,150.314,other,0,-1,11,0
372,156,155.636,163.527,158.656,96.159,94.908,95.389,150.000,87.625,114.000,163.229,other,0,-1,12,0
373,215,165.427,167.484,164.412,97.108,95.857,95.854,156.000,89.375,143.000,172.800,other,0,-1,13,0
374,194,197.090,199.463,202.271,98.491,97.256,96.410,215.000,92.375,144.000,172.257,other,0,-1,14,0
375,219,175.087,177.374,183.460,99.556,98.325,96.900,194.000,94.458,159.000,183.343,other,0,-1,15,0
376,184,176.063,179.761,191.990,100.765,99.544,97.420,219.000,96.958,152.000,162.143,other,0,-1,16,0
377,134,142.540,144.663,157.365,101.569,100.343,97.855,184.000,98.292,113.000,148.800,other,0,-1,17,0
378,147,117.931,113.105,117.429,102.213,100.978,98.257,134.000,99.167,86.000,128.829,other,0,-1,18,0
379,95,99.948,98.433,110.056,103.437,102.212,98.780,147.000,101.708,81.000,110.171,other,0,-1,19,0
380,114,83.121,76.282,80.480,103.980,102.741,99.161,95.000,102.292,51.000,85.143,other,0,-1,20,0
381,77,71.339,70.575,77.686,105.233,104.005,99.690,114.000,104.917,43.000,75.143,other,0,-1,21,0
382,51,60.536,58.533,62.985,106.066,104.834,100.131,77.000,106.333,41.000,65.229,other,0,-1,22,0
383,65,54.000,51.238,54.113,106.551,105.304,100.500,51.000,106.750,22.000,63.543,other,0,-1,23,0
384,70,56.362,56.629,55.435,107.514,106.268,100.968,65.000,108.542,49.000,61.694,other,0,-1,0,1
385,57,58.527,59.839,56.234,107.992,106.785,101.344,70.000,109.417,77.000,62.000,other,0,-1,1,1
386,57,57.496,57.596,53.199,107.876,106.687,101.596,57.000,108.583,58.000,62.222,other,0,-1,2,1
387,71,60.528,59.773,54.695,108.036,106.874,101.905,57.000,108.542,60.000,61.389,other,0,-1,3,1
388,55,68.920,67.391,60.985,108.369,107.241,102.251,71.000,109.000,61.000,63.583,other,0,-1,4,1
389,63,63.339,62.602,62.548,108.456,107.353,102.545,55.000,108.750,44.000,65.139,other,0,-1,5,1
390,81,68.362,68.813,71.302,108.905,107.839,102.915,63.000,109.542,69.000,66.417,other,0,-1,6,1
391,64,78.852,81.218,85.127,109.253,108.221,103.264,81.000,110.042,70.000,77.639,other,0,-1,7,1
392,95,87.545,88.562,89.624,109.340,108.333,103.558,64.000,109.792,118.000,91.833,other,0,-1,8,1
393,101,107.380,111.671,111.456,109.181,108.190,103.800,95.000,108.833,92.000,109.944,other,0,-1,9,1
394,113,126.746,131.245,124.817,109.485,108.527,104.140,101.000,109.208,106.000,131.361,other,0,-1,10,1
395,168,145.636,148.461,139.752,109.760,108.834,104.474,113.000,109.500,150.000,148.500,other,0,-1,11,1
396,136,172.720,171.709,175.561,110.195,109.305,104.840,168.000,110.250,156.000,174.389,other,0,-1,12,1
397,172,169.713,166.229,161.181,110.079,109.208,105.092,136.000,109.417,215.000,191.778,other,0,-1,13,1
398,176,178.720,177.022,179.640,109.630,108.765,105.274,172.000,107.625,194.000,190.222,other,0,-1,14,1
399,153,174.054,173.546,175.690,109.543,108.697,105.532,176.000,106.875,219.000,183.056,other,0,-1,15,1
400,224,159.456,156.639,152.882,108.761,107.909,105.645,153.000,104.125,184.000,168.806,other,0,-1,16,1
401,142,167.271,174.412,179.699,109.515,108.711,106.078,224.000,105.792,134.000,158.750,other,0,-1,17,1
402,137,128.025,124.881,123.495,109.804,109.033,106.415,142.000,106.125,147.000,131.639,other,0,-1,18,1
403,97,109.449,107.471,110.992,109.833,109.085,106.697,137.000,105.708,95.000,103.944,other,0,-1,19,1
404,85,94.168,86.890,88.076,110.036,109.317,107.015,97.000,105.792,114.000,92.389,other,0,-1,20,1
405,77,79.874,74.192,77.024,109.790,109.084,107.240,85.000,104.583,77.000,77.389,other,0,-1,21,1
406,83,69.148,66.490,67.509,109.964,109.286,107.552,77.000,104.583,51.000,64.944,other,0,-1,22,1
407,45,64.620,66.730,62.964,110.602,109.967,107.961,83.000,105.917,65.000,62.889,other,0,-1,23,1
408,56,58.444,56.669,49.354,110.486,109.869,108.213,45.000,105.083,70.000,59.639,other,0,-1,0,2
409,59,58.732,60.546,54.038,110.160,109.592,108.222,56.000,104.500,57.000,64.167,other,0,-1,1,2
410,42,60.979,62.801,53.507,110.065,109.554,108.279,59.000,104.583,57.000,56.194,other,0,-1,2,2
411,50,59.542,58.539,50.871,109.725,109.261,108.285,42.000,103.958,71.000,60.528,other,0,-1,3,2
412,74,63.493,62.005,54.340,109.297,108.879,108.272,50.000,103.083,55.000,62.444,other,0,-1,4,2
413,71,72.996,71.187,63.307,109.449,109.096,108.381,74.000,103.875,63.000,62.833,other,0,-1,5,2
414,64,75.503,72.009,68.684,109.442,109.148,108.456,71.000,104.208,81.000,70.472,other,0,-1,6,2
415,87,82.629,75.591,74.752,109.072,108.825,108.456,64.000,103.500,64.000,78.639,other,0,-1,7,2
416,97,97.840,89.620,91.323,109.282,109.102,108.576,87.000,104.458,95.000,89.639,other,0,-1,8,2
417,98,115.322,105.762,106.462,109.188,109.064,108.633,97.000,104.542,101.000,104.833,other,0,-1,9,2
418,140,133.675,126.122,119.203,109.021,108.952,108.675,98.000,104.417,113.000,127.694,other,0,-1,10,2
419,143,153.596,146.708,148.438,109.289,109.289,108.808,140.000,105.542,168.000,145.361,other,0,-1,11,2
420,170,164.701,161.353,158.837,108.804,108.846,108.784,143.000,104.500,136.000,159.222,other,0,-1,12,2
421,137,174.610,174.288,176.211,109.173,109.288,108.938,170.000,105.917,172.000,182.222,other,0,-1,13,2
422,155,167.365,167.258,159.092,108.542,108.695,108.883,137.000,104.458,176.000,185.000,other,0,-1,14,2
423,130,164.720,167.507,161.253,108.115,108.313,108.870,155.000,103.583,153.000,172.750,other,0,-1,15,2
424,159,154.711,153.089,139.326,107.659,107.900,108.852,130.000,102.625,224.000,158.694,other,0,-1,16,2
425,160,144.060,149.148,140.938,106.594,106.858,108.706,159.000,99.917,142.000,148.139,other,0,-1,17,2
426,141,127.840,136.022,129.776,106.731,107.060,108.812,160.000,100.667,137.000,124.722,other,0,-1,18,2
427,121,109.843,115.788,111.281,106.666,107.052,108.875,141.000,100.833,97.000,108.833,other,0,-1,19,2
428,106,93.272,97.337,94.485,106.890,107.344,108.999,121.000,101.833,85.000,89.361,other,0,-1,20,2
429,61,78.972,83.569,81.117,107.071,107.591,109.113,106.000,102.708,77.000,75.500,other,0,-1,21,2
430,61,71.031,66.210,60.805,106.716,107.284,109.116,61.000,102.042,83.000,67.139,other,0,-1,22,2
431,65,61.490,61.632,54.628,106.274,106.886,109.100,61.000,101.125,45.000,62.722,other,0,-1,23,2
432,49,57.325,61.677,50.865,106.440,107.118,109.212,65.000,101.958,56.000,61.389,other,0,-1,0,3
433,64,54.683,58.932,57.753,106.011,106.727,108.942,49.000,101.667,59.000,64.194,other,0,-1,1,3
434,60,58.012,64.972,59.238,105.756,106.515,108.709,64.000,101.875,42.000,65.056,other,0,-1,2,3
435,57,59.408,64.396,58.463,105.689,106.499,108.514,60.000,102.625,50.000,61.583,other,0,-1,3,3
436,69,61.082,63.856,59.422,105.463,106.317,108.287,57.000,102.917,74.000,61.250,other,0,-1,4,3
437,59,66.888,68.587,65.361,105.063,105.956,108.023,69.000,102.708,71.000,63.500,other,0,-1,5,3
438,70,69.576,67.134,68.228,104.561,105.489,107.738,59.000,102.208,64.000,67.778,other,0,-1,6,3
439,76,79.437,74.548,78.303,104.320,105.293,107.508,70.000,102.458,87.000,79.889,other,0,-1,7,3
440,87,93.220,85.026,89.413,103.833,104.842,107.226,76.000,102.000,97.000,92.417,other,0,-1,8,3
441,103,110.729,102.269,104.203,103.361,104.405,106.947,87.000,101.583,98.000,115.000,other,0,-1,9,3
442,144,129.353,124.807,122.168,103.106,104.194,106.713,103.000,101.792,140.000,126.583,other,0,-1,10,3
443,127,149.183,149.157,149.714,102.836,103.967,106.477,144.000,101.958,143.000,145.861,other,0,-1,11,3
444,196,158.846,160.284,151.988,102.276,103.441,106.180,127.000,101.292,170.000,168.111,other,0,-1,12,3
445,180,180.596,185.115,185.771,102.325,103.544,106.010,196.000,102.375,137.000,177.472,other,0,-1,13,3
446,164,173.864,178.858,178.711,102.621,103.903,105.891,180.000,104.167,155.000,176.694,other,0,-1,14,3
447,194,165.134,167.586,166.446,102.423,103.751,105.670,164.000,104.542,130.000,173.972,other,0,-1,15,3
448,158,160.572,172.031,172.088,103.023,104.424,105.615,194.000,107.208,159.000,162.111,other,0,-1,16,3
449,155,139.881,145.166,144.072,102.680,104.123,105.363,158.000,107.167,160.000,150.028,other,0,-1,17,3
450,130,121.345,131.114,130.813,102.280,103.761,105.099,155.000,106.958,141.000,132.389,other,0,-1,18,3
451,106,102.902,109.056,109.346,101.793,103.310,104.817,130.000,106.500,121.000,108.528,other,0,-1,19,3
452,78,86.721,89.353,91.069,101.248,102.799,104.523,106.000,105.875,106.000,100.083,other,0,-1,20,3
453,78,73.838,71.425,74.690,100.515,102.092,104.190,78.000,104.708,61.000,85.306,other,0,-1,21,3
454,82,60.158,63.647,68.187,100.434,102.061,103.993,78.000,105.417,61.000,74.778,other,0,-1,22,3
455,52,51.702,60.862,63.757,100.410,102.089,103.808,82.000,106.292,65.000,70.444,other,0,-1,23,3
456,47,47.105,49.189,53.306,99.894,101.608,103.520,52.000,105.750,49.000,60.917,other,0,-1,0,4
457,52,44.441,50.275,48.784,99.580,101.289,103.152,47.000,105.667,64.000,56.972,other,0,-1,1,4
458,39,46.526,53.286,48.706,99.121,100.819,102.755,52.000,105.167,60.000,51.583,other,0,-1,2,4
459,67,46.084,49.892,46.673,98.531,100.215,102.330,39.000,104.292,57.000,54.556,other,0,-1,3,4
460,90,56.177,61.516,54.056,98.391,100.076,101.999,67.000,104.708,69.000,57.139,other,0,-1,4,4
461,56,68.600,72.752,63.686,98.410,100.101,101.702,90.000,105.583,59.000,54.694,other,0,-1,5,4
462,67,59.329,60.198,61.244,98.081,99.767,101.332,56.000,105.458,70.000,65.167,other,0,-1,6,4
463,69,68.314,68.650,72.235,97.752,99.432,100.961,67.000,105.333,76.000,74.667,other,0,-1,7,4
464,112,81.039,79.187,83.181,97.365,99.038,100.579,69.000,105.042,87.000,86.667,other,0,-1,8,4
465,91,99.667,107.106,112.219,97.442,99.123,100.294,112.000,106.083,103.000,109.861,other,0,-1,9,4
466,140,117.380,120.940,116.907,96.983,98.654,99.896,91.000,105.583,144.000,125.222,other,0,-1,10,4
467,138,138.682,152.861,151.289,96.640,98.305,99.523,140.000,105.417,127.000,147.361,other,0,-1,11,4
468,146,152.693,161.206,159.343,96.514,98.180,99.195,138.000,105.875,196.000,161.111,other,0,-1,12,4
469,202,162.993,165.145,167.250,95.504,97.141,98.683,146.000,103.792,180.000,174.694,other,0,-1,13,4
470,152,181.742,190.138,194.334,95.537,97.182,98.388,202.000,104.708,164.000,178.167,other,0,-1,14,4
471,177,163.052,157.576,163.075,95.078,96.713,97.991,152.000,104.208,194.000,172.583,other,0,-1,15,4
472,121,154.236,158.336,164.732,94.547,96.168,97.578,177.000,103.500,158.000,165.472,other,0,-1,16,4
473,126,130.777,127.172,125.893,93.725,95.324,97.105,121.000,101.958,155.000,138.861,other,0,-1,17,4
474,114,110.720,114.110,114.957,93.020,94.600,96.656,126.000,100.750,130.000,121.333,other,0,-1,18,4
475,98,91.390,96.476,98.643,92.503,94.071,96.247,114.000,100.083,106.000,101.944,other,0,-1,19,4
476,96,74.346,79.289,83.793,92.102,93.662,95.861,98.000,99.750,78.000,84.222,other,0,-1,20,4
477,74,58.233,68.628,75.622,92.077,93.642,95.555,96.000,100.500,78.000,70.889,other,0,-1,21,4
478,44,47.939,55.262,64.288,91.734,93.293,95.181,74.000,100.333,82.000,63.889,other,0,-1,22,4
479,60,41.467,42.968,53.732,90.898,92.434,94.705,44.000,98.750,52.000,57.111,other,0,-1,23,4
480,40,36.359,45.559,53.536,90.729,92.264,94.368,60.000,99.083,47.000,38.722,other,0,-1,0,5
481,36,34.460,41.250,33.941,90.599,92.085,94.146,40.000,98.792,52.000,42.139,other,0,-1,1,5
482,39,35.522,41.554,33.645,90.339,91.771,93.896,36.000,98.125,39.000,43.389,other,0,-1,2,5
483,38,38.876,44.233,35.623,90.311,91.696,93.694,39.000,98.125,67.000,43.528,other,0,-1,3,5
484,26,41.165,45.009,38.055,89.863,91.187,93.404,38.000,96.917,90.000,42.111,other,0,-1,4,5
485,45,41.359,42.305,39.249,88.908,90.153,93.009,26.000,94.250,56.000,43.028,other,0,-1,5,5
486,46,49.274,51.230,49.458,88.720,89.914,92.774,45.000,93.792,67.000,55.167,other,0,-1,6,5
487,67,56.154,56.726,56.995,88.388,89.525,92.509,46.000,92.917,69.000,63.917,other,0,-1,7,5
488,45,68.906,72.432,73.456,88.331,89.420,92.301,67.000,92.833,112.000,81.722,other,0,-1,8,5
489,94,85.976,78.579,74.139,87.332,88.341,91.897,45.000,90.042,91.000,98.167,other,0,-1,9,5
490,120,103.304,109.092,106.858,87.348,88.312,91.704,94.000,90.167,140.000,102.556,other,0,-1,10,5
491,132,123.392,133.374,131.285,87.030,87.938,91.442,120.000,89.333,138.000,122.722,other,0,-1,11,5
492,151,140.016,146.443,146.043,86.915,87.773,91.222,132.000,89.083,146.000,141.028,other,0,-1,12,5
493,162,153.558,158.403,162.025,86.959,87.774,91.036,151.000,89.292,202.000,161.333,other,0,-1,13,5
494,149,158.785,161.801,168.333,86.351,87.100,90.713,162.000,87.625,152.000,179.778,other,0,-1,14,5
495,167,152.036,150.266,154.733,86.280,86.980,90.502,149.000,87.500,177.000,180.472,other,0,-1,15,5
496,134,141.816,148.645,154.836,86.107,86.756,90.270,167.000,87.083,121.000,165.833,other,0,-1,16,5
497,90,120.759,124.454,122.252,86.267,86.877,90.108,134.000,87.625,126.000,148.556,other,0,-1,17,5
498,87,104.227,101.247,88.500,85.718,86.262,89.798,90.000,86.125,114.000,114.861,other,0,-1,18,5
499,77,85.865,85.004,75.303,85.298,85.783,89.514,87.000,85.000,98.000,90.528,other,0,-1,19,5
500,62,69.009,68.755,63.161,84.966,85.394,89.249,77.000,84.125,96.000,74.972,other,0,-1,20,5
501,70,55.060,54.630,53.410,84.445,84.810,88.944,62.000,82.708,74.000,60.444,other,0,-1,21,5
502,52,42.221,48.766,50.824,84.359,84.676,88.731,70.000,82.542,44.000,52.389,other,0,-1,22,5
503,41,35.651,41.349,44.511,84.447,84.721,88.553,52.000,82.875,60.000,44.139,other,0,-1,23,5
504,29,31.915,37.811,40.623,84.144,84.362,88.294,41.000,82.083,40.000,32.472,other,0,-1,0,6
505,28,31.184,34.949,32.377,84.235,84.393,88.370,29.000,81.625,36.000,34.500,other,0,-1,1,6
506,28,32.971,37.029,33.667,84.369,84.470,88.456,28.000,81.292,39.000,33.361,other,0,-1,2,6
507,31,35.584,39.120,36.016,84.460,84.502,88.532,28.000,80.833,38.000,35.222,other,0,-1,3,6
508,44,39.017,41.967,40.112,84.609,84.593,88.621,31.000,80.542,26.000,34.028,other,0,-1,4,6
509,33,45.933,49.151,48.209,85.120,85.060,88.785,44.000,81.292,45.000,36.611,other,0,-1,5,6
510,44,45.282,47.440,50.857,85.196,85.077,88.858,33.000,80.792,46.000,38.694,other,0,-1,6,6
511,53,53.419,56.826,60.867,85.418,85.243,88.962,44.000,80.708,67.000,47.194,other,0,-1,7,6
512,68,64.819,68.680,71.367,85.465,85.230,89.029,53.000,80.125,45.000,59.167,other,0,-1,8,6
513,82,81.106,85.463,85.132,86.049,85.771,89.208,68.000,81.083,94.000,78.778,other,0,-1,9,6
514,110,99.948,101.989,98.907,86.125,85.788,89.282,82.000,80.583,120.000,101.278,other,0,-1,10,6
515,105,120.423,124.229,120.470,86.230,85.835,89.361,110.000,80.167,132.000,121.778,other,0,-1,11,6
516,120,134.495,128.091,121.909,86.090,85.626,89.389,105.000,79.042,151.000,140.833,other,0,-1,12,6
517,154,145.774,140.073,133.258,85.891,85.358,89.405,120.000,77.750,162.000,148.472,other,0,-1,13,6
518,185,154.768,156.594,155.361,86.025,85.435,89.490,154.000,77.417,149.000,156.639,other,0,-1,14,6
519,132,158.650,167.573,173.338,86.797,86.171,89.709,185.000,78.917,167.000,153.306,other,0,-1,15,6
520,134,137.094,136.791,129.927,86.540,85.843,89.713,132.000,77.458,134.000,133.083,other,0,-1,16,6
521,126,121.197,125.004,120.279,86.790,86.040,89.822,134.000,77.458,90.000,123.667,other,0,-1,17,6
522,97,102.616,107.437,102.120,87.562,86.776,90.041,126.000,78.958,87.000,102.583,other,0,-1,18,6
523,65,86.084,86.564,76.726,87.957,87.122,90.181,97.000,79.375,77.000,79.889,other,0,-1,19,6
524,58,72.514,68.551,57.701,88.034,87.139,90.254,65.000,78.875,62.000,59.111,other,0,-1,20,6
525,49,58.000,55.753,50.149,88.226,87.276,90.352,58.000,78.708,70.000,47.306,other,0,-1,21,6
526,38,47.360,47.083,44.975,88.172,87.157,90.398,49.000,77.833,52.000,35.306,other,0,-1,22,6
527,33,40.687,41.820,41.275,88.220,87.144,90.465,38.000,77.250,41.000,32.556,other,0,-1,23,6
528,50,37.589,40.331,39.641,88.354,87.221,90.550,33.000,76.917,29.000,61.343,other,0,-1,0,0
529,53,42.574,47.341,46.924,88.998,87.855,90.952,50.000,77.792,28.000,59.743,other,0,-1,1,0
530,65,47.533,53.027,48.783,89.701,88.549,91.366,53.000,78.833,28.000,61.829,other,0,-1,2,0
531,55,57.485,62.639,54.406,90.577,89.424,91.817,65.000,80.375,31.000,63.543,other,0,-1,3,0
532,59,54.372,59.522,56.214,91.265,90.103,92.228,55.000,81.375,44.000,60.000,other,0,-1,4,0
533,60,57.095,63.417,62.894,91.822,90.647,92.612,59.000,82.000,33.000,77.171,other,0,-1,5,0
534,46,58.154,66.823,70.131,92.554,91.372,93.032,60.000,83.125,44.000,77.686,other,0,-1,6,0
535,46,58.977,67.447,73.330,92.923,91.721,93.376,46.000,83.208,53.000,91.543,other,0,-1,7,0
536,81,70.981,79.104,81.125,93.162,91.936,93.693,46.000,82.917,68.000,101.114,other,0,-1,8,0
537,153,90.023,105.275,102.872,93.690,92.450,94.071,81.000,83.458,82.000,122.829,other,0,-1,9,0
538,120,136.231,154.625,147.874,95.059,93.834,94.624,153.000,86.417,110.000,137.200,other,0,-1,10,0
539,157,133.014,144.256,136.648,95.544,94.304,94.993,120.000,86.833,105.000,150.314,other,0,-1,11,0
540,134,158.638,166.800,162.979,96.637,95.403,95.489,157.000,89.000,120.000,163.229,other,0,-1,12,0
541,138,160.140,157.615,151.088,97.180,95.932,95.869,134.000,89.583,154.000,172.800,other,0,-1,13,0
542,186,164.074,158.767,152.248,97.289,96.012,96.159,138.000,88.917,185.000,172.257,other,0,-1,14,0
543,218,171.189,173.800,178.059,97.643,96.346,96.501,186.000,88.958,132.000,183.343,other,0,-1,15,0
544,164,175.178,179.887,191.198,99.229,97.955,97.099,218.000,92.542,134.000,162.143,other,0,-1,16,0
545,149,137.681,138.758,145.343,100.004,98.724,97.529,164.000,93.792,126.000,148.800,other,0,-1,17,0
546,131,117.626,117.667,124.539,100.678,99.389,97.937,149.000,94.750,97.000,128.829,other,0,-1,18,0
547,91,98.615,97.305,103.558,101.510,100.218,98.378,131.000,96.167,65.000,110.171,other,0,-1,19,0
548,78,83.345,78.094,79.362,102.227,100.927,98.795,91.000,97.250,58.000,85.143,other,0,-1,20,0
549,78,70.082,65.857,68.346,102.857,101.547,99.194,78.000,98.083,49.000,75.143,other,0,-1,21,0
550,73,61.007,60.347,62.987,103.617,102.301,99.620,78.000,99.292,38.000,65.229,other,0,-1,22,0
551,68,57.322,58.529,58.658,104.465,103.145,100.064,73.000,100.750,33.000,63.543,other,0,-1,23,0
552,47,57.577,59.007,56.090,105.312,103.989,100.508,68.000,102.208,50.000,61.694,other,0,-1,0,1
553,54,52.232,52.691,51.352,105.442,104.146,100.812,47.000,102.083,53.000,62.000,other,0,-1,1,1
554,52,56.257,57.382,52.468,105.631,104.363,101.127,54.000,102.125,65.000,62.222,other,0,-1,2,1
555,56,58.294,58.672,53.556,105.616,104.370,101.400,52.000,101.583,55.000,61.389,other,0,-1,3,1
556,90,61.690,61.865,57.689,105.805,104.587,101.715,56.000,101.625,59.000,63.583,other,0,-1,4,1
557,47,78.985,78.393,71.214,106.428,105.254,102.122,90.000,102.917,60.000,65.139,other,0,-1,5,1
558,58,64.320,64.723,67.313,106.413,105.261,102.395,47.000,102.375,46.000,66.417,other,0,-1,6,1
559,76,73.406,75.179,78.372,106.761,105.643,102.743,58.000,102.875,46.000,77.639,other,0,-1,7,1
560,90,87.778,91.804,93.718,107.370,106.294,103.146,76.000,104.125,81.000,91.833,other,0,-1,8,1
561,80,105.995,111.525,109.532,107.674,106.631,103.486,90.000,104.500,153.000,109.944,other,0,-1,9,1
562,106,124.517,129.457,115.677,106.790,105.739,103.577,80.000,101.458,120.000,131.361,other,0,-1,10,1
563,153,143.910,147.699,136.133,106.762,105.731,103.847,106.000,100.875,157.000,148.500,other,0,-1,11,1
564,166,166.726,166.854,166.959,106.878,105.873,104.148,153.000,100.708,134.000,174.389,other,0,-1,12,1
565,168,176.666,175.255,177.392,107.515,106.554,104.557,166.000,102.042,138.000,191.778,other,0,-1,13,1
566,174,177.174,175.327,177.093,108.124,107.206,104.960,168.000,103.292,186.000,190.222,other,0,-1,14,1
567,169,173.249,172.507,174.341,108.124,107.228,105.236,174.000,102.792,218.000,183.056,other,0,-1,15,1
568,162,161.562,161.303,161.447,107.588,106.695,105.400,169.000,100.750,164.000,168.806,other,0,-1,16,1
569,178,146.281,145.603,145.545,107.733,106.867,105.706,162.000,100.667,149.000,158.750,other,0,-1,17,1
570,140,130.911,134.871,140.775,108.327,107.504,106.106,178.000,101.875,131.000,131.639,other,0,-1,18,1
571,122,109.371,107.601,112.245,108.631,107.840,106.446,140.000,102.250,91.000,103.944,other,0,-1,19,1
572,83,92.432,90.274,96.267,109.254,108.507,106.852,122.000,103.542,78.000,92.389,other,0,-1,20,1
573,66,79.931,73.666,76.354,109.501,108.784,107.179,83.000,103.750,78.000,77.389,other,0,-1,21,1
574,73,69.382,64.402,64.622,109.501,108.806,107.455,66.000,103.250,73.000,64.944,other,0,-1,22,1
575,51,63.003,63.864,59.828,109.675,109.008,107.768,73.000,103.250,68.000,62.889,other,0,-1,23,1
576,52,58.675,58.362,49.944,109.602,108.955,108.029,51.000,102.542,47.000,59.639,other,0,-1,0,2
577,77,57.999,59.568,53.292,109.551,108.962,108.095,52.000,102.750,54.000,64.167,other,0,-1,1,2
578,67,66.559,70.028,56.986,109.761,109.239,108.215,77.000,103.708,52.000,56.194,other,0,-1,2,2
579,59,65.970,67.316,55.544,109.855,109.396,108.312,67.000,104.333,56.000,60.528,other,0,-1,3,2
580,46,65.733,65.201,56.150,109.775,109.373,108.372,59.000,104.458,90.000,62.444,other,0,-1,4,2
581,62,65.824,62.475,57.257,109.015,108.646,108.290,46.000,102.625,47.000,62.833,other,0,-1,5,2
582,65,73.547,69.502,66.406,109.109,108.803,108.386,62.000,103.250,58.000,70.472,other,0,-1,6,2
583,104,82.665,75.755,74.949,109.087,108.840,108.459,65.000,103.542,76.000,78.639,other,0,-1,7,2
584,95,100.954,93.158,96.728,109.369,109.192,108.595,104.000,104.708,90.000,89.639,other,0,-1,8,2
585,83,115.152,105.581,105.757,109.318,109.199,108.661,95.000,104.917,80.000,104.833,other,0,-1,9,2
586,115,133.551,126.926,113.566,109.238,109.176,108.721,83.000,105.042,106.000,127.694,other,0,-1,10,2
587,124,150.408,145.852,137.629,109.246,109.244,108.799,115.000,105.417,153.000,145.361,other,0,-1,11,2
588,140,162.059,159.626,150.281,108.702,108.741,108.762,124.000,104.208,166.000,159.222,other,0,-1,12,2
589,157,168.647,167.532,161.803,108.202,108.284,108.735,140.000,103.125,168.000,182.222,other,0,-1,13,2
590,159,170.364,171.907,168.724,107.920,108.051,108.753,157.000,102.667,174.000,185.000,other,0,-1,14,2
591,180,165.258,168.567,163.265,107.579,107.758,108.758,159.000,102.042,169.000,172.750,other,0,-1,15,2
592,166,160.111,167.945,163.412,107.615,107.855,108.843,180.000,102.500,162.000,158.694,other,0,-1,16,2
593,170,145.216,151.378,144.156,107.550,107.847,108.906,166.000,102.667,178.000,148.139,other,0,-1,17,2
594,114,128.842,139.792,133.795,107.311,107.660,108.933,170.000,102.333,140.000,124.722,other,0,-1,18,2
595,75,111.689,108.395,99.630,106.811,107.202,108.905,114.000,101.250,122.000,108.833,other,0,-1,19,2
596,91,98.348,88.187,77.875,106.006,106.430,108.814,75.000,99.292,83.000,89.361,other,0,-1,20,2
597,68,79.750,78.363,75.212,105.999,106.482,108.889,91.000,99.625,66.000,75.500,other,0,-1,21,2
598,80,69.188,65.958,61.407,105.905,106.444,108.946,68.000,99.708,73.000,67.139,other,0,-1,22,2
599,62,60.835,65.243,58.118,105.883,106.481,109.019,80.000,100.000,51.000,62.722,other,0,-1,23,2
600,64,56.558,59.059,49.140,105.919,106.578,109.103,62.000,100.458,52.000,61.389,other,0,-1,0,3
601,77,55.920,62.399,58.743,105.765,106.472,108.891,64.000,100.958,77.000,64.194,other,0,-1,1,3
602,71,61.763,68.800,60.040,105.437,106.185,108.642,77.000,100.958,67.000,65.056,other,0,-1,2,3
603,46,62.741,67.444,59.042,105.168,105.959,108.406,71.000,101.125,59.000,61.583,other,0,-1,3,3
604,57,58.729,59.266,55.803,104.652,105.478,108.118,46.000,100.583,46.000,61.250,other,0,-1,4,3
605,81,64.146,63.808,61.551,104.483,105.356,107.902,57.000,101.042,62.000,63.500,other,0,-1,5,3
606,62,74.345,73.461,72.952,104.431,105.354,107.711,81.000,101.833,65.000,67.778,other,0,-1,6,3
607,71,79.397,72.676,75.653,104.060,105.023,107.453,62.000,101.708,104.000,79.889,other,0,-1,7,3
608,100,93.683,84.283,87.629,103.254,104.242,107.105,71.000,100.333,95.000,92.417,other,0,-1,8,3
609,104,111.465,103.639,108.624,102.999,104.030,106.871,100.000,100.542,83.000,115.000,other,0,-1,9,3
610,125,129.946,124.891,122.691,102.975,104.059,106.686,104.000,101.417,115.000,126.583,other,0,-1,10,3
611,158,147.442,146.962,142.433,102.792,103.922,106.468,125.000,101.833,124.000,145.861,other,0,-1,11,3
612,163,163.766,166.143,164.718,102.957,104.146,106.322,158.000,103.250,140.000,168.111,other,0,-1,12,3
613,200,170.435,173.376,171.562,102.963,104.204,106.143,163.000,104.208,157.000,177.472,other,0,-1,13,3
614,179,180.236,187.930,188.077,103.258,104.562,106.024,200.000,106.000,159.000,176.694,other,0,-1,14,3
615,159,168.229,173.599,173.620,103.220,104.576,105.836,179.000,106.833,180.000,173.972,other,0,-1,15,3
616,191,154.671,157.135,155.401,102.588,103.974,105.524,159.000,105.958,166.000,162.111,other,0,-1,16,3
617,132,143.249,160.026,159.250,102.623,104.063,105.351,191.000,107.000,170.000,150.028,other,0,-1,17,3
618,105,122.112,123.395,121.247,101.744,103.207,104.987,132.000,105.417,114.000,132.389,other,0,-1,18,3
619,119,105.734,102.367,100.420,101.286,102.785,104.711,105.000,105.042,75.000,108.528,other,0,-1,19,3
620,98,85.198,93.721,95.773,101.596,103.158,104.596,119.000,106.875,91.000,100.083,other,0,-1,20,3
621,83,71.115,77.117,80.743,101.370,102.977,104.368,98.000,107.167,68.000,85.306,other,0,-1,21,3
622,51,59.723,65.364,69.906,101.259,102.915,104.165,83.000,107.792,80.000,74.778,other,0,-1,22,3
623,63,53.172,51.652,57.356,100.512,102.194,103.829,51.000,106.583,62.000,70.444,other,0,-1,23,3
624,50,47.287,52.327,55.952,100.198,101.923,103.583,63.000,106.625,64.000,60.917,other,0,-1,0,4
625,61,44.808,51.213,49.738,99.710,101.423,103.180,50.000,106.042,77.000,56.972,other,0,-1,1,4
626,62,48.790,56.750,50.783,99.193,100.894,102.770,61.000,105.375,71.000,51.583,other,0,-1,2,4
627,45,51.915,58.508,51.398,98.777,100.470,102.382,62.000,105.000,46.000,54.556,other,0,-1,3,4
628,59,49.695,52.890,49.961,98.478,100.166,102.018,45.000,104.958,57.000,57.139,other,0,-1,4,4
629,61,55.853,59.019,56.492,98.221,99.906,101.663,59.000,105.042,81.000,54.694,other,0,-1,5,4
630,50,60.132,61.770,62.670,97.646,99.317,101.241,61.000,104.208,62.000,65.167,other,0,-1,6,4
631,63,67.595,64.243,67.424,97.187,98.848,100.843,50.000,103.708,71.000,74.667,other,0,-1,7,4
632,76,81.212,77.848,81.174,96.786,98.438,100.458,63.000,103.375,100.000,86.667,other,0,-1,8,4
633,98,98.398,97.176,97.781,96.153,97.789,100.024,76.000,102.375,104.000,109.861,other,0,-1,9,4
634,122,117.210,122.560,119.910,95.781,97.410,99.645,98.000,102.125,125.000,125.222,other,0,-1,10,4
635,168,136.302,146.757,143.024,95.452,97.076,99.275,122.000,102.000,158.000,147.361,other,0,-1,11,4
636,145,159.066,174.576,174.361,95.311,96.936,98.944,168.000,102.417,163.000,161.111,other,0,-1,12,4
637,162,162.923,165.155,167.270,94.765,96.377,98.528,145.000,101.667,200.000,174.694,other,0,-1,13,4
638,126,168.879,168.428,174.094,93.930,95.518,98.052,162.000,100.083,179.000,178.167,other,0,-1,14,4
639,185,159.107,148.897,150.424,92.876,94.434,97.531,126.000,97.875,159.000,172.583,other,0,-1,15,4
640,170,155.761,162.108,168.617,92.968,94.534,97.248,185.000,98.958,191.000,165.472,other,0,-1,16,4
641,149,132.848,142.687,147.852,92.378,93.930,96.824,170.000,98.083,132.000,138.861,other,0,-1,17,4
642,112,109.562,120.768,124.295,92.339,93.896,96.514,149.000,98.792,105.000,121.333,other,0,-1,18,4
643,96,90.773,95.848,97.254,92.155,93.711,96.174,112.000,99.083,119.000,101.944,other,0,-1,19,4
644,104,74.018,78.762,82.111,91.537,93.077,95.743,96.000,98.125,98.000,84.222,other,0,-1,20,4
645,73,57.215,71.286,76.373,91.338,92.877,95.400,104.000,98.375,83.000,70.889,other,0,-1,21,4
646,51,47.789,55.057,62.280,90.908,92.438,95.009,73.000,97.958,51.000,63.889,other,0,-1,22,4
647,58,40.713,44.939,53.067,90.623,92.149,94.648,51.000,97.958,63.000,57.111,other,0,-1,23,4
648,44,35.996,45.207,50.977,90.265,91.784,94.272,58.000,97.750,50.000,38.722,other,0,-1,0,5
649,45,34.995,43.070,32.378,90.150,91.620,94.052,44.000,97.500,61.000,42.139,other,0,-1,1,5
650,40,37.548,45.339,33.097,89.890,91.306,93.802,45.000,96.833,62.000,43.389,other,0,-1,2,5
651,43,38.882,44.947,33.805,89.543,90.902,93.534,40.000,95.917,45.000,43.528,other,0,-1,3,5
652,41,42.414,47.275,37.404,89.486,90.797,93.326,43.000,95.833,59.000,42.111,other,0,-1,4,5
653,37,44.346,47.685,41.406,89.197,90.453,93.070,41.000,95.083,61.000,43.028,other,0,-1,5,5
654,40,47.476,48.851,46.274,88.822,90.019,92.795,37.000,94.083,50.000,55.167,other,0,-1,6,5
655,64,55.424,55.209,54.477,88.649,89.794,92.563,40.000,93.667,63.000,63.917,other,0,-1,7,5
656,80,68.349,71.485,72.006,88.635,89.735,92.365,64.000,93.708,76.000,81.722,other,0,-1,8,5
657,88,84.390,89.641,89.446,88.665,89.721,92.175,80.000,93.875,98.000,98.167,other,0,-1,9,5
658,112,102.816,106.690,104.058,88.492,89.496,91.943,88.000,93.458,122.000,102.556,other,0,-1,10,5
659,117,122.281,129.358,127.004,88.319,89.272,91.711,112.000,93.042,168.000,122.722,other,0,-1,11,5
660,180,137.078,139.036,137.381,87.552,88.433,91.355,117.000,90.917,145.000,141.028,other,0,-1,12,5
661,168,163.315,176.503,181.837,88.031,88.883,91.260,180.000,92.375,162.000,161.333,other,0,-1,13,5
662,182,160.605,165.119,172.969,88.090,88.899,91.076,168.000,92.625,126.000,179.778,other,0,-1,14,5
663,152,159.593,166.167,176.414,88.873,89.664,91.044,182.000,94.958,185.000,180.472,other,0,-1,15,5
664,169,140.267,142.417,146.734,88.367,89.095,90.742,152.000,93.583,170.000,165.833,other,0,-1,16,5
665,144,123.447,136.073,141.043,88.324,89.005,90.538,169.000,93.542,149.000,148.556,other,0,-1,17,5
666,104,100.762,111.849,111.054,88.224,88.856,90.321,144.000,93.333,112.000,114.861,other,0,-1,18,5
667,83,83.210,86.886,80.504,88.080,88.661,90.095,104.000,93.000,96.000,90.528,other,0,-1,19,5
668,79,67.555,68.909,64.026,87.863,88.392,89.854,83.000,92.458,104.000,74.972,other,0,-1,20,5
669,53,52.443,56.834,56.207,87.473,87.943,89.577,79.000,91.417,73.000,60.444,other,0,-1,21,5
670,60,43.016,44.611,46.417,87.155,87.569,89.315,53.000,90.583,51.000,52.389,other,0,-1,22,5
671,29,35.634,43.147,44.595,87.257,87.629,89.140,60.000,90.958,58.000,44.139,other,0,-1,23,5
672,31,31.275,34.330,37.414,86.809,87.120,88.851,29.000,89.750,44.000,32.472,other,0,-1,0,6
673,31,31.438,35.253,30.776,86.871,87.122,88.921,31.000,89.208,45.000,34.500,other,0,-1,1,6
674,27,33.749,37.794,32.214,86.919,87.108,88.988,31.000,88.625,40.000,33.361,other,0,-1,2,6
675,30,35.338,38.396,33.827,86.981,87.110,89.059,27.000,88.083,43.000,35.222,other,0,-1,3,6
676,20,38.788,41.189,37.968,87.043,87.112,89.129,30.000,87.542,41.000,34.028,other,0,-1,4,6
677,28,38.704,39.407,40.222,86.989,86.994,89.175,20.000,86.667,37.000,36.611,other,0,-1,5,6
678,25,44.384,45.249,47.917,87.108,87.055,89.257,28.000,86.292,40.000,38.694,other,0,-1,6,6
679,66,51.593,50.442,53.590,87.141,87.027,89.322,25.000,85.667,64.000,47.194,other,0,-1,7,6
680,41,66.835,73.159,75.783,87.421,87.254,89.437,66.000,85.750,80.000,59.167,other,0,-1,8,6
681,78,81.260,75.585,73.433,87.106,86.866,89.429,41.000,84.125,88.000,78.778,other,0,-1,9,6
682,98,99.732,99.404,97.074,87.211,86.912,89.508,78.000,83.708,112.000,101.278,other,0,-1,10,6
683,113,119.085,117.257,114.162,87.259,86.899,89.576,98.000,83.125,117.000,121.778,other,0,-1,11,6
684,108,135.743,131.140,127.711,87.451,87.036,89.673,113.000,82.958,180.000,140.833,other,0,-1,12,6
685,140,143.850,134.595,126.835,86.659,86.153,89.565,108.000,79.958,168.000,148.472,other,0,-1,13,6
686,151,151.470,149.686,146.784,86.503,85.930,89.590,140.000,78.792,182.000,156.639,other,0,-1,14,6
687,173,148.632,150.909,150.030,86.304,85.661,89.606,151.000,77.500,152.000,153.306,other,0,-1,15,6
688,121,141.288,150.977,156.500,86.859,86.173,89.779,173.000,78.375,169.000,133.083,other,0,-1,16,6
689,134,119.583,121.877,112.871,86.414,85.650,89.744,121.000,76.375,144.000,123.667,other,0,-1,17,6
690,108,101.489,108.856,105.360,86.519,85.697,89.823,134.000,75.958,104.000,102.583,other,0,-1,18,6
691,81,84.108,87.762,79.842,86.827,85.953,89.945,108.000,76.125,83.000,79.889,other,0,-1,19,6
692,46,69.522,69.774,60.786,87.049,86.120,90.048,81.000,76.042,79.000,59.111,other,0,-1,20,6
693,59,58.793,54.836,46.730,86.821,85.822,90.058,46.000,74.667,53.000,47.306,other,0,-1,21,6
694,45,46.413,49.001,45.764,87.158,86.108,90.186,59.000,74.917,60.000,35.306,other,0,-1,22,6
695,24,40.361,43.673,41.413,87.191,86.080,90.250,45.000,74.292,29.000,32.556,other,0,-1,23,6
696,67,36.504,38.546,37.211,87.369,86.201,90.345,24.000,74.083,31.000,61.343,other,0,-1,0,0
697,66,48.511,55.446,49.676,88.231,87.061,90.792,67.000,75.583,31.000,59.743,other,0,-1,1,0
698,53,53.269,60.321,51.007,89.078,87.905,91.236,66.000,77.042,27.000,61.829,other,0,-1,2,0
699,60,50.696,56.986,50.888,89.795,88.614,91.653,53.000,78.125,30.000,63.543,other,0,-1,3,0
700,59,56.554,62.753,56.916,90.570,89.383,92.083,60.000,79.375,20.000,60.000,other,0,-1,4,0
701,62,56.707,63.968,62.479,91.475,90.288,92.539,59.000,81.000,28.000,77.171,other,0,-1,5,0
702,84,58.650,68.260,70.449,92.307,91.117,92.980,62.000,82.417,25.000,77.686,other,0,-1,6,0
703,74,71.296,84.990,86.417,93.502,92.321,93.497,84.000,84.875,66.000,91.543,other,0,-1,7,0
704,88,73.957,89.562,91.461,93.958,92.760,93.860,74.000,85.208,41.000,101.114,other,0,-1,8,0
705,105,91.166,108.982,106.041,94.979,93.785,94.340,88.000,87.167,78.000,122.829,other,0,-1,9,0
706,146,112.158,129.126,122.199,95.711,94.509,94.760,105.000,88.292,98.000,137.200,other,0,-1,10,0
707,165,142.676,157.687,151.511,96.746,95.548,95.244,146.000,90.292,113.000,150.314,other,0,-1,11,0
708,164,162.941,171.872,168.119,97.840,96.647,95.740,165.000,92.458,108.000,163.229,other,0,-1,12,0
709,215,168.599,171.436,169.687,98.991,97.806,96.248,164.000,94.792,140.000,172.800,other,0,-1,13,0
710,168,197.046,199.374,202.523,100.418,99.250,96.813,215.000,97.917,151.000,172.257,other,0,-1,14,0
711,196,166.700,164.635,166.655,101.004,99.824,97.203,168.000,98.625,173.000,183.343,other,0,-1,15,0
712,158,163.233,166.791,176.726,101.678,100.489,97.611,196.000,99.583,121.000,162.143,other,0,-1,16,0
713,124,138.069,136.417,142.225,102.554,101.363,98.061,158.000,101.125,134.000,148.800,other,0,-1,17,0
714,125,119.289,112.508,113.364,102.749,101.533,98.369,124.000,100.708,108.000,128.829,other,0,-1,18,0
715,113,100.182,95.809,102.462,103.336,102.107,98.759,125.000,101.417,81.000,110.171,other,0,-1,19,0
716,98,83.690,80.029,87.622,104.139,102.906,99.194,113.000,102.750,46.000,85.143,other,0,-1,20,0
717,89,70.896,68.579,75.223,105.233,104.005,99.690,98.000,104.917,59.000,75.143,other,0,-1,21,0
718,77,62.863,63.027,67.638,106.008,104.775,100.119,89.000,106.167,45.000,65.229,other,0,-1,22,0
719,61,58.697,60.008,61.791,106.811,105.574,100.554,77.000,107.500,24.000,63.543,other,0,-1,23,0
720,49,56.030,56.842,57.006,107.688,106.448,101.005,61.000,109.042,67.000,61.694,other,0,-1,0,1
721,59,53.172,53.458,54.157,107.601,106.380,101.262,49.000,108.292,66.000,62.000,other,0,-1,1,1
722,56,58.514,59.586,55.683,107.673,106.477,101.554,59.000,108.000,53.000,62.222,other,0,-1,2,1
723,55,60.366,60.514,56.504,107.891,106.724,101.875,56.000,108.125,60.000,61.389,other,0,-1,3,1
724,36,61.974,61.711,59.370,107.992,106.851,102.172,55.000,107.917,59.000,63.583,other,0,-1,4,1
725,64,58.947,57.337,59.932,107.833,106.708,102.415,36.000,106.958,62.000,65.139,other,0,-1,5,1
726,63,68.452,69.880,72.789,108.036,106.940,102.733,64.000,107.042,84.000,66.417,other,0,-1,6,1
727,74,74.431,76.170,80.593,107.906,106.827,102.982,63.000,106.167,74.000,77.639,other,0,-1,7,1
728,90,87.818,90.909,93.474,108.080,107.029,103.294,74.000,106.167,88.000,91.833,other,0,-1,8,1
729,120,106.090,111.024,109.754,108.282,107.261,103.613,90.000,106.250,105.000,109.944,other,0,-1,9,1
730,146,128.982,134.764,133.422,108.674,107.687,103.971,120.000,106.875,146.000,131.361,other,0,-1,10,1
731,140,152.137,155.463,156.161,108.848,107.889,104.283,146.000,106.875,165.000,148.500,other,0,-1,11,1
732,190,162.550,163.354,160.130,108.659,107.716,104.520,140.000,105.833,164.000,174.389,other,0,-1,12,1
733,169,186.206,185.031,191.376,109.210,108.308,104.911,190.000,106.917,215.000,191.778,other,0,-1,13,1
734,138,176.955,175.815,177.750,108.718,107.820,105.084,169.000,105.000,168.000,190.222,other,0,-1,14,1
735,146,167.164,161.308,154.451,108.457,107.573,105.305,138.000,103.750,196.000,183.056,other,0,-1,15,1
736,128,158.887,154.656,149.147,107.907,107.025,105.466,146.000,101.667,158.000,168.806,other,0,-1,16,1
737,134,145.694,138.143,129.069,107.646,106.777,105.688,128.000,100.417,124.000,158.750,other,0,-1,17,1
738,124,128.650,123.878,120.867,107.965,107.129,106.031,134.000,100.833,125.000,131.639,other,0,-1,18,1
739,104,110.622,106.024,107.293,108.124,107.316,106.340,124.000,100.792,113.000,103.944,other,0,-1,19,1
740,80,94.556,88.862,92.639,108.168,107.383,106.625,104.000,100.417,98.000,92.389,other,0,-1,20,1
741,67,81.599,74.879,78.549,108.081,107.315,106.883,80.000,99.667,89.000,77.389,other,0,-1,21,1
742,62,70.618,66.047,68.082,107.936,107.187,107.129,67.000,98.750,77.000,64.944,other,0,-1,22,1
743,65,63.313,62.234,60.358,107.893,107.164,107.396,62.000,98.125,61.000,62.889,other,0,-1,23,1
744,64,61.519,63.645,56.236,108.125,107.426,107.720,65.000,98.292,49.000,59.639,other,0,-1,0,2
745,82,60.235,64.193,59.321,108.219,107.583,107.817,64.000,98.917,59.000,64.167,other,0,-1,1,2
746,53,68.419,72.857,61.743,108.429,107.860,107.937,82.000,99.875,56.000,56.194,other,0,-1,2,2
747,62,61.812,62.829,56.108,108.262,107.747,107.979,53.000,99.750,55.000,60.528,other,0,-1,3,2
748,64,66.449,66.760,59.675,108.240,107.784,108.051,62.000,100.042,36.000,62.444,other,0,-1,4,2
749,59,69.391,68.317,63.719,108.522,108.136,108.187,64.000,101.208,64.000,62.833,other,0,-1,5,2
750,82,72.700,69.170,67.881,108.326,107.994,108.223,59.000,101.000,63.000,70.472,other,0,-1,6,2
751,65,84.072,79.929,81.226,108.478,108.211,108.332,82.000,101.792,74.000,78.639,other,0,-1,7,2
752,109,96.171,87.083,85.537,108.225,108.008,108.356,65.000,101.417,90.000,89.639,other,0,-1,8,2
753,111,114.731,107.047,111.055,108.377,108.225,108.464,109.000,102.208,120.000,104.833,other,0,-1,9,2
754,118,132.471,125.977,123.894,108.123,108.022,108.488,111.000,101.833,146.000,127.694,other,0,-1,10,2
755,149,149.031,145.705,137.898,107.594,107.535,108.454,118.000,100.667,140.000,145.361,other,0,-1,11,2
756,142,163.569,161.962,160.322,107.601,107.602,108.533,149.000,101.042,190.000,159.222,other,0,-1,12,2
757,147,167.417,167.870,161.186,106.783,106.814,108.438,142.000,99.042,169.000,182.222,other,0,-1,13,2
758,198,167.257,169.370,162.399,106.341,106.417,108.423,147.000,98.125,138.000,185.000,other,0,-1,14,2
759,137,173.048,183.052,182.079,107.086,107.248,108.656,198.000,100.625,146.000,172.750,other,0,-1,15,2
760,185,155.057,154.662,142.170,106.833,107.046,108.679,137.000,100.250,128.000,158.694,other,0,-1,16,2
761,120,146.906,159.208,153.615,107.535,107.832,108.903,185.000,102.625,134.000,148.139,other,0,-1,17,2
762,128,129.624,125.032,112.552,107.209,107.555,108.912,120.000,102.042,124.000,124.722,other,0,-1,18,2
763,95,110.947,111.575,106.072,107.144,107.547,108.975,128.000,102.208,104.000,108.833,other,0,-1,19,2
764,119,96.331,90.817,85.529,106.890,107.344,108.999,95.000,101.833,80.000,89.361,other,0,-1,20,2
765,72,78.455,87.086,85.743,107.332,107.861,109.168,119.000,103.458,67.000,75.500,other,0,-1,21,2
766,57,69.459,67.218,64.060,107.281,107.868,109.234,72.000,103.667,62.000,67.139,other,0,-1,22,2
767,56,61.529,59.626,54.418,107.085,107.726,109.270,57.000,103.458,65.000,62.722,other,0,-1,23,2
768,57,56.712,57.806,49.531,106.832,107.523,109.294,56.000,103.083,64.000,61.389,other,0,-1,0,3
769,36,55.343,60.386,59.143,106.402,107.131,109.024,57.000,102.792,82.000,64.194,other,0,-1,1,3
770,61,53.837,54.800,53.807,105.408,106.155,108.636,36.000,100.875,53.000,65.056,other,0,-1,2,3
771,43,59.734,63.851,58.522,105.197,105.989,108.412,61.000,101.208,62.000,61.583,other,0,-1,3,3
772,80,58.550,58.613,56.511,104.594,105.418,108.105,43.000,100.417,64.000,61.250,other,0,-1,4,3
773,66,70.684,72.287,67.835,104.498,105.371,107.905,80.000,101.083,59.000,63.500,other,0,-1,5,3
774,61,70.774,68.729,69.918,104.271,105.190,107.678,66.000,101.375,82.000,67.778,other,0,-1,6,3
775,70,79.374,72.557,75.822,103.640,104.588,107.366,61.000,100.500,65.000,79.889,other,0,-1,7,3
776,88,93.712,84.246,87.610,103.384,104.377,107.132,70.000,100.708,109.000,92.417,other,0,-1,8,3
777,89,111.060,102.464,104.551,102.752,103.776,106.820,88.000,99.833,111.000,115.000,other,0,-1,9,3
778,125,129.863,124.863,117.262,102.106,103.159,106.505,89.000,98.917,118.000,126.583,other,0,-1,10,3
779,162,147.120,147.183,142.462,101.880,102.978,106.277,125.000,99.208,149.000,145.861,other,0,-1,11,3
780,178,164.339,167.249,166.540,101.740,102.886,106.068,162.000,99.750,142.000,168.111,other,0,-1,12,3
781,170,173.641,178.605,178.267,101.934,103.140,105.928,178.000,101.250,147.000,177.472,other,0,-1,13,3
782,180,171.505,175.251,174.571,101.940,103.198,105.749,170.000,102.208,198.000,176.694,other,0,-1,14,3
783,157,167.857,173.878,173.678,101.351,102.642,105.446,180.000,101.458,137.000,173.972,other,0,-1,15,3
784,156,154.305,156.389,154.510,101.313,102.655,105.258,157.000,102.292,185.000,162.111,other,0,-1,16,3
785,135,139.301,144.380,142.773,100.566,101.934,104.921,156.000,101.083,120.000,150.028,other,0,-1,17,3
786,120,121.687,124.186,122.317,100.455,101.872,104.718,135.000,101.708,128.000,132.389,other,0,-1,18,3
787,78,103.791,105.955,105.750,100.012,101.466,104.445,120.000,101.375,95.000,108.528,other,0,-1,19,3
788,75,91.103,83.394,82.717,99.438,100.925,104.145,78.000,100.667,119.000,100.083,other,0,-1,20,3
789,72,74.411,70.785,74.532,98.473,99.979,103.763,75.000,98.833,72.000,85.306,other,0,-1,21,3
790,52,60.794,61.881,67.508,98.145,99.692,103.515,72.000,98.833,57.000,74.778,other,0,-1,22,3
791,68,53.009,51.776,57.992,97.745,99.331,103.251,52.000,98.625,56.000,70.444,other,0,-1,23,3
792,49,47.336,53.772,57.472,97.591,99.224,103.039,68.000,99.125,57.000,60.917,other,0,-1,0,4
793,62,44.510,50.700,49.997,97.190,98.815,102.653,49.000,98.792,36.000,56.972,other,0,-1,1,4
794,57,48.824,56.980,51.457,97.281,98.915,102.371,62.000,99.875,61.000,51.583,other,0,-1,2,4
795,69,50.066,56.275,50.862,96.938,98.566,101.998,57.000,99.708,43.000,54.556,other,0,-1,3,4
796,62,56.787,62.213,55.300,97.029,98.666,101.715,69.000,100.792,80.000,57.139,other,0,-1,4,4
797,56,56.421,60.022,57.475,96.483,98.107,101.300,62.000,100.042,66.000,54.694,other,0,-1,5,4
798,70,59.034,60.046,61.595,96.053,97.668,100.908,56.000,99.625,61.000,65.167,other,0,-1,6,4
799,68,68.315,69.436,73.289,95.898,97.513,100.574,70.000,100.000,70.000,74.667,other,0,-1,7,4
800,100,80.754,78.859,82.744,95.584,97.194,100.207,68.000,99.917,88.000,86.667,other,0,-1,8,4
801,99,97.903,103.002,106.842,95.472,97.085,99.882,100.000,100.417,89.000,109.861,other,0,-1,9,4
802,113,116.894,122.627,119.564,95.332,96.945,99.551,99.000,100.833,125.000,125.222,other,0,-1,10,4
803,123,135.368,143.861,137.757,94.872,96.476,99.154,113.000,100.333,162.000,147.361,other,0,-1,11,4
804,155,150.349,155.682,151.321,94.022,95.602,98.675,123.000,98.708,178.000,161.111,other,0,-1,12,4
805,168,164.100,168.646,170.582,93.404,94.968,98.244,155.000,97.750,170.000,174.694,other,0,-1,13,4
806,172,169.779,170.817,175.928,93.089,94.648,97.877,168.000,97.667,180.000,178.167,other,0,-1,14,4
807,175,165.865,165.715,171.872,92.688,94.239,97.492,172.000,97.333,157.000,172.583,other,0,-1,15,4
808,153,153.455,157.290,163.407,92.664,94.219,97.185,175.000,98.083,156.000,165.472,other,0,-1,16,4
809,129,131.303,136.161,139.896,92.335,93.885,96.815,153.000,97.958,135.000,138.861,other,0,-1,17,4
810,111,109.866,114.744,115.931,91.963,93.506,96.435,129.000,97.708,120.000,121.333,other,0,-1,18,4
811,113,90.810,95.566,96.973,91.547,93.081,96.047,111.000,97.333,78.000,101.944,other,0,-1,19,4
812,81,71.680,83.141,87.410,91.769,93.317,95.792,113.000,98.792,75.000,84.222,other,0,-1,20,4
813,74,59.095,64.175,70.286,91.570,93.117,95.449,81.000,99.042,72.000,70.889,other,0,-1,21,4
814,58,47.130,54.913,62.635,91.314,92.858,95.094,74.000,99.125,52.000,63.889,other,0,-1,22,4
815,64,39.677,46.251,54.680,91.115,92.659,94.751,58.000,99.375,68.000,57.111,other,0,-1,23,4
816,38,36.141,46.756,52.433,90.772,92.309,94.378,64.000,99.208,49.000,38.722,other,0,-1,0,5
817,36,33.425,40.333,32.096,90.585,92.070,94.143,38.000,98.750,62.000,42.139,other,0,-1,1,5
818,32,34.888,41.313,32.180,90.180,91.606,93.862,36.000,97.667,57.000,43.389,other,0,-1,2,5
819,39,36.393,41.358,32.914,89.790,91.156,93.585,32.000,96.625,69.000,43.528,other,0,-1,3,5
820,58,40.948,45.159,37.018,89.327,90.632,93.293,39.000,95.375,62.000,42.111,other,0,-1,4,5
821,54,50.393,54.227,46.062,89.241,90.498,93.079,58.000,95.208,56.000,43.028,other,0,-1,5,5
822,47,51.214,54.481,51.393,89.184,90.394,92.871,54.000,95.125,70.000,55.167,other,0,-1,6,5
823,63,55.687,56.950,56.920,88.823,89.974,92.600,47.000,94.167,68.000,63.917,other,0,-1,7,5
824,75,68.108,71.002,71.709,88.722,89.825,92.383,63.000,93.958,100.000,81.722,other,0,-1,8,5
825,84,83.980,87.605,87.087,88.332,89.376,92.106,75.000,92.917,99.000,98.167,other,0,-1,9,5
826,103,102.574,104.978,101.883,88.086,89.076,91.859,84.000,92.292,113.000,102.556,other,0,-1,10,5
827,131,121.432,125.037,121.647,87.913,88.852,91.627,103.000,91.875,123.000,122.722,other,0,-1,11,5
828,138,139.764,145.952,145.734,88.001,88.898,91.449,131.000,92.208,155.000,141.028,other,0,-1,12,5
829,147,150.680,151.749,153.994,87.727,88.568,91.196,138.000,91.500,168.000,161.333,other,0,-1,13,5
830,164,155.579,154.566,159.112,87.394,88.179,90.931,147.000,90.625,172.000,179.778,other,0,-1,14,5
831,135,154.175,157.025,164.117,87.250,87.985,90.705,164.000,90.292,175.000,180.472,other,0,-1,15,5
832,124,137.786,137.274,136.548,86.643,87.311,90.382,135.000,88.625,153.000,165.833,other,0,-1,16,5
833,146,120.174,122.595,117.177,86.195,86.802,90.093,124.000,87.417,129.000,148.556,other,0,-1,17,5
834,87,99.962,113.652,111.853,86.413,86.982,89.943,146.000,88.125,111.000,114.861,other,0,-1,18,5
835,92,84.793,85.801,74.942,86.037,86.548,89.668,87.000,87.125,113.000,90.528,other,0,-1,19,5
836,60,66.009,71.764,66.640,85.705,86.159,89.403,92.000,86.250,81.000,74.972,other,0,-1,20,5
837,37,54.554,55.183,52.187,85.372,85.769,89.138,60.000,85.375,74.000,60.444,other,0,-1,21,5
838,49,44.735,43.408,43.599,84.808,85.140,88.824,37.000,83.833,58.000,52.389,other,0,-1,22,5
839,42,35.109,41.260,42.720,84.650,84.931,88.596,49.000,83.458,64.000,44.139,other,0,-1,23,5
840,37,31.481,38.788,39.410,84.303,84.527,88.327,42.000,82.542,38.000,32.472,other,0,-1,0,6
841,30,32.306,38.544,32.099,84.539,84.708,88.434,37.000,82.500,36.000,34.500,other,0,-1,1,6
842,24,33.083,38.655,32.377,84.702,84.815,88.525,30.000,82.250,32.000,33.361,other,0,-1,2,6
843,38,34.086,38.435,33.596,84.837,84.892,88.611,24.000,81.917,39.000,35.222,other,0,-1,3,6
844,40,41.287,45.668,40.324,85.072,85.073,88.717,38.000,81.875,58.000,34.028,other,0,-1,4,6
845,40,44.131,48.000,45.779,85.062,85.000,88.773,40.000,81.125,54.000,36.611,other,0,-1,5,6
846,23,46.714,50.547,51.829,85.109,84.987,88.840,40.000,80.542,47.000,38.694,other,0,-1,6,6
847,51,51.071,50.868,53.251,85.012,84.823,88.877,23.000,79.542,63.000,47.194,other,0,-1,7,6
848,60,64.207,68.260,70.032,85.088,84.840,88.950,51.000,79.042,75.000,59.167,other,0,-1,8,6
849,72,80.144,82.430,81.280,85.121,84.812,89.015,60.000,78.417,84.000,78.778,other,0,-1,9,6
850,104,98.883,97.669,93.868,85.198,84.828,89.088,72.000,77.917,103.000,101.278,other,0,-1,10,6
851,137,119.053,120.991,117.083,85.463,85.040,89.201,104.000,77.958,131.000,121.778,other,0,-1,11,6
852,135,139.692,144.855,142.268,85.800,85.327,89.328,137.000,78.208,138.000,140.833,other,0,-1,12,6
853,154,148.203,146.691,143.275,86.007,85.478,89.429,135.000,78.083,147.000,148.472,other,0,-1,13,6
854,154,155.069,156.149,155.627,86.358,85.780,89.560,154.000,78.375,164.000,156.639,other,0,-1,14,6
855,140,150.277,151.995,151.611,86.464,85.826,89.639,154.000,77.958,135.000,153.306,other,0,-1,15,6
856,147,137.507,138.598,134.883,86.786,86.098,89.764,140.000,78.167,124.000,133.083,other,0,-1,16,6
857,122,121.570,127.828,127.483,87.370,86.639,89.943,147.000,79.125,146.000,123.667,other,0,-1,17,6
858,89,103.409,106.208,100.149,87.273,86.476,89.980,122.000,78.125,87.000,102.583,other,0,-1,18,6
859,75,87.947,85.360,73.952,87.552,86.703,90.096,89.000,78.208,92.000,79.889,other,0,-1,19,6
860,72,72.143,69.005,60.104,87.556,86.644,90.154,75.000,77.500,60.000,59.111,other,0,-1,20,6
861,47,57.436,57.418,53.023,87.980,87.021,90.300,72.000,78.000,37.000,47.306,other,0,-1,21,6
862,44,48.301,47.085,44.765,88.375,87.367,90.440,47.000,78.417,49.000,35.306,other,0,-1,22,6
863,29,41.384,43.542,42.489,88.553,87.489,90.535,44.000,78.208,42.000,32.556,other,0,-1,23,6
864,43,37.768,39.825,39.190,88.615,87.491,90.605,29.000,77.667,37.000,61.343,other,0,-1,0,0
865,52,40.767,45.131,45.555,89.042,87.900,90.961,43.000,77.917,30.000,59.743,other,0,-1,1,0
866,48,47.127,52.981,48.544,89.701,88.549,91.366,52.000,78.833,24.000,61.829,other,0,-1,2,0
867,59,48.846,54.215,50.301,90.389,89.229,91.777,48.000,79.833,38.000,63.543,other,0,-1,3,0
868,52,56.345,61.867,57.047,91.033,89.863,92.179,59.000,80.708,40.000,60.000,other,0,-1,4,0
869,73,53.769,60.137,60.763,91.547,90.363,92.554,52.000,81.208,40.000,77.171,other,0,-1,5,0
870,59,64.279,73.642,74.014,92.365,91.177,92.992,73.000,82.583,23.000,77.686,other,0,-1,6,0
871,84,61.667,72.562,77.439,93.227,92.036,93.440,59.000,84.083,51.000,91.543,other,0,-1,7,0
872,74,77.216,93.606,95.321,94.045,92.850,93.878,84.000,85.458,60.000,101.114,other,0,-1,8,0
873,106,89.484,103.158,99.825,94.588,93.380,94.259,74.000,86.042,72.000,122.829,other,0,-1,9,0
874,154,112.653,129.012,122.523,95.421,94.209,94.700,106.000,87.458,104.000,137.200,other,0,-1,10,0
875,166,146.691,161.879,156.100,96.485,95.278,95.190,154.000,89.542,137.000,150.314,other,0,-1,11,0
876,184,163.142,172.101,168.665,97.246,96.032,95.616,166.000,90.750,135.000,163.229,other,0,-1,12,0
877,691,178.026,182.571,182.546,98.296,97.086,96.102,184.000,92.792,154.000,172.800,inside,1,0,13,0
878,725,405.288,431.640,425.271,106.415,105.456,98.065,691.000,115.167,154.000,172.257,inside,1,1,14,0
879,823,405.187,435.682,431.318,115.027,114.336,100.131,725.000,138.958,140.000,183.343,inside,1,2,15,0
880,766,405.794,441.668,443.866,125.261,124.894,102.536,823.000,167.417,147.000,162.143,inside,1,3,16,0
881,551,398.820,435.158,435.706,134.568,134.493,104.747,766.000,193.208,122.000,148.800,inside,1,4,17,0
882,573,371.246,367.175,368.858,141.123,141.243,106.383,551.000,211.083,89.000,128.829,inside,1,5,18,0
883,97,366.011,317.340,356.946,148.474,148.819,108.185,573.000,231.250,75.000,110.171,after,1,6,19,0
884,79,76.620,48.284,61.471,149.133,149.468,108.590,97.000,232.167,72.000,85.143,after,1,7,20,0
885,79,63.605,38.996,49.946,149.575,149.892,108.950,79.000,232.458,47.000,75.143,after,1,8,21,0
886,59,59.126,36.444,44.594,150.379,150.692,109.385,79.000,233.792,44.000,65.229,after,1,9,22,0
887,74,53.361,33.218,39.552,150.936,151.236,109.769,59.000,234.417,29.000,63.543,after,1,10,23,0
888,72,61.492,38.343,39.072,151.928,152.230,110.243,74.000,236.292,43.000,61.694,after,1,11,0,1
889,57,64.359,41.574,40.190,152.522,152.867,110.644,72.000,237.500,52.000,62.000,after,1,12,1,1
890,55,62.531,40.370,38.903,152.769,153.144,110.971,57.000,237.708,48.000,62.222,after,1,13,2,1
891,73,65.457,42.353,39.692,153.044,153.451,111.305,55.000,238.000,59.000,61.389,after,1,14,3,1
892,63,76.843,50.415,43.915,153.421,153.862,111.659,73.000,238.583,52.000,63.583,after,1,15,4,1
893,69,75.192,50.135,47.627,153.754,154.229,112.005,63.000,239.042,73.000,65.139,after,1,16,5,1
894,70,82.193,56.317,56.186,153.870,154.371,112.305,69.000,238.875,59.000,66.417,after,1,17,6,1
895,79,91.318,64.146,67.497,154.203,154.738,112.651,70.000,239.333,84.000,77.639,after,1,18,7,1
896,105,107.756,79.426,84.165,154.305,154.865,112.948,79.000,239.125,74.000,91.833,after,1,19,8,1
897,134,133.307,104.397,110.077,154.928,155.531,113.354,105.000,240.417,106.000,109.944,after,1,20,9,1
898,115,161.550,132.197,140.256,155.507,156.153,113.751,134.000,241.583,154.000,131.361,after,1,21,10,1
899,149,168.758,143.818,145.715,155.116,155.770,113.945,115.000,239.958,166.000,148.500,after,1,22,11,1
900,176,191.647,162.699,173.217,155.044,155.717,114.206,149.000,239.250,184.000,174.389,after,1,23,12,1
901,181,206.858,176.439,192.734,155.102,155.799,114.494,176.000,238.917,691.000,191.778,after,1,24,13,1
902,213,207.903,177.580,193.107,147.888,148.356,113.264,181.000,217.667,725.000,190.222,after,1,25,14,1
903,182,217.593,188.032,202.611,140.645,140.882,112.027,213.000,196.333,823.000,183.056,after,1,26,15,1
904,157,177.215,164.190,169.290,131.533,131.475,110.401,182.000,169.625,766.000,168.806,after,1,27,16,1
905,171,147.986,143.751,139.604,122.885,122.548,108.871,157.000,144.250,551.000,158.750,after,1,28,17,1
906,129,131.753,132.476,133.017,117.555,117.053,108.033,171.000,128.417,573.000,131.639,after,1,29,18,1
907,131,110.530,105.449,108.621,111.297,110.599,107.002,129.000,109.917,97.000,103.944,other,0,-1,19,1
908,87,93.321,92.072,100.377,111.963,111.310,107.418,131.000,111.333,79.000,92.389,other,0,-1,20,1
909,68,80.469,74.047,78.474,112.253,111.632,107.754,87.000,111.667,79.000,77.389,other,0,-1,21,1
910,60,70.140,64.376,66.211,112.267,111.669,108.033,68.000,111.208,59.000,64.944,other,0,-1,22,1
911,74,63.077,59.941,58.146,112.456,111.886,108.349,60.000,111.250,74.000,62.889,other,0,-1,23,1
912,65,63.693,64.876,56.338,112.630,112.088,108.661,74.000,111.250,72.000,59.639,other,0,-1,0,2
913,56,60.935,63.209,57.320,112.405,111.915,108.691,65.000,110.958,57.000,64.167,other,0,-1,1,2
914,61,60.896,61.536,54.444,112.267,111.833,108.739,56.000,110.917,55.000,56.194,other,0,-1,2,2
915,56,64.659,64.550,55.762,112.231,111.855,108.808,61.000,111.167,73.000,60.528,other,0,-1,3,2
916,56,65.561,63.768,56.741,111.861,111.532,108.808,56.000,110.458,63.000,62.444,other,0,-1,4,2
917,74,68.344,65.045,60.409,111.637,111.359,108.838,56.000,110.167,69.000,62.833,other,0,-1,5,2
918,64,76.693,72.849,70.160,111.586,111.366,108.904,74.000,110.375,70.000,70.472,other,0,-1,6,2
919,76,83.213,75.578,75.365,111.376,111.209,108.937,64.000,110.125,79.000,78.639,other,0,-1,7,2
920,105,97.537,88.025,88.318,111.209,111.096,108.979,76.000,110.000,105.000,89.639,other,0,-1,8,2
921,88,116.285,106.663,109.588,111.086,111.028,109.030,105.000,110.000,134.000,104.833,other,0,-1,9,2
922,139,133.984,126.675,115.580,110.296,110.271,108.942,88.000,108.083,115.000,127.694,other,0,-1,10,2
923,133,153.477,146.892,148.230,110.520,110.563,109.065,139.000,109.083,149.000,145.361,other,0,-1,11,2
924,162,163.349,160.635,154.534,110.165,110.255,109.068,133.000,108.417,176.000,159.222,other,0,-1,12,2
925,211,172.838,172.386,172.561,109.839,109.977,109.077,162.000,107.833,181.000,182.222,other,0,-1,13,2
926,166,187.759,191.934,196.502,110.150,110.359,109.219,211.000,109.083,213.000,185.000,other,0,-1,14,2
927,177,166.685,170.880,166.940,109.346,109.587,109.127,166.000,107.125,182.000,172.750,other,0,-1,15,2
928,171,159.481,166.681,162.062,109.151,109.444,109.163,177.000,106.917,157.000,158.694,other,0,-1,16,2
929,136,146.024,152.863,146.797,109.230,109.586,109.257,171.000,107.500,171.000,148.139,other,0,-1,17,2
930,141,129.409,127.706,119.077,108.600,108.994,109.202,136.000,106.042,129.000,124.722,other,0,-1,18,2
931,118,110.689,114.550,110.866,108.650,109.106,109.289,141.000,106.542,131.000,108.833,other,0,-1,19,2
932,68,94.206,94.846,93.129,108.339,108.843,109.301,118.000,106.000,87.000,89.361,other,0,-1,20,2
933,86,84.157,73.895,69.433,107.940,108.491,109.295,68.000,105.208,68.000,75.500,other,0,-1,21,2
934,69,68.863,69.656,67.577,108.078,108.693,109.400,86.000,105.958,60.000,67.139,other,0,-1,22,2
935,80,61.479,61.726,57.124,108.085,108.760,109.479,69.000,106.333,74.000,62.722,other,0,-1,23,2
936,59,59.662,64.808,54.668,108.048,108.782,109.548,80.000,106.583,65.000,61.389,other,0,-1,0,3
937,51,55.885,60.578,59.844,107.634,108.406,109.281,59.000,106.333,56.000,64.194,other,0,-1,1,3
938,69,55.769,58.951,56.951,107.234,108.044,109.017,51.000,106.125,61.000,65.056,other,0,-1,2,3
939,64,62.390,66.663,60.439,107.022,107.878,108.793,69.000,106.458,56.000,61.583,other,0,-1,3,3
940,44,63.335,65.390,61.059,106.810,107.711,108.568,64.000,106.792,56.000,61.250,other,0,-1,4,3
941,56,62.844,60.093,60.112,106.309,107.245,108.283,44.000,106.292,74.000,63.500,other,0,-1,5,3
942,74,69.954,65.925,67.660,105.720,106.689,107.980,56.000,105.542,64.000,67.778,other,0,-1,6,3
943,67,80.563,75.348,79.521,105.537,106.552,107.762,74.000,105.958,76.000,79.889,other,0,-1,7,3
944,103,94.428,84.017,86.940,105.079,106.131,107.486,67.000,105.583,105.000,92.417,other,0,-1,8,3
945,97,111.793,104.441,110.017,104.723,105.814,107.231,103.000,105.500,88.000,115.000,other,0,-1,9,3
946,121,130.283,125.277,120.537,104.525,105.663,107.010,97.000,105.875,139.000,126.583,other,0,-1,10,3
947,131,147.350,147.345,141.493,103.937,105.107,106.707,121.000,105.125,133.000,145.861,other,0,-1,11,3
948,174,159.999,161.512,154.601,103.580,104.790,106.452,131.000,105.042,162.000,168.111,other,0,-1,12,3
949,125,173.178,177.352,177.235,103.426,104.684,106.240,174.000,105.542,211.000,177.472,other,0,-1,13,3
950,193,165.018,161.328,155.484,101.853,103.108,105.731,125.000,101.958,166.000,176.694,other,0,-1,14,3
951,166,172.082,179.436,179.974,101.916,103.226,105.564,193.000,103.083,177.000,173.972,other,0,-1,15,3
952,145,155.138,159.443,158.459,101.429,102.775,105.282,166.000,102.625,171.000,162.111,other,0,-1,16,3
953,157,138.527,140.907,137.863,100.725,102.099,104.955,145.000,101.542,136.000,150.028,other,0,-1,17,3
954,124,120.654,132.147,131.407,100.701,102.127,104.770,157.000,102.417,141.000,132.389,other,0,-1,18,3
955,115,102.540,107.554,106.835,100.127,101.586,104.469,124.000,101.708,118.000,108.528,other,0,-1,19,3
956,101,84.738,92.764,93.794,99.756,101.255,104.212,115.000,101.583,68.000,100.083,other,0,-1,20,3
957,79,69.924,78.882,80.819,99.907,101.463,104.063,101.000,102.958,86.000,85.306,other,0,-1,21,3
958,69,59.270,64.709,67.843,99.478,101.071,103.793,79.000,102.667,69.000,74.778,other,0,-1,22,3
959,57,51.117,57.147,60.064,99.150,100.785,103.544,69.000,102.667,80.000,70.444,other,0,-1,23,3
960,63,46.445,51.169,53.440,98.489,100.154,103.226,57.000,101.708,59.000,60.917,other,0,-1,0,4
961,49,46.387,56.734,50.847,98.262,99.924,102.877,63.000,101.875,51.000,56.972,other,0,-1,1,4
962,60,45.381,52.853,47.366,97.947,99.605,102.510,49.000,101.792,69.000,51.583,other,0,-1,2,4
963,52,50.791,58.344,49.889,97.532,99.181,102.122,60.000,101.417,64.000,54.556,other,0,-1,3,4
964,66,50.845,55.939,50.333,97.072,98.711,101.724,52.000,100.917,44.000,57.139,other,0,-1,4,4
965,52,57.552,62.174,57.310,97.106,98.752,101.430,66.000,101.833,56.000,54.694,other,0,-1,5,4
966,52,58.221,59.193,59.798,96.763,98.402,101.056,52.000,101.667,74.000,65.167,other,0,-1,6,4
967,80,66.912,64.785,67.511,96.159,97.783,100.629,52.000,100.750,67.000,74.667,other,0,-1,7,4
968,80,80.673,81.916,86.653,96.062,97.689,100.307,80.000,101.292,103.000,86.667,other,0,-1,8,4
969,90,97.554,97.788,99.078,95.443,97.055,99.876,80.000,100.333,97.000,109.861,other,0,-1,9,4
970,112,116.621,120.411,116.258,95.056,96.660,99.494,90.000,100.042,121.000,125.222,other,0,-1,10,4
971,154,135.044,143.310,138.111,94.641,96.236,99.106,112.000,99.667,131.000,147.361,other,0,-1,11,4
972,155,155.313,167.300,166.902,94.689,96.291,98.814,154.000,100.625,174.000,161.111,other,0,-1,12,4
973,169,164.348,168.782,171.539,94.128,95.717,98.395,155.000,99.833,125.000,174.694,other,0,-1,13,4
974,195,170.514,171.618,177.734,94.480,96.087,98.167,169.000,101.667,193.000,178.167,other,0,-1,14,4
975,164,172.692,177.961,184.795,94.224,95.828,97.812,195.000,101.750,166.000,172.583,other,0,-1,15,4
976,168,151.969,152.572,158.689,93.909,95.509,97.445,164.000,101.667,145.000,165.472,other,0,-1,16,4
977,143,133.114,141.769,147.409,93.957,95.564,97.154,168.000,102.625,157.000,138.861,other,0,-1,17,4
978,122,109.917,118.492,121.869,93.469,95.065,96.750,143.000,102.042,124.000,121.333,other,0,-1,18,4
979,108,90.111,97.923,100.819,93.155,94.745,96.383,122.000,101.958,115.000,101.944,other,0,-1,19,4
980,76,72.549,81.228,85.674,92.768,94.351,96.001,108.000,101.667,101.000,84.222,other,0,-1,20,4
981,65,60.171,62.557,68.894,92.121,93.687,95.564,76.000,100.625,79.000,70.889,other,0,-1,21,4
982,62,48.328,52.096,60.494,91.632,93.188,95.160,65.000,100.042,69.000,63.889,other,0,-1,22,4
983,60,39.856,46.951,55.321,91.246,92.793,94.778,62.000,99.750,57.000,57.111,other,0,-1,23,4
984,41,35.981,45.002,51.512,91.004,92.549,94.426,60.000,99.875,63.000,38.722,other,0,-1,0,5
985,37,34.129,40.918,32.278,90.657,92.145,94.158,41.000,98.958,49.000,42.139,other,0,-1,1,5
986,46,35.269,41.294,32.057,90.455,91.890,93.920,37.000,98.458,60.000,43.389,other,0,-1,2,5
987,43,40.691,46.427,35.275,90.224,91.606,93.676,46.000,97.875,52.000,43.528,other,0,-1,3,5
988,46,42.335,46.428,37.641,90.066,91.397,93.447,43.000,97.500,66.000,42.111,other,0,-1,4,5
989,42,45.817,48.844,42.782,89.748,91.023,93.185,46.000,96.667,52.000,43.028,other,0,-1,5,5
990,51,48.299,49.834,47.774,89.575,90.798,92.953,42.000,96.250,52.000,55.167,other,0,-1,6,5
991,54,56.415,57.998,58.108,89.532,90.709,92.748,51.000,96.208,80.000,63.917,other,0,-1,7,5
992,68,67.984,67.933,68.219,89.128,90.245,92.468,54.000,95.125,80.000,81.722,other,0,-1,8,5
993,89,84.289,84.999,84.051,88.926,89.990,92.230,68.000,94.625,90.000,98.167,other,0,-1,9,5
994,87,103.139,106.947,104.725,88.883,89.901,92.025,89.000,94.583,112.000,102.556,other,0,-1,10,5
995,117,121.171,118.212,113.185,88.493,89.452,91.748,87.000,93.542,154.000,122.722,other,0,-1,11,5
996,133,137.711,138.983,137.723,87.929,88.823,91.434,117.000,92.000,155.000,141.028,other,0,-1,12,5
997,167,149.713,149.313,151.482,87.582,88.418,91.166,133.000,91.083,169.000,161.333,other,0,-1,13,5
998,197,160.300,164.499,172.504,87.525,88.314,90.958,167.000,91.000,195.000,179.778,other,0,-1,14,5
999,149,164.865,175.373,185.951,87.526,88.270,90.763,197.000,91.083,164.000,180.472,other,0,-1,15,5
1000,159,138.979,141.468,144.978,87.280,87.970,90.515,149.000,90.458,168.000,165.833,other,0,-1,16,5
1001,162,121.342,132.379,135.386,87.122,87.761,90.287,159.000,90.083,143.000,148.556,other,0,-1,17,5
1002,106,100.779,118.011,119.283,87.369,87.971,90.142,162.000,90.875,122.000,114.861,other,0,-1,18,5
1003,94,81.375,87.351,80.543,87.109,87.657,89.892,106.000,90.208,108.000,90.528,other,0,-1,19,5
1004,60,64.612,70.669,66.104,86.878,87.373,89.648,94.000,89.625,76.000,74.972,other,0,-1,20,5
1005,59,53.063,53.670,50.966,86.618,87.059,89.398,60.000,88.958,65.000,60.444,other,0,-1,21,5
1006,46,41.137,45.690,46.286,86.503,86.894,89.178,59.000,88.708,62.000,52.389,other,0,-1,22,5
1007,34,34.198,39.282,40.845,86.243,86.580,88.928,46.000,88.042,60.000,44.139,other,0,-1,23,5
1008,36,30.254,35.426,36.784,85.839,86.116,88.648,34.000,86.958,41.000,32.472,other,0,-1,0,6
1009,36,31.486,36.844,30.596,86.016,86.237,88.742,36.000,86.750,37.000,34.500,other,0,-1,1,6
1010,34,34.329,39.692,32.237,86.252,86.419,88.849,36.000,86.708,46.000,33.361,other,0,-1,2,6
1011,38,36.768,41.150,34.422,86.329,86.436,88.922,34.000,86.208,43.000,35.222,other,0,-1,3,6
1012,24,40.930,44.512,39.106,86.507,86.557,89.017,38.000,86.000,46.000,34.028,other,0,-1,4,6
1013,27,38.716,40.707,40.584,86.438,86.424,89.060,24.000,85.083,42.000,36.611,other,0,-1,5,6
1014,37,43.277,44.878,47.160,86.471,86.396,89.124,27.000,84.458,51.000,38.694,other,0,-1,6,6
1015,50,51.573,53.840,57.007,86.519,86.382,89.192,37.000,83.875,54.000,47.194,other,0,-1,7,6
1016,54,63.759,67.084,69.253,86.711,86.519,89.289,50.000,83.708,68.000,59.167,other,0,-1,8,6
1017,87,79.656,79.660,78.640,86.758,86.506,89.356,54.000,83.125,89.000,78.778,other,0,-1,9,6
1018,95,99.521,103.758,101.654,86.980,86.672,89.460,87.000,83.042,87.000,101.278,other,0,-1,10,6
1019,122,118.125,116.120,112.494,87.346,86.989,89.594,95.000,83.375,117.000,121.778,other,0,-1,11,6
1020,154,136.645,136.051,133.325,87.669,87.260,89.719,122.000,83.583,133.000,140.833,other,0,-1,12,6
1021,148,153.646,156.569,157.081,88.223,87.772,89.892,154.000,84.458,167.000,148.472,other,0,-1,13,6
1022,151,154.082,152.931,152.272,88.198,87.684,89.944,148.000,83.667,197.000,156.639,other,0,-1,14,6
1023,130,149.584,150.580,150.092,87.782,87.191,89.915,151.000,81.750,149.000,153.306,other,0,-1,15,6
1024,144,136.390,135.652,128.962,87.757,87.102,89.967,130.000,80.958,159.000,133.083,other,0,-1,16,6
1025,108,121.173,127.063,125.718,87.790,87.074,90.031,144.000,80.333,162.000,123.667,other,0,-1,17,6
1026,103,104.477,104.135,93.945,87.258,86.461,89.977,108.000,78.083,106.000,102.583,other,0,-1,18,6
1027,60,86.387,87.056,78.877,87.465,86.613,90.078,103.000,77.958,94.000,79.889,other,0,-1,19,6
1028,57,74.648,68.189,56.676,87.223,86.300,90.085,60.000,76.542,60.000,59.111,other,0,-1,20,6
1029,45,59.210,55.805,50.155,87.429,86.451,90.185,57.000,76.417,59.000,47.306,other,0,-1,21,6
1030,47,48.515,46.833,44.522,87.477,86.438,90.253,45.000,75.833,46.000,35.306,other,0,-1,22,6
1031,26,41.465,44.254,43.175,87.742,86.649,90.365,47.000,75.875,34.000,32.556,other,0,-1,23,6
1032,70,37.569,39.127,38.900,87.876,86.726,90.451,26.000,75.542,36.000,61.343,other,0,-1,0,0
1033,64,50.292,56.998,51.895,88.709,87.555,90.892,70.000,76.958,36.000,59.743,other,0,-1,1,0
1034,73,52.598,59.358,51.991,89.455,88.295,91.315,64.000,78.125,34.000,61.829,other,0,-1,2,0
1035,59,62.141,68.128,57.236,90.360,89.199,91.771,73.000,79.750,38.000,63.543,other,0,-1,3,0
1036,69,56.322,62.388,57.987,91.004,89.833,92.173,59.000,80.625,24.000,60.000,other,0,-1,4,0
1037,51,62.473,69.583,66.621,91.996,90.827,92.648,69.000,82.500,27.000,77.171,other,0,-1,5,0
1038,76,54.828,63.273,68.101,92.684,91.507,93.059,51.000,83.500,37.000,77.686,other,0,-1,6,0
1039,100,67.442,80.781,84.301,93.589,92.411,93.515,76.000,85.125,50.000,91.543,other,0,-1,7,0
1040,90,84.340,102.375,102.908,94.654,93.480,94.005,100.000,87.208,54.000,101.114,other,0,-1,8,0
1041,133,91.898,109.903,107.344,95.515,94.339,94.452,90.000,88.708,87.000,122.829,other,0,-1,9,0
1042,126,122.649,143.026,137.000,96.522,95.348,94.930,133.000,90.625,95.000,137.200,other,0,-1,10,0
1043,152,134.657,147.609,140.068,97.311,96.133,95.362,126.000,91.917,122.000,150.314,other,0,-1,11,0
1044,153,156.414,164.777,159.885,98.086,96.902,95.791,152.000,93.167,154.000,163.229,other,0,-1,12,0
1045,160,164.455,166.505,162.501,98.412,97.206,96.127,153.000,93.125,148.000,172.800,other,0,-1,13,0
1046,171,168.542,168.078,165.771,98.926,97.706,96.501,160.000,93.625,151.000,172.257,other,0,-1,14,0
1047,152,166.584,167.268,168.418,99.556,98.325,96.900,171.000,94.458,130.000,183.343,other,0,-1,15,0
1048,160,152.457,150.476,149.209,100.215,98.975,97.305,152.000,95.375,144.000,162.143,other,0,-1,16,0
1049,115,137.351,139.154,143.819,100.786,99.534,97.692,160.000,96.042,108.000,148.800,other,0,-1,17,0
1050,125,118.823,113.720,109.859,101.228,99.958,98.051,115.000,96.333,103.000,128.829,other,0,-1,18,0
1051,88,99.392,98.277,103.142,101.887,100.608,98.456,125.000,97.250,60.000,110.171,other,0,-1,19,0
1052,94,84.787,79.536,80.650,102.633,101.347,98.880,88.000,98.417,57.000,85.143,other,0,-1,20,0
1053,49,70.355,69.887,74.852,103.509,102.221,99.330,94.000,99.958,45.000,75.143,other,0,-1,21,0
1054,76,61.888,57.021,58.967,103.907,102.601,99.680,49.000,100.125,47.000,65.229,other,0,-1,22,0
1055,62,58.216,61.007,61.588,104.667,103.355,100.107,76.000,101.333,26.000,63.543,other,0,-1,23,0
1056,52,56.089,58.392,57.079,105.529,104.214,100.554,62.000,102.833,70.000,61.694,other,0,-1,0,1
1057,44,53.511,55.438,54.470,105.442,104.146,100.812,52.000,102.083,64.000,62.000,other,0,-1,1,1
1058,47,53.790,54.953,52.429,105.326,104.048,101.064,44.000,101.250,73.000,62.222,other,0,-1,2,1
1059,48,57.052,57.845,54.245,105.124,103.861,101.297,47.000,100.167,59.000,61.389,other,0,-1,3,1
1060,58,59.343,59.797,57.477,105.138,103.898,101.576,48.000,99.708,69.000,63.583,other,0,-1,4,1
1061,77,64.063,65.270,64.468,105.153,103.935,101.855,58.000,99.250,51.000,65.139,other,0,-1,5,1
1062,79,72.638,75.483,76.179,105.704,104.526,102.246,77.000,100.333,76.000,66.417,other,0,-1,6,1
1063,89,77.310,81.837,85.376,105.921,104.773,102.568,79.000,100.458,100.000,77.639,other,0,-1,7,1
1064,78,89.453,95.467,98.644,105.936,104.810,102.847,89.000,100.000,90.000,91.833,other,0,-1,8,1
1065,100,104.613,109.959,105.013,105.936,104.832,103.123,78.000,99.500,133.000,109.944,other,0,-1,9,1
1066,107,125.129,131.748,124.150,105.632,104.539,103.335,100.000,98.125,126.000,131.361,other,0,-1,10,1
1067,124,143.404,148.069,136.347,105.530,104.456,103.590,107.000,97.333,152.000,148.500,other,0,-1,11,1
1068,163,158.721,160.124,151.210,105.299,104.239,103.818,124.000,96.167,153.000,174.389,other,0,-1,12,1
1069,174,174.534,174.438,175.227,105.617,104.590,104.160,163.000,96.583,160.000,191.778,other,0,-1,13,1
1070,198,177.882,177.973,180.063,105.994,105.002,104.515,174.000,97.167,171.000,190.222,other,0,-1,14,1
1071,146,180.414,183.405,187.987,106.559,105.609,104.909,198.000,98.292,152.000,183.056,other,0,-1,15,1
1072,177,158.840,154.618,148.951,106.646,105.721,105.203,146.000,98.042,160.000,168.806,other,0,-1,16,1
1073,113,148.077,150.951,153.431,107.066,106.177,105.567,177.000,98.750,115.000,158.750,other,0,-1,17,1
1074,132,129.353,119.918,111.463,107.211,106.349,105.873,113.000,98.667,125.000,131.639,other,0,-1,18,1
1075,126,109.439,106.192,109.671,107.487,106.656,106.207,132.000,98.958,88.000,103.944,other,0,-1,19,1
1076,69,92.299,91.158,98.500,108.211,107.428,106.634,126.000,100.542,94.000,92.389,other,0,-1,20,1
1077,58,81.327,71.875,73.500,108.023,107.255,106.871,69.000,99.500,49.000,77.389,other,0,-1,21,1
1078,69,69.767,62.784,64.117,108.327,107.592,107.210,58.000,99.875,76.000,64.944,other,0,-1,22,1
1079,78,62.516,62.136,60.309,108.400,107.689,107.502,69.000,99.583,62.000,62.889,other,0,-1,23,1
1080,56,63.938,66.506,57.634,108.806,108.130,107.862,78.000,100.250,52.000,59.639,other,0,-1,0,2
1081,59,58.529,60.260,55.616,108.740,108.123,107.925,56.000,100.417,44.000,64.167,other,0,-1,1,2
1082,64,60.902,62.608,55.081,108.834,108.280,108.022,59.000,101.042,47.000,56.194,other,0,-1,2,2
1083,71,65.115,65.710,56.468,108.957,108.467,108.124,64.000,101.750,48.000,60.528,other,0,-1,3,2
1084,47,70.182,69.268,60.004,109.167,108.744,108.245,71.000,102.708,58.000,62.444,other,0,-1,4,2
1085,65,66.098,62.463,58.771,108.884,108.511,108.263,47.000,102.250,77.000,62.833,other,0,-1,5,2
1086,66,74.168,70.120,68.159,108.587,108.263,108.278,65.000,101.750,79.000,70.472,other,0,-1,6,2
1087,81,82.647,75.815,75.927,108.276,108.001,108.289,66.000,101.208,89.000,78.639,other,0,-1,7,2
1088,93,97.049,88.509,89.753,108.036,107.813,108.316,81.000,100.875,78.000,89.639,other,0,-1,8,2
1089,99,114.690,105.370,105.102,108.130,107.970,108.413,93.000,101.500,100.000,104.833,other,0,-1,9,2
1090,82,133.200,126.015,119.376,107.993,107.887,108.461,99.000,101.458,107.000,127.694,other,0,-1,10,2
1091,135,149.175,147.382,123.631,107.507,107.445,108.436,82.000,100.417,124.000,145.361,other,0,-1,11,2
1092,204,162.756,160.455,154.613,107.543,107.542,108.520,135.000,100.875,163.000,159.222,other,0,-1,12,2
1093,156,187.341,185.152,192.704,108.014,108.089,108.696,204.000,102.583,174.000,182.222,other,0,-1,13,2
1094,192,169.564,171.806,167.692,107.630,107.751,108.692,156.000,101.833,198.000,185.000,other,0,-1,14,2
1095,200,171.646,180.481,179.477,107.420,107.593,108.725,192.000,101.583,146.000,172.750,other,0,-1,15,2
1096,157,164.364,176.783,173.629,108.079,108.335,108.940,200.000,103.833,177.000,158.694,other,0,-1,16,2
1097,140,144.970,147.788,140.012,107.666,107.967,108.930,157.000,103.000,113.000,148.139,other,0,-1,17,2
1098,151,129.120,128.468,120.567,107.933,108.304,109.063,140.000,104.125,132.000,124.722,other,0,-1,18,2
1099,118,110.313,117.875,114.636,108.085,108.521,109.171,151.000,104.917,126.000,108.833,other,0,-1,19,2
1100,97,93.978,94.386,92.534,107.846,108.334,109.198,118.000,104.583,69.000,89.361,other,0,-1,20,2
1101,65,79.919,78.760,77.306,108.129,108.686,109.334,97.000,105.750,58.000,75.500,other,0,-1,21,2
1102,72,70.202,64.501,61.279,108.107,108.723,109.406,65.000,106.042,69.000,67.139,other,0,-1,22,2
1103,70,61.109,62.268,56.966,108.027,108.700,109.466,72.000,106.167,78.000,62.722,other,0,-1,23,2
1104,64,57.845,61.077,51.550,107.788,108.512,109.493,70.000,105.833,56.000,61.389,other,0,-1,0,3
1105,73,56.327,62.175,59.806,107.576,108.346,109.269,64.000,106.167,59.000,64.194,other,0,-1,1,3
1106,45,60.710,67.064,60.222,107.451,108.269,109.063,73.000,106.750,64.000,65.056,other,0,-1,2,3
1107,56,56.443,57.900,54.982,106.848,107.698,108.756,45.000,105.958,71.000,61.583,other,0,-1,3,3
1108,62,61.147,62.409,58.598,106.303,107.187,108.462,56.000,105.333,47.000,61.250,other,0,-1,4,3
1109,66,65.665,65.362,63.245,106.193,107.125,108.259,62.000,105.958,65.000,63.500,other,0,-1,5,3
1110,68,71.280,68.569,69.537,105.879,106.854,108.014,66.000,106.000,66.000,67.778,other,0,-1,6,3
1111,64,80.281,73.921,77.541,105.581,106.597,107.771,68.000,106.083,81.000,79.889,other,0,-1,7,3
1112,103,94.674,83.655,85.889,105.007,106.056,107.471,64.000,105.375,93.000,92.417,other,0,-1,8,3
1113,93,112.197,104.462,110.080,104.824,105.919,107.252,103.000,105.792,99.000,115.000,other,0,-1,9,3
1114,141,130.573,125.246,119.371,104.409,105.543,106.986,93.000,105.542,82.000,126.583,other,0,-1,10,3
1115,137,149.525,149.701,149.640,104.936,106.141,106.915,141.000,108.000,135.000,145.861,other,0,-1,11,3
1116,174,160.840,162.723,157.290,104.638,105.885,106.673,137.000,108.083,204.000,168.111,other,0,-1,12,3
1117,151,173.653,177.279,177.411,103.875,105.148,106.333,174.000,106.833,156.000,177.472,other,0,-1,13,3
1118,156,168.954,168.702,166.960,103.475,104.787,106.070,151.000,106.625,192.000,176.694,other,0,-1,14,3
1119,162,164.265,164.708,163.228,102.626,103.961,105.712,156.000,105.125,200.000,173.972,other,0,-1,15,3
1120,181,154.444,158.023,156.462,101.748,103.105,105.349,162.000,103.542,157.000,162.111,other,0,-1,16,3
1121,133,141.490,154.853,154.274,101.768,103.178,105.172,181.000,104.542,140.000,150.028,other,0,-1,17,3
1122,120,121.202,123.960,121.420,101.339,102.787,104.903,133.000,104.250,151.000,132.389,other,0,-1,18,3
1123,114,103.192,106.461,105.596,100.562,102.036,104.560,120.000,102.958,118.000,108.528,other,0,-1,19,3
1124,85,85.139,92.530,93.841,100.176,101.689,104.299,114.000,102.792,97.000,100.083,other,0,-1,20,3
1125,97,72.295,73.885,76.656,99.675,101.223,104.015,85.000,102.292,65.000,85.306,other,0,-1,21,3
1126,74,58.430,71.373,73.168,99.811,101.416,103.863,97.000,103.625,72.000,74.778,other,0,-1,22,3
1127,80,51.293,58.864,61.830,99.512,101.160,103.620,74.000,103.708,70.000,70.444,other,0,-1,23,3
1128,44,48.435,59.111,58.993,99.329,101.023,103.402,80.000,104.125,64.000,60.917,other,0,-1,0,4
1129,51,43.900,50.117,47.932,98.754,100.434,102.980,44.000,103.292,73.000,56.972,other,0,-1,1,4
1130,66,46.048,53.670,48.223,98.150,99.815,102.552,51.000,102.375,45.000,51.583,other,0,-1,2,4
1131,60,53.047,60.987,51.602,98.169,99.840,102.255,66.000,103.250,56.000,54.556,other,0,-1,3,4
1132,67,53.410,59.174,52.477,97.942,99.611,101.906,60.000,103.417,62.000,57.139,other,0,-1,4,4
1133,55,57.978,62.654,57.972,97.729,99.396,101.560,67.000,103.625,66.000,54.694,other,0,-1,5,4
1134,70,58.764,60.170,60.870,97.284,98.942,101.165,55.000,103.167,68.000,65.167,other,0,-1,6,4
1135,64,68.188,69.683,73.023,97.028,98.683,100.810,70.000,103.250,64.000,74.667,other,0,-1,7,4
1136,79,80.659,78.082,81.343,96.742,98.393,100.449,64.000,103.250,103.000,86.667,other,0,-1,8,4
1137,75,97.690,97.615,98.678,96.109,97.744,100.015,79.000,102.250,93.000,109.861,other,0,-1,9,4
1138,133,117.273,117.780,109.990,95.563,97.185,99.600,75.000,101.500,141.000,125.222,other,0,-1,10,4
1139,148,137.158,149.851,147.616,95.162,96.776,99.214,133.000,101.167,137.000,147.361,other,0,-1,11,4
1140,174,153.904,164.742,163.768,95.036,96.651,98.887,148.000,101.625,174.000,161.111,other,0,-1,12,4
1141,158,169.305,177.980,180.773,94.751,96.362,98.525,174.000,101.625,151.000,174.694,other,0,-1,13,4
1142,189,167.924,166.577,171.890,94.567,96.177,98.185,158.000,101.917,156.000,178.167,other,0,-1,14,4
1143,165,170.772,174.591,181.645,94.760,96.383,97.924,189.000,103.292,162.000,172.583,other,0,-1,15,4
1144,154,152.246,153.003,159.192,94.518,96.138,97.572,165.000,103.417,181.000,165.472,other,0,-1,16,4
1145,143,131.802,136.367,140.606,93.841,95.444,97.129,154.000,102.292,133.000,138.861,other,0,-1,17,4
1146,124,110.063,118.560,121.904,93.701,95.305,96.798,143.000,102.708,120.000,121.333,other,0,-1,18,4
1147,85,90.186,98.606,101.751,93.474,95.075,96.449,124.000,102.875,114.000,101.944,other,0,-1,19,4
1148,95,76.001,75.995,79.193,92.768,94.351,96.001,85.000,101.667,85.000,84.222,other,0,-1,20,4
1149,53,58.149,67.838,74.324,92.628,94.212,95.670,95.000,102.083,97.000,70.889,other,0,-1,21,4
1150,56,50.219,49.717,58.547,91.705,93.263,95.175,53.000,100.250,74.000,63.889,other,0,-1,22,4
1151,54,40.343,45.446,54.787,91.159,92.703,94.760,56.000,99.500,80.000,57.111,other,0,-1,23,4
1152,44,35.774,43.113,51.037,90.497,92.024,94.320,54.000,98.417,44.000,38.722,other,0,-1,0,5
1153,52,34.818,42.079,33.289,90.469,91.950,94.118,44.000,98.417,51.000,42.139,other,0,-1,1,5
1154,47,39.609,47.294,35.287,90.455,91.890,93.920,52.000,98.458,66.000,43.389,other,0,-1,2,5
1155,39,41.092,46.945,36.019,90.152,91.531,93.661,47.000,97.667,60.000,43.528,other,0,-1,3,5
1156,37,41.106,44.942,37.258,89.819,91.142,93.395,39.000,96.792,67.000,42.111,other,0,-1,4,5
1157,44,43.294,45.554,40.993,89.357,90.618,93.103,37.000,95.542,55.000,43.028,other,0,-1,5,5
1158,50,48.801,50.562,48.599,89.169,90.379,92.868,44.000,95.083,70.000,55.167,other,0,-1,6,5
1159,63,56.370,57.671,57.928,88.852,90.004,92.606,50.000,94.250,64.000,63.917,other,0,-1,7,5
1160,82,68.483,70.807,71.751,88.809,89.915,92.401,63.000,94.208,79.000,81.722,other,0,-1,8,5
1161,79,84.778,90.223,90.412,88.824,89.885,92.209,82.000,94.333,75.000,98.167,other,0,-1,9,5
1162,136,103.351,103.076,99.422,88.854,89.871,92.019,79.000,94.500,133.000,102.556,other,0,-1,10,5
1163,146,126.812,142.666,141.394,88.869,89.842,91.826,136.000,94.625,148.000,122.722,other,0,-1,11,5
1164,146,143.269,154.474,155.244,88.812,89.737,91.619,146.000,94.542,174.000,141.028,other,0,-1,12,5
1165,186,152.586,155.836,159.026,88.379,89.243,91.332,146.000,93.375,158.000,161.333,other,0,-1,13,5
1166,175,166.962,176.133,184.639,88.756,89.588,91.215,186.000,94.542,189.000,179.778,other,0,-1,14,5
1167,141,157.513,162.399,171.313,88.525,89.304,90.971,175.000,93.958,165.000,180.472,other,0,-1,15,5
1168,137,139.700,138.721,140.203,88.149,88.870,90.697,141.000,92.958,154.000,165.833,other,0,-1,16,5
1169,139,121.657,125.276,123.945,87.875,88.540,90.444,137.000,92.250,143.000,148.556,other,0,-1,17,5
1170,88,101.360,110.801,108.994,87.789,88.406,90.230,139.000,92.083,124.000,114.861,other,0,-1,18,5
1171,109,86.452,85.017,75.862,87.239,87.792,89.920,88.000,90.583,85.000,90.528,other,0,-1,19,5
1172,58,65.535,74.346,72.227,87.559,88.077,89.790,109.000,91.583,95.000,74.972,other,0,-1,20,5
1173,49,56.218,54.149,52.658,86.995,87.448,89.477,58.000,90.042,53.000,60.444,other,0,-1,21,5
1174,39,44.419,44.567,46.839,86.909,87.314,89.263,49.000,89.875,56.000,52.389,other,0,-1,22,5
1175,44,36.546,38.406,42.215,86.634,86.985,89.010,39.000,89.167,54.000,44.139,other,0,-1,23,5
1176,31,32.632,38.865,40.946,86.462,86.760,88.778,44.000,88.750,44.000,32.472,other,0,-1,0,6
1177,22,32.051,35.823,31.696,86.523,86.762,88.848,31.000,88.208,52.000,34.500,other,0,-1,1,6
1178,37,32.148,35.125,31.350,86.339,86.509,88.867,22.000,86.958,47.000,33.361,other,0,-1,2,6
1179,25,39.074,42.926,36.650,86.445,86.556,88.947,37.000,86.542,39.000,35.222,other,0,-1,3,6
1180,25,37.711,39.751,37.510,86.492,86.542,89.014,25.000,85.958,37.000,34.028,other,0,-1,4,6
1181,31,40.315,41.542,41.989,86.569,86.559,89.087,25.000,85.458,44.000,36.611,other,0,-1,5,6
1182,38,45.421,46.679,49.203,86.630,86.561,89.158,31.000,84.917,50.000,38.694,other,0,-1,6,6
1183,45,53.109,54.624,57.996,86.707,86.577,89.231,38.000,84.417,63.000,47.194,other,0,-1,7,6
1184,41,64.955,65.795,67.746,86.696,86.504,89.286,45.000,83.667,82.000,59.167,other,0,-1,8,6
1185,75,81.976,75.799,73.428,86.353,86.086,89.272,41.000,81.958,79.000,78.778,other,0,-1,9,6
1186,119,100.148,98.302,95.446,86.545,86.223,89.369,75.000,81.792,136.000,101.278,other,0,-1,10,6
1187,118,122.370,128.767,126.230,86.549,86.164,89.428,119.000,81.083,146.000,121.778,other,0,-1,11,6
1188,130,136.353,133.816,130.407,86.394,85.941,89.452,118.000,79.917,146.000,140.833,other,0,-1,12,6
1189,136,147.810,143.857,140.371,86.412,85.898,89.514,130.000,79.250,186.000,148.472,other,0,-1,13,6
1190,167,151.354,147.946,143.687,85.938,85.345,89.472,136.000,77.167,175.000,156.639,other,0,-1,14,6
1191,133,152.686,157.753,160.763,86.073,85.422,89.558,167.000,76.833,141.000,153.306,other,0,-1,15,6
1192,116,136.479,136.535,130.579,86.207,85.498,89.643,133.000,76.500,137.000,133.083,other,0,-1,16,6
1193,102,121.145,120.689,110.334,86.153,85.380,89.689,116.000,75.625,139.000,123.667,other,0,-1,17,6
1194,82,104.851,103.450,91.355,85.867,85.022,89.687,102.000,74.083,88.000,102.583,other,0,-1,18,6
1195,80,88.872,85.092,71.926,86.031,85.129,89.778,82.000,73.833,109.000,79.889,other,0,-1,19,6
1196,53,71.428,69.739,61.838,85.861,84.890,89.800,80.000,72.625,58.000,59.111,other,0,-1,20,6
1197,18,59.609,55.529,49.610,86.039,85.012,89.895,53.000,72.417,49.000,47.306,inside,-1,0,21,6
1198,9,51.762,44.166,40.226,85.840,84.744,89.911,18.000,71.125,39.000,35.306,inside,-1,1,22,6
1199,20,43.109,37.698,37.028,85.656,84.491,89.930,9.000,69.875,44.000,32.556,inside,-1,2,23,6
1200,68,37.329,37.453,37.697,85.558,84.328,89.967,20.000,68.875,31.000,61.343,after,-1,3,0,0
1201,57,49.210,55.612,50.769,86.434,85.202,90.417,68.000,70.417,22.000,59.743,after,-1,4,1,0
1202,64,49.075,55.405,49.757,87.282,86.046,90.861,57.000,71.875,37.000,61.829,after,-1,5,2,0
1203,62,56.562,62.561,54.187,88.013,86.770,91.281,64.000,73.000,25.000,63.543,after,-1,6,3,0
1204,63,57.770,63.679,58.038,88.889,87.645,91.732,62.000,74.542,25.000,60.000,after,-1,7,4,0
1205,81,58.879,65.960,64.085,89.780,88.534,92.185,63.000,76.125,31.000,77.171,after,-1,8,5,0
1206,70,68.955,78.590,77.101,90.844,89.603,92.675,81.000,78.208,38.000,77.686,after,-1,9,6,0
1207,58,64.818,77.814,81.491,91.648,90.402,93.110,70.000,79.542,45.000,91.543,after,-1,10,7,0
1208,93,71.587,83.488,85.392,92.177,90.916,93.488,58.000,80.083,41.000,101.114,after,-1,11,8,0
1209,115,92.304,111.020,108.204,93.270,92.016,93.983,93.000,82.250,75.000,122.829,after,-1,12,9,0
1210,133,114.704,133.577,127.030,94.190,92.935,94.443,115.000,83.917,119.000,137.200,after,-1,13,10,0
1211,176,136.444,150.805,143.584,94.733,93.464,94.823,133.000,84.500,118.000,150.314,after,-1,14,11,0
1212,124,168.553,178.681,174.443,95.913,94.653,95.337,176.000,86.917,130.000,163.229,after,-1,15,12,0
1213,171,158.194,154.567,144.759,96.166,94.883,95.658,124.000,86.667,136.000,172.800,after,-1,16,13,0
1214,167,171.605,172.846,172.402,97.014,95.727,96.102,171.000,88.125,167.000,172.257,after,-1,17,14,0
1215,171,165.425,165.226,165.490,97.354,96.047,96.440,167.000,88.125,133.000,183.343,after,-1,18,15,0
1216,152,155.077,156.611,160.474,98.244,96.936,96.894,171.000,89.708,116.000,162.143,after,-1,19,16,0
1217,161,136.727,136.217,138.882,99.106,97.795,97.341,152.000,91.208,102.000,148.800,after,-1,20,17,0
1218,124,119.014,121.575,131.075,100.301,98.999,97.858,161.000,93.667,82.000,128.829,after,-1,21,18,0
1219,114,99.166,97.298,100.998,101.250,99.948,98.323,124.000,95.417,80.000,110.171,after,-1,22,19,0
1220,83,82.855,81.818,86.486,102.082,100.777,98.765,114.000,96.833,53.000,85.143,after,-1,23,20,0
1221,69,70.395,67.683,69.514,102.857,101.547,99.194,83.000,98.083,18.000,75.143,after,-1,24,21,0
1222,66,60.964,59.888,61.130,103.936,102.631,99.686,69.000,100.208,9.000,65.229,after,-1,25,22,0
1223,48,56.283,58.013,57.610,105.102,103.805,100.197,66.000,102.583,20.000,63.543,after,-1,26,23,0
1224,51,52.912,53.991,52.269,105.848,104.544,100.620,48.000,103.750,68.000,61.694,other,0,-1,0,1
1225,66,53.147,55.200,52.370,105.775,104.491,100.881,51.000,103.042,57.000,62.000,other,0,-1,1,1
1226,67,60.855,63.441,55.078,106.080,104.828,101.221,66.000,103.417,64.000,62.222,other,0,-1,2,1
1227,63,64.718,66.046,56.821,106.297,105.075,101.542,67.000,103.542,62.000,61.389,other,0,-1,3,1
1228,68,64.856,65.819,59.341,106.486,105.292,101.858,63.000,103.583,63.000,63.583,other,0,-1,4,1
1229,69,67.856,69.364,65.710,106.732,105.569,102.185,68.000,103.792,81.000,65.139,other,0,-1,5,1
1230,71,69.547,72.465,72.947,106.732,105.591,102.461,69.000,103.292,70.000,66.417,other,0,-1,6,1
1231,72,75.346,79.263,82.140,106.921,105.808,102.776,71.000,103.333,58.000,77.639,other,0,-1,7,1
1232,91,87.175,91.317,92.299,107.297,106.219,103.131,72.000,103.917,93.000,91.833,other,0,-1,8,1
1233,99,105.766,111.897,109.876,107.442,106.391,103.437,91.000,103.833,115.000,109.944,other,0,-1,9,1
1234,97,125.440,131.633,123.790,107.384,106.353,103.701,99.000,103.167,133.000,131.361,other,0,-1,10,1
1235,170,142.831,146.922,131.883,107.037,106.015,103.905,97.000,101.667,176.000,148.500,other,0,-1,11,1
1236,161,173.277,172.603,176.249,107.124,106.127,104.199,170.000,101.417,124.000,174.389,other,0,-1,12,1
1237,189,174.517,173.686,174.484,107.834,106.884,104.623,161.000,102.958,171.000,191.778,other,0,-1,13,1
1238,189,184.145,184.212,189.134,108.268,107.356,104.990,189.000,103.708,167.000,190.222,other,0,-1,14,1
1239,161,177.461,178.955,182.998,108.761,107.887,105.369,189.000,104.625,171.000,183.056,other,0,-1,15,1
1240,149,160.689,158.609,157.129,108.790,107.939,105.651,161.000,104.208,152.000,168.806,other,0,-1,16,1
1241,162,145.856,141.950,138.975,108.921,108.096,105.954,149.000,104.083,161.000,158.750,other,0,-1,17,1
1242,142,128.961,129.505,133.212,109.109,108.313,106.270,162.000,104.125,124.000,131.639,other,0,-1,18,1
1243,109,109.743,108.068,113.267,109.544,108.785,106.636,142.000,104.875,114.000,103.944,other,0,-1,19,1
1244,109,93.559,87.867,92.493,109.645,108.912,106.934,109.000,104.667,83.000,92.389,other,0,-1,20,1
1245,92,79.290,78.379,84.800,110.196,109.504,107.325,109.000,105.750,69.000,77.389,other,0,-1,21,1
1246,62,69.707,70.042,72.607,110.703,110.050,107.706,92.000,106.708,66.000,64.944,other,0,-1,22,1
1247,49,62.616,60.981,58.656,110.819,110.192,108.007,62.000,106.542,48.000,62.889,other,0,-1,23,1
1248,67,58.842,57.802,51.381,111.007,110.409,108.322,49.000,106.583,51.000,59.639,other,0,-1,0,2
1249,56,60.852,64.573,57.967,111.116,110.581,108.422,67.000,107.250,66.000,64.167,other,0,-1,1,2
1250,80,60.399,62.129,54.647,110.848,110.363,108.442,56.000,106.833,67.000,56.194,other,0,-1,2,2
1251,46,71.652,72.797,59.681,110.913,110.490,108.533,80.000,107.375,63.000,60.528,other,0,-1,3,2
1252,59,62.836,61.016,55.018,110.543,110.168,108.532,46.000,106.667,68.000,62.444,other,0,-1,4,2
1253,57,68.598,66.260,61.152,110.290,109.965,108.556,59.000,106.292,69.000,62.833,other,0,-1,5,2
1254,78,73.016,68.246,66.189,109.992,109.717,108.571,57.000,105.792,71.000,70.472,other,0,-1,6,2
1255,63,84.319,78.623,79.086,109.971,109.755,108.643,78.000,106.083,72.000,78.639,other,0,-1,7,2
1256,101,97.140,86.630,84.412,109.717,109.552,108.667,63.000,105.708,91.000,89.639,other,0,-1,8,2
1257,87,115.451,106.115,108.054,109.738,109.634,108.748,101.000,106.125,99.000,104.833,other,0,-1,9,2
1258,141,133.498,126.657,115.098,109.441,109.386,108.763,87.000,105.625,97.000,127.694,other,0,-1,10,2
1259,135,153.229,146.943,148.960,109.955,109.978,108.947,141.000,107.458,170.000,145.361,other,0,-1,11,2
1260,173,163.095,160.674,155.233,109.325,109.386,108.893,135.000,106.000,161.000,159.222,other,0,-1,12,2
1261,191,175.079,175.114,177.777,109.376,109.498,108.980,173.000,106.500,189.000,182.222,other,0,-1,13,2
1262,168,178.625,183.256,185.871,109.281,109.460,109.037,191.000,106.583,189.000,185.000,other,0,-1,14,2
1263,191,166.638,171.504,167.798,108.854,109.077,109.025,168.000,105.708,161.000,172.750,other,0,-1,15,2
1264,166,162.146,172.548,169.203,109.165,109.459,109.166,191.000,106.958,149.000,158.694,other,0,-1,16,2
1265,175,145.666,150.929,144.379,109.288,109.646,109.269,166.000,107.667,162.000,148.139,other,0,-1,17,2
1266,139,129.710,141.424,136.277,109.353,109.773,109.359,175.000,108.208,142.000,124.722,other,0,-1,18,2
1267,73,110.874,113.787,109.623,109.186,109.661,109.401,139.000,108.083,109.000,108.833,other,0,-1,19,2
1268,93,100.202,87.119,77.609,108.542,109.053,109.343,73.000,106.583,109.000,89.361,other,0,-1,20,2
1269,75,80.677,78.046,76.188,108.186,108.746,109.346,93.000,105.917,92.000,75.500,other,0,-1,21,2
1270,53,69.641,66.704,63.671,107.817,108.423,109.346,75.000,105.208,62.000,67.139,other,0,-1,22,2
1271,68,62.200,57.763,52.373,107.563,108.220,109.370,53.000,104.833,49.000,62.722,other,0,-1,23,2
1272,53,57.892,60.366,51.028,107.715,108.437,109.478,68.000,105.625,67.000,61.389,other,0,-1,0,3
1273,66,55.225,58.377,57.784,107.185,107.941,109.187,53.000,105.042,56.000,64.194,other,0,-1,1,3
1274,66,58.766,64.022,58.907,107.002,107.804,108.969,66.000,105.458,80.000,65.056,other,0,-1,2,3
1275,64,61.348,65.159,58.973,106.471,107.308,108.678,66.000,104.875,46.000,61.583,other,0,-1,3,3
1276,66,63.261,65.160,60.308,106.404,107.292,108.484,64.000,105.625,59.000,61.250,other,0,-1,4,3
1277,54,66.580,66.653,64.228,106.178,107.110,108.256,66.000,105.917,57.000,63.500,other,0,-1,5,3
1278,77,69.849,65.380,66.796,105.807,106.779,107.998,54.000,105.792,78.000,67.778,other,0,-1,6,3
1279,80,80.928,76.067,80.084,105.465,106.477,107.747,77.000,105.750,63.000,79.889,other,0,-1,7,3
1280,95,94.297,85.826,90.788,105.383,106.446,107.549,80.000,106.458,101.000,92.417,other,0,-1,8,3
1281,100,111.770,103.457,107.315,104.969,106.069,107.283,95.000,106.208,87.000,115.000,other,0,-1,9,3
1282,124,130.450,125.349,121.735,104.829,105.978,107.073,100.000,106.750,141.000,126.583,other,0,-1,10,3
1283,155,147.800,147.565,142.765,104.255,105.436,106.773,124.000,106.042,135.000,145.861,other,0,-1,11,3
1284,197,163.450,166.143,164.396,104.218,105.450,106.585,155.000,106.875,173.000,168.111,other,0,-1,12,3
1285,146,180.754,186.671,187.482,104.238,105.523,106.409,197.000,107.875,191.000,177.472,other,0,-1,13,3
1286,165,168.168,167.270,164.487,103.258,104.562,106.024,146.000,106.000,168.000,176.694,other,0,-1,14,3
1287,184,165.830,167.976,167.246,102.887,104.231,105.767,165.000,105.875,191.000,173.972,other,0,-1,15,3
1288,193,158.208,167.100,166.952,102.458,103.839,105.497,184.000,105.583,166.000,162.111,other,0,-1,16,3
1289,179,143.915,161.134,160.236,102.521,103.958,105.330,193.000,106.708,175.000,150.028,other,0,-1,17,3
1290,115,122.388,142.718,141.463,102.251,103.731,105.093,179.000,106.875,139.000,132.389,other,0,-1,18,3
1291,91,104.138,104.789,103.594,101.576,103.085,104.772,115.000,105.875,73.000,108.528,other,0,-1,19,3
1292,97,88.592,85.893,85.877,101.509,103.068,104.578,91.000,106.625,93.000,100.083,other,0,-1,20,3
1293,67,71.063,76.926,79.495,101.239,102.842,104.341,97.000,106.792,75.000,85.306,other,0,-1,21,3
1294,61,61.350,60.948,64.679,100.796,102.436,104.068,67.000,106.458,53.000,74.778,other,0,-1,22,3
1295,55,52.208,54.355,58.038,100.584,102.269,103.844,61.000,106.792,68.000,70.444,other,0,-1,23,3
1296,47,47.043,50.152,52.747,100.068,101.788,103.556,55.000,106.250,53.000,60.917,other,0,-1,0,4
1297,41,44.419,50.359,47.621,99.696,101.408,103.177,47.000,106.000,66.000,56.972,other,0,-1,1,4
1298,55,44.537,49.494,45.589,99.048,100.744,102.740,41.000,104.958,66.000,51.583,other,0,-1,2,4
1299,67,49.699,55.669,48.560,98.604,100.290,102.346,55.000,104.500,64.000,54.556,other,0,-1,3,4
1300,55,56.197,61.460,53.155,98.362,100.046,101.993,67.000,104.625,66.000,57.139,other,0,-1,4,4
1301,53,54.771,57.592,54.519,97.917,99.591,101.599,55.000,104.167,54.000,54.694,other,0,-1,5,4
1302,68,58.856,59.313,59.894,97.617,99.287,101.235,53.000,104.125,77.000,65.167,other,0,-1,6,4
1303,71,68.345,68.954,72.155,97.202,98.863,100.847,68.000,103.750,80.000,74.667,other,0,-1,7,4
1304,112,80.954,79.651,83.709,96.786,98.438,100.458,71.000,103.375,95.000,86.667,other,0,-1,8,4
1305,123,99.690,107.104,112.296,96.747,98.404,100.148,112.000,104.083,100.000,109.861,other,0,-1,9,4
1306,125,118.752,129.738,131.065,96.795,98.459,99.857,123.000,105.042,124.000,125.222,other,0,-1,10,4
1307,130,136.789,147.581,144.418,96.524,98.185,99.499,125.000,105.083,155.000,147.361,other,0,-1,11,4
1308,171,151.628,158.206,155.839,95.876,97.521,99.062,130.000,104.042,197.000,161.111,other,0,-1,12,4
1309,195,169.011,176.534,179.715,95.214,96.842,98.622,171.000,102.958,146.000,174.694,other,0,-1,13,4
1310,222,179.066,186.029,191.256,95.639,97.287,98.409,195.000,105.000,165.000,178.167,other,0,-1,14,4
1311,161,185.006,196.178,200.120,96.179,97.852,98.221,222.000,107.375,184.000,172.583,other,0,-1,15,4
1312,163,152.428,151.558,157.907,95.561,97.218,97.790,161.000,106.417,193.000,165.472,other,0,-1,16,4
1313,127,133.205,139.784,145.277,94.841,96.479,97.338,163.000,105.167,179.000,138.861,other,0,-1,17,4
1314,133,111.337,113.898,115.609,93.802,95.410,96.820,127.000,103.000,115.000,121.333,other,0,-1,18,4
1315,98,90.138,101.130,105.458,93.778,95.390,96.513,133.000,103.750,91.000,101.944,other,0,-1,19,4
1316,65,74.513,78.443,83.392,93.594,95.206,96.173,98.000,104.042,97.000,84.222,other,0,-1,20,4
1317,80,62.482,60.221,67.200,92.845,94.437,95.715,65.000,102.708,67.000,70.889,other,0,-1,21,4
1318,57,47.692,55.853,64.991,92.748,94.342,95.393,80.000,103.250,61.000,63.889,other,0,-1,22,4
1319,65,40.643,45.120,55.635,92.405,93.993,95.020,57.000,103.083,55.000,57.111,other,0,-1,23,4
1320,59,37.124,46.259,53.838,92.264,93.853,94.689,65.000,103.500,47.000,38.722,other,0,-1,0,5
1321,34,39.162,47.173,36.839,92.410,93.959,94.524,59.000,104.000,41.000,42.139,other,0,-1,1,5
1322,28,35.349,39.680,33.013,92.280,93.779,94.301,34.000,103.708,55.000,43.389,other,0,-1,2,5
1323,46,36.347,39.126,33.242,91.861,93.300,94.018,28.000,102.583,67.000,43.528,other,0,-1,3,5
1324,46,44.126,47.196,39.404,91.529,92.911,93.752,46.000,101.708,55.000,42.111,other,0,-1,4,5
1325,50,46.529,48.501,43.746,91.370,92.702,93.523,46.000,101.333,53.000,43.028,other,0,-1,5,5
1326,63,50.862,52.443,50.789,91.299,92.582,93.313,50.000,101.208,68.000,55.167,other,0,-1,6,5
1327,54,59.275,62.161,62.726,91.198,92.433,93.096,63.000,101.000,71.000,63.917,other,0,-1,7,5
1328,69,68.702,67.983,68.606,90.924,92.104,92.843,54.000,100.292,112.000,81.722,other,0,-1,8,5
1329,96,84.910,85.335,84.645,90.273,91.385,92.511,69.000,98.500,123.000,98.167,other,0,-1,9,5
1330,104,103.913,109.990,108.417,89.854,90.905,92.228,96.000,97.375,125.000,102.556,other,0,-1,10,5
1331,115,122.498,125.505,122.555,89.521,90.516,91.962,104.000,96.500,130.000,122.722,other,0,-1,11,5
1332,159,138.526,138.162,136.382,89.276,90.217,91.715,115.000,95.875,171.000,141.028,other,0,-1,12,5
1333,161,156.104,163.020,167.991,89.074,89.963,91.477,159.000,95.375,195.000,161.333,other,0,-1,13,5
1334,156,159.182,161.348,168.436,88.553,89.378,91.173,161.000,93.958,222.000,179.778,other,0,-1,14,5
1335,197,152.835,153.369,159.227,87.569,88.315,90.772,156.000,91.208,161.000,180.472,other,0,-1,15,5
1336,145,150.097,164.220,173.779,88.063,88.780,90.679,197.000,92.708,163.000,165.833,other,0,-1,16,5
1337,128,120.671,127.779,128.054,87.774,88.436,90.423,145.000,91.958,127.000,148.556,other,0,-1,17,5
1338,94,100.269,108.071,103.785,87.760,88.376,90.224,128.000,92.000,133.000,114.861,other,0,-1,18,5
1339,84,83.629,85.784,77.106,87.167,87.717,89.904,94.000,90.375,98.000,90.528,other,0,-1,19,5
1340,76,66.739,69.390,64.205,86.936,87.433,89.660,84.000,89.792,65.000,74.972,other,0,-1,20,5
1341,49,52.147,56.589,55.414,87.067,87.523,89.492,76.000,90.250,80.000,60.444,other,0,-1,21,5
1342,59,42.846,44.065,45.496,86.590,86.984,89.197,49.000,88.958,57.000,52.389,other,0,-1,22,5
1343,42,35.149,42.850,44.214,86.591,86.940,89.001,59.000,89.042,65.000,44.139,other,0,-1,23,5
1344,36,31.407,37.700,39.212,86.230,86.520,88.730,42.000,88.083,59.000,32.472,other,0,-1,0,6
1345,32,32.075,36.761,31.993,86.147,86.372,88.770,36.000,87.125,34.000,34.500,other,0,-1,1,6
1346,16,33.657,38.019,32.861,86.368,86.539,88.873,32.000,87.042,28.000,33.361,other,0,-1,2,6
1347,17,32.137,34.360,32.128,86.445,86.556,88.947,16.000,86.542,46.000,35.222,other,0,-1,3,6
1348,38,34.806,36.342,35.540,86.275,86.317,88.969,17.000,85.333,46.000,34.028,other,0,-1,4,6
1349,31,43.492,46.002,45.168,86.409,86.394,89.054,38.000,85.000,50.000,36.611,other,0,-1,5,6
1350,28,44.593,46.270,49.137,86.384,86.306,89.106,31.000,84.208,63.000,38.694,other,0,-1,6,6
1351,48,51.288,51.278,54.774,86.127,85.978,89.110,28.000,82.750,54.000,47.194,other,0,-1,7,6
1352,55,64.142,66.492,68.873,86.291,86.084,89.201,48.000,82.500,69.000,59.167,other,0,-1,8,6
1353,76,80.271,80.063,79.208,86.338,86.071,89.269,55.000,81.917,96.000,78.778,other,0,-1,9,6
1354,95,99.137,98.750,96.007,86.299,85.968,89.318,76.000,81.083,104.000,101.278,other,0,-1,10,6
1355,143,118.345,115.992,112.284,86.419,86.029,89.400,95.000,80.708,115.000,121.778,other,0,-1,11,6
1356,128,142.064,148.101,146.772,87.075,86.646,89.595,143.000,81.875,159.000,140.833,other,0,-1,12,6
1357,150,147.236,142.962,139.205,86.876,86.378,89.611,128.000,80.583,161.000,148.472,other,0,-1,13,6
1358,137,154.276,153.913,153.362,86.967,86.409,89.687,150.000,80.125,156.000,156.639,other,0,-1,14,6
1359,187,147.811,145.212,140.651,86.942,86.321,89.739,137.000,79.333,197.000,153.306,other,0,-1,15,6
1360,140,146.068,157.436,166.118,87.047,86.368,89.818,187.000,78.917,145.000,133.083,other,0,-1,16,6
1361,138,120.972,125.632,123.401,87.225,86.489,89.913,140.000,78.708,128.000,123.667,other,0,-1,17,6
1362,99,102.421,109.046,107.383,87.620,86.836,90.053,138.000,79.125,94.000,102.583,other,0,-1,18,6
1363,94,85.939,86.027,76.787,87.943,87.107,90.178,99.000,79.333,84.000,79.889,other,0,-1,19,6
1364,63,69.262,70.740,64.355,88.338,87.454,90.318,94.000,79.750,76.000,59.111,other,0,-1,20,6
1365,44,57.750,56.035,50.242,88.400,87.456,90.388,63.000,79.208,49.000,47.306,other,0,-1,21,6
1366,40,48.079,46.406,43.206,88.578,87.577,90.482,44.000,79.000,59.000,35.306,other,0,-1,22,6
1367,36,41.028,42.422,40.595,88.553,87.489,90.535,40.000,78.208,42.000,32.556,other,0,-1,23,6
1368,73,38.145,41.417,39.092,88.716,87.596,90.626,36.000,77.958,36.000,61.343,other,0,-1,0,0
1369,61,51.620,58.105,50.728,89.592,88.470,91.076,73.000,79.500,32.000,59.743,other,0,-1,1,0
1370,50,51.031,57.408,49.550,90.353,89.224,91.503,61.000,80.708,16.000,61.829,other,0,-1,2,0
1371,39,49.619,55.228,49.923,91.185,90.053,91.944,50.000,82.125,17.000,63.543,other,0,-1,3,0
1372,64,47.290,52.227,51.459,91.844,90.703,92.349,39.000,83.042,38.000,60.000,other,0,-1,4,0
1373,44,59.526,66.221,63.518,92.561,91.412,92.766,64.000,84.125,31.000,77.171,other,0,-1,5,0
1374,56,52.735,59.866,64.697,93.090,91.926,93.144,44.000,84.667,28.000,77.686,other,0,-1,6,0
1375,73,60.863,71.132,76.115,93.835,92.666,93.567,56.000,85.833,48.000,91.543,other,0,-1,7,0
1376,86,74.102,88.477,90.793,94.538,93.360,93.981,73.000,86.875,55.000,101.114,other,0,-1,8,0
1377,89,91.120,107.401,104.965,95.327,94.144,94.413,86.000,88.167,76.000,122.829,other,0,-1,9,0
1378,104,109.813,122.069,114.364,95.856,94.659,94.791,89.000,88.708,95.000,137.200,other,0,-1,10,0
1379,121,130.024,137.527,128.347,96.326,95.113,95.156,104.000,89.083,143.000,150.314,other,0,-1,11,0
1380,163,147.380,150.028,142.055,96.348,95.103,95.428,121.000,88.167,128.000,163.229,other,0,-1,12,0
1381,163,168.263,170.623,169.229,97.195,95.947,95.872,163.000,89.625,150.000,172.800,other,0,-1,13,0
1382,229,169.457,168.509,168.067,97.723,96.462,96.250,163.000,90.167,137.000,172.257,other,0,-1,14,0
1383,146,199.805,200.541,207.620,99.396,98.160,96.867,229.000,94.000,187.000,183.343,other,0,-1,15,0
1384,129,151.562,146.861,145.386,99.143,97.865,97.081,146.000,92.292,140.000,162.143,other,0,-1,16,0
1385,180,135.578,129.505,126.237,99.323,98.020,97.386,129.000,91.833,138.000,148.800,other,0,-1,17,0
1386,142,122.716,125.981,140.776,100.272,98.969,97.852,180.000,93.583,99.000,128.829,other,0,-1,18,0
1387,139,98.617,98.587,107.912,101.235,99.933,98.320,142.000,95.375,94.000,110.171,other,0,-1,19,0
1388,109,83.981,85.234,94.416,102.227,100.927,98.795,139.000,97.250,63.000,85.143,other,0,-1,20,0
1389,81,69.884,71.226,76.031,103.234,101.937,99.272,109.000,99.167,44.000,75.143,other,0,-1,21,0
1390,65,60.175,61.441,63.667,104.110,102.811,99.723,81.000,100.708,40.000,65.229,other,0,-1,22,0
1391,69,54.820,57.008,56.943,104.812,103.505,100.137,65.000,101.750,36.000,63.543,other,0,-1,23,0
1392,63,56.924,60.872,56.220,105.631,104.319,100.575,69.000,103.125,73.000,61.694,other,0,-1,0,1
1393,70,55.492,59.420,54.405,105.660,104.371,100.857,63.000,102.708,61.000,62.000,other,0,-1,1,1
1394,68,62.083,65.454,55.533,105.964,104.708,101.197,70.000,103.083,50.000,62.222,other,0,-1,2,1
1395,57,64.797,66.795,56.793,106.399,105.180,101.563,68.000,103.833,39.000,61.389,other,0,-1,3,1
1396,85,61.991,63.459,57.957,106.833,105.652,101.930,57.000,104.583,64.000,63.583,other,0,-1,4,1
1397,61,76.559,77.216,69.750,107.311,106.168,102.306,85.000,105.458,44.000,65.139,other,0,-1,5,1
1398,57,67.192,69.465,70.833,107.732,106.625,102.670,61.000,106.167,56.000,66.417,other,0,-1,6,1
1399,73,73.203,75.030,78.064,107.920,106.842,102.985,57.000,106.208,73.000,77.639,other,0,-1,7,1
1400,80,87.419,91.020,92.655,108.094,107.044,103.298,73.000,106.208,86.000,91.833,other,0,-1,8,1
1401,90,105.116,109.641,105.710,108.181,107.156,103.592,80.000,105.958,89.000,109.944,other,0,-1,9,1
1402,118,125.005,130.231,120.146,108.369,107.373,103.907,90.000,106.000,104.000,131.361,other,0,-1,10,1
1403,170,145.700,149.436,142.294,108.746,107.784,104.262,118.000,106.583,121.000,148.500,other,0,-1,11,1
1404,118,173.675,172.529,176.822,109.630,108.721,104.722,170.000,108.625,163.000,174.389,other,0,-1,12,1
1405,158,166.137,162.349,151.769,109.152,108.248,104.899,118.000,106.750,163.000,191.778,other,0,-1,13,1
1406,188,174.438,172.142,171.829,109.254,108.375,105.196,158.000,106.542,229.000,190.222,other,0,-1,14,1
1407,150,177.467,178.910,182.724,108.834,107.962,105.384,188.000,104.833,146.000,183.056,other,0,-1,15,1
1408,161,158.794,155.898,151.398,109.065,108.224,105.708,150.000,105.000,129.000,168.806,other,0,-1,16,1
1409,132,146.066,145.981,144.972,109.703,108.906,106.118,161.000,106.333,180.000,158.750,other,0,-1,17,1
1410,134,127.810,123.329,119.510,109.182,108.388,106.285,132.000,104.333,142.000,131.639,other,0,-1,18,1
1411,111,109.139,107.435,110.437,109.240,108.470,106.573,134.000,104.000,139.000,103.944,other,0,-1,19,1
1412,80,92.709,89.240,94.036,109.008,108.252,106.800,111.000,102.833,109.000,92.389,other,0,-1,20,1
1413,66,80.126,74.011,77.259,108.762,108.019,107.025,80.000,101.625,81.000,77.389,other,0,-1,21,1
1414,79,69.340,64.949,66.413,108.718,107.996,107.292,66.000,101.000,65.000,64.944,other,0,-1,22,1
1415,48,63.677,66.034,63.488,109.095,108.408,107.647,79.000,101.583,69.000,62.889,other,0,-1,23,1
1416,48,58.390,57.809,51.319,108.965,108.295,107.896,48.000,100.708,63.000,59.639,other,0,-1,0,2
1417,72,57.446,58.486,53.882,108.624,108.003,107.901,48.000,100.083,70.000,64.167,other,0,-1,1,2
1418,67,64.521,68.040,57.313,108.530,107.965,107.958,72.000,100.167,68.000,56.194,other,0,-1,2,2
1419,79,65.756,67.325,56.708,108.392,107.882,108.006,67.000,100.125,57.000,60.528,other,0,-1,3,2
1420,57,73.147,72.928,61.381,108.588,108.144,108.124,79.000,101.042,85.000,62.444,other,0,-1,4,2
1421,46,67.573,65.640,60.479,108.059,107.657,108.090,57.000,99.875,61.000,62.833,other,0,-1,5,2
1422,63,71.435,65.839,63.510,107.718,107.364,108.096,46.000,99.250,57.000,70.472,other,0,-1,6,2
1423,73,82.057,75.437,74.962,107.682,107.386,108.165,63.000,99.500,73.000,78.639,other,0,-1,7,2
1424,78,96.372,87.589,87.219,107.558,107.318,108.216,73.000,99.500,80.000,89.639,other,0,-1,8,2
1425,131,114.266,104.838,99.841,107.406,107.220,108.261,78.000,99.417,90.000,104.833,other,0,-1,9,2
1426,131,136.210,127.186,132.163,107.877,107.767,108.436,131.000,101.125,118.000,127.694,other,0,-1,10,2
1427,180,151.188,145.986,143.964,107.942,107.894,108.527,131.000,101.667,170.000,145.361,other,0,-1,11,2
1428,167,173.749,167.862,175.795,107.963,107.977,108.608,180.000,102.083,118.000,159.222,other,0,-1,12,2
1429,193,172.477,173.590,174.043,108.550,108.643,108.808,167.000,104.125,158.000,182.222,other,0,-1,13,2
1430,190,177.974,184.172,186.266,108.934,109.100,108.964,193.000,105.583,188.000,185.000,other,0,-1,14,2
1431,222,170.619,179.842,178.570,108.839,109.062,109.022,190.000,105.667,150.000,172.750,other,0,-1,15,2
1432,185,171.931,189.102,185.448,109.759,110.074,109.290,222.000,108.667,161.000,158.694,other,0,-1,16,2
1433,142,147.779,158.535,153.765,109.983,110.366,109.414,185.000,109.667,132.000,148.139,other,0,-1,17,2
1434,137,129.892,128.724,121.591,110.005,110.448,109.495,142.000,110.083,134.000,124.722,other,0,-1,18,2
1435,100,111.674,112.545,109.084,109.925,110.425,109.556,137.000,110.208,111.000,108.833,other,0,-1,19,2
1436,112,97.059,90.016,86.559,109.642,110.193,109.573,100.000,109.750,80.000,89.361,other,0,-1,20,2
1437,65,79.849,82.813,82.447,109.983,110.604,109.721,112.000,111.083,66.000,75.500,other,0,-1,21,2
1438,61,71.467,64.342,61.654,109.845,110.522,109.769,65.000,111.042,79.000,67.139,other,0,-1,22,2
1439,66,62.466,59.014,54.681,109.461,110.184,109.766,61.000,110.292,48.000,62.722,other,0,-1,23,2
1440,59,58.313,59.250,51.222,109.598,110.386,109.871,66.000,111.042,48.000,61.389,other,0,-1,0,3
1441,58,56.449,59.965,59.600,109.430,110.265,109.656,59.000,111.500,72.000,64.194,other,0,-1,1,3
1442,54,57.427,60.760,58.020,108.900,109.768,109.365,58.000,110.917,67.000,65.056,other,0,-1,2,3
1443,63,58.695,60.495,57.289,108.384,109.287,109.077,54.000,110.375,79.000,61.583,other,0,-1,3,3
1444,63,63.197,64.587,60.615,107.824,108.761,108.780,63.000,109.708,57.000,61.250,other,0,-1,4,3
1445,57,66.108,65.512,64.008,107.583,108.564,108.550,63.000,109.958,46.000,63.500,other,0,-1,5,3
1446,82,70.554,66.107,67.911,107.415,108.443,108.334,57.000,110.417,63.000,67.778,other,0,-1,6,3
1447,80,81.971,77.505,81.849,107.363,108.441,108.143,82.000,111.208,73.000,79.889,other,0,-1,7,3
1448,80,94.796,86.007,91.104,107.136,108.260,107.916,80.000,111.500,78.000,92.417,other,0,-1,8,3
1449,86,112.727,102.541,102.630,106.838,108.003,107.673,80.000,111.583,131.000,115.000,other,0,-1,9,3
1450,112,131.388,125.681,117.209,105.858,107.042,107.288,86.000,109.708,131.000,126.583,other,0,-1,10,3
1451,114,147.743,147.287,138.877,105.255,106.471,106.982,112.000,108.917,180.000,145.861,other,0,-1,11,3
1452,207,159.396,159.272,149.053,103.971,105.195,106.534,114.000,106.167,167.000,168.111,other,0,-1,12,3
1453,163,186.844,191.448,193.200,104.223,105.508,106.406,207.000,107.833,193.000,177.472,other,0,-1,13,3
1454,223,171.491,172.710,172.978,103.461,104.772,106.067,163.000,106.583,190.000,176.694,other,0,-1,14,3
1455,194,184.734,196.624,195.994,103.611,104.980,105.918,223.000,107.958,222.000,173.972,other,0,-1,15,3
1456,151,161.089,172.053,172.562,102.878,104.274,105.584,194.000,106.792,185.000,162.111,other,0,-1,16,3
1457,143,139.731,142.617,140.990,102.058,103.478,105.233,151.000,105.375,142.000,150.028,other,0,-1,17,3
1458,110,121.629,126.439,125.504,101.744,103.207,104.987,143.000,105.417,137.000,132.389,other,0,-1,18,3
1459,108,104.784,102.912,101.538,101.026,102.515,104.657,110.000,104.292,100.000,108.528,other,0,-1,19,3
1460,79,86.158,89.267,91.151,100.814,102.349,104.433,108.000,104.625,112.000,100.083,other,0,-1,20,3
1461,81,73.102,70.729,74.368,100.008,101.568,104.084,79.000,103.250,65.000,85.306,other,0,-1,21,3
1462,57,59.369,63.614,68.317,99.912,101.521,103.884,81.000,103.917,61.000,74.778,other,0,-1,22,3
1463,60,51.941,52.032,57.686,99.527,101.175,103.623,57.000,103.750,66.000,70.444,other,0,-1,23,3
1464,46,46.689,50.404,54.432,99.112,100.798,103.356,60.000,103.500,59.000,60.917,other,0,-1,0,4
1465,45,43.621,48.859,48.312,98.638,100.314,102.956,46.000,102.958,58.000,56.972,other,0,-1,1,4
1466,56,44.595,49.775,47.216,98.165,99.830,102.555,45.000,102.417,54.000,51.583,other,0,-1,2,4
1467,56,49.657,55.230,49.583,97.908,99.570,102.200,56.000,102.500,63.000,54.556,other,0,-1,3,4
1468,56,52.195,56.244,51.546,97.522,99.176,101.818,56.000,102.208,63.000,57.139,other,0,-1,4,4
1469,50,54.844,57.333,55.266,97.135,98.782,101.436,56.000,101.917,57.000,54.694,other,0,-1,5,4
1470,44,58.318,57.918,59.494,96.748,98.387,101.053,50.000,101.625,82.000,65.167,other,0,-1,6,4
1471,70,67.432,62.655,65.438,95.912,97.528,100.577,44.000,100.042,80.000,74.667,other,0,-1,7,4
1472,89,80.934,79.232,83.320,95.482,97.089,100.186,70.000,99.625,80.000,86.667,other,0,-1,8,4
1473,92,98.118,100.107,102.869,95.327,96.935,99.852,89.000,100.000,86.000,109.861,other,0,-1,9,4
1474,130,117.422,121.278,117.581,95.129,96.735,99.509,92.000,100.250,112.000,125.222,other,0,-1,10,4
1475,123,137.312,149.543,147.044,95.104,96.716,99.202,130.000,101.000,114.000,147.361,other,0,-1,11,4
1476,163,151.231,156.319,152.979,94.949,96.561,98.868,123.000,101.375,207.000,161.111,other,0,-1,12,4
1477,158,166.577,172.886,176.296,94.027,95.612,98.374,163.000,99.542,163.000,174.694,other,0,-1,13,4
1478,159,168.467,166.736,172.719,93.669,95.248,97.998,158.000,99.333,223.000,178.167,other,0,-1,14,4
1479,202,163.683,160.173,166.249,92.456,93.999,97.443,159.000,96.667,194.000,172.583,other,0,-1,15,4
1480,163,160.676,171.531,177.612,92.287,93.830,97.106,202.000,97.000,151.000,165.472,other,0,-1,16,4
1481,164,132.233,139.694,144.818,92.175,93.720,96.781,163.000,97.500,143.000,138.861,other,0,-1,17,4
1482,118,110.322,126.381,130.887,92.194,93.746,96.484,164.000,98.375,110.000,121.333,other,0,-1,18,4
1483,118,89.917,96.909,99.046,92.025,93.576,96.147,118.000,98.708,108.000,101.944,other,0,-1,19,4
1484,86,71.226,84.392,88.286,91.884,93.437,95.816,118.000,99.125,79.000,84.222,other,0,-1,20,4
1485,78,58.456,65.160,70.613,91.701,93.252,95.476,86.000,99.417,81.000,70.889,other,0,-1,21,4
1486,64,46.915,55.894,62.380,91.372,92.918,95.106,78.000,99.292,57.000,63.889,other,0,-1,22,4
1487,69,39.621,47.904,54.581,91.188,92.733,94.766,64.000,99.583,60.000,57.111,other,0,-1,23,4
1488,39,36.811,48.583,52.013,91.033,92.579,94.432,69.000,99.958,46.000,38.722,other,0,-1,0,5
1489,39,33.744,40.747,30.859,90.903,92.400,94.209,39.000,99.667,45.000,42.139,other,0,-1,1,5
1490,54,35.712,42.521,31.367,90.788,92.235,93.989,39.000,99.417,56.000,43.389,other,0,-1,2,5
1491,29,43.696,50.354,35.949,90.731,92.131,93.782,54.000,99.333,56.000,43.528,other,0,-1,3,5
1492,46,38.285,41.653,33.961,90.312,91.652,93.498,29.000,98.208,56.000,42.111,other,0,-1,4,5
1493,44,45.724,49.208,42.126,90.139,91.427,93.266,46.000,97.792,50.000,43.028,other,0,-1,5,5
1494,57,48.585,50.815,47.850,90.024,91.263,93.046,44.000,97.542,44.000,55.167,other,0,-1,6,5
1495,57,57.233,60.306,59.833,90.184,91.383,92.884,57.000,98.083,70.000,63.917,other,0,-1,7,5
1496,44,67.822,69.080,69.289,89.968,91.114,92.643,57.000,97.542,89.000,81.722,other,0,-1,8,5
1497,92,84.976,78.362,74.005,89.288,90.365,92.305,44.000,95.667,92.000,98.167,other,0,-1,9,5
1498,119,102.858,108.239,106.554,89.260,90.291,92.104,92.000,95.667,130.000,102.556,other,0,-1,10,5
1499,155,123.256,132.876,131.807,89.072,90.051,91.869,119.000,95.208,123.000,122.722,other,0,-1,11,5
1500,109,146.072,160.044,162.163,89.508,90.457,91.764,155.000,96.542,163.000,141.028,other,0,-1,12,5
1501,158,146.193,139.521,137.365,88.697,89.573,91.399,109.000,94.292,158.000,161.333,other,0,-1,13,5
1502,174,157.956,159.783,167.063,88.669,89.498,91.197,158.000,94.292,159.000,179.778,other,0,-1,14,5
1503,181,156.966,161.865,171.398,88.858,89.649,91.041,174.000,94.917,202.000,180.472,other,0,-1,15,5
1504,104,144.890,155.310,164.081,88.526,89.260,90.776,181.000,94.042,163.000,165.833,other,0,-1,16,5
1505,132,120.211,117.918,108.171,87.643,88.301,90.395,104.000,91.583,164.000,148.556,other,0,-1,17,5
1506,133,100.316,109.234,105.574,87.152,87.747,90.097,132.000,90.250,118.000,114.861,other,0,-1,18,5
1507,87,80.561,94.045,91.016,87.341,87.897,89.941,133.000,90.875,118.000,90.528,other,0,-1,19,5
1508,83,66.641,70.360,65.096,86.864,87.358,89.645,87.000,89.583,86.000,74.972,other,0,-1,20,5
1509,58,51.844,58.636,57.145,86.792,87.238,89.434,83.000,89.458,78.000,60.444,other,0,-1,21,5
1510,59,42.480,46.527,47.352,86.474,86.864,89.172,58.000,88.625,64.000,52.389,other,0,-1,22,5
1511,39,35.478,43.821,44.441,86.374,86.715,88.956,59.000,88.417,69.000,44.139,other,0,-1,23,5
1512,33,31.559,37.813,38.961,85.911,86.191,88.663,39.000,87.167,39.000,32.472,other,0,-1,0,6
1513,19,31.725,37.020,31.563,86.074,86.297,88.755,33.000,86.917,39.000,34.500,other,0,-1,1,6
1514,16,30.863,34.630,30.448,86.035,86.194,88.804,19.000,86.083,54.000,33.361,other,0,-1,2,6
1515,19,32.404,35.405,31.986,85.735,85.821,88.798,16.000,84.500,29.000,35.222,other,0,-1,3,6
1516,27,35.476,37.985,35.830,85.840,85.868,88.878,19.000,84.083,46.000,34.028,other,0,-1,4,6
1517,37,40.145,42.576,42.142,85.815,85.779,88.930,27.000,83.292,44.000,36.611,other,0,-1,5,6
1518,26,46.084,49.091,50.644,85.964,85.871,89.018,37.000,83.000,57.000,38.694,other,0,-1,6,6
1519,55,51.351,51.264,53.991,85.765,85.603,89.034,26.000,81.708,57.000,47.194,other,0,-1,7,6
1520,63,64.771,69.322,71.399,85.987,85.769,89.138,55.000,81.625,44.000,59.167,other,0,-1,8,6
1521,104,80.547,83.400,82.608,86.512,86.251,89.305,63.000,82.417,92.000,78.778,other,0,-1,9,6
1522,86,102.584,112.993,110.769,86.936,86.627,89.451,104.000,82.917,119.000,101.278,other,0,-1,10,6
1523,129,117.599,112.320,107.462,86.708,86.329,89.461,86.000,81.542,155.000,121.778,other,0,-1,11,6
1524,143,137.656,140.199,137.735,86.582,86.136,89.492,129.000,80.458,109.000,140.833,other,0,-1,12,6
1525,136,150.289,150.624,149.466,87.325,86.842,89.704,143.000,81.875,158.000,148.472,other,0,-1,13,6
1526,154,151.657,148.017,144.098,87.256,86.709,89.747,136.000,80.958,174.000,156.639,other,0,-1,14,6
1527,162,150.093,152.027,152.091,87.217,86.606,89.797,154.000,80.125,181.000,153.306,other,0,-1,15,6
1528,139,139.557,146.440,149.116,87.192,86.518,89.849,162.000,79.333,104.000,133.083,other,0,-1,16,6
1529,99,120.768,125.835,122.766,87.949,87.239,90.064,139.000,80.792,132.000,123.667,other,0,-1,17,6
1530,79,104.608,103.197,89.842,87.722,86.941,90.074,99.000,79.417,133.000,102.583,other,0,-1,18,6
1531,89,89.074,84.961,70.964,87.190,86.328,90.020,79.000,77.167,87.000,79.889,other,0,-1,19,6
1532,38,70.236,70.682,64.033,87.469,86.554,90.136,89.000,77.250,83.000,59.111,other,0,-1,20,6
1533,49,61.708,54.542,46.495,87.067,86.076,90.110,38.000,75.375,58.000,47.306,other,0,-1,21,6
1534,24,48.084,47.210,45.259,87.187,86.138,90.192,49.000,75.000,59.000,35.306,other,0,-1,22,6
1535,32,41.767,39.473,39.191,86.930,85.810,90.196,24.000,73.542,39.000,32.556,other,0,-1,23,6
1536,43,38.040,40.050,39.618,87.079,85.902,90.284,32.000,73.250,33.000,61.343,other,0,-1,0,0
1537,57,40.896,44.495,45.450,87.564,86.371,90.653,43.000,73.667,19.000,59.743,other,0,-1,1,0
1538,86,49.422,54.721,49.662,88.455,87.260,91.106,57.000,75.250,16.000,61.829,other,0,-1,2,0
1539,67,71.065,75.121,60.036,89.809,88.629,91.656,86.000,78.167,19.000,63.543,other,0,-1,3,0
1540,72,61.013,66.011,59.642,90.845,89.668,92.140,67.000,80.167,27.000,60.000,other,0,-1,4,0
1541,80,64.429,70.645,67.050,91.837,90.662,92.615,72.000,82.042,37.000,77.171,other,0,-1,5,0
1542,72,68.636,77.723,77.024,92.800,91.627,93.083,80.000,83.833,26.000,77.686,other,0,-1,6,0
1543,63,65.964,78.673,82.509,93.806,92.636,93.561,72.000,85.750,55.000,91.543,other,0,-1,7,0
1544,83,72.394,85.241,87.548,94.263,93.075,93.923,63.000,86.083,63.000,101.114,other,0,-1,8,0
1545,95,90.520,106.783,103.961,94.892,93.695,94.322,83.000,86.917,104.000,122.829,other,0,-1,9,0
1546,128,110.395,124.737,117.221,95.102,93.879,94.633,95.000,86.542,86.000,137.200,other,0,-1,10,0
1547,157,135.141,148.146,140.995,96.051,94.828,95.099,128.000,88.292,129.000,150.314,other,0,-1,11,0
1548,171,158.502,167.185,162.780,96.797,95.568,95.522,157.000,89.458,143.000,163.229,other,0,-1,12,0
1549,156,171.163,175.273,173.703,97.543,96.307,95.945,171.000,90.625,136.000,172.800,other,0,-1,13,0
1550,183,167.750,165.719,163.120,98.172,96.926,96.344,156.000,91.458,154.000,172.257,other,0,-1,14,0
1551,175,170.311,172.211,176.056,98.933,97.681,96.770,183.000,92.667,162.000,183.343,other,0,-1,15,0
1552,151,156.132,157.783,163.138,99.461,98.195,97.148,175.000,93.208,139.000,162.143,other,0,-1,16,0
1553,117,136.839,135.384,138.522,99.975,98.694,97.522,151.000,93.708,99.000,148.800,other,0,-1,17,0
1554,130,118.879,112.369,110.386,100.576,99.284,97.915,117.000,94.458,79.000,128.829,other,0,-1,18,0
1555,113,99.179,97.494,104.259,101.655,100.368,98.408,130.000,96.583,89.000,110.171,other,0,-1,19,0
1556,100,82.873,80.890,87.370,102.343,101.047,98.819,113.000,97.583,38.000,85.143,other,0,-1,20,0
1557,75,70.188,69.845,75.369,103.581,102.296,99.345,100.000,100.167,49.000,75.143,other,0,-1,21,0
1558,57,60.901,60.418,63.883,104.298,103.006,99.762,75.000,101.250,24.000,65.229,other,0,-1,22,0
1559,52,54.967,54.955,56.934,105.116,103.820,100.200,57.000,102.625,32.000,63.543,other,0,-1,23,0
1560,63,53.290,54.565,54.201,105.746,104.439,100.599,52.000,103.458,43.000,61.694,other,0,-1,0,1
1561,76,56.036,59.077,56.326,106.210,104.941,100.972,63.000,104.292,57.000,62.000,other,0,-1,1,1
1562,44,65.441,67.719,58.794,106.659,105.428,101.342,76.000,105.083,86.000,62.222,other,0,-1,2,1
1563,65,55.834,56.618,53.511,106.225,105.000,101.527,44.000,103.333,67.000,61.389,other,0,-1,3,1
1564,44,65.762,66.417,60.936,106.370,105.172,101.833,65.000,103.250,72.000,63.583,other,0,-1,4,1
1565,61,59.934,60.230,61.098,106.138,104.954,102.061,44.000,102.083,80.000,65.139,other,0,-1,5,1
1566,61,67.114,69.265,71.544,106.037,104.871,102.316,61.000,101.292,72.000,66.417,other,0,-1,6,1
1567,84,73.619,75.998,79.676,106.051,104.908,102.595,61.000,100.833,63.000,77.639,other,0,-1,7,1
1568,89,88.653,93.694,96.714,106.529,105.425,102.971,84.000,101.708,83.000,91.833,other,0,-1,8,1
1569,80,105.519,111.210,109.241,106.790,105.717,103.301,89.000,101.958,95.000,109.944,other,0,-1,9,1
1570,135,124.609,129.440,115.742,106.747,105.694,103.568,80.000,101.333,128.000,131.361,other,0,-1,10,1
1571,149,148.611,152.754,150.351,107.022,106.000,103.902,135.000,101.625,157.000,148.500,other,0,-1,11,1
1572,129,164.506,165.740,164.724,107.080,106.082,104.190,149.000,101.292,171.000,174.389,other,0,-1,12,1
1573,196,167.260,164.790,156.954,106.646,105.655,104.375,129.000,99.542,156.000,191.778,other,0,-1,13,1
1574,192,187.322,187.474,193.247,107.399,106.456,104.808,196.000,101.208,183.000,190.222,other,0,-1,14,1
1575,187,178.336,180.328,184.708,107.704,106.793,105.148,192.000,101.583,175.000,183.056,other,0,-1,15,1
1576,180,165.550,168.277,171.573,108.051,107.175,105.497,187.000,102.083,151.000,168.806,other,0,-1,16,1
1577,150,149.118,151.564,154.944,108.645,107.811,105.897,180.000,103.292,117.000,158.750,other,0,-1,17,1
1578,122,128.376,125.891,127.043,109.297,108.508,106.309,150.000,104.667,130.000,131.639,other,0,-1,18,1
1579,81,110.152,103.867,104.970,109.355,108.590,106.597,122.000,104.333,113.000,103.944,other,0,-1,19,1
1580,82,96.103,84.396,83.460,109.066,108.312,106.813,81.000,103.000,100.000,92.389,other,0,-1,20,1
1581,65,80.081,72.576,76.700,108.979,108.244,107.070,82.000,102.250,75.000,77.389,other,0,-1,21,1
1582,77,69.509,63.057,65.036,109.008,108.296,107.353,65.000,101.833,57.000,64.944,other,0,-1,22,1
1583,59,63.664,63.463,61.907,109.472,108.798,107.725,77.000,102.667,52.000,62.889,other,0,-1,23,1
1584,46,59.896,59.034,53.127,109.747,109.105,108.059,59.000,102.958,63.000,59.639,other,0,-1,0,2
1585,72,57.591,56.578,53.037,109.378,108.782,108.059,46.000,102.250,76.000,64.167,other,0,-1,1,2
1586,59,64.825,66.578,56.747,109.196,108.654,108.097,72.000,102.083,44.000,56.194,other,0,-1,2,2
1587,64,63.486,63.097,54.757,109.290,108.812,108.194,59.000,102.708,65.000,60.528,other,0,-1,3,2
1588,62,67.415,65.917,57.808,109.153,108.729,108.242,64.000,102.667,44.000,62.444,other,0,-1,4,2
1589,53,69.332,66.409,61.319,109.290,108.931,108.348,62.000,103.417,61.000,62.833,other,0,-1,5,2
1590,70,72.599,66.793,64.943,109.051,108.743,108.374,53.000,103.083,61.000,70.472,other,0,-1,6,2
1591,94,83.369,76.479,76.734,109.058,108.810,108.453,70.000,103.458,84.000,78.639,other,0,-1,7,2
1592,98,98.950,90.757,93.742,109.079,108.892,108.534,94.000,103.875,89.000,89.639,other,0,-1,8,2
1593,115,115.506,105.811,106.885,109.087,108.959,108.612,98.000,104.250,80.000,104.833,other,0,-1,9,2
1594,133,134.629,126.249,125.826,109.470,109.416,108.769,115.000,105.708,135.000,127.694,other,0,-1,10,2
1595,195,152.265,146.318,145.098,109.318,109.319,108.814,133.000,105.625,149.000,145.361,other,0,-1,11,2
1596,190,180.867,172.818,183.501,109.861,109.940,109.004,195.000,107.542,129.000,159.222,other,0,-1,12,2
1597,165,179.429,180.737,185.851,110.621,110.787,109.240,190.000,110.083,196.000,182.222,other,0,-1,13,2
1598,193,171.426,174.741,172.321,110.049,110.254,109.197,165.000,108.792,192.000,185.000,other,0,-1,14,2
1599,162,171.805,181.230,180.267,109.940,110.202,109.251,193.000,108.833,187.000,172.750,other,0,-1,15,2
1600,187,157.545,161.416,154.473,109.455,109.759,109.227,162.000,107.792,180.000,158.694,other,0,-1,16,2
1601,128,147.229,159.780,154.831,109.433,109.796,109.299,187.000,108.083,150.000,148.139,other,0,-1,17,2
1602,133,130.586,125.914,116.264,108.991,109.399,109.284,128.000,107.167,122.000,124.722,other,0,-1,18,2
1603,109,111.797,112.129,108.579,109.027,109.496,109.368,133.000,107.625,81.000,108.833,other,0,-1,19,2
1604,102,96.047,92.820,90.898,109.309,109.848,109.504,109.000,108.792,82.000,89.361,other,0,-1,20,2
1605,84,80.631,80.850,80.774,109.476,110.080,109.615,102.000,109.625,65.000,75.500,other,0,-1,21,2
1606,81,69.881,69.620,68.331,109.628,110.297,109.724,84.000,110.417,77.000,67.139,other,0,-1,22,2
1607,70,62.480,65.710,61.275,109.562,110.289,109.787,81.000,110.583,59.000,62.722,other,0,-1,23,2
1608,62,58.839,61.750,53.907,109.598,110.386,109.871,70.000,111.042,46.000,61.389,other,0,-1,0,3
1609,74,56.976,61.972,62.184,109.502,110.339,109.671,62.000,111.708,72.000,64.194,other,0,-1,1,3
1610,64,61.489,67.851,63.108,109.204,110.083,109.429,74.000,111.792,59.000,65.056,other,0,-1,2,3
1611,64,61.214,64.963,61.028,108.948,109.872,109.195,64.000,112.000,64.000,61.583,other,0,-1,3,3
1612,61,63.593,65.643,62.472,108.621,109.585,108.946,64.000,112.000,62.000,61.250,other,0,-1,4,3
1613,58,65.688,65.349,64.947,108.279,109.284,108.695,61.000,111.958,53.000,63.500,other,0,-1,5,3
1614,71,70.457,66.680,69.186,108.023,109.072,108.461,58.000,112.167,70.000,67.778,other,0,-1,6,3
1615,74,80.435,74.829,79.482,107.710,108.801,108.216,71.000,112.208,94.000,79.889,other,0,-1,7,3
1616,82,94.245,85.037,89.479,107.093,108.215,107.906,74.000,111.375,98.000,92.417,other,0,-1,8,3
1617,114,111.914,102.494,103.066,106.533,107.688,107.609,82.000,110.708,115.000,115.000,other,0,-1,9,3
1618,107,130.232,126.269,126.754,106.191,107.387,107.358,114.000,110.667,133.000,126.583,other,0,-1,10,3
1619,172,146.891,146.920,136.032,105.487,106.711,107.030,107.000,109.583,195.000,145.861,other,0,-1,11,3
1620,196,167.175,170.559,171.414,104.826,106.079,106.712,172.000,108.625,190.000,168.111,other,0,-1,12,3
1621,112,180.346,186.044,186.884,104.585,105.883,106.482,196.000,108.875,165.000,177.472,other,0,-1,13,3
1622,178,164.426,158.791,150.455,103.490,104.802,106.073,112.000,106.667,193.000,176.694,other,0,-1,14,3
1623,180,167.897,172.857,172.730,102.945,104.291,105.779,178.000,106.042,162.000,173.972,other,0,-1,15,3
1624,161,157.411,165.240,165.002,102.878,104.274,105.584,180.000,106.792,187.000,162.111,other,0,-1,16,3
1625,117,139.463,146.306,145.054,102.173,103.598,105.257,161.000,105.708,128.000,150.028,other,0,-1,17,3
1626,142,122.362,120.020,115.185,101.686,103.147,104.975,117.000,105.250,133.000,132.389,other,0,-1,18,3
1627,123,101.551,114.057,114.296,101.489,102.995,104.754,142.000,105.625,109.000,108.528,other,0,-1,19,3
1628,122,84.369,95.965,97.220,101.364,102.919,104.548,123.000,106.208,102.000,100.083,other,0,-1,20,3
1629,66,68.927,88.415,88.192,101.326,102.932,104.359,122.000,107.042,84.000,85.306,other,0,-1,21,3
1630,84,61.429,61.382,65.658,100.738,102.376,104.056,66.000,106.292,81.000,74.778,other,0,-1,22,3
1631,73,51.511,62.635,64.640,100.454,102.134,103.817,84.000,106.417,70.000,70.444,other,0,-1,23,3
1632,41,47.719,56.715,57.980,100.169,101.893,103.577,73.000,106.542,62.000,60.917,other,0,-1,0,4
1633,48,43.825,49.387,47.958,99.580,101.289,103.152,41.000,105.667,74.000,56.972,other,0,-1,1,4
1634,55,45.566,52.811,48.194,98.918,100.609,102.713,48.000,104.583,64.000,51.583,other,0,-1,2,4
1635,58,49.516,56.611,49.843,98.502,100.185,102.324,55.000,104.208,64.000,54.556,other,0,-1,3,4
1636,50,52.830,58.540,52.369,98.130,99.806,101.945,58.000,103.958,61.000,57.139,other,0,-1,4,4
1637,70,53.452,56.386,54.283,97.685,99.351,101.551,50.000,103.500,58.000,54.694,other,0,-1,5,4
1638,81,61.897,65.395,64.907,97.574,99.242,101.226,70.000,104.000,71.000,65.167,other,0,-1,6,4
1639,79,70.155,73.435,76.511,97.433,99.103,100.895,81.000,104.417,74.000,74.667,other,0,-1,7,4
1640,87,80.821,81.729,86.534,97.220,98.888,100.549,79.000,104.625,82.000,86.667,other,0,-1,8,4
1641,93,97.697,99.462,101.873,97.008,98.674,100.203,87.000,104.833,114.000,109.861,other,0,-1,9,4
1642,117,116.843,121.128,117.454,96.418,98.069,99.778,93.000,103.958,107.000,125.222,other,0,-1,10,4
1643,160,135.602,144.831,140.144,96.278,97.930,99.447,117.000,104.375,172.000,147.361,other,0,-1,11,4
1644,216,156.854,169.976,169.567,95.818,97.461,99.050,160.000,103.875,196.000,161.111,other,0,-1,12,4
1645,174,190.189,204.504,202.532,95.823,97.471,98.749,216.000,104.708,112.000,174.694,other,0,-1,13,4
1646,184,171.868,174.485,180.337,96.436,98.111,98.576,174.000,107.292,178.000,178.167,other,0,-1,14,4
1647,137,169.452,172.200,179.304,96.237,97.912,98.233,184.000,107.542,180.000,172.583,other,0,-1,15,4
1648,145,150.092,143.267,145.690,95.329,96.978,97.742,137.000,105.750,161.000,165.472,other,0,-1,16,4
1649,116,132.114,133.433,136.477,94.812,96.449,97.332,145.000,105.083,117.000,138.861,other,0,-1,17,4
1650,121,112.506,111.414,111.270,94.512,96.144,96.968,116.000,105.042,142.000,121.333,other,0,-1,18,4
1651,91,91.652,97.875,101.510,93.923,95.540,96.543,121.000,104.167,123.000,101.944,other,0,-1,19,4
1652,84,76.614,77.316,82.356,93.174,94.771,96.085,91.000,102.833,122.000,84.222,other,0,-1,20,4
1653,91,60.654,64.734,73.368,92.338,93.912,95.609,84.000,101.250,66.000,70.889,other,0,-1,21,4
1654,64,47.611,60.619,69.429,92.415,93.997,95.324,91.000,102.292,84.000,63.889,other,0,-1,22,4
1655,62,40.812,48.064,59.073,91.840,93.408,94.902,64.000,101.458,73.000,57.111,other,0,-1,23,4
1656,39,36.916,46.157,55.423,91.395,92.954,94.508,62.000,101.000,41.000,38.722,other,0,-1,0,5
1657,39,34.602,40.852,35.035,91.338,92.849,94.300,39.000,100.917,48.000,42.139,other,0,-1,1,5
1658,38,36.450,42.636,35.379,91.179,92.640,94.071,39.000,100.542,55.000,43.389,other,0,-1,2,5
1659,52,38.795,43.808,36.497,90.905,92.311,93.818,38.000,99.833,58.000,43.528,other,0,-1,3,5
1660,40,46.312,50.779,42.079,90.790,92.146,93.598,52.000,99.583,50.000,42.111,other,0,-1,4,5
1661,43,44.667,47.009,43.408,90.617,91.922,93.366,40.000,99.167,70.000,43.028,other,0,-1,5,5
1662,44,49.203,50.511,49.627,90.198,91.443,93.083,43.000,98.042,81.000,55.167,other,0,-1,6,5
1663,74,56.479,56.029,56.861,89.634,90.814,92.769,44.000,96.500,79.000,63.917,other,0,-1,7,5
1664,84,70.099,74.962,76.602,89.533,90.664,92.552,74.000,96.292,87.000,81.722,other,0,-1,8,5
1665,79,85.386,91.105,91.392,89.462,90.545,92.342,84.000,96.167,93.000,98.167,other,0,-1,9,5
1666,108,104.169,103.071,99.136,89.231,90.261,92.098,79.000,95.583,117.000,102.556,other,0,-1,10,5
1667,133,123.012,127.444,124.059,89.072,90.051,91.869,108.000,95.208,160.000,122.722,other,0,-1,11,5
1668,102,140.681,147.087,146.447,88.653,89.572,91.585,133.000,94.083,216.000,141.028,other,0,-1,12,5
1669,185,146.239,137.152,131.657,86.974,87.789,91.039,102.000,89.333,174.000,161.333,other,0,-1,13,5
1670,161,166.008,175.387,183.173,87.105,87.879,90.870,185.000,89.792,184.000,179.778,other,0,-1,14,5
1671,159,153.389,155.691,161.790,86.743,87.460,90.599,161.000,88.833,137.000,180.472,other,0,-1,15,5
1672,124,140.249,145.622,150.174,87.034,87.715,90.464,159.000,89.750,145.000,165.833,other,0,-1,16,5
1673,122,120.138,122.492,117.291,86.702,87.326,90.199,124.000,88.875,116.000,148.556,other,0,-1,17,5
1674,97,100.405,107.286,101.221,86.761,87.342,90.015,122.000,89.125,121.000,114.861,other,0,-1,18,5
1675,79,83.184,86.900,78.291,86.385,86.908,89.741,97.000,88.125,91.000,90.528,other,0,-1,19,5
1676,57,67.320,69.451,63.212,86.183,86.653,89.503,79.000,87.625,84.000,74.972,other,0,-1,20,5
1677,48,54.445,54.332,51.722,85.764,86.174,89.220,57.000,86.500,91.000,60.444,other,0,-1,21,5
1678,52,42.864,44.406,45.786,85.113,85.455,88.888,48.000,84.708,64.000,52.389,other,0,-1,22,5
1679,47,34.850,41.342,43.518,84.911,85.201,88.650,52.000,84.208,62.000,44.139,other,0,-1,23,5
1680,30,31.765,39.604,40.574,84.665,84.901,88.403,47.000,83.583,39.000,32.472,other,0,-1,0,6
1681,30,30.776,35.249,31.452,84.785,84.963,88.485,30.000,83.208,39.000,34.500,other,0,-1,1,6
1682,25,33.046,37.750,32.951,84.905,85.025,88.568,30.000,82.833,38.000,33.361,other,0,-1,2,6
1683,32,34.339,37.958,34.336,84.967,85.026,88.638,25.000,82.292,52.000,35.222,other,0,-1,3,6
1684,30,39.077,42.336,39.325,84.928,84.923,88.687,32.000,81.458,40.000,34.028,other,0,-1,4,6
1685,29,40.768,43.277,43.510,85.033,84.970,88.767,30.000,81.042,43.000,36.611,other,0,-1,5,6
1686,32,44.068,46.007,48.902,85.080,84.957,88.834,29.000,80.458,44.000,38.694,other,0,-1,6,6
1687,58,51.439,52.869,56.286,85.157,84.973,88.907,32.000,79.958,74.000,47.194,other,0,-1,7,6
1688,60,64.900,70.468,72.904,85.175,84.930,88.969,58.000,79.292,84.000,59.167,other,0,-1,8,6
1689,67,80.060,82.168,81.335,85.078,84.767,89.006,60.000,78.292,79.000,78.778,other,0,-1,9,6
1690,94,98.827,95.515,91.464,85.154,84.783,89.079,67.000,77.792,108.000,101.278,other,0,-1,10,6
1691,91,117.967,115.847,111.381,85.202,84.770,89.146,94.000,77.208,133.000,121.778,other,0,-1,11,6
1692,125,132.195,121.863,113.959,84.844,84.337,89.129,91.000,75.458,102.000,140.833,other,0,-1,12,6
1693,139,146.456,141.849,136.737,85.427,84.879,89.308,125.000,76.417,185.000,148.472,other,0,-1,13,6
1694,140,151.282,149.568,145.335,85.011,84.386,89.279,139.000,74.500,161.000,156.639,other,0,-1,14,6
1695,144,147.153,147.047,142.166,84.957,84.267,89.325,140.000,73.625,159.000,153.306,other,0,-1,15,6
1696,122,136.401,140.569,137.211,84.990,84.239,89.389,144.000,73.000,124.000,133.083,other,0,-1,16,6
1697,127,119.836,122.620,113.465,85.211,84.406,89.493,122.000,72.917,122.000,123.667,other,0,-1,17,6
1698,72,101.578,108.045,102.273,85.534,84.677,89.617,127.000,73.125,97.000,102.583,other,0,-1,18,6
1699,67,88.444,84.951,68.475,85.422,84.499,89.651,72.000,72.083,79.000,79.889,other,0,-1,19,6
1700,52,71.565,69.066,57.980,85.499,84.516,89.725,67.000,71.583,57.000,59.111,other,0,-1,20,6
1701,50,58.121,55.628,48.690,85.677,84.637,89.819,52.000,71.375,48.000,47.306,other,0,-1,21,6
1702,46,46.642,47.717,45.013,85.956,84.864,89.935,50.000,71.458,52.000,35.306,other,0,-1,22,6
1703,20,40.178,44.093,42.572,86.119,84.970,90.026,46.000,71.208,47.000,32.556,other,0,-1,23,6
1704,64,36.096,37.753,37.431,85.978,84.762,90.054,20.000,70.083,30.000,61.343,other,0,-1,0,0
1705,54,47.067,54.183,50.326,86.811,85.592,90.496,64.000,71.500,30.000,59.743,other,0,-1,1,0
1706,49,47.367,54.335,49.487,87.499,86.271,90.907,54.000,72.500,25.000,61.829,other,0,-1,2,0
1707,49,48.724,55.089,51.067,88.187,86.950,91.318,49.000,73.500,32.000,63.543,other,0,-1,3,0
1708,60,50.924,57.176,55.129,88.773,87.525,91.707,49.000,74.208,30.000,60.000,other,0,-1,4,0
1709,52,57.105,64.570,63.639,89.548,88.294,92.137,60.000,75.458,29.000,77.171,other,0,-1,5,0
1710,55,54.568,63.660,68.079,90.221,88.958,92.545,52.000,76.417,32.000,77.686,other,0,-1,6,0
1711,67,60.003,71.269,76.591,90.895,89.623,92.953,55.000,77.375,58.000,91.543,other,0,-1,7,0
1712,91,72.183,86.642,89.009,91.365,90.077,93.318,67.000,77.750,60.000,101.114,other,0,-1,8,0
1713,104,91.422,110.035,107.411,92.155,90.861,93.750,91.000,79.042,67.000,122.829,other,0,-1,9,0
1714,113,111.509,128.550,121.559,93.031,91.735,94.201,104.000,80.583,94.000,137.200,other,0,-1,10,0
1715,126,130.831,141.662,132.758,93.646,92.340,94.597,113.000,81.375,91.000,150.314,other,0,-1,11,0
1716,143,148.124,152.382,144.398,94.493,93.184,95.041,126.000,82.833,125.000,163.229,other,0,-1,12,0
1717,168,161.214,161.660,156.259,95.094,93.773,95.434,143.000,83.583,139.000,172.800,other,0,-1,13,0
1718,178,170.471,171.214,170.740,95.855,94.528,95.860,168.000,84.792,140.000,172.257,other,0,-1,14,0
1719,198,168.285,169.710,172.731,96.745,95.417,96.313,178.000,86.375,144.000,183.343,other,0,-1,15,0
1720,192,163.538,168.261,177.758,97.868,96.546,96.815,198.000,88.625,122.000,162.143,other,0,-1,16,0
1721,171,144.585,149.021,162.120,99.222,97.915,97.365,192.000,91.542,127.000,148.800,other,0,-1,17,0
1722,126,120.376,122.884,135.693,100.200,98.894,97.837,171.000,93.375,72.000,128.829,other,0,-1,18,0
1723,115,97.878,95.871,100.928,101.322,100.023,98.338,126.000,95.625,67.000,110.171,other,0,-1,19,0
1724,105,81.596,80.167,85.669,102.358,101.062,98.822,115.000,97.625,52.000,85.143,other,0,-1,20,0
1725,73,69.495,69.863,74.121,103.466,102.176,99.321,105.000,99.833,50.000,75.143,other,0,-1,21,0
1726,64,59.681,59.080,60.755,104.139,102.841,99.729,73.000,100.792,46.000,65.229,other,0,-1,22,0
1727,62,54.854,55.950,55.335,104.740,103.430,100.122,64.000,101.542,20.000,63.543,other,0,-1,23,0
1728,64,55.011,57.085,53.457,105.688,104.379,100.587,62.000,103.292,64.000,61.694,other,0,-1,0,1
1729,79,55.948,58.729,53.229,105.862,104.581,100.899,64.000,103.292,54.000,62.000,other,0,-1,1,1
1730,55,66.599,68.263,56.210,106.398,105.158,101.287,79.000,104.333,49.000,62.222,other,0,-1,2,1
1731,68,59.210,60.192,53.073,106.659,105.450,101.618,55.000,104.583,49.000,61.389,other,0,-1,3,1
1732,47,66.948,67.159,59.328,107.109,105.936,101.988,68.000,105.375,60.000,63.583,other,0,-1,4,1
1733,68,60.434,60.817,59.917,107.094,105.943,102.261,47.000,104.833,52.000,65.139,other,0,-1,5,1
1734,73,69.313,71.421,71.960,107.500,106.385,102.621,68.000,105.500,55.000,66.417,other,0,-1,6,1
1735,84,76.116,79.291,82.252,107.935,106.857,102.988,73.000,106.250,67.000,77.639,other,0,-1,7,1
1736,93,89.290,93.633,96.129,108.355,107.314,103.352,84.000,106.958,91.000,91.833,other,0,-1,8,1
1737,96,106.726,111.954,110.586,108.558,107.546,103.670,93.000,107.042,104.000,109.944,other,0,-1,9,1
1738,94,125.765,131.092,122.607,108.616,107.627,103.958,96.000,106.708,113.000,131.361,other,0,-1,10,1
1739,149,142.917,146.561,130.803,108.514,107.545,104.213,94.000,105.917,126.000,148.500,other,0,-1,11,1
1740,161,165.953,165.813,165.177,109.022,108.091,104.595,149.000,106.875,143.000,174.389,other,0,-1,12,1
1741,209,175.580,173.660,174.984,109.456,108.563,104.962,161.000,107.625,168.000,191.778,other,0,-1,13,1
1742,186,196.474,194.225,201.480,110.224,109.379,105.398,209.000,109.333,178.000,190.222,other,0,-1,14,1
1743,178,177.454,177.483,181.606,110.514,109.701,105.735,186.000,109.667,198.000,183.056,other,0,-1,15,1
1744,134,164.125,164.484,166.664,110.398,109.603,105.987,178.000,108.833,192.000,168.806,other,0,-1,16,1
1745,104,145.677,138.433,131.714,109.732,108.936,106.124,134.000,106.417,171.000,158.750,other,0,-1,17,1
1746,121,131.029,118.344,108.382,108.935,108.133,106.233,104.000,103.625,126.000,131.639,other,0,-1,18,1
1747,110,110.649,103.907,106.247,109.037,108.260,106.530,121.000,103.417,115.000,103.944,other,0,-1,19,1
1748,74,93.418,87.695,94.630,109.138,108.387,106.828,110.000,103.208,105.000,92.389,other,0,-1,20,1
1749,91,81.322,71.755,76.822,108.863,108.124,107.046,74.000,101.917,73.000,77.389,other,0,-1,21,1
1750,48,69.495,68.823,74.868,109.298,108.596,107.413,91.000,102.667,64.000,64.944,other,0,-1,22,1
1751,54,62.364,56.833,57.907,109.240,108.558,107.677,48.000,102.000,62.000,62.889,other,0,-1,23,1
1752,54,59.183,57.911,54.525,109.298,108.640,107.965,54.000,101.667,64.000,59.639,other,0,-1,0,2
1753,57,58.491,59.132,57.213,109.030,108.422,107.986,54.000,101.250,79.000,64.167,other,0,-1,1,2
1754,52,60.584,61.400,56.454,108.588,108.025,107.970,57.000,100.333,55.000,56.194,other,0,-1,2,2
1755,67,61.712,60.952,55.752,108.421,107.912,108.012,52.000,100.208,68.000,60.528,other,0,-1,3,2
1756,59,68.607,67.297,60.419,108.283,107.829,108.060,67.000,100.167,47.000,62.444,other,0,-1,4,2
1757,68,68.630,65.588,62.323,108.334,107.941,108.148,59.000,100.667,68.000,62.833,other,0,-1,5,2
1758,75,74.900,70.716,69.688,108.211,107.874,108.199,68.000,100.667,73.000,70.472,other,0,-1,6,2
1759,88,83.764,77.588,78.907,108.116,107.836,108.256,75.000,100.750,84.000,78.639,other,0,-1,7,2
1760,101,97.642,89.591,92.259,108.051,107.828,108.319,88.000,100.917,93.000,89.639,other,0,-1,8,2
1761,113,114.990,106.042,108.014,108.044,107.880,108.394,101.000,101.250,96.000,104.833,other,0,-1,9,2
1762,98,133.516,126.119,124.779,108.166,108.067,108.497,113.000,101.958,94.000,127.694,other,0,-1,10,2
1763,174,149.280,146.481,129.808,108.101,108.059,108.560,98.000,102.125,149.000,145.361,other,0,-1,11,2
1764,156,170.196,166.737,172.619,108.340,108.366,108.687,174.000,103.167,161.000,159.222,other,0,-1,12,2
1765,136,169.897,171.011,168.345,108.144,108.224,108.723,156.000,102.958,209.000,182.222,other,0,-1,13,2
1766,164,166.620,167.003,157.534,106.964,107.061,108.553,136.000,99.917,186.000,185.000,other,0,-1,14,2
1767,188,165.033,170.198,164.770,106.522,106.664,108.538,164.000,99.000,178.000,172.750,other,0,-1,15,2
1768,183,160.163,171.345,166.939,106.543,106.746,108.619,188.000,99.417,134.000,158.694,other,0,-1,16,2
1769,121,146.542,158.259,152.574,107.130,107.413,108.818,183.000,101.458,104.000,148.139,other,0,-1,17,2
1770,116,129.614,125.175,112.787,107.253,107.600,108.921,121.000,102.167,121.000,124.722,other,0,-1,18,2
1771,141,112.184,108.823,101.143,107.057,107.457,108.957,116.000,101.958,110.000,108.833,other,0,-1,19,2
1772,101,92.551,103.797,101.769,107.383,107.854,109.101,141.000,103.250,74.000,89.361,other,0,-1,20,2
1773,54,79.470,81.223,79.097,107.650,108.191,109.234,101.000,104.375,91.000,75.500,other,0,-1,21,2
1774,66,71.797,64.150,58.584,106.991,107.568,109.173,54.000,102.833,48.000,67.139,other,0,-1,22,2
1775,53,61.269,61.731,55.687,107.129,107.770,109.279,66.000,103.583,54.000,62.722,other,0,-1,23,2
1776,63,56.732,57.043,48.215,106.991,107.688,109.327,53.000,103.542,54.000,61.389,other,0,-1,0,3
1777,46,56.262,62.435,59.864,106.794,107.536,109.105,63.000,103.917,57.000,64.194,other,0,-1,1,3
1778,63,54.895,57.785,55.221,106.307,107.085,108.824,46.000,103.458,52.000,65.056,other,0,-1,2,3
1779,68,60.438,64.644,58.565,106.138,106.963,108.608,63.000,103.917,67.000,61.583,other,0,-1,3,3
1780,54,64.419,67.199,61.309,105.825,106.692,108.363,68.000,103.958,59.000,61.250,other,0,-1,4,3
1781,61,63.864,63.135,61.711,105.425,106.330,108.099,54.000,103.750,68.000,63.500,other,0,-1,5,3
1782,66,70.171,67.380,68.512,104.996,105.939,107.829,61.000,103.458,75.000,67.778,other,0,-1,6,3
1783,68,79.648,73.590,77.087,104.538,105.518,107.553,66.000,103.083,88.000,79.889,other,0,-1,7,3
1784,81,93.924,84.044,86.998,103.920,104.932,107.244,68.000,102.250,101.000,92.417,other,0,-1,8,3
1785,97,111.477,102.072,102.335,103.303,104.345,106.935,81.000,101.417,113.000,115.000,other,0,-1,9,3
1786,149,129.919,124.954,120.353,102.743,103.819,106.638,97.000,100.750,98.000,126.583,other,0,-1,10,3
1787,119,150.390,150.560,152.229,103.155,104.297,106.543,149.000,102.875,174.000,145.861,other,0,-1,11,3
1788,161,158.650,159.462,149.522,102.030,103.186,106.128,119.000,100.583,156.000,168.111,other,0,-1,12,3
1789,199,170.324,172.582,171.137,101.775,102.975,105.895,161.000,100.792,136.000,177.472,other,0,-1,13,3
1790,189,180.429,187.455,188.183,102.360,103.633,105.837,199.000,103.417,164.000,176.694,other,0,-1,14,3
1791,166,170.827,178.005,178.736,102.394,103.721,105.664,189.000,104.458,188.000,173.972,other,0,-1,15,3
1792,204,155.444,159.595,158.823,101.748,103.105,105.349,166.000,103.542,183.000,162.111,other,0,-1,16,3
1793,157,146.353,167.583,165.568,101.724,103.133,105.163,204.000,104.417,121.000,150.028,other,0,-1,17,3
1794,130,121.445,131.768,131.474,101.918,103.386,105.024,157.000,105.917,116.000,132.389,other,0,-1,18,3
1795,121,102.728,108.814,108.722,101.793,103.310,104.817,130.000,106.500,141.000,108.528,other,0,-1,19,3
1796,89,84.743,94.097,95.151,101.176,102.724,104.508,121.000,105.667,101.000,100.083,other,0,-1,20,3
1797,80,71.786,73.818,76.485,100.674,102.257,104.223,89.000,105.167,54.000,85.306,other,0,-1,21,3
1798,82,59.597,63.955,67.232,100.723,102.361,104.053,80.000,106.250,66.000,74.778,other,0,-1,22,3
1799,91,51.467,60.583,62.141,100.627,102.314,103.853,82.000,106.917,53.000,70.444,other,0,-1,23,3
1800,45,50.658,62.716,59.908,100.850,102.597,103.719,91.000,108.500,63.000,60.917,other,0,-1,0,4
1801,56,43.880,49.561,47.053,100.304,102.038,103.304,45.000,107.750,46.000,56.972,other,0,-1,1,4
1802,58,47.184,54.824,48.120,100.164,101.899,102.973,56.000,108.167,63.000,51.583,other,0,-1,2,4
1803,50,50.371,56.932,49.018,99.806,101.534,102.597,58.000,107.958,68.000,54.556,other,0,-1,3,4
1804,64,50.592,54.728,49.533,99.260,100.975,102.181,50.000,107.208,54.000,57.139,other,0,-1,4,4
1805,52,57.164,61.013,56.469,99.119,100.836,101.850,64.000,107.625,61.000,54.694,other,0,-1,5,4
1806,66,58.636,58.960,59.590,98.704,100.411,101.462,52.000,107.250,66.000,65.167,other,0,-1,6,4
1807,64,68.189,68.344,71.548,98.418,100.122,101.101,66.000,107.250,68.000,74.667,other,0,-1,7,4
1808,81,81.137,78.072,81.447,98.075,99.773,100.727,64.000,107.083,81.000,86.667,other,0,-1,8,4
1809,97,98.300,98.244,100.020,97.790,99.483,100.366,81.000,107.083,97.000,109.861,other,0,-1,9,4
1810,89,117.447,122.323,120.102,97.505,99.194,100.005,97.000,107.083,149.000,125.222,other,0,-1,10,4
1811,179,134.861,138.307,129.322,96.350,98.005,99.463,89.000,104.583,119.000,147.361,other,0,-1,11,4
1812,137,164.268,180.493,181.065,96.934,98.615,99.283,179.000,107.083,161.000,161.111,other,0,-1,12,4
1813,177,162.012,162.022,164.619,96.301,97.966,98.849,137.000,106.083,199.000,174.694,other,0,-1,13,4
1814,135,173.297,175.680,182.727,95.697,97.347,98.421,177.000,105.167,189.000,178.167,other,0,-1,14,4
1815,189,160.073,151.578,155.503,94.629,96.248,97.897,135.000,102.917,166.000,172.583,other,0,-1,15,4
1816,146,157.461,164.225,171.394,94.677,96.303,97.605,189.000,103.875,204.000,165.472,other,0,-1,16,4
1817,166,130.698,133.736,136.868,93.552,95.144,97.069,146.000,101.458,157.000,138.861,other,0,-1,17,4
1818,123,110.376,127.540,131.807,93.397,94.990,96.735,166.000,101.833,130.000,121.333,other,0,-1,18,4
1819,88,89.658,98.610,101.109,93.010,94.596,96.353,123.000,101.542,121.000,101.944,other,0,-1,19,4
1820,72,74.905,76.941,79.615,92.247,93.811,95.892,88.000,100.167,89.000,84.222,other,0,-1,20,4
1821,73,60.650,62.339,67.830,91.715,93.267,95.479,72.000,99.458,80.000,70.889,other,0,-1,21,4
1822,80,47.444,54.885,62.158,91.328,92.873,95.097,73.000,99.167,82.000,63.889,other,0,-1,22,4
1823,50,40.014,53.743,58.923,91.014,92.554,94.730,80.000,99.083,91.000,57.111,other,0,-1,23,4
1824,28,35.347,42.384,49.409,90.135,91.650,94.244,50.000,97.375,45.000,38.722,other,0,-1,0,5
1825,31,32.296,37.487,29.697,89.860,91.320,93.991,28.000,96.667,56.000,42.139,other,0,-1,1,5
1826,41,33.888,39.817,30.501,89.470,90.871,93.714,31.000,95.625,58.000,43.389,other,0,-1,2,5
1827,35,38.900,44.949,33.812,89.196,90.542,93.461,41.000,94.917,50.000,43.528,other,0,-1,3,5
1828,27,39.735,43.849,35.499,88.950,90.243,93.214,35.000,94.292,64.000,42.111,other,0,-1,4,5
1829,46,40.951,42.612,37.904,88.386,89.613,92.900,27.000,92.750,52.000,43.028,other,0,-1,5,5
1830,34,48.992,51.526,48.514,88.271,89.449,92.680,46.000,92.500,66.000,55.167,other,0,-1,6,5
1831,43,54.992,53.386,52.432,87.780,88.895,92.382,34.000,91.167,64.000,63.917,other,0,-1,7,5
1832,73,67.950,65.134,63.931,87.447,88.506,92.117,43.000,90.292,81.000,81.722,other,0,-1,8,5
1833,95,84.001,86.744,86.109,87.303,88.311,91.891,73.000,89.958,97.000,98.167,other,0,-1,9,5
1834,119,103.039,109.502,107.763,87.246,88.207,91.683,95.000,89.875,89.000,102.556,other,0,-1,10,5
1835,137,123.376,132.883,131.269,87.653,88.582,91.572,119.000,91.125,179.000,122.722,other,0,-1,11,5
1836,141,140.741,149.140,149.920,87.016,87.878,91.244,137.000,89.375,137.000,141.028,other,0,-1,12,5
1837,156,151.225,153.171,156.369,87.046,87.864,91.054,141.000,89.542,177.000,161.333,other,0,-1,13,5
1838,111,157.345,158.719,165.247,86.714,87.475,90.789,156.000,88.667,135.000,179.778,other,0,-1,14,5
1839,165,147.427,137.856,133.329,86.338,87.040,90.514,111.000,87.667,189.000,180.472,other,0,-1,15,5
1840,167,141.002,147.875,153.718,85.962,86.606,90.240,165.000,86.667,146.000,165.833,other,0,-1,16,5
1841,140,122.327,135.648,139.589,86.238,86.847,90.102,167.000,87.542,166.000,148.556,other,0,-1,17,5
1842,120,99.995,111.414,108.921,85.833,86.382,89.822,140.000,86.458,123.000,114.861,other,0,-1,18,5
1843,80,81.222,91.000,85.773,85.762,86.263,89.611,120.000,86.333,88.000,90.528,other,0,-1,19,5
1844,62,67.793,69.787,62.648,85.618,86.069,89.385,80.000,86.000,72.000,74.972,other,0,-1,20,5
1845,58,54.629,55.511,51.711,85.445,85.844,89.153,62.000,85.583,73.000,60.444,other,0,-1,21,5
1846,40,42.862,47.066,46.401,85.200,85.545,88.906,58.000,84.958,80.000,52.389,other,0,-1,22,5
1847,49,36.000,39.449,40.003,84.592,84.871,88.583,40.000,83.292,50.000,44.139,other,0,-1,23,5
1848,29,32.665,41.214,39.282,84.549,84.782,88.379,49.000,83.250,28.000,32.472,other,0,-1,0,6
1849,40,31.342,36.224,29.274,84.814,84.993,88.491,29.000,83.292,31.000,34.500,other,0,-1,1,6
1850,29,36.551,42.888,33.000,85.195,85.325,88.628,40.000,83.667,41.000,33.361,other,0,-1,2,6
1851,28,35.998,40.658,33.382,85.271,85.341,88.702,29.000,83.167,35.000,35.222,other,0,-1,3,6
1852,29,38.144,41.818,36.814,85.420,85.433,88.790,28.000,82.875,27.000,34.028,other,0,-1,4,6
1853,31,40.847,43.855,41.901,85.699,85.659,88.906,29.000,82.958,46.000,36.611,other,0,-1,5,6
1854,24,44.852,47.470,48.381,85.732,85.631,88.970,31.000,82.333,34.000,38.694,other,0,-1,6,6
1855,59,51.434,51.340,53.013,85.838,85.678,89.049,24.000,81.917,43.000,47.194,other,0,-1,7,6
1856,72,65.334,71.372,72.858,86.320,86.114,89.208,59.000,82.583,73.000,59.167,other,0,-1,8,6
1857,74,81.001,87.341,86.577,86.556,86.296,89.314,72.000,82.542,95.000,78.778,other,0,-1,9,6
1858,86,98.920,98.686,95.006,86.502,86.178,89.360,74.000,81.667,119.000,101.278,other,0,-1,10,6
1859,98,117.034,112.414,107.360,86.274,85.880,89.370,86.000,80.292,137.000,121.778,other,0,-1,11,6
1860,117,132.092,125.018,118.494,85.959,85.491,89.362,98.000,78.667,141.000,140.833,other,0,-1,12,6
1861,175,143.741,138.818,132.175,85.862,85.328,89.399,117.000,77.667,156.000,148.472,other,0,-1,13,6
1862,122,161.269,167.885,171.077,86.387,85.810,89.566,175.000,78.458,111.000,156.639,other,0,-1,14,6
1863,133,145.165,141.028,131.217,86.797,86.171,89.709,122.000,78.917,165.000,153.306,other,0,-1,15,6
1864,128,135.384,137.095,130.651,86.584,85.888,89.722,133.000,77.583,167.000,133.083,other,0,-1,16,6
1865,134,119.860,123.836,116.700,86.269,85.500,89.713,128.000,75.958,140.000,123.667,other,0,-1,17,6
1866,87,101.658,109.428,105.572,86.432,85.607,89.805,134.000,75.708,120.000,102.583,other,0,-1,18,6
1867,75,86.841,85.990,73.183,86.205,85.308,89.815,87.000,74.333,80.000,79.889,other,0,-1,19,6
1868,53,70.768,69.708,59.895,86.382,85.430,89.909,75.000,74.125,62.000,59.111,other,0,-1,20,6
1869,52,58.268,55.830,48.786,86.502,85.492,89.992,53.000,73.750,58.000,47.306,other,0,-1,21,6
1870,45,46.740,48.257,45.207,86.666,85.598,90.083,52.000,73.500,40.000,35.306,other,0,-1,22,6
1871,34,40.318,44.199,42.279,86.988,85.870,90.208,45.000,73.708,49.000,32.556,other,0,-1,23,6
1872,62,37.151,41.533,39.613,87.021,85.842,90.272,34.000,73.083,29.000,61.343,other,0,-1,0,0
1873,45,46.409,53.780,49.703,87.840,86.656,90.710,62.000,74.458,40.000,59.743,other,0,-1,1,0
1874,67,43.924,50.614,47.184,88.252,87.050,91.064,45.000,74.667,29.000,61.829,other,0,-1,2,0
1875,57,58.284,65.028,55.068,89.143,87.940,91.517,67.000,76.250,28.000,63.543,other,0,-1,3,0
1876,49,55.018,61.683,56.920,89.903,88.694,91.943,57.000,77.458,29.000,60.000,other,0,-1,4,0
1877,55,52.142,59.450,60.360,90.533,89.313,92.342,49.000,78.292,31.000,77.171,other,0,-1,5,0
1878,71,55.786,65.251,68.802,91.221,89.993,92.753,55.000,79.292,24.000,77.686,other,0,-1,6,0
1879,82,65.081,78.516,82.019,92.242,91.017,93.234,71.000,81.250,59.000,91.543,other,0,-1,7,0
1880,103,76.147,93.270,94.892,92.915,91.681,93.642,82.000,82.208,72.000,101.114,other,0,-1,8,0
1881,120,95.360,115.822,112.975,93.705,92.465,94.074,103.000,83.500,74.000,122.829,other,0,-1,9,0
1882,105,116.537,136.203,129.840,94.711,93.474,94.552,120.000,85.417,86.000,137.200,other,0,-1,10,0
1883,144,129.657,138.898,128.706,95.327,94.079,94.948,105.000,86.208,98.000,150.314,other,0,-1,11,0
1884,137,153.270,160.692,155.093,96.333,95.088,95.425,144.000,88.125,117.000,163.229,other,0,-1,12,0
1885,196,160.173,159.483,152.848,96.963,95.707,95.824,137.000,88.958,175.000,172.800,other,0,-1,13,0
1886,144,183.406,186.985,189.352,97.607,96.342,96.226,196.000,89.833,122.000,172.257,other,0,-1,14,0
1887,149,161.526,156.741,151.568,98.266,96.991,96.631,144.000,90.750,133.000,183.343,other,0,-1,15,0
1888,168,151.794,149.252,147.223,98.838,97.550,97.018,149.000,91.417,128.000,162.143,other,0,-1,16,0
1889,145,138.082,141.175,147.967,99.758,98.470,97.477,168.000,93.083,134.000,148.800,other,0,-1,17,0
1890,144,117.396,118.024,123.176,100.258,98.954,97.849,145.000,93.542,87.000,128.829,other,0,-1,18,0
1891,90,99.154,100.916,109.484,101.423,100.128,98.360,144.000,95.917,75.000,110.171,other,0,-1,19,0
1892,99,83.671,79.078,79.754,101.981,100.673,98.743,90.000,96.542,53.000,85.143,other,0,-1,20,0
1893,86,69.768,70.447,74.460,102.987,101.682,99.221,99.000,98.458,52.000,75.143,other,0,-1,21,0
1894,63,61.482,63.928,65.775,103.820,102.511,99.662,86.000,99.875,45.000,65.229,other,0,-1,22,0
1895,42,55.339,57.442,57.258,104.421,103.100,100.055,63.000,100.625,34.000,63.543,other,0,-1,23,0
1896,64,51.453,52.546,51.143,104.877,103.540,100.418,42.000,100.958,62.000,61.694,other,0,-1,0,1
1897,68,56.294,60.190,55.089,105.080,103.772,100.736,64.000,101.042,45.000,62.000,other,0,-1,1,1
1898,71,61.625,64.786,55.743,105.587,104.318,101.118,68.000,102.000,67.000,62.222,other,0,-1,2,1
1899,43,66.656,68.318,57.928,105.819,104.580,101.442,71.000,102.167,57.000,61.389,other,0,-1,3,1
1900,63,57.544,58.538,55.368,105.790,104.572,101.712,43.000,101.583,49.000,63.583,other,0,-1,4,1
1901,68,65.785,67.638,64.744,106.167,104.984,102.067,63.000,102.167,55.000,65.139,other,0,-1,5,1
1902,63,69.304,72.341,72.951,106.529,105.381,102.419,68.000,102.708,71.000,66.417,other,0,-1,6,1
1903,70,73.870,77.123,79.971,106.587,105.463,102.707,63.000,102.375,82.000,77.639,other,0,-1,7,1
1904,78,86.834,90.882,91.731,106.587,105.485,102.983,70.000,101.875,103.000,91.833,other,0,-1,8,1
1905,102,104.619,109.721,104.874,106.399,105.312,103.220,78.000,100.833,120.000,109.944,other,0,-1,9,1
1906,119,125.578,131.877,125.123,106.312,105.244,103.477,102.000,100.083,105.000,131.361,other,0,-1,10,1
1907,144,145.259,149.721,142.412,106.689,105.656,103.832,119.000,100.667,144.000,148.500,other,0,-1,11,1
1908,168,163.263,164.467,162.098,106.863,105.858,104.145,144.000,100.667,137.000,174.389,other,0,-1,12,1
1909,181,176.691,176.062,178.500,107.486,106.524,104.551,168.000,101.958,196.000,191.778,other,0,-1,13,1
1910,193,180.787,180.699,184.502,107.443,106.501,104.818,181.000,101.333,144.000,190.222,other,0,-1,14,1
1911,219,178.934,180.758,185.383,108.327,107.438,105.278,193.000,103.375,149.000,183.056,other,0,-1,15,1
1912,178,179.867,184.522,190.327,109.514,108.689,105.802,219.000,106.292,168.000,168.806,other,0,-1,16,1
1913,159,149.188,150.377,153.790,109.833,109.041,106.145,178.000,106.708,145.000,158.750,other,0,-1,17,1
1914,113,129.136,127.748,131.183,110.210,109.453,106.500,159.000,107.292,144.000,131.639,other,0,-1,18,1
1915,101,111.106,102.026,101.750,109.935,109.190,106.718,113.000,106.000,90.000,103.944,other,0,-1,19,1
1916,82,94.048,85.652,89.454,110.268,109.556,107.064,101.000,106.458,99.000,92.389,other,0,-1,20,1
1917,88,80.264,72.070,76.400,110.196,109.504,107.325,82.000,105.750,86.000,77.389,other,0,-1,21,1
1918,69,69.441,67.211,70.754,110.399,109.735,107.643,88.000,105.833,63.000,64.944,other,0,-1,22,1
1919,74,62.958,60.924,59.582,110.660,110.027,107.973,69.000,106.083,42.000,62.889,other,0,-1,23,1
1920,71,63.105,63.667,56.428,111.297,110.709,108.383,74.000,107.417,64.000,59.639,other,0,-1,0,2
1921,63,61.790,64.438,57.752,111.275,110.746,108.455,71.000,107.708,68.000,64.167,other,0,-1,1,2
1922,44,62.156,63.106,55.059,111.080,110.603,108.491,63.000,107.500,71.000,56.194,other,0,-1,2,2
1923,46,60.059,58.103,52.004,110.565,110.131,108.460,44.000,106.375,43.000,60.528,other,0,-1,3,2
1924,66,62.889,59.939,54.369,110.485,110.108,108.520,46.000,106.500,63.000,62.444,other,0,-1,4,2
1925,53,70.569,67.667,62.149,110.405,110.085,108.580,66.000,106.625,68.000,62.833,other,0,-1,5,2
1926,62,72.805,66.709,64.937,110.065,109.792,108.586,53.000,106.000,63.000,70.472,other,0,-1,6,2
1927,72,82.998,74.844,74.610,109.927,109.710,108.634,62.000,105.958,70.000,78.639,other,0,-1,7,2
1928,107,97.509,87.292,86.946,109.833,109.672,108.691,72.000,106.042,78.000,89.639,other,0,-1,8,2
1929,121,116.788,106.822,110.232,110.130,110.039,108.830,107.000,107.250,102.000,104.833,other,0,-1,9,2
1930,145,135.768,126.655,128.472,110.281,110.256,108.939,121.000,108.042,119.000,127.694,other,0,-1,10,2
1931,128,154.681,147.496,150.838,110.535,110.578,109.068,145.000,109.125,144.000,145.361,other,0,-1,11,2
1932,143,162.964,160.281,152.167,110.180,110.270,109.071,128.000,108.458,168.000,159.222,other,0,-1,12,2
1933,168,169.551,168.438,163.340,109.694,109.828,109.046,143.000,107.417,181.000,182.222,other,0,-1,13,2
1934,182,172.901,175.364,174.294,109.383,109.565,109.058,168.000,106.875,193.000,185.000,other,0,-1,14,2
1935,201,170.185,176.557,174.942,109.100,109.332,109.076,182.000,106.417,219.000,172.750,other,0,-1,15,2
1936,196,164.974,177.385,174.258,108.716,108.995,109.073,201.000,105.667,178.000,158.694,other,0,-1,16,2
1937,172,149.895,164.406,159.183,108.853,109.197,109.178,196.000,106.417,159.000,148.139,other,0,-1,17,2
1938,112,129.563,140.220,134.954,108.918,109.324,109.269,172.000,106.958,113.000,124.722,other,0,-1,18,2
1939,109,112.673,107.607,99.000,108.781,109.241,109.317,112.000,106.917,101.000,108.833,other,0,-1,19,2
1940,787,94.797,92.873,89.052,108.773,109.293,109.392,109.000,107.250,82.000,89.361,inside,1,0,20,2
1941,575,382.203,393.839,381.656,118.863,119.794,111.576,787.000,136.625,88.000,75.500,inside,1,1,21,2
1942,497,352.081,400.746,291.289,125.794,127.027,113.100,575.000,156.917,69.000,67.139,inside,1,2,22,2
1943,526,333.182,355.166,234.431,131.871,133.375,114.446,497.000,174.750,74.000,62.722,inside,1,3,23,2
1944,492,355.890,308.678,239.854,138.295,140.083,115.864,526.000,193.583,71.000,61.389,inside,1,4,0,3
1945,54,379.780,292.677,231.799,144.066,146.108,116.889,492.000,211.125,63.000,64.194,after,1,5,1,3
1946,51,56.494,74.495,66.449,143.608,145.686,116.613,54.000,210.750,44.000,65.056,after,1,6,2,3
1947,80,58.062,72.589,66.157,143.382,145.505,116.386,51.000,211.042,46.000,61.583,after,1,7,3,3
1948,66,70.483,84.650,73.182,143.547,145.728,116.240,80.000,212.458,66.000,61.250,after,1,8,4,3
1949,54,67.939,74.951,72.836,143.219,145.442,115.992,66.000,212.458,53.000,63.500,after,1,9,5,3
1950,87,70.887,69.930,74.086,142.906,145.170,115.746,54.000,212.500,62.000,67.778,after,1,10,6,3
1951,68,86.456,81.602,88.474,142.941,145.259,115.573,87.000,213.542,72.000,79.889,after,1,11,7,3
1952,85,96.162,84.911,91.291,142.555,144.912,115.312,68.000,213.375,107.000,92.417,after,1,12,8,3
1953,94,114.457,102.244,106.885,141.909,144.296,114.997,85.000,212.458,121.000,115.000,after,1,13,9,3
1954,112,132.758,124.501,122.070,141.190,143.605,114.667,94.000,211.333,145.000,126.583,after,1,14,10,3
1955,147,149.965,145.780,140.923,140.384,142.824,114.318,112.000,209.958,128.000,145.861,after,1,15,11,3
1956,155,169.417,162.798,164.687,140.332,142.822,114.127,147.000,210.750,143.000,168.111,after,1,16,12,3
1957,182,175.067,170.118,172.930,140.178,142.716,113.915,155.000,211.250,168.000,177.472,after,1,17,13,3
1958,168,185.430,178.431,184.658,140.053,142.639,113.708,182.000,211.833,182.000,176.694,after,1,18,14,3
1959,214,170.079,168.491,172.097,139.522,142.143,113.417,168.000,211.250,201.000,173.972,after,1,19,15,3
1960,169,184.937,182.427,185.232,139.383,142.051,113.208,214.000,211.792,196.000,162.111,after,1,20,16,3
1961,146,142.753,150.558,151.142,138.664,141.360,112.878,169.000,210.667,172.000,150.028,after,1,21,17,3
1962,117,121.386,130.410,128.968,137.960,140.684,112.550,146.000,209.583,112.000,132.389,after,1,22,18,3
1963,102,103.143,109.326,106.954,137.705,140.472,112.317,117.000,209.792,109.000,108.528,after,1,23,19,3
1964,107,86.192,95.545,93.198,137.275,140.081,112.047,102.000,209.500,787.000,100.083,after,1,24,20,3
1965,56,69.634,90.042,87.506,127.097,129.601,109.741,107.000,181.167,575.000,85.306,after,1,25,21,3
1966,72,62.096,62.293,66.168,119.251,121.534,107.922,56.000,159.542,497.000,74.778,after,1,26,22,3
1967,68,51.177,61.237,63.735,112.767,114.876,106.388,72.000,141.833,526.000,70.444,after,1,27,23,3
1968,65,47.101,54.646,56.709,105.805,107.724,104.754,68.000,122.750,492.000,60.917,after,1,28,0,4
1969,45,46.860,56.356,50.706,99.334,101.034,103.101,65.000,104.958,54.000,56.972,other,0,-1,1,4
1970,64,44.646,50.375,46.225,98.918,100.609,102.713,45.000,104.583,51.000,51.583,other,0,-1,2,4
1971,50,52.310,59.067,50.279,98.821,100.515,102.391,64.000,105.125,80.000,54.556,other,0,-1,3,4
1972,61,50.447,54.413,49.616,98.101,99.776,101.939,50.000,103.875,66.000,57.139,other,0,-1,4,4
1973,68,56.135,59.573,55.843,97.743,99.411,101.563,61.000,103.667,54.000,54.694,other,0,-1,5,4
1974,62,61.532,64.116,63.726,97.661,99.332,101.244,68.000,104.250,87.000,65.167,other,0,-1,6,4
1975,42,67.626,67.085,70.344,97.013,98.668,100.807,62.000,103.208,68.000,74.667,other,0,-1,7,4
1976,84,82.415,74.288,74.301,96.351,97.989,100.367,42.000,102.125,85.000,86.667,other,0,-1,8,4
1977,119,97.957,98.823,100.926,96.051,97.684,100.003,84.000,102.083,94.000,109.861,other,0,-1,9,4
1978,130,118.348,128.391,129.352,96.128,97.770,99.718,119.000,103.125,112.000,125.222,other,0,-1,10,4
1979,166,137.332,149.302,146.935,96.104,97.750,99.411,130.000,103.875,147.000,147.361,other,0,-1,11,4
1980,153,158.830,173.550,173.483,96.094,97.746,99.107,166.000,104.667,155.000,161.111,other,0,-1,12,4
1981,169,164.572,168.540,171.311,95.779,97.426,98.740,153.000,104.583,182.000,174.694,other,0,-1,13,4
1982,229,170.838,171.878,177.949,95.306,96.942,98.340,169.000,104.042,168.000,178.167,other,0,-1,14,4
1983,143,189.011,201.309,203.892,95.904,97.567,98.163,229.000,106.583,214.000,172.583,other,0,-1,15,4
1984,128,150.208,145.055,148.807,94.590,96.213,97.587,143.000,103.625,169.000,165.472,other,0,-1,16,4
1985,97,131.584,128.520,129.027,93.711,95.309,97.102,128.000,101.917,146.000,138.861,other,0,-1,17,4
1986,120,113.777,107.851,103.965,92.716,94.285,96.593,97.000,99.875,117.000,121.333,other,0,-1,18,4
1987,112,91.367,97.448,100.962,92.474,94.041,96.241,120.000,100.000,102.000,101.944,other,0,-1,19,4
1988,88,73.080,82.559,88.391,92.333,93.901,95.910,112.000,100.417,107.000,84.222,other,0,-1,20,4
1989,82,59.657,65.639,73.928,91.773,93.327,95.491,88.000,99.625,56.000,70.889,other,0,-1,21,4
1990,66,47.791,57.246,66.738,91.864,93.428,95.209,82.000,100.708,72.000,63.889,other,0,-1,22,4
1991,35,40.599,48.491,58.870,91.492,93.048,94.829,66.000,100.458,68.000,57.111,other,0,-1,23,4
1992,27,36.510,37.994,49.891,90.729,92.264,94.368,35.000,99.083,65.000,38.722,other,0,-1,0,5
1993,49,33.286,36.606,32.775,90.150,91.620,94.052,27.000,97.500,45.000,42.139,other,0,-1,1,5
1994,42,39.230,46.224,36.872,90.180,91.606,93.862,49.000,97.667,64.000,43.389,other,0,-1,2,5
1995,40,39.985,45.035,37.014,89.833,91.201,93.594,42.000,96.750,50.000,43.528,other,0,-1,3,5
1996,50,41.947,45.439,39.213,89.660,90.977,93.362,40.000,96.333,61.000,42.111,other,0,-1,4,5
1997,61,47.668,50.666,45.624,89.473,90.738,93.127,50.000,95.875,68.000,43.028,other,0,-1,5,5
1998,47,54.056,57.278,54.666,89.343,90.558,92.904,61.000,95.583,62.000,55.167,other,0,-1,6,5
1999,58,56.554,56.855,57.737,89.098,90.259,92.657,47.000,94.958,42.000,63.917,other,0,-1,7,5
2000,70,68.780,69.367,70.209,89.301,90.425,92.504,58.000,95.625,84.000,81.722,other,0,-1,8,5
2001,90,84.983,85.868,84.889,89.071,90.140,92.260,70.000,95.042,119.000,98.167,other,0,-1,9,5
2002,108,103.616,107.441,104.718,88.622,89.631,91.971,90.000,93.833,130.000,102.556,other,0,-1,10,5
2003,137,122.609,127.401,124.049,88.276,89.227,91.702,108.000,92.917,166.000,122.722,other,0,-1,11,5
2004,126,141.053,149.205,148.956,87.827,88.718,91.413,137.000,91.708,153.000,141.028,other,0,-1,12,5
2005,190,149.429,146.284,145.966,87.408,88.239,91.130,126.000,90.583,169.000,161.333,other,0,-1,13,5
2006,154,168.280,178.751,186.764,87.684,88.479,90.991,190.000,91.458,229.000,179.778,other,0,-1,14,5
2007,162,152.642,152.527,157.350,86.570,87.280,90.563,154.000,88.333,143.000,180.472,other,0,-1,15,5
2008,109,141.116,146.714,151.821,86.817,87.491,90.419,162.000,89.125,128.000,165.833,other,0,-1,16,5
2009,98,121.697,119.013,110.252,86.513,87.131,90.160,109.000,88.333,97.000,148.556,other,0,-1,17,5
2010,106,103.445,102.653,91.651,86.500,87.072,89.961,98.000,88.375,120.000,114.861,other,0,-1,18,5
2011,96,83.195,88.120,81.724,86.269,86.788,89.717,106.000,87.792,112.000,90.528,other,0,-1,19,5
2012,75,66.067,71.947,68.440,86.009,86.473,89.467,96.000,87.125,88.000,74.972,other,0,-1,20,5
2013,61,52.968,56.988,56.401,85.793,86.204,89.226,75.000,86.583,82.000,60.444,other,0,-1,21,5
2014,47,42.414,46.999,49.197,85.460,85.815,88.961,61.000,85.708,66.000,52.389,other,0,-1,22,5
2015,50,35.394,40.324,43.759,85.157,85.456,88.701,47.000,84.917,35.000,44.139,other,0,-1,23,5
2016,35,32.456,41.025,42.271,85.346,85.606,88.545,50.000,85.542,27.000,32.472,other,0,-1,0,6
2017,38,32.073,37.530,33.609,85.712,85.923,88.679,35.000,85.875,49.000,34.500,other,0,-1,1,6
2018,34,35.627,41.579,35.765,85.803,85.954,88.755,38.000,85.417,42.000,33.361,other,0,-1,2,6
2019,24,37.372,42.177,37.433,85.938,86.031,88.841,34.000,85.083,40.000,35.222,other,0,-1,3,6
2020,46,36.754,39.743,38.609,85.956,85.988,88.902,24.000,84.417,50.000,34.028,other,0,-1,4,6
2021,28,46.753,50.541,48.768,86.148,86.124,89.000,46.000,84.250,61.000,36.611,other,0,-1,5,6
2022,42,44.179,45.955,49.400,85.921,85.826,89.009,28.000,82.875,47.000,38.694,other,0,-1,6,6
2023,52,52.984,56.255,60.162,86.098,85.948,89.104,42.000,82.667,58.000,47.194,other,0,-1,7,6
2024,56,64.636,68.437,70.997,86.262,86.054,89.195,52.000,82.417,70.000,59.167,other,0,-1,8,6
2025,55,80.625,80.874,79.924,86.309,86.041,89.263,56.000,81.833,90.000,78.778,other,0,-1,9,6
2026,98,99.799,91.056,86.080,86.053,85.713,89.266,55.000,80.375,108.000,101.278,other,0,-1,10,6
2027,82,118.737,117.711,113.741,86.158,85.760,89.346,98.000,79.958,137.000,121.778,other,0,-1,11,6
2028,151,132.345,118.176,109.006,85.612,85.132,89.289,82.000,77.667,126.000,140.833,other,0,-1,12,6
2029,124,152.027,155.151,154.234,86.224,85.703,89.474,151.000,78.708,190.000,148.472,other,0,-1,13,6
2030,119,149.238,143.754,135.554,85.518,84.910,89.384,124.000,75.958,154.000,156.639,other,0,-1,14,6
2031,117,145.288,140.551,128.862,85.261,84.582,89.388,119.000,74.500,162.000,153.306,other,0,-1,15,6
2032,161,135.311,133.622,120.972,84.860,84.104,89.362,117.000,72.625,109.000,133.083,other,0,-1,16,6
2033,101,121.426,133.627,135.793,85.863,85.080,89.629,161.000,74.792,98.000,123.667,other,0,-1,17,6
2034,85,103.038,104.364,90.771,86.157,85.322,89.747,101.000,74.917,106.000,102.583,other,0,-1,18,6
2035,66,86.808,86.325,72.640,86.103,85.204,89.793,85.000,74.042,96.000,79.889,other,0,-1,19,6
2036,48,71.977,69.556,57.848,85.919,84.950,89.812,66.000,72.792,75.000,59.111,other,0,-1,20,6
2037,52,58.999,55.918,47.929,85.778,84.742,89.840,48.000,71.667,61.000,47.306,other,0,-1,21,6
2038,39,46.663,48.710,45.306,85.898,84.804,89.923,52.000,71.292,47.000,35.306,other,0,-1,22,6
2039,33,40.064,43.250,41.233,86.032,84.881,90.008,39.000,70.958,50.000,32.556,other,0,-1,23,6
2040,76,36.838,41.580,39.384,86.036,84.822,90.066,33.000,70.250,35.000,61.343,other,0,-1,0,0
2041,52,52.605,61.038,53.318,86.970,85.756,90.529,76.000,71.958,38.000,59.743,other,0,-1,1,0
2042,66,46.364,54.251,49.187,87.513,86.286,90.910,52.000,72.542,34.000,61.829,other,0,-1,2,0
2043,63,57.502,64.906,55.405,88.317,87.085,91.345,66.000,73.875,24.000,63.543,other,0,-1,3,0
2044,68,58.162,65.385,59.122,89.222,87.989,91.801,63.000,75.500,46.000,60.000,other,0,-1,4,0
2045,69,61.520,69.781,66.391,89.881,88.639,92.206,68.000,76.417,28.000,77.171,other,0,-1,5,0
2046,53,61.831,72.767,73.877,90.815,89.573,92.669,69.000,78.125,42.000,77.686,other,0,-1,6,0
2047,79,59.439,71.170,76.317,91.315,90.057,93.040,53.000,78.583,52.000,91.543,other,0,-1,7,0
2048,85,74.892,92.299,94.121,92.046,90.782,93.460,79.000,79.708,56.000,101.114,other,0,-1,8,0
2049,123,90.019,108.165,105.085,92.806,91.536,93.887,85.000,80.917,55.000,122.829,other,0,-1,9,0
2050,139,117.486,137.990,131.564,94.132,92.875,94.431,123.000,83.750,98.000,137.200,other,0,-1,10,0
2051,159,138.720,154.265,147.294,95.066,93.809,94.893,139.000,85.458,82.000,150.314,other,0,-1,11,0
2052,198,159.086,168.632,164.044,96.521,95.283,95.464,159.000,88.667,151.000,163.229,other,0,-1,12,0
2053,167,187.275,192.515,191.456,97.543,96.307,95.945,198.000,90.625,124.000,172.800,other,0,-1,13,0
2054,168,170.508,170.659,170.127,98.506,97.271,96.413,167.000,92.417,119.000,172.257,other,0,-1,14,0
2055,178,166.229,165.022,166.457,99.556,98.325,96.900,168.000,94.458,117.000,183.343,other,0,-1,15,0
2056,169,157.271,158.611,165.179,100.779,99.559,97.423,178.000,97.000,161.000,162.143,other,0,-1,16,0
2057,110,139.203,140.424,149.025,101.236,99.999,97.786,169.000,97.333,101.000,148.800,other,0,-1,17,0
2058,114,120.548,111.290,107.722,101.706,100.453,98.151,110.000,97.708,85.000,128.829,other,0,-1,18,0
2059,105,101.030,95.118,98.832,102.466,101.207,98.577,114.000,98.917,66.000,110.171,other,0,-1,19,0
2060,78,84.205,79.705,85.729,103.372,102.112,99.034,105.000,100.542,48.000,85.143,other,0,-1,20,0
2061,71,71.758,66.147,70.757,104.146,102.881,99.463,78.000,101.792,52.000,75.143,other,0,-1,21,0
2062,62,61.826,59.311,63.938,104.762,103.485,99.859,71.000,102.583,39.000,65.229,other,0,-1,22,0
2063,88,56.442,55.854,58.732,105.435,104.150,100.267,62.000,103.542,33.000,63.543,other,0,-1,23,0
2064,62,65.900,67.804,63.437,106.572,105.294,100.772,88.000,105.833,76.000,61.694,other,0,-1,0,1
2065,56,56.272,58.187,57.126,106.543,105.286,101.042,62.000,105.250,52.000,62.000,other,0,-1,1,1
2066,54,57.430,58.598,55.571,106.775,105.548,101.366,56.000,105.417,66.000,62.222,other,0,-1,2,1
2067,96,59.523,59.873,56.493,106.775,105.570,101.642,54.000,104.917,63.000,61.389,other,0,-1,3,1
2068,58,83.945,81.060,69.508,107.427,106.266,102.054,96.000,106.292,68.000,63.583,other,0,-1,4,1
2069,64,64.225,64.879,65.397,107.456,106.318,102.336,58.000,105.875,69.000,65.139,other,0,-1,5,1
2070,67,68.254,70.221,73.449,107.558,106.445,102.634,64.000,105.667,53.000,66.417,other,0,-1,6,1
2071,64,74.893,77.748,82.471,107.935,106.857,102.988,67.000,106.250,79.000,77.639,other,0,-1,7,1
2072,91,87.067,89.354,90.720,107.891,106.834,103.255,64.000,105.625,85.000,91.833,other,0,-1,8,1
2073,94,105.823,111.573,110.576,108.152,107.126,103.586,91.000,105.875,123.000,109.944,other,0,-1,9,1
2074,105,125.191,130.692,121.924,107.906,106.893,103.810,94.000,104.667,139.000,131.361,other,0,-1,10,1
2075,115,143.748,147.518,135.648,107.587,106.585,104.020,105.000,103.250,159.000,148.500,other,0,-1,11,1
2076,176,158.027,158.274,146.784,107.124,106.127,104.199,115.000,101.417,198.000,174.389,other,0,-1,12,1
2077,179,179.753,179.150,182.703,106.979,106.000,104.445,176.000,100.500,167.000,191.778,other,0,-1,13,1
2078,154,179.897,179.880,183.066,107.327,106.381,104.793,179.000,101.000,168.000,190.222,other,0,-1,14,1
2079,189,168.644,165.925,162.950,107.298,106.373,105.063,154.000,100.417,178.000,183.056,other,0,-1,15,1
2080,173,165.886,169.552,172.863,107.631,106.740,105.409,189.000,100.875,169.000,168.806,other,0,-1,16,1
2081,151,147.448,149.528,151.743,107.863,107.002,105.733,173.000,101.042,110.000,158.750,other,0,-1,17,1
2082,120,127.991,126.703,128.333,108.631,107.819,106.170,151.000,102.750,114.000,131.639,other,0,-1,18,1
2083,124,109.896,104.080,105.035,108.892,108.110,106.500,120.000,103.000,105.000,103.944,other,0,-1,19,1
2084,84,92.188,90.662,97.983,109.341,108.597,106.870,124.000,103.792,78.000,92.389,other,0,-1,20,1
2085,86,79.479,73.608,77.647,109.602,108.889,107.201,84.000,104.042,71.000,77.389,other,0,-1,21,1
2086,55,68.760,68.239,71.177,109.993,109.316,107.558,86.000,104.667,62.000,64.944,other,0,-1,22,1
2087,55,61.765,59.051,57.146,110.066,109.413,107.849,55.000,104.375,88.000,62.889,other,0,-1,23,1
2088,66,58.902,59.031,51.819,109.762,109.120,108.062,55.000,103.000,62.000,59.639,other,0,-1,0,2
2089,43,60.240,63.772,56.452,109.696,109.112,108.125,66.000,103.167,56.000,64.167,other,0,-1,1,2
2090,60,57.576,57.598,51.076,109.385,108.849,108.137,43.000,102.625,54.000,56.194,other,0,-1,2,2
2091,61,63.633,64.342,54.611,109.348,108.871,108.206,60.000,102.875,96.000,60.528,other,0,-1,3,2
2092,78,66.295,65.569,56.779,108.718,108.279,108.151,61.000,101.417,58.000,62.444,other,0,-1,4,2
2093,72,74.608,72.667,64.411,108.884,108.511,108.263,78.000,102.250,64.000,62.833,other,0,-1,5,2
2094,51,75.770,72.207,69.056,108.877,108.563,108.338,72.000,102.583,67.000,70.472,other,0,-1,6,2
2095,74,82.196,73.336,71.522,108.522,108.256,108.341,51.000,101.917,64.000,78.639,other,0,-1,7,2
2096,78,96.953,87.621,87.319,108.543,108.338,108.422,74.000,102.333,91.000,89.639,other,0,-1,8,2
2097,119,114.803,104.797,99.818,108.232,108.075,108.434,78.000,101.792,94.000,104.833,other,0,-1,9,2
2098,125,135.086,126.286,127.442,108.471,108.382,108.561,119.000,102.833,105.000,127.694,other,0,-1,10,2
2099,136,151.198,145.903,141.773,108.637,108.614,108.672,125.000,103.667,115.000,145.361,other,0,-1,11,2
2100,163,163.252,160.753,155.538,108.818,108.861,108.787,136.000,104.542,176.000,159.222,other,0,-1,12,2
2101,171,172.636,172.460,172.639,108.506,108.598,108.798,163.000,104.000,179.000,182.222,other,0,-1,13,2
2102,180,172.996,176.169,175.496,108.267,108.411,108.825,171.000,103.667,154.000,185.000,other,0,-1,14,2
2103,176,169.351,175.746,173.834,108.521,108.733,108.955,180.000,104.750,189.000,172.750,other,0,-1,15,2
2104,138,159.196,166.279,161.422,108.209,108.470,108.967,176.000,104.208,173.000,158.694,other,0,-1,16,2
2105,115,144.511,142.769,131.295,107.579,107.877,108.912,138.000,102.750,151.000,148.139,other,0,-1,17,2
2106,146,130.559,123.624,110.530,106.934,107.270,108.854,115.000,101.250,120.000,124.722,other,0,-1,18,2
2107,104,110.025,116.635,113.236,107.187,107.592,108.984,146.000,102.333,124.000,108.833,other,0,-1,19,2
2108,100,95.519,91.855,88.686,106.774,107.224,108.974,104.000,101.500,84.000,89.361,other,0,-1,20,2
2109,65,79.699,80.400,79.619,106.883,107.396,109.074,100.000,102.167,86.000,75.500,other,0,-1,21,2
2110,80,70.515,65.261,62.497,106.455,107.014,109.061,65.000,101.292,55.000,67.139,other,0,-1,22,2
2111,75,61.424,65.365,60.371,106.694,107.321,109.188,80.000,102.333,55.000,62.722,other,0,-1,23,2
2112,69,58.552,63.464,54.375,106.860,107.553,109.300,75.000,103.167,66.000,61.389,other,0,-1,0,3
2113,54,57.203,64.492,62.423,106.576,107.311,109.060,69.000,103.292,43.000,64.194,other,0,-1,1,3
2114,57,56.000,60.252,58.114,106.408,107.190,108.845,54.000,103.750,60.000,65.056,other,0,-1,2,3
2115,56,58.713,62.320,58.649,106.037,106.858,108.587,57.000,103.625,61.000,61.583,other,0,-1,3,3
2116,54,60.933,62.694,59.916,105.637,106.497,108.323,56.000,103.417,78.000,61.250,other,0,-1,4,3
2117,49,63.725,62.997,62.567,104.961,105.851,108.002,54.000,102.417,72.000,63.500,other,0,-1,5,3
2118,64,69.118,64.310,66.277,104.300,105.220,107.684,49.000,101.458,51.000,67.778,other,0,-1,6,3
2119,99,79.521,73.106,76.933,104.161,105.128,107.474,64.000,102.000,74.000,79.889,other,0,-1,7,3
2120,85,95.016,89.598,96.790,104.196,105.216,107.301,99.000,103.042,78.000,92.417,other,0,-1,8,3
2121,89,111.227,102.352,103.654,103.969,105.035,107.074,85.000,103.333,119.000,115.000,other,0,-1,9,3
2122,120,129.971,125.003,117.228,103.207,104.299,106.735,89.000,102.083,125.000,126.583,other,0,-1,10,3
2123,157,146.709,146.955,140.456,102.807,103.937,106.471,120.000,101.875,136.000,145.861,other,0,-1,11,3
2124,174,162.929,166.241,164.385,102.783,103.966,106.286,157.000,102.750,163.000,168.111,other,0,-1,12,3
2125,166,172.393,177.163,176.392,102.615,103.844,106.070,174.000,103.208,171.000,177.472,other,0,-1,13,3
2126,189,170.587,173.600,172.465,102.215,103.483,105.806,166.000,103.000,180.000,176.694,other,0,-1,14,3
2127,140,169.959,177.808,177.833,102.018,103.331,105.585,189.000,103.375,176.000,173.972,other,0,-1,15,3
2128,146,152.810,151.157,146.579,101.168,102.505,105.228,140.000,101.875,138.000,162.111,other,0,-1,16,3
2129,140,138.920,141.168,138.309,100.957,102.339,105.003,146.000,102.208,115.000,150.028,other,0,-1,17,3
2130,120,121.255,125.852,124.388,100.991,102.427,104.830,140.000,103.250,146.000,132.389,other,0,-1,18,3
2131,108,103.622,106.175,105.861,100.287,101.751,104.503,120.000,102.167,104.000,108.528,other,0,-1,19,3
2132,99,86.232,90.285,92.282,100.017,101.524,104.266,108.000,102.333,100.000,100.083,other,0,-1,20,3
2133,65,70.698,77.860,81.425,99.675,101.223,104.015,99.000,102.292,65.000,85.306,other,0,-1,21,3
2134,59,61.551,60.698,65.948,99.347,100.937,103.766,65.000,102.292,80.000,74.778,other,0,-1,22,3
2135,62,52.184,54.009,59.568,98.715,100.335,103.454,59.000,101.417,75.000,70.444,other,0,-1,23,3
2136,58,46.937,52.436,56.280,98.199,99.854,103.166,62.000,100.875,69.000,60.917,other,0,-1,0,4
2137,40,45.701,54.548,51.677,97.755,99.400,102.771,58.000,100.417,54.000,56.972,other,0,-1,1,4
2138,57,44.155,49.472,47.445,97.266,98.900,102.368,40.000,99.833,57.000,51.583,other,0,-1,2,4
2139,55,50.045,56.878,50.828,96.981,98.611,102.007,57.000,99.833,56.000,54.556,other,0,-1,3,4
2140,52,51.897,56.887,52.264,96.681,98.307,101.643,55.000,99.792,54.000,57.139,other,0,-1,4,4
2141,58,53.834,56.702,55.132,96.367,97.987,101.275,52.000,99.708,49.000,54.694,other,0,-1,5,4
2142,62,59.317,60.915,62.047,96.212,97.833,100.941,58.000,100.083,64.000,65.167,other,0,-1,6,4
2143,85,67.535,67.225,70.853,95.898,97.513,100.574,62.000,100.000,99.000,74.667,other,0,-1,7,4
2144,77,81.049,83.354,88.536,95.410,97.014,100.171,85.000,99.417,85.000,86.667,other,0,-1,8,4
2145,98,97.923,97.249,97.821,95.008,96.605,99.785,77.000,99.083,89.000,109.861,other,0,-1,9,4
2146,133,116.754,122.325,119.274,94.854,96.450,99.452,98.000,99.458,120.000,125.222,other,0,-1,10,4
2147,128,136.885,150.107,147.178,94.757,96.356,99.130,133.000,100.000,157.000,147.361,other,0,-1,11,4
2148,167,150.774,157.392,153.828,94.051,95.632,98.681,128.000,98.792,174.000,161.111,other,0,-1,12,4
2149,158,166.865,174.436,176.782,93.664,95.238,98.299,167.000,98.500,166.000,174.694,other,0,-1,13,4
2150,211,167.717,166.490,171.288,93.263,94.828,97.913,158.000,98.167,189.000,178.167,other,0,-1,14,4
2151,210,178.489,187.873,192.515,93.297,94.869,97.619,211.000,99.083,140.000,172.583,other,0,-1,15,4
2152,167,163.992,176.684,182.426,94.025,95.629,97.469,210.000,102.000,146.000,165.472,other,0,-1,16,4
2153,154,133.279,141.316,147.194,94.044,95.654,97.172,167.000,102.875,140.000,138.861,other,0,-1,17,4
2154,124,110.293,122.192,126.716,93.962,95.575,96.853,154.000,103.458,120.000,121.333,other,0,-1,18,4
2155,110,89.900,98.203,101.368,93.734,95.345,96.504,124.000,103.625,108.000,101.944,other,0,-1,19,4
2156,84,72.228,81.379,85.831,93.478,95.086,96.149,110.000,103.708,99.000,84.222,other,0,-1,20,4
2157,66,58.887,63.931,70.222,92.975,94.571,95.742,84.000,103.083,65.000,70.889,other,0,-1,21,4
2158,67,48.041,51.836,59.879,92.704,94.297,95.384,66.000,103.125,59.000,63.889,other,0,-1,22,4
2159,63,39.805,47.962,55.392,92.535,94.128,95.047,67.000,103.458,62.000,57.111,other,0,-1,23,4
2160,31,36.360,45.484,51.103,92.264,93.853,94.689,63.000,103.500,58.000,38.722,other,0,-1,0,5
2161,44,32.722,36.988,30.008,91.845,93.374,94.406,31.000,102.375,40.000,42.139,other,0,-1,1,5
2162,52,37.219,43.224,32.606,91.875,93.360,94.216,44.000,102.542,57.000,43.389,other,0,-1,2,5
2163,32,43.131,48.335,35.842,91.774,93.210,93.999,52.000,102.333,55.000,43.528,other,0,-1,3,5
2164,36,39.223,41.758,34.847,91.413,92.791,93.728,32.000,101.375,52.000,42.111,other,0,-1,4,5
2165,34,43.107,44.714,39.950,91.153,92.477,93.478,36.000,100.708,58.000,43.028,other,0,-1,5,5
2166,43,47.058,46.990,45.270,90.777,92.043,93.204,34.000,99.708,62.000,55.167,other,0,-1,6,5
2167,65,55.662,55.284,55.284,90.474,91.683,92.945,43.000,98.917,85.000,63.917,other,0,-1,7,5
2168,60,68.659,71.254,72.388,90.156,91.309,92.682,65.000,98.083,77.000,81.722,other,0,-1,8,5
2169,89,84.506,82.374,80.740,89.882,90.980,92.429,60.000,97.375,98.000,98.167,other,0,-1,9,5
2170,75,103.240,106.874,105.169,89.723,90.770,92.200,89.000,97.000,133.000,102.556,other,0,-1,10,5
2171,127,120.551,113.628,107.538,88.855,89.827,91.823,75.000,94.583,128.000,122.722,other,0,-1,11,5
2172,153,139.469,143.825,144.767,88.812,89.737,91.619,127.000,94.542,167.000,141.028,other,0,-1,12,5
2173,169,154.397,159.473,165.236,88.581,89.453,91.375,153.000,93.958,158.000,161.333,other,0,-1,13,5
2174,173,161.531,165.572,174.908,88.713,89.543,91.206,169.000,94.417,211.000,179.778,other,0,-1,14,5
2175,167,156.817,161.180,171.047,88.134,88.899,90.890,173.000,92.833,210.000,180.472,other,0,-1,15,5
2176,122,141.705,148.453,155.634,87.483,88.180,90.558,167.000,91.042,167.000,165.833,other,0,-1,16,5
2177,117,120.157,121.206,116.493,86.803,87.431,90.220,122.000,89.167,154.000,148.556,other,0,-1,17,5
2178,123,101.053,105.291,99.002,86.239,86.802,89.906,117.000,87.625,124.000,114.861,other,0,-1,18,5
2179,98,80.836,90.846,87.102,86.196,86.713,89.702,123.000,87.583,110.000,90.528,other,0,-1,19,5
2180,82,64.970,71.515,68.033,85.995,86.458,89.464,98.000,87.083,84.000,74.972,other,0,-1,20,5
2181,51,51.353,57.649,56.855,85.937,86.354,89.256,82.000,87.000,66.000,60.444,other,0,-1,21,5
2182,48,42.340,44.407,46.126,85.692,86.055,89.009,51.000,86.375,67.000,52.389,other,0,-1,22,5
2183,30,34.545,40.113,42.630,85.389,85.695,88.750,48.000,85.583,63.000,44.139,other,0,-1,23,5
2184,35,30.416,34.729,37.714,84.883,85.126,88.448,30.000,84.208,31.000,32.472,other,0,-1,0,6
2185,15,31.390,37.061,31.977,85.191,85.383,88.570,35.000,84.375,44.000,34.500,other,0,-1,1,6
2186,25,29.359,32.693,29.780,85.021,85.145,88.592,15.000,83.167,52.000,33.361,other,0,-1,2,6
2187,33,33.970,38.035,33.756,84.880,84.937,88.620,25.000,82.042,32.000,35.222,other,0,-1,3,6
2188,27,39.078,42.811,38.942,85.145,85.148,88.733,33.000,82.083,36.000,34.028,other,0,-1,4,6
2189,40,39.610,42.069,42.159,85.265,85.210,88.815,27.000,81.708,34.000,36.611,other,0,-1,5,6
2190,34,46.467,49.786,51.522,85.602,85.496,88.943,40.000,81.958,43.000,38.694,other,0,-1,6,6
2191,43,51.438,53.115,56.478,85.722,85.558,89.025,34.000,81.583,65.000,47.194,other,0,-1,7,6
2192,65,63.636,64.892,66.828,85.653,85.425,89.068,43.000,80.667,60.000,59.167,other,0,-1,8,6
2193,68,80.318,83.700,83.419,85.976,85.696,89.193,65.000,80.875,89.000,78.778,other,0,-1,9,6
2194,110,98.925,95.523,92.084,85.922,85.578,89.239,68.000,80.000,75.000,101.278,other,0,-1,10,6
2195,136,120.440,123.818,120.976,86.679,86.299,89.455,110.000,81.458,127.000,121.778,other,0,-1,11,6
2196,131,140.003,143.921,142.198,87.060,86.631,89.592,136.000,81.833,153.000,140.833,other,0,-1,12,6
2197,126,147.923,144.471,141.272,86.992,86.498,89.635,131.000,80.917,169.000,148.472,other,0,-1,13,6
2198,146,150.111,144.155,137.368,86.619,86.050,89.614,126.000,79.125,173.000,156.639,other,0,-1,14,6
2199,167,148.534,148.959,146.540,86.478,85.841,89.642,146.000,78.000,167.000,153.306,other,0,-1,15,6
2200,132,140.287,148.560,152.372,86.729,86.038,89.752,167.000,78.000,122.000,133.083,other,0,-1,16,6
2201,139,120.520,124.277,118.853,87.124,86.384,89.892,132.000,78.417,117.000,123.667,other,0,-1,17,6
2202,94,102.207,110.000,107.679,87.693,86.911,90.068,139.000,79.333,123.000,102.583,other,0,-1,18,6
2203,54,86.539,86.318,75.074,87.523,86.673,90.090,94.000,78.125,98.000,79.889,other,0,-1,19,6
2204,44,74.707,68.287,54.529,87.136,86.210,90.066,54.000,76.292,82.000,59.111,other,0,-1,20,6
2205,40,60.587,55.011,46.655,86.835,85.837,90.061,44.000,74.708,51.000,47.306,other,0,-1,21,6
2206,43,48.755,46.240,42.564,86.926,85.868,90.138,40.000,74.250,48.000,35.306,other,0,-1,22,6
2207,33,41.293,43.189,41.243,87.104,85.990,90.232,43.000,74.042,30.000,32.556,other,0,-1,23,6
2208,87,38.030,40.642,38.797,87.398,86.231,90.351,33.000,74.167,35.000,61.343,other,0,-1,0,0
2209,54,59.248,65.473,54.883,88.491,87.330,90.847,87.000,76.333,15.000,59.743,other,0,-1,1,0
2210,58,47.915,53.977,48.853,89.397,88.235,91.303,54.000,77.958,25.000,61.829,other,0,-1,2,0
2211,59,53.518,59.253,52.657,90.215,89.049,91.741,58.000,79.333,33.000,63.543,other,0,-1,3,0
2212,63,56.300,61.965,57.280,90.932,89.758,92.158,59.000,80.417,27.000,60.000,other,0,-1,4,0
2213,67,59.049,65.895,64.264,91.793,90.617,92.606,63.000,81.917,40.000,77.171,other,0,-1,5,0
2214,64,61.187,70.698,72.666,92.525,91.342,93.026,67.000,83.042,34.000,77.686,other,0,-1,6,0
2215,56,62.934,74.982,79.692,93.299,92.111,93.455,64.000,84.292,43.000,91.543,other,0,-1,7,0
2216,72,71.509,82.745,85.023,93.828,92.625,93.832,56.000,84.833,65.000,101.114,other,0,-1,8,0
2217,95,89.058,102.547,99.349,94.270,93.050,94.192,72.000,85.125,68.000,122.829,other,0,-1,9,0
2218,113,110.385,124.582,117.344,95.001,93.774,94.612,95.000,86.250,110.000,137.200,other,0,-1,10,0
2219,121,131.290,141.316,132.914,95.385,94.139,94.960,113.000,86.375,136.000,150.314,other,0,-1,11,0
2220,156,147.161,150.251,141.676,95.507,94.233,95.253,121.000,85.750,131.000,163.229,other,0,-1,12,0
2221,234,165.219,167.425,164.333,96.210,94.928,95.667,156.000,86.792,126.000,172.800,other,0,-1,13,0
2222,176,216.184,214.580,215.402,98.114,96.866,96.332,234.000,91.292,146.000,172.257,other,0,-1,14,0
2223,215,168.384,167.897,171.625,98.889,97.636,96.761,176.000,92.542,167.000,183.343,other,0,-1,15,0
2224,166,173.451,177.256,189.371,99.925,98.675,97.245,215.000,94.542,132.000,162.143,other,0,-1,16,0
2225,148,138.359,137.938,146.849,100.758,99.504,97.686,166.000,95.958,139.000,148.800,other,0,-1,17,0
2226,110,117.833,115.557,124.633,101.228,99.958,98.051,148.000,96.333,94.000,128.829,other,0,-1,18,0
2227,121,99.363,92.142,96.391,101.800,100.518,98.438,110.000,97.000,54.000,110.171,other,0,-1,19,0
2228,65,82.243,79.605,89.357,103.111,101.842,98.979,121.000,99.792,44.000,85.143,other,0,-1,20,0
2229,82,70.300,61.895,66.086,103.755,102.476,99.381,65.000,100.667,40.000,75.143,other,0,-1,21,0
2230,68,60.450,59.239,64.933,104.704,103.425,99.847,82.000,102.417,43.000,65.229,other,0,-1,22,0
2231,71,55.443,55.240,58.565,105.406,104.120,100.261,68.000,103.458,33.000,63.543,other,0,-1,23,0
2232,56,57.725,58.617,57.784,106.297,105.009,100.714,71.000,105.042,87.000,61.694,other,0,-1,0,1
2233,76,53.717,54.211,53.834,106.022,104.746,100.933,56.000,103.750,54.000,62.000,other,0,-1,1,1
2234,70,65.186,65.406,57.710,106.514,105.278,101.312,76.000,104.667,58.000,62.222,other,0,-1,2,1
2235,58,66.023,65.131,58.089,106.862,105.660,101.660,70.000,105.167,59.000,61.389,other,0,-1,3,1
2236,59,62.608,61.685,58.899,107.022,105.846,101.970,58.000,105.125,63.000,63.583,other,0,-1,4,1
2237,46,64.321,63.898,64.139,107.138,105.988,102.270,59.000,104.958,67.000,65.139,other,0,-1,5,1
2238,73,64.247,63.284,67.555,107.007,105.875,102.519,46.000,104.083,64.000,66.417,other,0,-1,6,1
2239,66,76.226,78.319,83.162,107.312,106.212,102.858,73.000,104.458,56.000,77.639,other,0,-1,7,1
2240,82,87.281,88.681,90.630,107.630,106.564,103.201,66.000,104.875,72.000,91.833,other,0,-1,8,1
2241,116,105.712,109.317,106.623,107.949,106.916,103.543,82.000,105.292,95.000,109.944,other,0,-1,9,1
2242,135,128.816,133.739,131.616,108.427,107.433,103.919,116.000,106.167,113.000,131.361,other,0,-1,10,1
2243,157,149.523,152.586,150.516,108.920,107.964,104.298,135.000,107.083,121.000,148.500,other,0,-1,11,1
2244,162,167.661,167.979,169.239,109.615,108.706,104.719,157.000,108.583,156.000,174.389,other,0,-1,12,1
2245,227,175.187,173.772,175.204,109.876,108.998,105.050,162.000,108.833,234.000,191.778,other,0,-1,13,1
2246,174,208.397,204.868,211.955,109.949,109.095,105.341,227.000,108.542,176.000,190.222,other,0,-1,14,1
2247,167,173.412,172.244,174.467,110.094,109.267,105.647,174.000,108.458,215.000,183.056,other,0,-1,15,1
2248,166,161.721,160.203,160.567,109.572,108.749,105.814,167.000,106.458,166.000,168.806,other,0,-1,16,1
2249,141,147.261,146.358,147.960,109.746,108.951,106.127,166.000,106.458,148.000,158.750,other,0,-1,17,1
2250,147,129.035,123.666,124.003,109.819,109.048,106.418,141.000,106.167,110.000,131.639,other,0,-1,18,1
2251,105,110.268,108.825,115.857,110.529,109.804,106.842,147.000,107.708,121.000,103.944,other,0,-1,19,1
2252,93,94.585,86.906,91.999,110.471,109.766,107.106,105.000,107.042,65.000,92.389,other,0,-1,20,1
2253,75,80.298,74.740,80.989,111.051,110.388,107.503,93.000,108.208,82.000,77.389,other,0,-1,21,1
2254,85,70.072,65.557,68.917,111.123,110.485,107.794,75.000,107.917,68.000,64.944,other,0,-1,22,1
2255,60,65.555,67.068,65.268,111.543,110.942,108.158,85.000,108.625,71.000,62.889,other,0,-1,23,1
2256,59,60.745,60.451,54.432,111.558,110.979,108.437,60.000,108.167,56.000,59.639,other,0,-1,0,2
2257,49,59.680,61.387,57.271,111.478,110.956,108.497,59.000,108.292,76.000,64.167,other,0,-1,1,2
2258,59,59.307,59.408,54.136,110.964,110.483,108.467,49.000,107.167,70.000,56.194,other,0,-1,2,2
2259,53,63.703,63.964,56.194,110.681,110.251,108.484,59.000,106.708,58.000,60.528,other,0,-1,3,2
2260,72,64.482,62.876,56.901,110.485,110.108,108.520,53.000,106.500,59.000,62.444,other,0,-1,4,2
2261,53,72.302,70.424,64.462,110.550,110.235,108.611,72.000,107.042,46.000,62.833,other,0,-1,5,2
2262,67,72.815,67.184,65.755,110.528,110.272,108.683,53.000,107.333,73.000,70.472,other,0,-1,6,2
2263,81,83.087,76.105,76.469,110.318,110.114,108.716,67.000,107.083,66.000,78.639,other,0,-1,7,2
2264,56,97.366,88.660,90.026,110.412,110.271,108.812,81.000,107.708,82.000,89.639,other,0,-1,8,2
2265,99,116.658,105.481,92.991,109.912,109.814,108.785,56.000,106.625,116.000,104.833,other,0,-1,9,2
2266,156,133.565,126.192,119.665,109.543,109.491,108.784,99.000,105.917,135.000,127.694,other,0,-1,10,2
2267,152,156.675,148.915,155.724,109.724,109.738,108.899,156.000,106.792,157.000,145.361,other,0,-1,11,2
2268,176,165.554,162.927,163.109,109.528,109.596,108.935,152.000,106.583,162.000,159.222,other,0,-1,12,2
2269,202,175.380,176.252,179.281,109.607,109.738,109.028,176.000,107.167,227.000,182.222,other,0,-1,13,2
2270,183,182.374,187.863,191.490,109.122,109.295,109.004,202.000,106.125,174.000,185.000,other,0,-1,14,2
2271,165,169.570,176.981,175.445,109.129,109.362,109.082,183.000,106.500,167.000,172.750,other,0,-1,15,2
2272,185,157.853,162.176,156.091,108.977,109.264,109.127,165.000,106.417,166.000,158.694,other,0,-1,16,2
2273,131,147.386,158.595,153.683,109.129,109.481,109.236,185.000,107.208,141.000,148.139,other,0,-1,17,2
2274,157,130.130,126.036,116.951,108.861,109.264,109.256,131.000,106.792,147.000,124.722,other,0,-1,18,2
2275,134,110.467,120.317,117.572,108.882,109.346,109.338,157.000,107.208,105.000,108.833,other,0,-1,19,2
2276,108,93.417,99.877,98.826,109.179,109.713,109.477,134.000,108.417,93.000,89.361,other,0,-1,20,2
2277,67,79.739,82.212,81.389,109.273,109.870,109.573,108.000,109.042,75.000,75.500,other,0,-1,21,2
2278,66,71.005,65.316,62.457,109.034,109.682,109.600,67.000,108.708,85.000,67.139,other,0,-1,22,2
2279,62,61.949,61.074,56.108,108.635,109.330,109.593,66.000,107.917,60.000,62.722,other,0,-1,23,2
2280,60,57.665,59.080,50.583,108.541,109.292,109.651,62.000,108.000,59.000,61.389,other,0,-1,0,3
2281,63,56.217,61.199,60.242,108.228,109.020,109.405,60.000,108.042,49.000,64.194,other,0,-1,1,3
2282,64,58.139,63.509,59.412,108.103,108.944,109.199,63.000,108.625,59.000,65.056,other,0,-1,2,3
2283,45,60.809,64.980,59.599,107.848,108.732,108.965,64.000,108.833,53.000,61.583,other,0,-1,3,3
2284,64,59.311,59.187,57.400,107.404,108.326,108.692,45.000,108.500,72.000,61.250,other,0,-1,4,3
2285,67,66.049,66.286,64.413,106.960,107.920,108.419,64.000,108.167,53.000,63.500,other,0,-1,5,3
2286,73,71.395,69.052,70.374,106.836,107.843,108.213,67.000,108.750,67.000,67.778,other,0,-1,6,3
2287,80,80.597,75.199,79.327,106.595,107.646,107.983,73.000,109.000,81.000,79.889,other,0,-1,7,3
2288,125,94.319,85.897,90.971,106.253,107.345,107.731,80.000,108.958,56.000,92.417,other,0,-1,8,3
2289,117,114.537,108.963,118.161,106.924,108.093,107.691,125.000,111.833,99.000,115.000,other,0,-1,9,3
2290,141,130.754,126.463,128.124,106.857,108.076,107.497,117.000,112.583,156.000,126.583,other,0,-1,10,3
2291,172,149.425,149.662,149.538,106.313,107.565,107.203,141.000,111.958,152.000,145.861,other,0,-1,11,3
2292,145,167.180,170.822,171.630,106.275,107.579,107.015,172.000,112.792,176.000,168.111,other,0,-1,12,3
2293,161,167.932,168.758,164.857,105.498,106.827,106.672,145.000,111.500,202.000,177.472,other,0,-1,13,3
2294,192,170.525,171.820,170.700,104.576,105.926,106.300,161.000,109.792,183.000,176.694,other,0,-1,14,3
2295,184,171.874,179.242,179.597,104.379,105.775,106.078,192.000,110.167,165.000,173.972,other,0,-1,15,3
2296,134,158.661,167.193,167.220,104.326,105.773,105.887,184.000,110.958,185.000,162.111,other,0,-1,16,3
2297,148,139.027,138.128,133.516,103.260,104.722,105.484,134.000,108.833,131.000,150.028,other,0,-1,17,3
2298,137,121.261,128.896,128.054,103.179,104.691,105.287,148.000,109.542,157.000,132.389,other,0,-1,18,3
2299,94,102.234,112.227,112.612,102.561,104.104,104.978,137.000,108.708,134.000,108.528,other,0,-1,19,3
2300,96,88.408,87.149,87.963,101.654,103.218,104.608,94.000,107.042,108.000,100.083,other,0,-1,20,3
2301,96,71.396,77.119,80.690,101.152,102.752,104.323,96.000,106.542,67.000,85.306,other,0,-1,21,3
2302,63,59.056,70.786,73.853,101.245,102.900,104.162,96.000,107.750,66.000,74.778,other,0,-1,22,3
2303,71,52.380,55.354,60.362,100.874,102.569,103.904,63.000,107.625,62.000,70.444,other,0,-1,23,3
2304,60,48.034,55.577,58.093,100.676,102.417,103.683,71.000,108.000,60.000,60.917,other,0,-1,0,4
2305,49,46.764,55.425,51.912,100.391,102.128,103.322,60.000,108.000,63.000,56.972,other,0,-1,1,4
2306,58,46.349,52.704,48.896,99.903,101.629,102.918,49.000,107.417,64.000,51.583,other,0,-1,2,4
2307,39,50.969,57.368,50.953,99.531,101.249,102.539,58.000,107.167,45.000,54.556,other,0,-1,3,4
2308,53,48.885,51.345,49.051,99.158,100.870,102.160,39.000,106.917,64.000,57.139,other,0,-1,4,4
2309,64,54.581,57.215,55.399,98.714,100.416,101.765,53.000,106.458,67.000,54.694,other,0,-1,5,4
2310,59,60.866,63.101,63.705,98.385,100.081,101.395,64.000,106.333,73.000,65.167,other,0,-1,6,4
2311,80,67.784,66.618,70.140,97.897,99.582,100.992,59.000,105.750,80.000,74.667,other,0,-1,7,4
2312,79,81.121,82.054,87.015,97.612,99.293,100.631,80.000,105.750,125.000,86.667,other,0,-1,8,4
2313,102,98.105,97.747,98.826,96.660,98.314,100.130,79.000,103.833,117.000,109.861,other,0,-1,9,4
2314,140,117.038,123.367,121.369,96.157,97.800,99.724,102.000,103.208,141.000,125.222,other,0,-1,10,4
2315,134,138.399,152.776,151.051,95.857,97.495,99.360,140.000,103.167,172.000,147.361,other,0,-1,11,4
2316,138,151.728,159.468,157.258,95.022,96.636,98.884,134.000,101.583,145.000,161.111,other,0,-1,12,4
2317,171,161.484,162.068,163.422,94.635,96.242,98.501,138.000,101.292,161.000,174.694,other,0,-1,13,4
2318,185,170.977,172.505,178.395,94.494,96.102,98.170,171.000,101.708,192.000,178.167,other,0,-1,14,4
2319,193,169.503,172.337,179.245,94.108,95.708,97.788,185.000,101.417,184.000,172.583,other,0,-1,15,4
2320,167,158.016,166.418,173.057,93.953,95.554,97.454,193.000,101.792,134.000,165.472,other,0,-1,16,4
2321,161,132.956,141.424,146.954,94.146,95.759,97.193,167.000,103.167,148.000,138.861,other,0,-1,17,4
2322,111,110.340,125.243,129.724,94.049,95.664,96.871,161.000,103.708,137.000,121.333,other,0,-1,18,4
2323,78,90.717,95.350,96.792,93.387,94.985,96.431,111.000,102.625,94.000,101.944,other,0,-1,19,4
2324,116,76.025,74.973,76.568,92.869,94.456,96.022,78.000,101.958,96.000,84.222,other,0,-1,20,4
2325,77,56.721,75.412,79.262,92.874,94.467,95.721,116.000,102.792,96.000,70.889,other,0,-1,21,4
2326,61,47.166,55.467,62.618,92.313,93.892,95.302,77.000,102.000,63.000,63.889,other,0,-1,22,4
2327,61,39.879,46.773,54.475,91.999,93.573,94.935,61.000,101.917,71.000,57.111,other,0,-1,23,4
2328,48,36.158,45.338,50.983,91.569,93.134,94.544,61.000,101.500,60.000,38.722,other,0,-1,0,5
2329,40,35.720,43.374,32.983,91.367,92.879,94.306,48.000,101.000,49.000,42.139,other,0,-1,1,5
2330,40,36.205,42.346,32.175,91.208,92.670,94.077,40.000,100.625,58.000,43.389,other,0,-1,2,5
2331,39,38.928,43.963,33.786,90.920,92.326,93.821,40.000,99.875,39.000,43.528,other,0,-1,3,5
2332,54,41.218,44.849,36.539,90.891,92.251,93.619,39.000,99.875,53.000,42.111,other,0,-1,4,5
2333,34,48.906,52.183,44.643,90.878,92.192,93.421,54.000,99.917,64.000,43.028,other,0,-1,5,5
2334,38,47.025,47.403,45.542,90.415,91.668,93.128,34.000,98.667,59.000,55.167,other,0,-1,6,5
2335,47,55.269,54.274,53.931,90.083,91.279,92.863,38.000,97.792,80.000,63.917,other,0,-1,7,5
2336,64,67.911,66.072,65.630,89.577,90.709,92.561,47.000,96.417,79.000,81.722,other,0,-1,8,5
2337,70,84.202,83.735,82.364,89.331,90.410,92.314,64.000,95.792,102.000,98.167,other,0,-1,9,5
2338,116,102.785,99.691,95.365,88.840,89.856,92.016,70.000,94.458,140.000,102.556,other,0,-1,10,5
2339,149,122.858,131.241,129.948,88.464,89.422,91.742,116.000,93.458,134.000,122.722,other,0,-1,11,5
2340,109,144.146,156.192,158.192,88.653,89.572,91.585,149.000,94.083,138.000,141.028,other,0,-1,12,5
2341,136,146.774,139.405,137.370,88.205,89.063,91.296,109.000,92.875,171.000,161.333,other,0,-1,13,5
2342,117,153.531,149.704,153.200,87.670,88.464,90.988,136.000,91.417,185.000,179.778,other,0,-1,14,5
2343,153,146.599,139.557,136.689,86.657,87.370,90.581,117.000,88.583,193.000,180.472,other,0,-1,15,5
2344,130,138.378,143.299,146.634,86.049,86.696,90.258,153.000,86.917,167.000,165.833,other,0,-1,16,5
2345,107,118.881,124.093,119.972,85.485,86.067,89.945,130.000,85.375,161.000,148.556,other,0,-1,17,5
2346,110,100.995,104.764,94.783,84.675,85.183,89.580,107.000,83.125,111.000,114.861,other,0,-1,18,5
2347,91,81.637,89.784,82.516,84.632,85.094,89.375,110.000,83.083,78.000,90.528,other,0,-1,19,5
2348,62,65.880,72.294,66.120,84.792,85.214,89.213,91.000,83.625,116.000,74.972,other,0,-1,20,5
2349,72,54.258,56.172,52.297,83.982,84.330,88.848,62.000,81.375,77.000,60.444,other,0,-1,21,5
2350,51,41.564,50.994,49.944,83.881,84.181,88.631,72.000,81.167,61.000,52.389,other,0,-1,22,5
2351,73,35.172,42.788,42.832,83.708,83.956,88.399,51.000,80.750,61.000,44.139,other,0,-1,23,5
2352,15,36.530,51.188,44.687,83.854,84.062,88.234,73.000,81.250,48.000,32.472,other,0,-1,0,6
2353,30,29.034,32.935,28.718,83.626,83.764,88.243,15.000,79.875,40.000,34.500,other,0,-1,1,6
2354,57,33.029,39.862,32.808,83.732,83.811,88.323,30.000,79.458,40.000,33.361,other,0,-1,2,6
2355,23,47.019,54.572,41.583,84.228,84.262,88.484,57.000,80.167,39.000,35.222,other,0,-1,3,6
2356,31,36.144,40.735,37.437,84.247,84.219,88.545,23.000,79.500,54.000,34.028,other,0,-1,4,6
2357,31,40.872,45.319,43.958,84.164,84.070,88.585,31.000,78.542,34.000,36.611,other,0,-1,5,6
2358,40,44.301,48.090,49.699,84.371,84.222,88.686,31.000,78.417,38.000,38.694,other,0,-1,6,6
2359,57,52.153,56.578,59.132,84.650,84.449,88.801,40.000,78.500,47.000,47.194,other,0,-1,7,6
2360,75,64.505,71.199,72.754,85.045,84.795,88.941,57.000,78.917,64.000,59.167,other,0,-1,8,6
2361,86,80.763,89.203,88.295,85.455,85.157,89.084,75.000,79.375,70.000,78.778,other,0,-1,9,6
2362,97,99.277,104.628,101.062,85.937,85.593,89.242,86.000,80.042,116.000,101.278,other,0,-1,10,6
2363,159,117.697,118.159,113.150,85.912,85.505,89.294,97.000,79.250,149.000,121.778,other,0,-1,11,6
2364,166,147.612,159.820,157.285,86.307,85.851,89.434,159.000,79.667,109.000,140.833,other,0,-1,12,6
2365,126,157.287,164.642,164.762,87.383,86.902,89.716,166.000,82.042,136.000,148.472,other,0,-1,13,6
2366,132,150.489,144.542,136.870,87.488,86.949,89.796,126.000,81.625,117.000,156.639,other,0,-1,14,6
2367,145,148.039,144.144,137.197,87.956,87.370,89.951,132.000,82.250,153.000,153.306,other,0,-1,15,6
2368,126,138.244,140.664,138.135,88.090,87.447,90.036,145.000,81.917,130.000,133.083,other,0,-1,16,6
2369,121,122.139,123.292,116.052,88.283,87.584,90.134,126.000,81.750,107.000,123.667,other,0,-1,17,6
2370,127,104.233,106.964,100.097,88.736,87.990,90.286,121.000,82.333,110.000,102.583,other,0,-1,18,6
2371,81,85.418,91.744,88.086,89.232,88.442,90.447,127.000,83.042,91.000,79.889,other,0,-1,19,6
2372,63,72.505,70.952,62.016,89.338,88.488,90.526,81.000,82.625,62.000,59.111,other,0,-1,20,6
2373,36,59.601,57.827,51.455,89.602,88.700,90.639,63.000,82.667,72.000,47.306,other,0,-1,21,6
2374,19,50.723,47.167,42.850,89.331,88.357,90.640,36.000,81.167,51.000,35.306,other,0,-1,22,6
2375,41,43.474,40.502,38.134,89.118,88.074,90.653,19.000,79.833,73.000,32.556,other,0,-1,23,6
2376,68,39.790,44.355,40.583,88.905,87.790,90.665,41.000,78.500,15.000,61.343,other,0,-1,0,0
2377,59,49.931,57.307,50.247,90.012,88.905,91.164,68.000,80.708,30.000,59.743,other,0,-1,1,0
2378,53,50.692,57.999,49.624,90.773,89.659,91.590,59.000,81.917,57.000,61.829,other,0,-1,2,0
2379,67,51.573,58.162,50.809,91.055,89.918,91.917,53.000,81.750,23.000,63.543,other,0,-1,3,0
2380,60,61.237,67.693,58.673,92.033,90.898,92.388,67.000,83.583,31.000,60.000,other,0,-1,4,0
2381,64,57.897,65.445,62.608,92.793,91.652,92.814,60.000,84.792,31.000,77.171,other,0,-1,5,0
2382,64,60.190,70.076,70.912,93.611,92.466,93.252,64.000,86.167,40.000,77.686,other,0,-1,6,0
2383,71,63.342,75.638,78.983,94.299,93.145,93.663,64.000,87.167,57.000,91.543,other,0,-1,7,0
2384,115,73.943,88.654,90.128,94.842,93.675,94.044,71.000,87.750,75.000,101.114,other,0,-1,8,0
2385,79,100.919,121.989,118.536,95.762,94.594,94.504,115.000,89.417,86.000,122.829,other,0,-1,9,0
2386,129,109.317,119.374,109.691,96.000,94.809,94.821,79.000,89.125,97.000,137.200,other,0,-1,10,0
2387,166,135.543,148.680,141.707,96.804,95.608,95.256,129.000,90.458,159.000,150.314,other,0,-1,11,0
2388,137,163.179,172.411,168.664,97.246,96.032,95.616,166.000,90.750,166.000,163.229,other,0,-1,12,0
2389,191,159.930,159.497,152.957,97.166,95.917,95.866,137.000,89.542,126.000,172.800,other,0,-1,13,0
2390,162,180.766,183.702,186.111,98.448,97.211,96.401,191.000,92.250,132.000,172.257,other,0,-1,14,0
2391,180,164.646,162.792,162.735,99.222,97.980,96.831,162.000,93.500,145.000,183.343,other,0,-1,15,0
2392,159,157.421,159.878,166.242,100.070,98.825,97.275,180.000,94.958,126.000,162.143,other,0,-1,16,0
2393,187,137.238,137.598,142.591,100.888,99.639,97.713,159.000,96.333,121.000,148.800,other,0,-1,17,0
2394,108,125.553,129.169,144.532,102.184,100.948,98.251,187.000,99.083,127.000,128.829,other,0,-1,18,0
2395,105,99.858,94.536,94.865,102.249,100.983,98.532,108.000,98.292,81.000,110.171,other,0,-1,19,0
2396,78,82.802,79.646,83.734,102.937,101.662,98.943,105.000,99.292,63.000,85.143,other,0,-1,20,0
2397,88,70.285,66.040,68.440,103.494,102.206,99.327,78.000,99.917,36.000,75.143,other,0,-1,21,0
2398,62,61.924,63.282,65.648,104.588,103.305,99.823,88.000,102.083,19.000,65.229,other,0,-1,22,0
2399,64,55.386,56.075,56.769,105.551,104.270,100.291,62.000,103.875,41.000,63.543,other,0,-1,23,0
2400,74,56.189,58.346,55.447,106.224,104.934,100.699,64.000,104.833,68.000,61.694,other,0,-1,0,1
2401,56,59.908,63.189,57.099,106.485,105.226,101.030,74.000,105.083,59.000,62.000,other,0,-1,1,1
2402,60,57.040,58.883,53.083,106.616,105.383,101.333,56.000,104.958,53.000,62.222,other,0,-1,2,1
2403,72,61.610,62.550,55.477,106.891,105.690,101.666,60.000,105.250,67.000,61.389,other,0,-1,3,1
2404,79,69.254,69.247,61.519,107.137,105.966,101.994,72.000,105.458,60.000,63.583,other,0,-1,4,1
2405,78,73.343,73.743,68.706,107.587,106.453,102.364,79.000,106.250,64.000,65.139,other,0,-1,5,1
2406,59,73.312,75.651,75.789,107.963,106.865,102.718,78.000,106.833,64.000,66.417,other,0,-1,6,1
2407,92,73.659,75.681,78.965,108.065,106.992,103.015,59.000,106.625,71.000,77.639,other,0,-1,7,1
2408,83,90.892,96.115,99.631,108.543,107.509,103.391,92.000,107.500,115.000,91.833,other,0,-1,8,1
2409,108,105.337,110.322,107.010,108.253,107.231,103.607,83.000,106.167,79.000,109.944,other,0,-1,9,1
2410,111,126.889,132.903,128.022,108.847,107.867,104.007,108.000,107.375,129.000,131.361,other,0,-1,10,1
2411,155,144.579,148.606,138.668,108.761,107.799,104.265,111.000,106.625,166.000,148.500,other,0,-1,11,1
2412,167,167.156,167.665,168.102,108.775,107.836,104.544,155.000,106.167,137.000,174.389,other,0,-1,12,1
2413,180,176.779,175.838,177.968,109.384,108.488,104.947,167.000,107.417,191.000,191.778,other,0,-1,13,1
2414,132,180.835,180.423,183.980,109.398,108.525,105.226,180.000,106.958,162.000,190.222,other,0,-1,14,1
2415,192,166.272,160.173,151.287,109.138,108.277,105.448,132.000,105.708,180.000,183.056,other,0,-1,15,1
2416,164,167.228,171.152,174.656,109.486,108.659,105.796,192.000,106.208,159.000,168.806,other,0,-1,16,1
2417,176,146.623,146.911,146.857,109.732,108.936,106.124,164.000,106.417,187.000,158.750,other,0,-1,17,1
2418,107,130.559,134.966,140.471,109.746,108.973,106.403,176.000,105.958,108.000,131.639,other,0,-1,18,1
2419,118,111.566,103.257,100.294,109.906,109.160,106.712,107.000,105.917,105.000,103.944,other,0,-1,19,1
2420,96,92.806,90.315,96.094,110.268,109.556,107.064,118.000,106.458,78.000,92.389,other,0,-1,20,1
2421,27,79.368,76.491,81.357,110.703,110.028,107.430,96.000,107.208,88.000,77.389,inside,-1,0,21,1
2422,23,74.629,61.092,56.187,109.993,109.316,107.558,27.000,104.667,62.000,64.944,inside,-1,1,22,1
2423,13,64.637,54.806,49.149,109.602,108.933,107.753,23.000,103.042,64.000,62.889,inside,-1,2,23,1
2424,56,58.948,50.862,42.471,109.037,108.370,107.911,13.000,100.917,74.000,59.639,after,-1,3,0,2
2425,52,58.819,60.455,54.120,108.653,108.033,107.907,56.000,100.167,56.000,64.167,after,-1,4,1,2
2426,74,59.506,60.368,52.176,108.472,107.905,107.946,52.000,100.000,60.000,56.194,after,-1,5,2,2
2427,44,68.959,69.538,56.804,108.552,108.047,108.040,74.000,100.583,72.000,60.528,after,-1,6,3,2
2428,68,62.367,60.149,52.993,108.023,107.559,108.006,44.000,99.417,79.000,62.444,after,-1,7,4,2
2429,48,70.919,68.877,61.575,107.740,107.327,108.024,68.000,98.958,78.000,62.833,after,-1,8,5,2
2430,53,71.927,66.099,62.822,107.182,106.809,107.984,48.000,97.708,59.000,70.472,after,-1,9,6,2
2431,85,82.159,73.724,71.444,106.972,106.651,108.017,53.000,97.458,92.000,78.639,after,-1,10,7,2
2432,91,97.169,89.151,90.172,106.747,106.479,108.047,85.000,97.167,83.000,89.639,after,-1,11,8,2
2433,91,114.533,105.276,103.939,106.740,106.531,108.122,91.000,97.500,108.000,104.833,after,-1,12,9,2
2434,140,133.203,126.357,116.182,106.370,106.208,108.122,91.000,96.792,111.000,127.694,after,-1,13,10,2
2435,160,152.816,146.739,148.121,106.667,106.575,108.261,140.000,98.000,155.000,145.361,after,-1,14,11,2
2436,168,167.252,163.932,166.484,106.616,106.582,108.327,160.000,98.208,167.000,159.222,after,-1,15,12,2
2437,170,173.317,173.811,174.838,106.507,106.530,108.381,168.000,98.250,180.000,182.222,after,-1,16,13,2
2438,167,172.385,175.938,174.755,106.239,106.312,108.402,170.000,97.833,132.000,185.000,after,-1,17,14,2
2439,168,166.618,171.165,167.127,106.623,106.769,108.559,167.000,99.292,192.000,172.750,after,-1,18,15,2
2440,167,157.873,163.263,157.201,106.152,106.341,108.537,168.000,98.292,164.000,158.694,after,-1,19,16,2
2441,149,145.256,151.216,144.492,106.072,106.318,108.597,167.000,98.417,176.000,148.139,after,-1,20,17,2
2442,133,128.601,131.228,124.339,105.558,105.846,108.567,149.000,97.292,107.000,124.722,after,-1,21,18,2
2443,125,111.069,112.004,107.058,105.811,106.168,108.696,133.000,98.375,118.000,108.833,after,-1,22,19,2
2444,126,93.508,96.923,94.838,105.789,106.205,108.769,125.000,98.667,96.000,89.361,after,-1,23,20,2
2445,98,78.854,88.929,86.501,106.100,106.587,108.911,126.000,99.917,27.000,75.500,after,-1,24,21,2
2446,60,68.582,73.939,70.010,107.006,107.583,109.176,98.000,102.875,23.000,67.139,after,-1,25,22,2
2447,54,61.903,60.307,54.456,107.418,108.070,109.339,60.000,104.417,13.000,62.722,after,-1,26,23,2
2448,63,57.065,57.582,49.025,107.889,108.617,109.514,54.000,106.125,56.000,61.389,other,0,-1,0,3
2449,60,56.389,62.839,60.641,107.663,108.436,109.287,63.000,106.417,52.000,64.194,other,0,-1,1,3
2450,56,57.291,62.928,58.654,107.451,108.269,109.063,60.000,106.750,74.000,65.056,other,0,-1,2,3
2451,71,58.594,62.441,57.847,106.862,107.713,108.759,56.000,106.000,44.000,61.583,other,0,-1,3,3
2452,61,65.238,68.752,62.512,106.926,107.831,108.592,71.000,107.125,68.000,61.250,other,0,-1,4,3
2453,70,65.156,65.552,63.699,106.497,107.440,108.323,61.000,106.833,48.000,63.500,other,0,-1,5,3
2454,80,71.637,70.128,71.100,106.488,107.483,108.141,70.000,107.750,53.000,67.778,other,0,-1,6,3
2455,96,81.083,77.027,81.299,106.551,107.602,107.974,80.000,108.875,85.000,79.889,other,0,-1,7,3
2456,85,94.989,88.980,95.955,106.383,107.480,107.758,96.000,109.333,91.000,92.417,other,0,-1,8,3
2457,118,111.554,102.430,103.935,105.968,107.104,107.491,85.000,109.083,91.000,115.000,other,0,-1,9,3
2458,153,130.547,126.165,128.202,106.032,107.222,107.324,118.000,110.208,140.000,126.583,other,0,-1,10,3
2459,139,151.366,151.285,153.930,105.892,107.130,107.115,153.000,110.750,160.000,145.861,other,0,-1,11,3
2460,118,160.785,162.520,157.376,105.261,106.529,106.803,139.000,109.875,168.000,168.111,other,0,-1,12,3
2461,147,164.332,162.145,153.457,104.209,105.493,106.403,118.000,107.792,170.000,177.472,other,0,-1,13,3
2462,215,167.792,166.835,164.213,103.548,104.862,106.085,147.000,106.833,167.000,176.694,other,0,-1,14,3
2463,142,180.984,190.965,190.462,103.915,105.295,105.981,215.000,108.833,168.000,173.972,other,0,-1,15,3
2464,157,152.609,151.744,147.790,103.211,104.619,105.654,142.000,107.750,167.000,162.111,other,0,-1,16,3
2465,158,139.145,145.026,143.277,102.738,104.183,105.375,157.000,107.333,149.000,150.028,other,0,-1,17,3
2466,106,120.774,132.915,132.090,102.541,104.031,105.154,158.000,107.708,133.000,132.389,other,0,-1,18,3
2467,101,104.256,103.616,100.564,101.822,103.340,104.823,106.000,106.583,125.000,108.528,other,0,-1,19,3
2468,118,86.446,89.118,89.603,101.147,102.694,104.502,101.000,105.583,126.000,100.083,other,0,-1,20,3
2469,83,68.845,86.424,86.674,100.703,102.287,104.229,118.000,105.250,98.000,85.306,other,0,-1,21,3
2470,71,59.084,66.150,69.379,100.158,101.776,103.935,83.000,104.625,60.000,74.778,other,0,-1,22,3
2471,51,51.277,57.854,61.026,99.990,101.654,103.720,71.000,105.083,54.000,70.444,other,0,-1,23,3
2472,57,46.688,49.620,52.762,99.619,101.323,103.462,51.000,104.958,63.000,60.917,other,0,-1,0,4
2473,51,45.608,54.439,50.148,99.247,100.944,103.083,57.000,104.708,60.000,56.972,other,0,-1,1,4
2474,45,46.174,53.555,48.124,98.831,100.519,102.695,51.000,104.333,56.000,51.583,other,0,-1,2,4
2475,47,47.082,52.509,47.418,98.386,100.065,102.300,45.000,103.875,71.000,54.556,other,0,-1,3,4
2476,54,49.933,54.102,49.673,97.753,99.416,101.866,47.000,102.875,61.000,57.139,other,0,-1,4,4
2477,42,54.357,57.599,54.833,97.367,99.022,101.484,54.000,102.583,70.000,54.694,other,0,-1,5,4
2478,63,57.506,56.508,57.527,96.676,98.313,101.038,42.000,101.417,80.000,65.167,other,0,-1,6,4
2479,76,67.488,67.607,70.792,96.144,97.768,100.626,63.000,100.708,96.000,74.667,other,0,-1,7,4
2480,87,80.502,80.840,85.268,95.569,97.179,100.204,76.000,99.875,85.000,86.667,other,0,-1,8,4
2481,133,97.492,99.379,101.744,95.313,96.920,99.849,87.000,99.958,118.000,109.861,other,0,-1,9,4
2482,126,119.894,133.043,135.044,95.245,96.855,99.533,133.000,100.583,153.000,125.222,other,0,-1,10,4
2483,124,136.255,147.426,144.195,94.568,96.161,99.090,126.000,99.458,139.000,147.361,other,0,-1,11,4
2484,160,150.163,155.841,152.289,94.066,95.647,98.684,124.000,98.833,118.000,161.111,other,0,-1,12,4
2485,203,165.523,171.186,173.795,94.389,95.987,98.450,160.000,100.583,147.000,174.694,other,0,-1,13,4
2486,199,181.737,191.076,195.112,94.915,96.537,98.258,203.000,102.917,215.000,178.167,other,0,-1,14,4
2487,137,173.795,180.524,186.745,94.397,96.008,97.849,199.000,102.250,142.000,172.583,other,0,-1,15,4
2488,172,149.606,143.229,145.853,94.040,95.644,97.472,137.000,102.042,157.000,165.472,other,0,-1,16,4
2489,159,133.793,143.536,149.261,93.972,95.579,97.157,172.000,102.667,158.000,138.861,other,0,-1,17,4
2490,134,110.565,124.338,128.977,93.701,95.305,96.798,159.000,102.708,106.000,121.333,other,0,-1,18,4
2491,88,89.683,101.670,105.565,93.821,95.435,96.522,134.000,103.875,101.000,101.944,other,0,-1,19,4
2492,70,75.557,76.621,80.090,93.348,94.951,96.122,88.000,103.333,118.000,84.222,other,0,-1,20,4
2493,87,61.482,61.448,67.943,92.367,93.942,95.615,70.000,101.333,83.000,70.889,other,0,-1,21,4
2494,83,47.186,58.619,66.076,92.139,93.712,95.266,87.000,101.500,71.000,63.889,other,0,-1,22,4
2495,45,40.857,54.264,60.360,92.028,93.603,94.941,83.000,102.000,51.000,57.111,other,0,-1,23,4
2496,40,35.852,40.558,49.483,91.656,93.224,94.562,45.000,101.750,57.000,38.722,other,0,-1,0,5
2497,38,34.555,40.735,32.624,91.381,92.894,94.309,40.000,101.042,51.000,42.139,other,0,-1,1,5
2498,35,36.109,41.810,32.695,91.165,92.625,94.068,38.000,100.500,45.000,43.389,other,0,-1,2,5
2499,48,37.882,42.264,33.610,90.992,92.401,93.836,35.000,100.083,47.000,43.528,other,0,-1,3,5
2500,32,44.654,48.625,39.080,90.978,92.341,93.637,48.000,100.125,54.000,42.111,other,0,-1,4,5
2501,45,42.569,43.925,39.780,90.632,91.937,93.369,32.000,99.208,42.000,43.028,other,0,-1,5,5
2502,53,49.413,50.996,48.851,90.647,91.908,93.177,45.000,99.333,63.000,55.167,other,0,-1,6,5
2503,55,57.129,58.774,58.948,90.474,91.683,92.945,53.000,98.917,76.000,63.917,other,0,-1,7,5
2504,89,68.429,68.368,68.744,90.142,91.294,92.679,55.000,98.042,87.000,81.722,other,0,-1,8,5
2505,89,85.655,93.235,93.913,90.143,91.250,92.484,89.000,98.125,133.000,98.167,other,0,-1,9,5
2506,101,103.318,106.991,104.814,89.477,90.516,92.149,89.000,96.292,126.000,102.556,other,0,-1,10,5
2507,124,121.873,124.142,121.028,89.087,90.066,91.872,101.000,95.250,124.000,122.722,other,0,-1,11,5
2508,126,139.204,142.431,142.064,89.059,89.992,91.670,124.000,95.250,160.000,141.028,other,0,-1,12,5
2509,157,149.191,146.283,147.239,88.538,89.408,91.366,126.000,93.833,203.000,161.333,other,0,-1,13,5
2510,157,157.625,159.313,165.945,87.844,88.644,91.025,157.000,91.917,199.000,179.778,other,0,-1,14,5
2511,191,152.409,153.875,160.004,87.207,87.940,90.696,157.000,90.167,137.000,180.472,other,0,-1,15,5
2512,171,147.883,160.787,170.162,87.961,88.675,90.658,191.000,92.417,172.000,165.833,other,0,-1,16,5
2513,120,122.945,137.344,142.095,87.919,88.585,90.453,171.000,92.375,159.000,148.556,other,0,-1,17,5
2514,109,99.768,106.553,100.179,87.326,87.926,90.133,120.000,90.750,134.000,114.861,other,0,-1,18,5
2515,76,81.217,88.502,81.786,86.935,87.477,89.856,109.000,89.708,88.000,90.528,other,0,-1,19,5
2516,86,66.945,68.684,61.502,86.733,87.223,89.618,76.000,89.208,70.000,74.972,other,0,-1,20,5
2517,47,50.805,58.906,56.965,86.937,87.388,89.465,86.000,89.875,87.000,60.444,other,0,-1,21,5
2518,43,42.535,44.022,44.247,86.329,86.714,89.142,47.000,88.208,83.000,52.389,other,0,-1,22,5
2519,40,34.704,38.861,40.406,85.722,86.040,88.819,43.000,86.542,45.000,44.139,other,0,-1,23,5
2520,28,31.047,37.235,37.769,85.621,85.891,88.603,40.000,86.333,40.000,32.472,other,0,-1,0,6
2521,24,30.352,34.262,29.535,85.698,85.908,88.676,28.000,85.833,38.000,34.500,other,0,-1,1,6
2522,27,31.510,35.221,30.244,85.745,85.894,88.743,24.000,85.250,35.000,33.361,other,0,-1,2,6
2523,38,34.897,38.325,33.225,85.880,85.971,88.829,27.000,84.917,48.000,35.222,other,0,-1,3,6
2524,28,41.303,44.458,39.315,85.985,86.018,88.908,38.000,84.500,32.000,34.028,other,0,-1,4,6
2525,39,40.142,42.245,41.796,86.177,86.154,89.006,28.000,84.333,45.000,36.611,other,0,-1,5,6
2526,45,46.386,49.308,50.792,86.341,86.261,89.097,39.000,84.083,53.000,38.694,other,0,-1,6,6
2527,47,53.132,56.914,59.812,86.475,86.337,89.183,45.000,83.750,55.000,47.194,other,0,-1,7,6
2528,55,63.732,66.531,68.197,86.610,86.414,89.268,47.000,83.417,89.000,59.167,other,0,-1,8,6
2529,76,79.688,80.314,79.039,86.367,86.101,89.275,55.000,82.000,89.000,78.778,other,0,-1,9,6
2530,68,98.595,99.041,95.980,86.429,86.103,89.345,76.000,81.458,101.000,101.278,other,0,-1,10,6
2531,99,116.037,104.635,98.014,86.201,85.805,89.355,68.000,80.083,124.000,121.778,other,0,-1,11,6
2532,149,132.354,125.129,119.156,86.090,85.626,89.389,99.000,79.042,126.000,140.833,other,0,-1,12,6
2533,139,151.494,153.906,153.436,86.673,86.168,89.568,149.000,80.000,157.000,148.472,other,0,-1,13,6
2534,148,151.458,149.243,146.005,86.663,86.094,89.623,139.000,79.250,157.000,156.639,other,0,-1,14,6
2535,122,148.519,149.548,147.992,86.782,86.156,89.706,148.000,78.875,191.000,153.306,other,0,-1,15,6
2536,145,135.205,134.058,124.015,86.033,85.318,89.607,122.000,76.000,171.000,133.083,other,0,-1,16,6
2537,116,120.369,127.888,126.174,85.907,85.125,89.638,145.000,74.917,120.000,123.667,other,0,-1,17,6
2538,101,102.356,105.737,97.125,86.099,85.262,89.735,116.000,74.750,109.000,102.583,other,0,-1,18,6
2539,81,85.100,87.052,77.714,86.234,85.338,89.821,101.000,74.417,76.000,79.889,other,0,-1,19,6
2540,74,69.825,69.915,61.170,86.556,85.610,89.945,81.000,74.625,86.000,59.111,other,0,-1,20,6
2541,40,55.833,58.026,52.896,86.633,85.627,90.019,74.000,74.125,47.000,47.306,other,0,-1,21,6
2542,29,47.398,46.315,42.884,86.782,85.718,90.107,40.000,73.833,43.000,35.306,other,0,-1,22,6
2543,32,40.074,40.786,39.256,86.829,85.705,90.175,29.000,73.250,40.000,32.556,other,0,-1,23,6
2544,42,36.647,40.932,38.883,86.963,85.782,90.260,32.000,72.917,28.000,61.343,other,0,-1,0,0
2545,81,39.541,45.320,44.599,87.506,86.311,90.641,42.000,73.500,24.000,59.743,other,0,-1,1,0
2546,50,62.139,69.444,54.766,88.672,87.485,91.152,81.000,75.875,27.000,61.829,other,0,-1,2,0
2547,67,49.146,56.044,50.361,89.346,88.149,91.560,50.000,76.833,38.000,63.543,other,0,-1,3,0
2548,72,60.664,67.189,58.845,90.106,88.904,91.986,67.000,78.042,28.000,60.000,other,0,-1,4,0
2549,56,64.183,71.633,66.300,91.084,89.883,92.457,72.000,79.875,39.000,77.171,other,0,-1,5,0
2550,49,56.075,65.748,68.568,91.670,90.457,92.847,56.000,80.583,45.000,77.686,other,0,-1,6,0
2551,87,58.853,69.051,74.020,92.068,90.837,93.198,49.000,80.750,47.000,91.543,other,0,-1,7,0
2552,82,77.907,95.485,96.551,92.988,91.756,93.657,87.000,82.417,55.000,101.114,other,0,-1,8,0
2553,123,89.802,106.490,103.252,93.719,92.480,94.077,82.000,83.542,76.000,122.829,other,0,-1,9,0
2554,130,117.815,137.504,131.318,94.740,93.504,94.558,123.000,85.500,68.000,137.200,other,0,-1,10,0
2555,158,135.689,149.337,142.229,95.978,94.753,95.084,130.000,88.083,99.000,150.314,other,0,-1,11,0
2556,149,158.994,167.778,163.654,97.173,95.957,95.601,158.000,90.542,149.000,163.229,other,0,-1,12,0
2557,208,163.183,164.378,160.186,97.514,96.277,95.939,149.000,90.542,139.000,172.800,other,0,-1,13,0
2558,184,191.434,194.566,197.568,98.853,97.631,96.486,208.000,93.417,148.000,172.257,other,0,-1,14,0
2559,177,170.868,172.337,176.885,99.715,98.490,96.933,184.000,94.917,122.000,183.343,other,0,-1,15,0
2560,173,157.060,157.948,164.356,100.852,99.634,97.438,177.000,97.208,145.000,162.143,other,0,-1,16,0
2561,157,139.807,141.384,150.794,101.598,100.373,97.861,173.000,98.375,116.000,148.800,other,0,-1,17,0
2562,127,119.048,119.054,128.655,102.532,101.308,98.324,157.000,100.083,101.000,128.829,other,0,-1,18,0
2563,114,99.483,96.121,102.133,103.249,102.017,98.741,127.000,101.167,81.000,110.171,other,0,-1,19,0
2564,87,83.114,80.199,86.540,104.067,102.831,99.179,114.000,102.542,74.000,85.143,other,0,-1,20,0
2565,79,70.377,66.626,70.795,104.595,103.346,99.557,87.000,103.083,40.000,75.143,other,0,-1,21,0
2566,61,61.459,60.431,63.614,105.501,104.250,100.013,79.000,104.708,29.000,65.229,other,0,-1,22,0
2567,53,55.731,55.155,56.524,106.304,105.049,100.448,61.000,106.042,32.000,63.543,other,0,-1,23,0
2568,49,53.929,54.050,53.153,106.949,105.683,100.850,53.000,106.917,42.000,61.694,other,0,-1,0,1
2569,62,52.940,53.398,52.227,107.224,105.990,101.184,49.000,107.208,81.000,62.000,other,0,-1,1,1
2570,67,59.423,60.639,54.236,107.123,105.907,101.439,62.000,106.417,50.000,62.222,other,0,-1,2,1
2571,42,64.846,64.980,56.839,107.543,106.364,101.802,67.000,107.125,67.000,61.389,other,0,-1,3,1
2572,65,57.660,56.908,54.918,107.355,106.191,102.039,42.000,106.083,72.000,63.583,other,0,-1,4,1
2573,48,66.723,67.185,64.795,107.427,106.288,102.330,65.000,105.792,56.000,65.139,other,0,-1,5,1
2574,51,64.897,64.792,67.394,107.485,106.370,102.618,48.000,105.458,49.000,66.417,other,0,-1,6,1
2575,83,73.282,73.242,76.177,107.688,106.602,102.937,51.000,105.542,87.000,77.639,other,0,-1,7,1
2576,95,88.969,93.020,95.832,107.804,106.744,103.237,83.000,105.375,82.000,91.833,other,0,-1,8,1
2577,110,106.801,112.034,111.314,108.167,107.141,103.589,95.000,105.917,123.000,109.944,other,0,-1,9,1
2578,138,127.385,132.820,128.645,108.152,107.148,103.862,110.000,105.375,130.000,131.361,other,0,-1,10,1
2579,145,150.079,153.379,151.980,108.442,107.470,104.198,138.000,105.708,158.000,148.500,other,0,-1,11,1
2580,160,164.076,164.609,162.799,108.428,107.477,104.471,145.000,105.167,149.000,174.389,other,0,-1,12,1
2581,190,174.590,173.184,174.194,108.761,107.843,104.817,160.000,105.625,208.000,191.778,other,0,-1,13,1
2582,165,184.833,184.521,189.942,108.674,107.775,105.075,190.000,104.875,184.000,190.222,other,0,-1,14,1
2583,196,171.129,169.296,169.281,108.573,107.693,105.330,165.000,104.083,177.000,183.056,other,0,-1,15,1
2584,162,168.692,172.271,176.707,109.022,108.179,105.699,196.000,104.875,173.000,168.806,other,0,-1,16,1
2585,170,146.725,145.462,145.341,109.037,108.216,105.978,162.000,104.417,157.000,158.750,other,0,-1,17,1
2586,124,129.950,131.838,136.550,109.399,108.613,106.330,170.000,104.958,127.000,131.639,other,0,-1,18,1
2587,111,110.451,104.597,105.708,109.529,108.770,106.633,124.000,104.833,114.000,103.944,other,0,-1,19,1
2588,90,93.532,88.221,92.721,109.660,108.927,106.937,111.000,104.708,87.000,92.389,other,0,-1,20,1
2589,84,80.040,74.577,78.637,109.877,109.174,107.258,90.000,104.833,79.000,77.389,other,0,-1,21,1
2590,79,69.653,67.725,69.707,110.124,109.451,107.585,84.000,105.042,61.000,64.944,other,0,-1,22,1
2591,72,64.399,65.280,62.153,110.558,109.922,107.952,79.000,105.792,53.000,62.889,other,0,-1,23,1
2592,57,62.888,64.545,55.912,111.007,110.409,108.322,72.000,106.583,49.000,59.639,other,0,-1,0,2
2593,59,59.191,60.856,55.467,111.000,110.461,108.397,57.000,106.917,62.000,64.167,other,0,-1,1,2
2594,59,61.176,62.831,54.690,110.833,110.348,108.439,59.000,106.792,67.000,56.194,other,0,-1,2,2
2595,64,63.580,64.052,55.073,110.594,110.161,108.466,59.000,106.458,42.000,60.528,other,0,-1,3,2
2596,61,67.439,66.774,58.180,110.789,110.423,108.584,64.000,107.375,65.000,62.444,other,0,-1,4,2
2597,67,69.031,66.758,61.378,110.608,110.295,108.623,61.000,107.208,48.000,62.833,other,0,-1,5,2
2598,74,74.714,70.888,68.498,110.760,110.512,108.731,67.000,108.000,51.000,70.472,other,0,-1,6,2
2599,71,83.858,77.748,78.120,110.970,110.789,108.852,74.000,108.958,83.000,78.639,other,0,-1,7,2
2600,87,97.150,87.482,86.869,110.673,110.541,108.867,71.000,108.458,95.000,89.639,other,0,-1,8,2
2601,102,114.984,105.203,103.216,110.434,110.354,108.894,87.000,108.125,110.000,104.833,other,0,-1,9,2
2602,137,133.832,126.103,120.888,110.195,110.166,108.921,102.000,107.792,138.000,127.694,other,0,-1,10,2
2603,130,153.051,146.570,147.194,110.057,110.083,108.969,137.000,107.750,145.000,145.361,other,0,-1,11,2
2604,160,162.809,160.236,152.972,109.716,109.790,108.974,130.000,107.125,160.000,159.222,other,0,-1,12,2
2605,181,172.253,171.818,171.385,109.593,109.723,109.025,160.000,107.125,190.000,182.222,other,0,-1,13,2
2606,170,175.917,179.505,180.719,109.339,109.520,109.049,181.000,106.750,165.000,185.000,other,0,-1,14,2
2607,170,167.436,172.179,168.894,109.288,109.527,109.115,170.000,106.958,196.000,172.750,other,0,-1,15,2
2608,140,158.313,164.116,158.482,108.788,109.070,109.088,170.000,105.875,162.000,158.694,other,0,-1,16,2
2609,144,144.453,143.349,132.290,108.346,108.672,109.072,140.000,104.958,170.000,148.139,other,0,-1,17,2
2610,132,128.586,130.197,122.743,107.847,108.214,109.045,144.000,103.875,124.000,124.722,other,0,-1,18,2
2611,112,110.891,112.268,107.685,107.839,108.267,109.120,132.000,104.208,111.000,108.833,other,0,-1,19,2
2612,73,94.488,93.866,91.529,107.730,108.214,109.174,112.000,104.250,90.000,89.361,other,0,-1,20,2
2613,102,83.144,75.132,71.458,107.361,107.891,109.174,73.000,103.542,84.000,75.500,other,0,-1,21,2
2614,67,68.398,75.532,72.875,107.498,108.093,109.279,102.000,104.292,79.000,67.139,other,0,-1,22,2
2615,70,61.276,61.763,57.112,107.201,107.845,109.294,67.000,103.792,72.000,62.722,other,0,-1,23,2
2616,70,57.887,61.871,52.908,107.049,107.748,109.339,70.000,103.708,57.000,61.389,other,0,-1,0,3
2617,61,57.419,64.977,62.335,106.909,107.656,109.130,70.000,104.250,59.000,64.194,other,0,-1,1,3
2618,58,57.389,62.845,59.139,106.611,107.400,108.887,61.000,104.333,59.000,65.056,other,0,-1,2,3
2619,61,58.994,62.764,58.552,106.269,107.098,108.635,58.000,104.292,64.000,61.583,other,0,-1,3,3
2620,63,62.214,64.541,60.680,105.897,106.767,108.378,61.000,104.167,61.000,61.250,other,0,-1,4,3
2621,54,65.574,65.953,64.375,105.599,106.510,108.135,63.000,104.250,67.000,63.500,other,0,-1,5,3
2622,66,69.454,65.529,67.354,105.083,106.029,107.847,54.000,103.708,74.000,67.778,other,0,-1,6,3
2623,83,79.612,73.536,77.395,104.639,105.623,107.574,66.000,103.375,71.000,79.889,other,0,-1,7,3
2624,93,93.758,86.206,91.717,104.485,105.516,107.362,83.000,103.875,87.000,92.417,other,0,-1,8,3
2625,106,111.098,103.002,106.373,104.244,105.320,107.131,93.000,104.125,102.000,115.000,other,0,-1,9,3
2626,108,129.758,125.243,123.392,103.975,105.093,106.895,106.000,104.292,137.000,126.583,other,0,-1,10,3
2627,126,146.352,146.312,135.952,103.227,104.372,106.558,108.000,103.083,130.000,145.861,other,0,-1,11,3
2628,136,159.080,160.365,151.917,102.841,104.026,106.298,126.000,102.917,160.000,168.111,other,0,-1,12,3
2629,152,166.007,165.822,160.385,102.166,103.379,105.976,136.000,101.917,181.000,177.472,other,0,-1,13,3
2630,196,168.254,168.285,166.147,101.418,102.658,105.640,152.000,100.708,170.000,176.694,other,0,-1,14,3
2631,163,172.774,180.626,180.962,101.467,102.762,105.470,196.000,101.792,170.000,173.972,other,0,-1,15,3
2632,179,154.490,158.249,156.845,101.038,102.370,105.200,163.000,101.500,140.000,162.111,other,0,-1,16,3
2633,181,141.409,153.852,153.288,101.275,102.668,105.070,179.000,103.125,144.000,150.028,other,0,-1,17,3
2634,134,122.647,144.010,142.033,101.484,102.937,104.933,181.000,104.667,132.000,132.389,other,0,-1,18,3
2635,98,101.573,110.841,110.047,101.185,102.680,104.690,134.000,104.750,112.000,108.528,other,0,-1,19,3
2636,109,86.240,87.655,87.063,100.654,102.184,104.399,98.000,104.167,73.000,100.083,other,0,-1,20,3
2637,67,68.954,81.869,81.782,100.848,102.437,104.260,109.000,105.667,102.000,85.306,other,0,-1,21,3
2638,80,60.007,61.084,63.086,100.014,101.626,103.905,67.000,104.208,67.000,74.778,other,0,-1,22,3
2639,76,50.754,60.528,60.578,99.874,101.535,103.696,80.000,104.750,70.000,70.444,other,0,-1,23,3
2640,49,47.561,57.194,55.356,99.633,101.338,103.465,76.000,105.000,70.000,60.917,other,0,-1,0,4
2641,52,43.705,51.342,46.333,99.044,100.734,103.041,49.000,104.125,61.000,56.972,other,0,-1,1,4
2642,39,45.780,53.697,46.023,98.628,100.310,102.652,52.000,103.750,58.000,51.583,other,0,-1,2,4
2643,65,45.278,50.236,44.224,98.068,99.735,102.234,39.000,102.958,61.000,54.556,other,0,-1,3,4
2644,60,55.023,60.983,51.496,97.840,99.506,101.885,65.000,103.125,63.000,57.139,other,0,-1,4,4
2645,75,55.619,59.656,54.649,97.511,99.172,101.514,60.000,103.000,54.000,54.694,other,0,-1,5,4
2646,74,63.393,67.126,64.895,97.530,99.197,101.217,75.000,103.875,66.000,65.167,other,0,-1,6,4
2647,72,68.871,70.896,73.532,97.361,99.028,100.880,74.000,104.208,83.000,74.667,other,0,-1,7,4
2648,74,80.494,79.838,83.815,96.916,98.573,100.485,72.000,103.750,93.000,86.667,other,0,-1,8,4
2649,97,97.791,96.612,97.081,96.356,97.999,100.067,74.000,102.958,106.000,109.861,other,0,-1,9,4
2650,106,116.784,121.918,119.814,95.940,97.575,99.678,97.000,102.583,108.000,125.222,other,0,-1,10,4
2651,162,134.854,141.709,136.214,95.626,97.255,99.311,106.000,102.500,126.000,147.361,other,0,-1,11,4
2652,154,158.242,170.969,171.661,95.862,97.506,99.059,162.000,104.000,136.000,161.111,other,0,-1,12,4
2653,160,164.766,168.534,172.039,95.837,97.486,98.752,154.000,104.750,152.000,174.694,other,0,-1,13,4
2654,219,168.915,167.469,173.891,95.668,97.317,98.415,160.000,105.083,196.000,178.167,other,0,-1,14,4
2655,198,184.187,193.561,198.197,95.716,97.372,98.124,219.000,106.042,163.000,172.583,other,0,-1,15,4
2656,169,160.608,169.385,176.809,95.937,97.607,97.869,198.000,107.500,179.000,165.472,other,0,-1,16,4
2657,176,133.668,142.201,148.357,95.507,97.168,97.477,169.000,107.083,181.000,138.861,other,0,-1,17,4
2658,110,112.250,131.893,136.674,95.149,96.804,97.101,176.000,106.875,134.000,121.333,other,0,-1,18,4
2659,112,91.033,94.666,96.360,94.517,96.155,96.667,110.000,105.875,98.000,101.944,other,0,-1,19,4
2660,94,72.037,82.059,86.415,94.434,96.075,96.348,112.000,106.458,109.000,84.222,other,0,-1,20,4
2661,64,57.854,66.779,72.757,93.931,95.561,95.942,94.000,105.833,67.000,70.889,other,0,-1,21,4
2662,101,48.209,51.463,59.383,93.603,95.227,95.572,64.000,105.708,80.000,63.889,other,0,-1,22,4
2663,61,43.133,61.697,62.617,93.621,95.252,95.274,101.000,106.583,76.000,57.111,other,0,-1,23,4
2664,41,36.080,44.973,50.683,93.119,94.738,94.868,61.000,105.958,49.000,38.722,other,0,-1,0,5
2665,43,34.039,40.451,31.675,92.975,94.543,94.642,41.000,105.625,52.000,42.139,other,0,-1,1,5
2666,45,36.765,43.100,32.525,92.816,94.334,94.413,43.000,105.250,39.000,43.389,other,0,-1,2,5
2667,39,40.375,45.642,34.604,92.875,94.350,94.229,45.000,105.500,65.000,43.528,other,0,-1,3,5
2668,33,41.076,44.534,36.381,92.470,93.885,93.949,39.000,104.417,60.000,42.111,other,0,-1,4,5
2669,49,42.283,43.849,39.383,92.051,93.406,93.666,33.000,103.292,75.000,43.028,other,0,-1,5,5
2670,48,49.995,52.056,49.451,91.646,92.942,93.385,49.000,102.208,74.000,55.167,other,0,-1,6,5
2671,333,56.087,56.807,56.989,91.242,92.478,93.105,48.000,101.125,72.000,63.917,inside,1,0,7,5
2672,433,267.295,279.207,242.412,94.995,96.316,93.693,333.000,112.000,74.000,81.722,inside,1,1,8,5
2673,590,307.625,345.877,327.142,100.167,101.623,94.577,433.000,126.958,97.000,98.167,inside,1,2,9,5
2674,842,358.508,402.773,403.115,107.281,108.939,95.867,590.000,147.500,106.000,102.556,inside,1,3,10,5
2675,804,389.705,444.002,448.926,117.914,119.898,97.892,842.000,178.167,162.000,122.722,inside,1,4,11,5
2676,148,391.185,446.936,447.306,127.186,129.448,99.632,804.000,204.917,154.000,141.028,after,1,5,12,5
2677,125,163.322,161.567,154.338,127.071,129.284,99.413,148.000,204.667,160.000,161.333,after,1,6,13,5
2678,172,167.217,150.845,139.846,126.536,128.685,99.105,125.000,203.208,219.000,179.778,after,1,7,14,5
2679,153,166.975,164.551,164.537,125.827,127.906,98.761,172.000,201.250,198.000,180.472,after,1,8,15,5
2680,172,155.600,147.753,145.187,125.147,127.157,98.423,153.000,199.375,169.000,165.833,after,1,9,16,5
2681,136,138.807,142.116,146.167,125.162,127.127,98.231,172.000,199.500,176.000,148.556,after,1,10,17,5
2682,113,122.199,119.470,119.398,124.555,126.453,97.908,136.000,197.833,110.000,114.861,after,1,11,18,5
2683,95,106.953,103.509,105.317,124.570,126.424,97.715,113.000,197.958,112.000,90.528,after,1,12,19,5
2684,92,93.323,90.091,98.757,124.296,126.094,97.462,95.000,197.250,94.000,74.972,after,1,13,20,5
2685,54,79.863,79.235,100.209,124.239,125.990,97.255,92.000,197.167,64.000,60.444,after,1,14,21,5
2686,37,73.632,69.376,93.313,124.066,125.766,97.023,54.000,196.750,101.000,52.389,after,1,15,22,5
2687,52,67.188,61.837,91.646,123.111,124.732,96.627,37.000,194.083,61.000,44.139,after,1,16,23,5
2688,27,62.117,57.847,95.933,122.952,124.522,96.399,52.000,193.708,41.000,32.472,after,1,17,0,6
2689,24,62.458,56.246,66.042,123.000,124.509,96.466,27.000,193.125,43.000,34.500,after,1,18,1,6
2690,32,62.602,54.682,63.463,122.975,124.421,96.518,24.000,192.333,45.000,33.361,after,1,19,2,6
2691,32,64.875,55.824,62.963,123.037,124.423,96.588,32.000,191.792,39.000,35.222,after,1,20,3,6
2692,29,66.158,56.689,61.054,123.185,124.514,96.677,32.000,191.500,33.000,34.028,after,1,21,4,6
2693,49,67.405,57.992,59.604,123.378,124.651,96.774,29.000,191.333,49.000,36.611,after,1,22,5,6
2694,35,72.613,65.643,66.737,123.628,124.847,96.884,49.000,191.333,48.000,38.694,after,1,23,6,6
2695,48,77.645,68.910,65.332,123.690,124.849,96.954,35.000,190.792,333.000,47.194,after,1,24,7,6
2696,46,87.584,78.787,73.943,119.812,120.773,96.202,48.000,178.917,433.000,59.167,after,1,25,8,6
2697,86,102.591,86.568,78.163,114.456,115.168,95.141,46.000,162.792,590.000,78.778,after,1,26,9,6
2698,120,113.890,105.106,102.111,107.405,107.810,93.726,86.000,141.792,842.000,101.278,after,1,27,10,6
2699,120,127.727,128.463,127.360,97.196,97.183,91.651,120.000,111.708,804.000,121.778,after,1,28,11,6
2700,154,135.879,135.314,132.121,87.538,87.125,89.691,120.000,83.208,148.000,140.833,other,0,-1,12,6
2701,170,153.173,156.904,157.143,87.875,87.412,89.819,154.000,83.458,125.000,148.472,other,0,-1,13,6
2702,164,160.256,164.387,167.880,88.778,88.283,90.065,170.000,85.333,172.000,156.639,other,0,-1,14,6
2703,173,152.744,155.961,159.197,88.912,88.360,90.151,164.000,85.000,153.000,153.306,other,0,-1,15,6
2704,130,142.511,150.232,156.740,89.452,88.856,90.321,173.000,85.833,172.000,133.083,other,0,-1,16,6
2705,105,121.735,122.797,117.963,89.094,88.423,90.303,130.000,84.083,136.000,123.667,other,0,-1,17,6
2706,114,105.261,102.851,92.646,88.895,88.155,90.319,105.000,82.792,113.000,102.583,other,0,-1,18,6
2707,85,85.746,87.599,82.767,89.160,88.367,90.432,114.000,82.833,95.000,79.889,other,0,-1,19,6
2708,46,71.156,69.208,62.863,89.265,88.413,90.511,85.000,82.417,92.000,59.111,other,0,-1,20,6
2709,51,60.904,53.929,47.960,88.849,87.920,90.482,46.000,80.500,54.000,47.306,other,0,-1,21,6
2710,33,48.250,46.749,45.612,89.056,88.072,90.582,51.000,80.375,37.000,35.306,other,0,-1,22,6
2711,39,41.638,40.360,40.853,89.248,88.208,90.680,33.000,80.208,52.000,32.556,other,0,-1,23,6
2712,59,38.958,41.505,40.961,89.310,88.210,90.750,39.000,79.667,27.000,61.343,other,0,-1,0,0
2713,50,45.995,50.696,48.907,90.114,89.009,91.185,59.000,81.000,24.000,59.743,other,0,-1,1,0
2714,80,46.568,51.233,48.253,90.831,89.719,91.602,50.000,82.083,32.000,61.829,other,0,-1,2,0
2715,46,66.970,71.105,58.300,91.866,90.758,92.086,80.000,84.083,32.000,63.543,other,0,-1,3,0
2716,55,50.388,54.736,54.051,92.409,91.287,92.467,46.000,84.667,29.000,60.000,other,0,-1,4,0
2717,78,55.364,61.005,61.826,93.126,91.997,92.884,55.000,85.750,49.000,77.171,other,0,-1,5,0
2718,65,67.386,75.934,75.953,93.886,92.751,93.310,78.000,86.958,35.000,77.686,other,0,-1,6,0
2719,61,63.651,74.636,79.725,94.661,93.520,93.739,65.000,88.208,48.000,91.543,other,0,-1,7,0
2720,75,72.529,83.641,86.619,95.190,94.035,94.117,61.000,88.750,46.000,101.114,other,0,-1,8,0
2721,114,90.023,102.984,100.445,95.950,94.789,94.543,75.000,89.958,86.000,122.829,other,0,-1,9,0
2722,122,115.104,132.193,126.742,96.696,95.528,94.966,114.000,91.125,120.000,137.200,other,0,-1,10,0
2723,156,133.930,144.824,137.863,97.065,95.878,95.311,122.000,91.208,120.000,150.314,other,0,-1,11,0
2724,183,158.462,166.117,162.486,97.927,96.737,95.758,156.000,92.708,154.000,163.229,other,0,-1,12,0
2725,173,177.716,181.863,181.878,98.687,97.491,96.184,183.000,93.917,170.000,172.800,other,0,-1,13,0
2726,179,172.981,173.099,174.283,99.071,97.856,96.531,173.000,94.042,164.000,172.257,other,0,-1,14,0
2727,191,169.304,169.634,173.632,99.628,98.400,96.915,179.000,94.667,173.000,183.343,other,0,-1,15,0
2728,203,161.049,164.289,173.358,100.229,98.990,97.308,191.000,95.417,130.000,162.143,other,0,-1,16,0
2729,145,149.809,153.837,169.196,101.627,100.403,97.867,203.000,98.458,105.000,148.800,other,0,-1,17,0
2730,160,118.069,115.851,122.445,102.546,101.323,98.327,145.000,100.125,114.000,128.829,other,0,-1,18,0
2731,116,102.084,102.409,115.572,103.553,102.332,98.804,160.000,102.042,85.000,110.171,other,0,-1,19,0
2732,92,82.865,80.216,86.417,104.342,103.116,99.237,116.000,103.333,46.000,85.143,other,0,-1,20,0
2733,108,70.047,67.339,71.173,105.349,104.125,99.714,92.000,105.250,51.000,75.143,other,0,-1,21,0
2734,61,66.337,69.015,69.753,106.515,105.299,100.225,108.000,107.625,33.000,65.229,other,0,-1,22,0
2735,65,55.473,55.519,55.831,107.260,106.039,100.648,61.000,108.792,39.000,63.543,other,0,-1,23,0
2736,53,56.616,58.564,54.935,107.977,106.748,101.065,65.000,109.875,59.000,61.694,other,0,-1,0,1
2737,69,53.583,55.140,52.106,108.064,106.860,101.359,53.000,109.625,50.000,62.000,other,0,-1,1,1
2738,73,62.141,64.089,55.097,108.513,107.346,101.729,69.000,110.417,80.000,62.222,other,0,-1,2,1
2739,49,67.714,68.140,57.462,108.586,107.443,102.020,73.000,110.125,46.000,61.389,other,0,-1,3,1
2740,64,59.597,59.767,55.951,108.803,107.690,102.342,49.000,110.250,55.000,63.583,other,0,-1,4,1
2741,67,66.393,67.170,64.326,109.108,108.027,102.681,64.000,110.625,78.000,65.139,other,0,-1,5,1
2742,87,69.236,71.139,72.048,109.122,108.064,102.960,67.000,110.167,65.000,66.417,other,0,-1,6,1
2743,73,80.563,84.110,86.795,109.615,108.596,103.339,87.000,111.083,61.000,77.639,other,0,-1,7,1
2744,80,87.956,90.950,92.519,109.963,108.978,103.688,73.000,111.583,75.000,91.833,other,0,-1,8,1
2745,94,105.741,109.655,105.659,110.209,109.254,104.015,80.000,111.792,114.000,109.944,other,0,-1,9,1
2746,121,125.904,130.612,121.859,110.093,109.157,104.267,94.000,110.958,122.000,131.361,other,0,-1,10,1
2747,128,146.760,149.909,143.820,110.253,109.343,104.576,121.000,110.917,156.000,148.500,other,0,-1,11,1
2748,175,160.809,160.700,154.243,110.021,109.126,104.804,128.000,109.750,183.000,174.389,other,0,-1,12,1
2749,170,180.992,178.740,183.127,110.079,109.208,105.092,175.000,109.417,173.000,191.778,other,0,-1,13,1
2750,188,178.331,176.302,178.770,110.210,109.364,105.395,170.000,109.292,179.000,190.222,other,0,-1,14,1
2751,180,178.256,178.564,182.866,110.514,109.701,105.735,188.000,109.667,191.000,183.056,other,0,-1,15,1
2752,150,164.591,165.526,167.818,110.529,109.738,106.014,180.000,109.208,203.000,168.806,other,0,-1,16,1
2753,149,145.663,142.446,139.500,109.935,109.146,106.166,150.000,107.000,145.000,158.750,other,0,-1,17,1
2754,170,128.220,126.242,126.934,110.167,109.408,106.490,149.000,107.167,160.000,131.639,other,0,-1,18,1
2755,88,112.365,116.612,125.130,110.485,109.759,106.833,170.000,107.583,116.000,103.944,other,0,-1,19,1
2756,103,95.315,85.538,85.914,110.254,109.541,107.061,88.000,106.417,92.000,92.389,other,0,-1,20,1
2757,72,78.949,77.095,83.214,110.587,109.908,107.406,103.000,106.875,108.000,77.389,other,0,-1,21,1
2758,60,69.142,65.283,66.864,110.239,109.571,107.610,72.000,105.375,61.000,64.944,other,0,-1,22,1
2759,61,62.245,60.256,57.693,110.399,109.757,107.919,60.000,105.333,65.000,62.889,other,0,-1,23,1
2760,67,60.136,60.988,53.062,110.515,109.899,108.219,61.000,105.167,53.000,59.639,other,0,-1,0,2
2761,62,60.714,64.293,57.080,110.594,110.041,108.313,67.000,105.750,69.000,64.167,other,0,-1,1,2
2762,62,61.787,63.981,54.907,110.370,109.869,108.343,62.000,105.458,73.000,56.194,other,0,-1,2,2
2763,53,64.470,65.212,55.276,110.087,109.636,108.360,62.000,105.000,49.000,60.528,other,0,-1,3,2
2764,50,64.297,63.002,55.626,110.022,109.628,108.424,53.000,105.167,64.000,62.444,other,0,-1,4,2
2765,56,66.681,63.433,58.698,109.696,109.351,108.432,50.000,104.583,67.000,62.833,other,0,-1,5,2
2766,57,72.836,67.891,65.490,109.413,109.118,108.450,56.000,104.125,87.000,70.472,other,0,-1,6,2
2767,81,82.348,74.244,73.129,108.855,108.600,108.410,57.000,102.875,73.000,78.639,other,0,-1,7,2
2768,108,97.287,88.549,89.500,108.848,108.652,108.486,81.000,103.208,80.000,89.639,other,0,-1,8,2
2769,94,116.389,106.898,110.460,109.130,109.004,108.621,108.000,104.375,94.000,104.833,other,0,-1,9,2
2770,150,133.515,126.274,117.689,109.007,108.937,108.672,94.000,104.375,121.000,127.694,other,0,-1,10,2
2771,139,155.543,147.819,152.962,109.303,109.304,108.811,150.000,105.583,128.000,145.361,other,0,-1,11,2
2772,212,163.665,161.147,157.031,109.340,109.401,108.896,139.000,106.042,175.000,159.222,other,0,-1,12,2
2773,172,192.035,188.836,197.533,109.752,109.888,109.059,212.000,107.583,170.000,182.222,other,0,-1,13,2
2774,178,172.980,176.793,176.258,109.658,109.850,109.116,172.000,107.667,188.000,185.000,other,0,-1,14,2
2775,169,168.545,175.118,172.889,109.390,109.632,109.137,178.000,107.250,180.000,172.750,other,0,-1,15,2
2776,207,158.161,163.686,158.033,109.107,109.399,109.154,169.000,106.792,150.000,158.694,other,0,-1,16,2
2777,154,152.443,170.447,164.889,109.810,110.186,109.378,207.000,109.167,149.000,148.139,other,0,-1,17,2
2778,125,129.225,132.736,126.710,109.759,110.193,109.444,154.000,109.375,170.000,124.722,other,0,-1,18,2
2779,109,112.360,109.709,104.493,108.984,109.451,109.359,125.000,107.500,88.000,108.833,other,0,-1,19,2
2780,88,95.680,92.424,89.720,109.164,109.698,109.474,109.000,108.375,103.000,89.361,other,0,-1,20,2
2781,83,81.850,77.041,75.008,108.824,109.405,109.479,88.000,107.750,72.000,75.500,other,0,-1,21,2
2782,74,69.563,68.819,66.396,108.860,109.502,109.564,83.000,108.208,60.000,67.139,other,0,-1,22,2
2783,51,61.978,63.124,57.935,108.939,109.644,109.657,74.000,108.792,61.000,62.722,other,0,-1,23,2
2784,38,57.443,55.879,48.239,108.671,109.427,109.678,51.000,108.375,67.000,61.389,other,0,-1,0,3
2785,57,55.025,54.411,55.874,107.923,108.705,109.341,38.000,107.167,62.000,64.194,other,0,-1,1,3
2786,56,57.106,60.930,57.945,107.523,108.344,109.078,57.000,106.958,62.000,65.056,other,0,-1,2,3
2787,68,58.991,61.643,57.738,107.109,107.968,108.811,56.000,106.708,53.000,61.583,other,0,-1,3,3
2788,59,64.580,66.851,61.750,106.998,107.906,108.608,68.000,107.333,50.000,61.250,other,0,-1,4,3
2789,87,65.186,64.467,63.203,106.801,107.755,108.386,59.000,107.708,56.000,63.500,other,0,-1,5,3
2790,75,76.406,75.764,75.402,106.922,107.933,108.231,87.000,109.000,57.000,67.778,other,0,-1,6,3
2791,71,80.936,75.697,79.940,106.855,107.916,108.037,75.000,109.750,81.000,79.889,other,0,-1,7,3
2792,84,94.565,84.620,88.301,106.383,107.480,107.758,71.000,109.333,108.000,92.417,other,0,-1,8,3
2793,99,112.063,102.613,103.746,105.708,106.834,107.437,84.000,108.333,94.000,115.000,other,0,-1,9,3
2794,126,130.563,125.499,121.530,105.452,106.622,107.203,99.000,108.542,150.000,126.583,other,0,-1,10,3
2795,151,148.011,147.957,143.784,104.777,105.976,106.882,126.000,107.542,139.000,145.861,other,0,-1,11,3
2796,157,162.823,165.454,163.067,104.623,105.870,106.670,151.000,108.042,212.000,168.111,other,0,-1,12,3
2797,174,170.000,171.735,170.109,103.499,104.759,106.255,157.000,105.750,172.000,177.472,other,0,-1,13,3
2798,202,173.464,176.515,176.975,103.200,104.502,106.012,174.000,105.833,178.000,176.694,other,0,-1,14,3
2799,188,175.333,184.323,184.975,103.220,104.576,105.836,202.000,106.833,169.000,173.972,other,0,-1,15,3
2800,168,159.818,169.060,169.547,103.168,104.574,105.645,188.000,107.625,207.000,162.111,other,0,-1,16,3
2801,131,140.572,149.008,148.547,102.275,103.703,105.278,168.000,106.000,154.000,150.028,other,0,-1,17,3
2802,103,121.921,123.102,120.671,101.614,103.072,104.960,131.000,105.042,125.000,132.389,other,0,-1,18,3
2803,104,105.502,101.919,99.323,100.968,102.455,104.645,103.000,104.125,109.000,108.528,other,0,-1,19,3
2804,91,86.709,88.615,90.277,100.568,102.094,104.381,104.000,103.917,88.000,100.083,other,0,-1,20,3
2805,82,71.631,74.573,78.137,100.283,101.853,104.142,91.000,104.042,83.000,85.306,other,0,-1,21,3
2806,64,59.487,64.531,68.957,99.941,101.551,103.890,82.000,104.000,74.000,74.778,other,0,-1,22,3
2807,64,51.774,54.412,59.415,99.469,101.115,103.611,64.000,103.583,51.000,70.444,other,0,-1,23,3
2808,50,47.076,52.125,55.480,99.329,101.023,103.402,64.000,104.125,38.000,60.917,other,0,-1,0,4
2809,54,44.489,50.685,49.147,99.218,100.914,103.077,50.000,104.625,57.000,56.972,other,0,-1,1,4
2810,50,46.761,53.496,48.964,98.889,100.579,102.707,54.000,104.500,56.000,51.583,other,0,-1,2,4
2811,44,48.196,53.289,48.648,98.517,100.200,102.327,50.000,104.250,68.000,54.556,other,0,-1,3,4
2812,63,49.268,52.167,49.344,97.884,99.551,101.894,44.000,103.250,59.000,57.139,other,0,-1,4,4
2813,50,56.907,60.272,57.059,97.656,99.321,101.545,63.000,103.417,87.000,54.694,other,0,-1,5,4
2814,59,58.357,58.134,59.625,96.835,98.477,101.072,50.000,101.875,75.000,65.167,other,0,-1,6,4
2815,61,67.554,66.243,69.744,96.318,97.948,100.662,59.000,101.208,71.000,74.667,other,0,-1,7,4
2816,60,81.137,77.358,80.389,95.888,97.509,100.271,61.000,100.792,84.000,86.667,other,0,-1,8,4
2817,116,99.465,94.446,91.827,95.255,96.860,99.837,60.000,99.792,99.000,109.861,other,0,-1,9,4
2818,123,117.845,127.503,127.788,95.216,96.825,99.527,116.000,100.500,126.000,125.222,other,0,-1,10,4
2819,139,136.390,147.068,143.484,94.887,96.491,99.157,123.000,100.375,151.000,147.361,other,0,-1,11,4
2820,183,152.695,161.645,160.180,94.428,96.022,98.760,139.000,99.875,157.000,161.111,other,0,-1,12,4
2821,165,172.231,183.581,186.298,94.519,96.122,98.477,183.000,100.958,174.000,174.694,other,0,-1,13,4
2822,203,169.791,170.072,176.085,94.103,95.698,98.089,165.000,100.583,202.000,178.167,other,0,-1,14,4
2823,204,175.346,183.060,189.315,93.833,95.423,97.731,203.000,100.625,188.000,172.583,other,0,-1,15,4
2824,123,161.535,172.954,179.451,93.779,95.374,97.418,204.000,101.292,168.000,165.472,other,0,-1,16,4
2825,156,131.606,127.082,127.082,92.842,94.410,96.921,123.000,99.417,131.000,138.861,other,0,-1,17,4
2826,145,110.538,122.811,127.572,92.919,94.495,96.635,156.000,100.458,103.000,121.333,other,0,-1,18,4
2827,109,89.314,105.226,109.563,93.242,94.835,96.401,145.000,102.208,104.000,101.944,other,0,-1,19,4
2828,77,72.869,81.061,86.068,93.029,94.621,96.055,109.000,102.417,91.000,84.222,other,0,-1,20,4
2829,85,60.442,62.378,69.313,92.541,94.122,95.652,77.000,101.833,82.000,70.889,other,0,-1,21,4
2830,62,47.172,57.614,65.198,92.299,93.877,95.299,85.000,101.958,64.000,63.889,other,0,-1,22,4
2831,64,40.213,46.776,55.633,91.985,93.558,94.932,62.000,101.875,64.000,57.111,other,0,-1,23,4
2832,35,36.645,46.283,52.603,91.699,93.269,94.571,64.000,101.875,50.000,38.722,other,0,-1,0,5
2833,47,33.560,38.818,31.717,91.454,92.969,94.324,35.000,101.250,54.000,42.139,other,0,-1,1,5
2834,34,38.213,45.085,34.168,91.324,92.790,94.101,47.000,100.958,50.000,43.389,other,0,-1,2,5
2835,42,37.322,41.700,33.358,91.064,92.476,93.851,34.000,100.292,44.000,43.528,other,0,-1,3,5
2836,32,42.225,45.998,37.688,91.007,92.371,93.643,42.000,100.208,63.000,42.111,other,0,-1,4,5
2837,73,42.337,43.703,39.677,90.530,91.832,93.348,32.000,98.917,50.000,43.028,other,0,-1,5,5
2838,37,59.077,62.602,57.066,90.835,92.102,93.216,73.000,99.875,59.000,55.167,other,0,-1,6,5
2839,50,55.581,53.830,53.832,90.488,91.698,92.948,37.000,98.958,61.000,63.917,other,0,-1,7,5
2840,77,68.356,66.742,66.879,90.301,91.459,92.713,50.000,98.500,60.000,81.722,other,0,-1,8,5
2841,90,84.858,88.244,88.321,90.519,91.639,92.562,77.000,99.208,116.000,98.167,other,0,-1,9,5
2842,138,103.518,107.374,105.501,90.114,91.175,92.282,90.000,98.125,123.000,102.556,other,0,-1,10,5
2843,122,127.755,143.956,143.398,90.304,91.326,92.126,138.000,98.750,139.000,122.722,other,0,-1,11,5
2844,117,139.223,141.507,141.052,90.029,90.996,91.873,122.000,98.042,183.000,141.028,other,0,-1,12,5
2845,175,147.817,142.608,141.969,89.045,89.933,91.471,117.000,95.292,165.000,161.333,other,0,-1,13,5
2846,155,163.159,169.189,178.044,89.162,90.008,91.300,175.000,95.708,203.000,179.778,other,0,-1,14,5
2847,164,152.632,152.927,159.122,88.438,89.214,90.953,155.000,93.708,204.000,180.472,other,0,-1,15,5
2848,169,141.012,147.624,153.393,87.831,88.540,90.630,164.000,92.042,123.000,165.833,other,0,-1,16,5
2849,93,122.782,136.584,140.986,88.469,89.155,90.568,169.000,93.958,156.000,148.556,other,0,-1,17,5
2850,489,102.347,102.128,89.569,87.528,88.136,90.176,93.000,91.333,145.000,114.861,inside,1,0,18,5
2851,457,329.233,296.674,308.235,92.483,93.219,91.015,489.000,105.667,109.000,90.528,inside,1,1,19,5
2852,257,309.337,243.507,257.553,97.497,98.361,91.866,457.000,120.167,77.000,74.972,inside,1,2,20,5
2853,255,157.732,151.111,107.354,100.076,100.985,92.209,257.000,127.667,85.000,60.444,inside,1,3,21,5
2854,216,164.743,159.411,93.974,102.510,103.459,92.521,255.000,134.750,62.000,52.389,inside,1,4,22,5
2855,215,134.924,146.159,73.767,104.713,105.693,92.785,216.000,141.167,64.000,44.139,inside,1,5,23,5
2856,41,147.045,153.336,70.332,106.873,107.882,93.041,215.000,147.458,35.000,32.472,after,1,6,0,6
2857,35,33.443,59.073,31.720,107.210,108.169,93.168,41.000,147.708,47.000,34.500,after,1,7,1,6
2858,32,34.720,59.125,32.226,107.286,108.186,93.242,35.000,147.208,34.000,33.361,after,1,8,2,6
2859,24,36.722,58.635,34.215,107.507,108.352,93.345,32.000,147.125,42.000,35.222,after,1,9,3,6
2860,36,36.703,54.155,36.467,107.497,108.279,93.400,24.000,146.375,32.000,34.028,after,1,10,4,6
2861,38,42.826,58.419,43.699,107.805,108.536,93.522,36.000,146.542,73.000,36.611,after,1,11,5,6
2862,31,46.186,58.574,50.625,107.548,108.207,93.526,38.000,145.083,37.000,38.694,after,1,12,6,6
2863,36,50.918,58.301,56.396,107.712,108.314,93.618,31.000,144.833,50.000,47.194,after,1,13,7,6
2864,54,62.626,66.791,66.187,107.759,108.301,93.685,36.000,144.250,77.000,59.167,after,1,14,8,6
2865,73,78.429,82.189,81.634,107.676,108.153,93.725,54.000,143.292,90.000,78.778,after,1,15,9,6
2866,91,96.619,99.141,99.074,107.680,108.094,93.783,73.000,142.583,138.000,101.278,after,1,16,10,6
2867,120,114.513,115.172,116.514,107.250,107.586,93.751,91.000,140.625,122.000,121.778,after,1,17,11,6
2868,135,133.496,135.806,140.079,107.471,107.753,93.854,120.000,140.542,117.000,140.833,after,1,18,12,6
2869,117,145.697,147.005,152.936,107.982,108.219,94.018,135.000,141.292,175.000,148.472,after,1,19,13,6
2870,109,142.820,141.544,139.629,107.392,107.546,93.952,117.000,138.875,155.000,156.639,after,1,20,14,6
2871,153,138.007,138.168,129.416,106.976,107.053,93.923,109.000,136.958,164.000,153.306,after,1,21,15,6
2872,143,133.406,144.633,147.097,107.067,107.085,93.999,153.000,136.500,169.000,133.083,after,1,22,16,6
2873,92,116.075,129.211,126.187,106.941,106.892,94.030,143.000,135.417,93.000,123.667,after,1,23,17,6
2874,103,100.029,104.622,86.776,107.176,107.074,94.137,92.000,135.375,489.000,102.583,after,1,24,18,6
2875,88,83.722,90.521,80.071,101.835,101.484,93.079,103.000,119.292,457.000,79.889,after,1,25,19,6
2876,68,69.150,73.482,67.152,96.740,96.149,92.072,88.000,103.917,257.000,59.111,after,1,26,20,6
2877,47,56.909,59.556,55.936,94.252,93.512,91.610,68.000,96.042,255.000,47.306,after,1,27,21,6
2878,41,47.627,49.026,47.060,91.490,90.590,91.090,47.000,87.375,216.000,35.306,after,1,28,22,6
2879,29,40.730,44.462,42.819,89.205,88.164,90.671,41.000,80.083,215.000,32.556,after,1,29,23,6
2880,54,37.197,41.081,38.725,86.761,85.572,90.218,29.000,72.333,41.000,61.343,other,0,-1,0,0
2881,37,43.417,51.009,47.710,87.289,86.086,90.595,54.000,72.875,35.000,59.743,other,0,-1,1,0
2882,49,41.274,47.933,45.255,87.658,86.436,90.940,37.000,72.958,32.000,61.829,other,0,-1,2,0
2883,52,48.772,56.104,50.321,88.245,87.010,91.330,49.000,73.667,24.000,63.543,other,0,-1,3,0
2884,77,52.340,59.604,55.149,88.991,87.749,91.753,52.000,74.833,36.000,60.000,other,0,-1,4,0
2885,75,67.165,75.040,67.865,89.925,88.684,92.215,77.000,76.542,38.000,77.171,other,0,-1,5,0
2886,71,65.079,76.026,74.666,90.801,89.558,92.666,75.000,78.083,31.000,77.686,other,0,-1,6,0
2887,86,64.918,79.056,81.571,91.720,90.477,93.125,71.000,79.750,36.000,91.543,other,0,-1,7,0
2888,91,77.482,95.724,96.160,92.785,91.546,93.615,86.000,81.833,54.000,101.114,other,0,-1,8,0
2889,127,91.566,110.883,107.215,93.661,92.420,94.065,91.000,83.375,73.000,122.829,other,0,-1,9,0
2890,145,119.421,140.175,133.396,94.784,93.549,94.567,127.000,85.625,91.000,137.200,other,0,-1,10,0
2891,148,141.634,157.583,150.772,95.906,94.678,95.069,145.000,87.875,120.000,150.314,other,0,-1,11,0
2892,165,154.599,163.035,157.532,96.652,95.418,95.492,148.000,89.042,135.000,163.229,other,0,-1,12,0
2893,161,168.435,172.562,170.175,97.427,96.187,95.921,165.000,90.292,117.000,172.800,other,0,-1,13,0
2894,180,168.709,168.426,166.521,98.404,97.166,96.392,161.000,92.125,109.000,172.257,other,0,-1,14,0
2895,177,169.454,170.940,174.239,99.773,98.550,96.945,180.000,95.083,153.000,183.343,other,0,-1,15,0
2896,189,156.791,158.866,164.290,100.461,99.229,97.357,177.000,96.083,143.000,162.143,other,0,-1,16,0
2897,178,143.792,148.525,160.372,101.467,100.239,97.834,189.000,98.000,92.000,148.800,other,0,-1,17,0
2898,136,122.842,126.052,139.269,103.053,101.847,98.433,178.000,101.583,103.000,128.829,other,0,-1,18,0
2899,99,99.340,98.714,104.947,103.872,102.662,98.871,136.000,102.958,88.000,110.171,other,0,-1,19,0
2900,77,83.529,79.447,81.142,104.371,103.146,99.243,99.000,103.417,68.000,85.143,other,0,-1,20,0
2901,69,70.842,66.401,67.435,104.842,103.600,99.608,77.000,103.792,47.000,75.143,other,0,-1,21,0
2902,61,61.149,59.230,60.133,105.501,104.250,100.013,69.000,104.708,41.000,65.229,other,0,-1,22,0
2903,55,55.907,55.865,54.898,106.131,104.869,100.412,61.000,105.542,29.000,63.543,other,0,-1,23,0
2904,60,54.549,55.253,51.906,106.847,105.579,100.829,55.000,106.625,54.000,61.694,other,0,-1,0,1
2905,44,55.696,57.568,52.656,107.108,105.870,101.160,60.000,106.875,37.000,62.000,other,0,-1,1,1
2906,51,53.990,54.478,49.395,107.384,106.177,101.493,44.000,107.167,49.000,62.222,other,0,-1,2,1
2907,53,58.571,58.820,52.260,107.586,106.409,101.811,51.000,107.250,52.000,61.389,other,0,-1,3,1
2908,77,61.268,61.173,56.004,107.775,106.626,102.127,53.000,107.292,77.000,63.583,other,0,-1,4,1
2909,51,72.403,72.511,66.804,107.949,106.828,102.439,77.000,107.292,75.000,65.139,other,0,-1,5,1
2910,76,65.429,66.089,67.353,107.775,106.670,102.679,51.000,106.292,71.000,66.417,other,0,-1,6,1
2911,58,76.923,80.372,82.906,108.021,106.947,103.006,76.000,106.500,86.000,77.639,other,0,-1,7,1
2912,84,87.082,88.332,87.104,107.790,106.729,103.234,58.000,105.333,91.000,91.833,other,0,-1,8,1
2913,88,105.624,110.287,106.756,107.862,106.826,103.525,84.000,105.042,127.000,109.944,other,0,-1,9,1
2914,113,125.168,129.956,118.864,107.471,106.443,103.719,88.000,103.417,145.000,131.361,other,0,-1,10,1
2915,143,145.051,148.516,139.483,107.182,106.165,103.935,113.000,102.083,148.000,148.500,other,0,-1,11,1
2916,165,163.796,164.020,161.689,107.283,106.292,104.232,143.000,101.875,165.000,174.389,other,0,-1,12,1
2917,164,176.552,174.863,176.968,107.457,106.494,104.545,165.000,101.875,161.000,191.778,other,0,-1,13,1
2918,168,176.197,173.918,174.905,107.675,106.741,104.866,164.000,102.000,180.000,190.222,other,0,-1,14,1
2919,163,171.854,170.323,170.928,107.675,106.763,105.142,168.000,101.500,177.000,183.056,other,0,-1,15,1
2920,154,160.797,159.249,158.007,107.646,106.755,105.412,163.000,100.917,189.000,168.806,other,0,-1,16,1
2921,153,145.562,143.391,141.110,107.313,106.432,105.618,154.000,99.458,178.000,158.750,other,0,-1,17,1
2922,131,127.997,127.197,128.622,107.124,106.259,105.855,153.000,98.417,136.000,131.639,other,0,-1,18,1
2923,128,109.442,106.040,108.779,107.226,106.386,106.152,131.000,98.208,99.000,103.944,other,0,-1,19,1
2924,115,92.293,91.820,98.685,107.820,107.023,106.552,128.000,99.417,77.000,92.389,other,0,-1,20,1
2925,84,79.063,80.407,86.239,108.544,107.795,106.980,115.000,101.000,69.000,77.389,other,0,-1,21,1
2926,69,68.924,68.560,69.963,108.936,108.221,107.337,84.000,101.625,61.000,64.944,other,0,-1,22,1
2927,68,62.596,63.391,59.961,109.226,108.543,107.674,69.000,101.958,55.000,62.889,other,0,-1,23,1
2928,58,61.288,64.318,55.136,109.588,108.940,108.026,68.000,102.500,60.000,59.639,other,0,-1,0,2
2929,62,58.718,61.976,55.551,109.435,108.842,108.071,58.000,102.417,44.000,64.167,other,0,-1,1,2
2930,80,61.450,64.773,55.229,109.573,109.044,108.176,62.000,103.167,51.000,56.194,other,0,-1,2,2
2931,56,71.256,73.323,59.290,109.870,109.411,108.315,80.000,104.375,53.000,60.528,other,0,-1,3,2
2932,53,64.732,64.612,56.623,109.790,109.388,108.375,56.000,104.500,77.000,62.444,other,0,-1,4,2
2933,72,66.852,64.741,59.656,109.319,108.961,108.354,53.000,103.500,51.000,62.833,other,0,-1,5,2
2934,74,75.509,72.649,69.619,109.500,109.208,108.468,72.000,104.375,76.000,70.472,other,0,-1,6,2
2935,70,83.379,77.805,77.944,109.348,109.110,108.513,74.000,104.292,58.000,78.639,other,0,-1,7,2
2936,98,96.632,87.343,86.467,109.398,109.222,108.601,70.000,104.792,84.000,89.639,other,0,-1,8,2
2937,117,115.016,105.808,106.993,109.478,109.364,108.694,98.000,105.375,88.000,104.833,other,0,-1,9,2
2938,108,134.460,126.182,126.754,109.774,109.731,108.833,117.000,106.583,113.000,127.694,other,0,-1,10,2
2939,150,149.602,145.932,134.545,109.579,109.588,108.869,108.000,106.375,143.000,145.361,other,0,-1,11,2
2940,181,165.447,162.157,161.987,109.557,109.626,108.941,150.000,106.667,165.000,159.222,other,0,-1,12,2
2941,179,177.668,177.169,181.521,109.665,109.798,109.040,181.000,107.333,164.000,182.222,other,0,-1,13,2
2942,179,174.768,178.842,179.583,109.759,109.955,109.137,179.000,107.958,168.000,185.000,other,0,-1,14,2
2943,150,168.816,175.428,173.345,109.795,110.052,109.221,179.000,108.417,163.000,172.750,other,0,-1,15,2
2944,159,156.375,157.815,148.824,109.484,109.789,109.233,150.000,107.875,154.000,158.694,other,0,-1,16,2
2945,184,144.912,148.771,141.177,109.433,109.796,109.299,159.000,108.083,153.000,148.139,other,0,-1,17,2
2946,122,130.383,146.390,140.878,109.759,110.193,109.444,184.000,109.375,131.000,124.722,other,0,-1,18,2
2947,92,112.133,109.648,103.413,109.505,109.990,109.468,122.000,109.000,128.000,108.833,other,0,-1,19,2
2948,84,97.498,89.810,84.405,108.860,109.383,109.410,92.000,107.500,115.000,89.361,other,0,-1,20,2
2949,72,81.872,76.770,74.344,108.288,108.850,109.367,84.000,106.208,84.000,75.500,other,0,-1,21,2
2950,57,70.001,66.674,63.893,107.991,108.603,109.382,72.000,105.708,69.000,67.139,other,0,-1,22,2
2951,53,62.000,59.174,54.205,107.694,108.355,109.397,57.000,105.208,68.000,62.722,other,0,-1,23,2
2952,63,57.002,56.620,48.655,107.353,108.062,109.403,53.000,104.583,58.000,61.389,other,0,-1,0,3
2953,75,56.451,62.099,60.631,107.098,107.851,109.169,63.000,104.792,62.000,64.194,other,0,-1,1,3
2954,59,61.434,68.034,61.612,106.958,107.759,108.960,75.000,105.333,80.000,65.056,other,0,-1,2,3
2955,66,59.468,62.863,58.401,106.326,107.158,108.648,59.000,104.458,56.000,61.583,other,0,-1,3,3
2956,55,63.867,66.182,61.415,106.144,107.022,108.429,66.000,104.875,53.000,61.250,other,0,-1,4,3
2957,68,64.221,63.261,62.375,105.845,106.765,108.187,55.000,104.958,72.000,63.500,other,0,-1,5,3
2958,370,71.392,69.248,70.545,105.459,106.419,107.926,68.000,104.792,74.000,67.778,inside,1,0,6,3
2959,422,260.680,252.803,201.796,109.420,110.570,108.573,370.000,117.125,70.000,79.889,inside,1,1,7,3
2960,563,259.163,280.414,238.917,114.191,115.560,109.389,422.000,131.792,98.000,92.417,inside,1,2,8,3
2961,616,296.355,325.745,308.065,120.599,122.244,110.547,563.000,151.167,117.000,115.000,inside,1,3,9,3
2962,632,319.941,341.295,336.533,127.500,129.438,111.808,616.000,171.958,108.000,126.583,inside,1,4,10,3
2963,136,333.002,349.443,354.004,134.763,137.007,113.144,632.000,193.792,150.000,145.861,after,1,5,11,3
2964,151,159.411,160.279,145.757,134.233,136.511,112.853,136.000,193.208,181.000,168.111,after,1,6,12,3
2965,166,167.509,168.347,154.770,133.471,135.775,112.514,151.000,191.958,179.000,177.472,after,1,7,13,3
2966,168,169.992,172.570,160.609,132.955,135.293,112.226,166.000,191.417,179.000,176.694,after,1,8,14,3
2967,213,165.988,169.412,158.378,132.468,134.842,111.944,168.000,190.958,150.000,173.972,after,1,9,15,3
2968,160,158.460,183.730,174.978,133.052,135.500,111.886,213.000,193.583,159.000,162.111,after,1,10,16,3
2969,175,142.460,151.119,145.954,132.739,135.229,111.640,160.000,193.625,184.000,150.028,after,1,11,17,3
2970,161,123.551,146.533,148.402,132.281,134.807,111.364,175.000,193.250,122.000,132.389,after,1,12,18,3
2971,109,105.496,131.197,139.019,132.518,135.106,111.234,161.000,194.875,92.000,108.528,after,1,13,19,3
2972,118,93.489,104.903,115.446,132.437,135.074,111.037,109.000,195.583,84.000,100.083,after,1,14,20,3
2973,87,77.904,97.071,116.990,132.602,135.297,110.891,118.000,197.000,72.000,85.306,after,1,15,21,3
2974,79,69.416,80.018,103.716,132.492,135.236,110.688,87.000,197.625,57.000,74.778,after,1,16,22,3
2975,67,63.058,71.088,98.802,132.483,135.279,110.505,79.000,198.542,53.000,70.444,after,1,17,23,3
2976,60,59.908,63.579,92.253,132.358,135.202,110.299,67.000,199.125,63.000,60.917,after,1,18,0,4
2977,71,61.214,63.005,82.335,132.029,134.868,109.929,60.000,199.000,75.000,56.972,after,1,19,1,4
2978,78,66.771,66.827,82.890,131.686,134.519,109.556,71.000,198.833,59.000,51.583,after,1,20,2,4
2979,46,71.700,70.347,82.582,131.676,134.514,109.252,78.000,199.625,66.000,54.556,after,1,21,3,4
2980,46,63.799,59.623,71.800,131.100,133.925,108.830,46.000,198.792,55.000,57.139,after,1,22,4,4
2981,63,65.649,60.723,71.301,130.685,133.501,108.442,46.000,198.417,68.000,54.694,after,1,23,5,4
2982,48,71.226,67.486,77.392,130.327,133.136,108.066,63.000,198.208,370.000,65.167,after,1,24,6,4
2983,65,76.562,69.049,75.581,125.377,128.020,106.731,48.000,184.792,422.000,74.667,after,1,25,7,4
2984,94,87.470,81.248,86.175,119.920,122.379,105.289,65.000,169.917,563.000,86.667,after,1,26,8,4
2985,107,100.756,102.373,105.681,112.841,115.059,103.509,94.000,150.375,616.000,109.861,after,1,27,9,4
2986,109,118.735,125.439,123.750,105.182,107.139,101.608,107.000,129.167,632.000,125.222,after,1,28,10,4
2987,133,135.457,142.750,138.076,97.321,99.009,99.665,109.000,107.375,136.000,147.361,other,0,-1,11,4
2988,146,152.145,159.131,158.414,96.992,98.675,99.295,133.000,107.250,151.000,161.111,other,0,-1,12,4
2989,143,163.303,165.148,168.878,96.634,98.311,98.919,146.000,107.042,166.000,174.694,other,0,-1,13,4
2990,151,165.387,160.429,166.079,96.016,97.676,98.488,143.000,106.083,168.000,178.167,other,0,-1,14,4
2991,180,162.222,156.972,163.261,95.484,97.132,98.075,151.000,105.375,213.000,172.583,other,0,-1,15,4
2992,160,154.840,159.604,166.489,94.721,96.348,97.614,180.000,104.000,160.000,165.472,other,0,-1,16,4
2993,126,131.423,138.772,143.388,94.435,96.059,97.253,160.000,104.000,175.000,138.861,other,0,-1,17,4
2994,148,109.064,114.202,114.612,93.440,95.035,96.744,126.000,101.958,161.000,121.333,other,0,-1,18,4
2995,95,88.182,107.703,110.563,92.966,94.551,96.344,148.000,101.417,109.000,101.944,other,0,-1,19,4
2996,77,73.289,78.973,81.465,92.478,94.051,95.940,95.000,100.833,118.000,84.222,other,0,-1,20,4
2997,81,59.372,63.869,68.743,91.599,93.147,95.455,77.000,99.125,87.000,70.889,other,0,-1,21,4
2998,58,46.527,57.708,63.584,91.227,92.768,95.076,81.000,98.875,79.000,63.889,other,0,-1,22,4
2999,54,39.599,46.835,53.833,90.637,92.164,94.651,58.000,98.000,67.000,57.111,other,0,-1,23,4
3000,48,35.282,43.975,49.587,90.164,91.680,94.250,54.000,97.458,60.000,38.722,other,0,-1,0,5
3001,47,35.360,44.594,32.698,89.962,91.425,94.013,48.000,96.958,71.000,42.139,other,0,-1,1,5
3002,30,37.802,46.204,33.125,89.586,90.991,93.738,47.000,95.958,78.000,43.389,other,0,-1,2,5
3003,26,35.886,41.259,31.583,88.863,90.197,93.391,30.000,93.958,46.000,43.528,other,0,-1,3,5
3004,39,37.495,41.066,33.526,88.545,89.823,93.129,26.000,93.125,46.000,42.111,other,0,-1,4,5
3005,51,43.480,46.938,40.608,88.415,89.643,92.906,39.000,92.833,63.000,43.028,other,0,-1,5,5
3006,50,50.132,53.653,49.932,88.213,89.389,92.668,51.000,92.333,48.000,55.167,other,0,-1,6,5
3007,53,55.865,58.183,57.519,88.214,89.345,92.473,50.000,92.417,65.000,63.917,other,0,-1,7,5
3008,64,67.433,68.091,67.657,88.012,89.090,92.235,53.000,91.917,94.000,81.722,other,0,-1,8,5
3009,82,83.610,83.956,82.102,87.549,88.566,91.942,64.000,90.667,107.000,98.167,other,0,-1,9,5
3010,127,102.029,104.169,100.944,87.159,88.117,91.665,82.000,89.625,109.000,102.556,other,0,-1,10,5
3011,140,124.270,137.230,135.985,87.392,88.312,91.518,127.000,90.375,133.000,122.722,other,0,-1,11,5
3012,121,141.270,150.832,151.624,87.465,88.343,91.337,140.000,90.667,146.000,141.028,other,0,-1,12,5
3013,179,147.428,144.161,143.725,87.075,87.894,91.060,121.000,89.625,143.000,161.333,other,0,-1,13,5
3014,151,164.091,171.559,180.194,87.568,88.359,90.967,179.000,91.125,151.000,179.778,other,0,-1,14,5
3015,146,152.120,151.107,156.593,87.540,88.285,90.766,151.000,91.125,180.000,180.472,other,0,-1,15,5
3016,131,138.920,140.506,142.944,87.020,87.700,90.461,146.000,89.708,160.000,165.833,other,0,-1,16,5
3017,113,120.446,123.882,120.740,86.571,87.191,90.172,131.000,88.500,126.000,148.556,other,0,-1,17,5
3018,86,101.640,105.150,97.480,86.355,86.922,89.931,113.000,87.958,148.000,114.861,other,0,-1,18,5
3019,77,85.769,85.165,74.949,85.429,85.918,89.541,86.000,85.375,95.000,90.528,other,0,-1,19,5
3020,71,68.819,69.054,63.089,85.140,85.574,89.285,77.000,84.625,77.000,74.972,other,0,-1,20,5
3021,262,53.644,56.388,55.278,85.025,85.410,89.065,71.000,84.375,81.000,60.444,inside,1,0,21,5
3022,238,171.215,162.024,109.815,87.619,88.048,89.411,262.000,91.917,58.000,52.389,inside,1,1,22,5
3023,222,157.258,158.408,94.697,90.198,90.672,89.754,238.000,99.417,54.000,44.139,inside,1,2,23,5
3024,163,153.482,156.415,87.262,92.604,93.116,90.061,222.000,106.417,48.000,32.472,inside,1,3,0,6
3025,22,117.574,131.122,78.089,94.520,95.037,90.518,163.000,111.208,47.000,34.500,after,1,4,1,6
3026,32,31.523,39.508,43.025,94.408,94.859,90.552,22.000,110.167,30.000,33.361,after,1,5,2,6
3027,31,36.746,45.678,47.581,94.687,95.085,90.668,32.000,110.250,26.000,35.222,after,1,6,3,6
3028,28,38.928,46.382,50.477,95.010,95.357,90.793,31.000,110.458,39.000,34.028,after,1,7,4,6
3029,19,40.425,46.112,53.461,95.101,95.389,90.869,28.000,110.000,51.000,36.611,after,1,8,5,6
3030,33,42.886,45.364,55.204,94.888,95.105,90.882,19.000,108.667,50.000,38.694,after,1,9,6,6
3031,49,51.831,55.110,64.165,94.892,95.047,90.940,33.000,107.958,53.000,47.194,after,1,10,7,6
3032,38,64.275,68.802,75.182,95.084,95.184,91.038,49.000,107.792,64.000,59.167,after,1,11,8,6
3033,66,81.238,76.081,76.300,94.958,94.991,91.069,38.000,106.708,82.000,78.778,after,1,12,9,6
3034,90,99.038,95.612,93.444,94.976,94.947,91.130,66.000,106.042,127.000,101.278,after,1,13,10,6
3035,102,117.456,114.288,110.554,94.690,94.589,91.128,90.000,104.500,140.000,121.778,after,1,14,11,6
3036,123,132.859,126.774,121.184,94.390,94.216,91.122,102.000,102.917,121.000,140.833,after,1,15,12,6
3037,150,145.422,141.297,136.259,94.669,94.443,91.238,123.000,103.000,179.000,148.472,after,1,16,13,6
3038,148,152.924,154.921,153.935,94.500,94.205,91.260,150.000,101.792,151.000,156.639,after,1,17,14,6
3039,171,147.886,150.364,148.798,94.706,94.356,91.361,148.000,101.667,146.000,153.306,after,1,18,15,6
3040,131,140.396,151.327,156.583,95.319,94.928,91.546,171.000,102.708,131.000,133.083,after,1,19,16,6
3041,119,119.443,124.669,120.713,95.569,95.124,91.656,131.000,102.708,113.000,123.667,after,1,20,17,6
3042,116,101.490,106.763,101.833,95.906,95.411,91.783,119.000,102.958,86.000,102.583,after,1,21,18,6
3043,83,83.077,90.120,87.087,96.591,96.057,91.984,116.000,104.208,77.000,79.889,after,1,22,19,6
3044,59,68.815,70.905,66.349,96.928,96.343,92.112,83.000,104.458,71.000,59.111,after,1,23,20,6
3045,65,56.668,56.849,54.753,97.005,96.360,92.185,59.000,103.958,262.000,47.306,after,1,24,21,6
3046,34,45.888,51.120,51.223,94.401,93.604,91.699,65.000,95.750,238.000,35.306,after,1,25,22,6
3047,29,39.743,41.583,42.178,91.696,90.742,91.191,34.000,87.250,222.000,32.556,after,1,26,23,6
3048,70,36.344,39.761,39.218,89.151,88.045,90.717,29.000,79.208,163.000,61.343,after,1,27,0,0
3049,71,49.557,56.885,50.403,88.144,86.971,90.774,70.000,75.333,22.000,59.743,other,0,-1,1,0
3050,65,55.740,63.134,52.368,89.194,88.025,91.261,71.000,77.375,32.000,61.829,other,0,-1,2,0
3051,47,56.778,63.450,53.977,90.012,88.839,91.699,65.000,78.750,31.000,63.543,other,0,-1,3,0
3052,50,49.866,56.128,53.838,90.584,89.398,92.086,47.000,79.417,28.000,60.000,other,0,-1,4,0
3053,64,52.285,59.388,60.089,91.243,90.048,92.491,50.000,80.333,19.000,77.171,other,0,-1,5,0
3054,70,59.376,69.109,71.135,92.235,91.042,92.965,64.000,82.208,33.000,77.686,other,0,-1,6,0
3055,67,64.607,77.530,81.288,93.111,91.916,93.415,70.000,83.750,49.000,91.543,other,0,-1,7,0
3056,90,72.361,86.364,88.762,93.712,92.506,93.808,67.000,84.500,38.000,101.114,other,0,-1,8,0
3057,120,91.584,109.444,106.941,94.806,93.605,94.304,90.000,86.667,66.000,122.829,other,0,-1,9,0
3058,130,116.903,135.812,129.912,95.928,94.734,94.806,120.000,88.917,90.000,137.200,other,0,-1,10,0
3059,133,135.973,149.199,142.419,96.848,95.653,95.265,130.000,90.583,102.000,150.314,other,0,-1,11,0
3060,186,150.349,155.376,148.893,97.637,96.437,95.697,133.000,91.875,123.000,163.229,other,0,-1,12,0
3061,173,179.787,184.093,184.038,98.890,97.701,96.226,186.000,94.500,150.000,172.800,other,0,-1,13,0
3062,154,172.991,173.383,174.466,99.563,98.365,96.634,173.000,95.458,148.000,172.257,other,0,-1,14,0
3063,220,163.474,159.515,157.896,99.990,98.775,96.991,154.000,95.708,171.000,183.343,other,0,-1,15,0
3064,146,176.871,181.250,192.794,101.040,99.829,97.478,220.000,97.750,131.000,162.143,other,0,-1,16,0
3065,135,136.551,133.679,135.493,101.598,100.373,97.861,146.000,98.375,119.000,148.800,other,0,-1,17,0
3066,128,117.873,114.807,118.166,102.170,100.933,98.248,135.000,99.042,116.000,128.829,other,0,-1,18,0
3067,102,99.256,96.743,103.270,102.684,101.432,98.623,128.000,99.542,83.000,110.171,other,0,-1,19,0
3068,78,83.335,78.965,83.836,103.299,102.037,99.019,102.000,100.333,59.000,85.143,other,0,-1,20,0
3069,103,70.649,65.689,69.721,103.915,102.641,99.415,78.000,101.125,65.000,75.143,other,0,-1,21,0
3070,82,65.049,67.363,70.621,104.805,103.530,99.868,103.000,102.708,34.000,65.229,other,0,-1,22,0
3071,53,59.474,61.901,62.694,105.841,104.569,100.352,82.000,104.708,29.000,63.543,other,0,-1,23,0
3072,46,53.760,54.352,54.933,106.529,105.249,100.763,53.000,105.708,70.000,61.694,other,0,-1,0,1
3073,55,52.204,52.615,52.889,106.355,105.091,101.002,46.000,104.708,71.000,62.000,other,0,-1,1,1
3074,49,56.806,58.074,54.200,106.297,105.053,101.266,55.000,104.042,65.000,62.222,other,0,-1,2,1
3075,56,57.550,57.836,54.398,106.239,105.015,101.530,49.000,103.375,47.000,61.389,other,0,-1,3,1
3076,72,62.023,62.135,58.995,106.544,105.352,101.870,56.000,103.750,50.000,63.583,other,0,-1,4,1
3077,59,69.728,70.328,67.724,107.036,105.883,102.249,72.000,104.667,64.000,65.139,other,0,-1,5,1
3078,85,66.899,68.351,71.221,107.138,106.010,102.546,59.000,104.458,70.000,66.417,other,0,-1,6,1
3079,81,79.506,83.400,87.116,107.529,106.437,102.904,85.000,105.083,67.000,77.639,other,0,-1,7,1
3080,88,88.529,92.938,95.826,107.906,106.849,103.258,81.000,105.667,90.000,91.833,other,0,-1,8,1
3081,132,105.774,111.075,108.961,108.051,107.021,103.564,88.000,105.583,120.000,109.944,other,0,-1,9,1
3082,146,132.673,137.927,139.036,108.398,107.403,103.913,132.000,106.083,130.000,131.361,other,0,-1,10,1
3083,163,152.340,155.702,156.107,108.804,107.844,104.274,146.000,106.750,133.000,148.500,other,0,-1,11,1
3084,176,169.357,170.203,172.516,109.413,108.496,104.677,163.000,108.000,186.000,174.389,other,0,-1,12,1
3085,174,179.663,179.258,183.127,109.442,108.548,104.959,176.000,107.583,173.000,191.778,other,0,-1,13,1
3086,174,178.429,177.947,180.542,109.630,108.765,105.274,174.000,107.625,154.000,190.222,other,0,-1,14,1
3087,187,173.093,172.779,174.436,110.094,109.267,105.647,174.000,108.458,220.000,183.056,other,0,-1,15,1
3088,232,165.364,168.581,171.717,109.790,108.974,105.860,187.000,107.083,146.000,168.806,other,0,-1,16,1
3089,169,172.022,179.045,184.407,111.209,110.465,106.432,232.000,110.667,135.000,158.750,other,0,-1,17,1
3090,115,130.355,131.571,136.120,111.876,111.176,106.847,169.000,112.083,128.000,131.639,other,0,-1,18,1
3091,101,111.570,103.572,102.422,111.862,111.183,107.120,115.000,111.542,102.000,103.944,other,0,-1,19,1
3092,91,94.885,87.077,89.454,112.021,111.370,107.430,101.000,111.500,78.000,92.389,other,0,-1,20,1
3093,81,80.528,74.860,78.905,112.383,111.767,107.781,91.000,112.042,103.000,77.389,other,0,-1,21,1
3094,70,70.207,66.986,68.491,112.239,111.639,108.027,81.000,111.125,82.000,64.944,other,0,-1,22,1
3095,90,64.013,62.430,58.924,112.239,111.661,108.303,70.000,110.625,53.000,62.889,other,0,-1,23,1
3096,59,68.965,70.776,59.146,112.949,112.418,108.727,90.000,112.167,46.000,59.639,other,0,-1,0,2
3097,51,60.017,61.201,55.160,113.014,112.545,108.818,59.000,112.708,55.000,64.167,other,0,-1,1,2
3098,53,60.004,59.891,52.570,112.832,112.417,108.857,51.000,112.542,49.000,56.194,other,0,-1,2,2
3099,54,62.522,61.726,53.434,112.767,112.409,108.920,53.000,112.708,56.000,60.528,other,0,-1,3,2
3100,59,65.083,63.122,55.735,112.615,112.312,108.965,54.000,112.625,72.000,62.444,other,0,-1,4,2
3101,63,68.980,66.005,60.580,112.303,112.049,108.977,59.000,112.083,59.000,62.833,other,0,-1,5,2
3102,58,74.347,69.748,67.272,112.238,112.041,109.040,63.000,112.250,85.000,70.472,other,0,-1,6,2
3103,72,82.983,74.635,73.624,111.723,111.568,109.009,58.000,111.125,81.000,78.639,other,0,-1,7,2
3104,94,97.516,87.612,87.032,111.470,111.366,109.033,72.000,110.750,88.000,89.639,other,0,-1,8,2
3105,91,115.566,105.683,105.690,111.433,111.388,109.102,94.000,111.000,132.000,104.833,other,0,-1,9,2
3106,176,134.182,126.556,116.809,110.716,110.706,109.029,91.000,109.292,146.000,127.694,other,0,-1,10,2
3107,139,165.756,153.296,165.395,111.027,111.087,109.171,176.000,110.542,163.000,145.361,other,0,-1,11,2
3108,163,164.539,161.314,157.494,110.556,110.660,109.150,139.000,109.542,176.000,159.222,other,0,-1,12,2
3109,209,173.525,172.748,173.301,110.245,110.397,109.161,163.000,109.000,174.000,182.222,other,0,-1,13,2
3110,185,187.018,191.163,195.747,110.629,110.854,109.318,209.000,110.458,174.000,185.000,other,0,-1,14,2
3111,198,171.278,177.863,177.000,110.665,110.951,109.403,185.000,110.917,187.000,172.750,other,0,-1,15,2
3112,192,164.732,175.822,173.163,110.701,111.048,109.487,198.000,111.375,232.000,158.694,other,0,-1,16,2
3113,150,149.022,162.009,157.268,109.998,110.381,109.417,192.000,109.708,169.000,148.139,other,0,-1,17,2
3114,125,129.406,131.215,125.185,109.599,110.028,109.411,150.000,108.917,115.000,124.722,other,0,-1,18,2
3115,102,112.439,109.439,104.451,109.621,110.110,109.492,125.000,109.333,101.000,108.833,other,0,-1,19,2
3116,93,96.547,90.575,87.392,109.512,110.058,109.546,102.000,109.375,91.000,89.361,other,0,-1,20,2
3117,68,81.197,77.690,76.672,109.418,110.020,109.603,93.000,109.458,81.000,75.500,other,0,-1,21,2
3118,58,70.867,64.949,62.562,109.106,109.757,109.615,68.000,108.917,70.000,67.139,other,0,-1,22,2
3119,53,62.394,58.440,54.257,108.809,109.509,109.630,58.000,108.417,90.000,62.722,other,0,-1,23,2
3120,70,57.453,55.589,48.363,108.150,108.887,109.569,53.000,106.875,59.000,61.389,other,0,-1,0,3
3121,43,57.961,63.750,61.577,107.981,108.765,109.354,70.000,107.333,51.000,64.194,other,0,-1,1,3
3122,68,55.158,55.846,55.136,107.538,108.359,109.081,43.000,107.000,53.000,65.056,other,0,-1,2,3
3123,61,62.146,65.621,59.873,107.427,108.298,108.877,68.000,107.625,54.000,61.583,other,0,-1,3,3
3124,58,62.636,63.809,60.134,107.201,108.116,108.650,61.000,107.917,59.000,61.250,other,0,-1,4,3
3125,65,65.045,63.838,62.836,106.859,107.815,108.398,58.000,107.875,63.000,63.500,other,0,-1,5,3
3126,68,71.297,68.201,69.695,106.560,107.558,108.156,65.000,107.958,58.000,67.778,other,0,-1,6,3
3127,73,80.547,73.986,77.891,106.377,107.422,107.937,68.000,108.375,72.000,79.889,other,0,-1,7,3
3128,76,94.702,84.890,88.852,106.064,107.150,107.692,73.000,108.417,94.000,92.417,other,0,-1,8,3
3129,97,112.759,102.293,101.161,105.476,106.594,107.389,76.000,107.667,91.000,115.000,other,0,-1,9,3
3130,122,130.856,125.611,120.944,105.235,106.397,107.158,97.000,107.917,176.000,126.583,other,0,-1,10,3
3131,166,148.028,147.762,142.540,104.125,105.301,106.746,122.000,105.667,139.000,145.861,other,0,-1,11,3
3132,159,166.054,169.382,169.755,104.189,105.420,106.579,166.000,106.792,163.000,168.111,other,0,-1,12,3
3133,148,170.391,172.962,171.590,103.803,105.073,106.318,159.000,106.625,209.000,177.472,other,0,-1,13,3
3134,830,168.626,167.822,165.871,102.592,103.873,105.885,148.000,104.083,185.000,176.694,inside,1,0,14,3
3135,783,408.012,374.951,422.169,111.607,113.255,107.588,830.000,130.958,198.000,173.972,inside,1,1,15,3
3136,678,403.611,369.520,413.318,119.754,121.739,109.109,783.000,155.333,192.000,162.111,inside,1,2,16,3
3137,149,392.998,356.390,386.784,126.467,128.738,110.330,678.000,175.583,150.000,150.028,after,1,3,17,3
3138,113,132.327,123.909,128.871,126.125,128.436,110.079,149.000,175.542,125.000,132.389,after,1,4,18,3
3139,134,105.594,94.662,96.633,125.623,127.970,109.794,113.000,175.042,102.000,108.528,after,1,5,19,3
3140,84,92.222,86.370,86.960,125.759,128.163,109.642,134.000,176.375,93.000,100.083,after,1,6,20,3
3141,69,71.164,57.440,61.616,125.301,127.742,109.366,84.000,176.000,68.000,85.306,after,1,7,21,3
3142,61,59.653,44.987,50.965,124.988,127.470,109.120,69.000,176.042,58.000,74.778,after,1,8,22,3
3143,60,52.463,38.048,44.758,124.703,127.229,108.881,61.000,176.167,53.000,70.444,after,1,9,23,3
3144,52,49.503,35.797,41.498,124.477,127.047,108.653,60.000,176.458,70.000,60.917,after,1,10,0,4
3145,49,45.513,35.110,39.417,123.931,126.488,108.238,52.000,175.708,43.000,56.972,after,1,11,1,4
3146,52,47.260,36.577,38.909,123.733,126.289,107.895,49.000,175.958,68.000,51.583,after,1,12,2,4
3147,53,51.346,40.510,40.200,123.216,125.760,107.485,52.000,175.292,61.000,54.556,after,1,13,3,4
3148,71,55.072,44.338,42.981,122.814,125.350,107.100,53.000,174.958,58.000,57.139,after,1,14,4,4
3149,45,65.527,55.048,50.715,122.717,125.256,106.778,71.000,175.500,65.000,54.694,after,1,15,5,4
3150,74,62.919,51.759,54.132,122.142,124.667,106.357,45.000,174.667,68.000,65.167,after,1,16,6,4
3151,74,79.048,68.932,72.155,121.944,124.467,106.014,74.000,174.917,73.000,74.667,after,1,17,7,4
3152,84,91.630,81.234,87.708,121.673,124.193,105.655,74.000,174.958,76.000,86.667,after,1,18,8,4
3153,93,109.934,102.161,109.310,121.504,124.023,105.319,84.000,175.292,97.000,109.861,after,1,19,9,4
3154,127,128.924,126.049,131.540,121.160,123.674,104.945,93.000,175.125,122.000,125.222,after,1,20,10,4
3155,163,153.519,154.621,163.349,120.948,123.459,104.599,127.000,175.333,166.000,147.361,after,1,21,11,4
3156,149,177.249,179.158,191.982,120.619,123.125,104.229,163.000,175.208,159.000,161.111,after,1,22,12,4
3157,172,179.134,171.342,189.809,120.189,122.686,103.838,149.000,174.792,148.000,174.694,after,1,23,13,4
3158,190,188.540,177.764,199.201,120.251,122.756,103.549,172.000,175.792,830.000,178.167,after,1,24,14,4
3159,188,184.855,177.291,193.802,110.694,112.873,101.252,190.000,149.125,783.000,172.583,after,1,25,15,4
3160,171,162.609,164.194,174.939,101.790,103.664,99.091,188.000,124.333,678.000,165.472,after,1,26,16,4
3161,123,133.698,143.082,148.949,94.160,95.774,97.196,171.000,103.208,149.000,138.861,other,0,-1,17,4
3162,128,110.741,112.913,113.790,93.498,95.095,96.756,123.000,102.125,113.000,121.333,other,0,-1,18,4
3163,85,89.925,99.666,103.196,93.430,95.030,96.440,128.000,102.750,134.000,101.944,other,0,-1,19,4
3164,74,75.871,75.838,79.071,92.435,94.006,95.931,85.000,100.708,84.000,84.222,other,0,-1,20,4
3165,90,60.796,62.025,68.709,92.005,93.567,95.540,74.000,100.292,69.000,70.889,other,0,-1,21,4
3166,56,47.006,59.466,66.553,92.024,93.592,95.242,90.000,101.167,61.000,63.889,other,0,-1,22,4
3167,60,40.440,45.108,54.522,91.666,93.228,94.866,56.000,100.958,60.000,57.111,other,0,-1,23,4
3168,43,36.312,44.737,51.900,91.381,92.939,94.505,60.000,100.958,52.000,38.722,other,0,-1,0,5
3169,39,34.876,41.246,33.083,91.222,92.729,94.276,43.000,100.583,49.000,42.139,other,0,-1,1,5
3170,37,36.110,41.655,32.881,91.049,92.505,94.044,39.000,100.167,52.000,43.389,other,0,-1,2,5
3171,45,38.191,42.521,34.024,90.804,92.206,93.797,37.000,99.542,53.000,43.528,other,0,-1,3,5
3172,31,43.343,46.944,38.498,90.660,92.011,93.571,45.000,99.208,71.000,42.111,other,0,-1,4,5
3173,47,42.179,43.259,39.592,90.052,91.337,93.248,31.000,97.542,45.000,43.028,other,0,-1,5,5
3174,47,49.705,51.435,49.452,90.053,91.293,93.053,47.000,97.625,74.000,55.167,other,0,-1,6,5
3175,38,56.226,56.642,56.988,89.634,90.814,92.769,47.000,96.500,74.000,63.917,other,0,-1,7,5
3176,78,68.748,63.824,62.516,89.084,90.200,92.459,38.000,95.000,84.000,81.722,other,0,-1,8,5
3177,76,84.674,88.523,88.595,88.969,90.035,92.239,78.000,94.750,93.000,98.167,other,0,-1,9,5
3178,109,103.332,101.814,98.097,88.695,89.706,91.986,76.000,94.042,127.000,102.556,other,0,-1,10,5
3179,151,122.509,127.795,125.477,88.406,89.362,91.730,109.000,93.292,163.000,122.722,other,0,-1,11,5
3180,101,144.667,157.455,159.056,88.204,89.107,91.492,151.000,92.792,149.000,141.028,other,0,-1,12,5
3181,144,146.233,136.639,132.274,87.481,88.314,91.145,101.000,90.792,172.000,161.333,other,0,-1,13,5
3182,147,155.020,153.112,157.698,87.047,87.819,90.858,144.000,89.625,190.000,179.778,other,0,-1,14,5
3183,143,150.733,149.577,153.854,86.396,87.100,90.527,147.000,87.833,188.000,180.472,other,0,-1,15,5
3184,148,137.682,139.716,140.931,85.716,86.351,90.189,143.000,85.958,171.000,165.833,other,0,-1,16,5
3185,128,119.980,129.166,129.146,85.355,85.932,89.917,148.000,85.000,123.000,148.556,other,0,-1,17,5
3186,105,99.581,108.763,103.530,85.399,85.933,89.731,128.000,85.208,128.000,114.861,other,0,-1,18,5
3187,78,81.929,88.466,80.558,85.038,85.513,89.460,105.000,84.250,85.000,90.528,other,0,-1,19,5
3188,58,67.344,69.803,62.307,84.908,85.334,89.237,78.000,83.958,74.000,74.972,other,0,-1,20,5
3189,56,54.432,55.137,51.109,84.648,85.020,88.987,58.000,83.292,90.000,60.444,other,0,-1,21,5
3190,46,42.326,46.649,46.315,84.128,84.436,88.682,56.000,81.875,56.000,52.389,other,0,-1,22,5
3191,46,35.084,40.756,41.420,83.955,84.211,88.450,46.000,81.458,60.000,44.139,other,0,-1,23,5
3192,30,31.768,40.216,39.256,83.724,83.927,88.206,46.000,80.875,43.000,32.472,other,0,-1,0,6
3193,34,30.893,36.389,30.316,83.786,83.929,88.277,30.000,80.333,39.000,34.500,other,0,-1,1,6
3194,31,34.161,40.376,32.659,83.963,84.050,88.371,34.000,80.125,37.000,33.361,other,0,-1,2,6
3195,48,36.104,41.330,34.632,84.127,84.157,88.463,31.000,79.875,45.000,35.222,other,0,-1,3,6
3196,31,45.508,50.475,42.492,84.421,84.399,88.581,48.000,80.000,31.000,34.028,other,0,-1,4,6
3197,33,40.925,44.571,43.177,84.671,84.595,88.691,31.000,80.000,47.000,36.611,other,0,-1,5,6
3198,38,44.766,48.162,49.599,84.718,84.582,88.758,33.000,79.417,47.000,38.694,other,0,-1,6,6
3199,42,51.923,55.385,57.927,84.838,84.643,88.841,38.000,79.042,38.000,47.194,other,0,-1,7,6
3200,52,63.541,65.712,66.632,85.146,84.900,88.962,42.000,79.208,78.000,59.167,other,0,-1,8,6
3201,72,79.755,79.920,77.882,85.020,84.707,88.993,52.000,78.125,76.000,78.778,other,0,-1,9,6
3202,97,98.423,97.876,93.908,85.212,84.843,89.091,72.000,77.958,109.000,101.278,other,0,-1,10,6
3203,98,117.718,117.601,113.142,85.289,84.860,89.164,97.000,77.458,151.000,121.778,other,0,-1,11,6
3204,121,131.698,125.121,118.078,84.771,84.262,89.114,98.000,75.250,101.000,140.833,other,0,-1,12,6
3205,176,144.838,140.383,134.257,85.311,84.759,89.284,121.000,76.083,144.000,148.472,other,0,-1,13,6
3206,139,161.671,168.389,171.391,86.025,85.435,89.490,176.000,77.417,147.000,156.639,other,0,-1,14,6
3207,109,147.469,146.312,141.716,86.160,85.512,89.576,139.000,77.083,143.000,153.306,other,0,-1,15,6
3208,140,135.708,131.064,116.528,85.917,85.198,89.583,109.000,75.667,148.000,133.083,other,0,-1,16,6
3209,116,120.484,126.461,123.454,86.052,85.275,89.668,140.000,75.333,128.000,123.667,other,0,-1,17,6
3210,123,102.861,105.707,97.437,86.128,85.292,89.741,116.000,74.833,105.000,102.583,other,0,-1,18,6
3211,72,83.848,90.425,86.016,86.639,85.758,89.905,123.000,75.583,78.000,79.889,other,0,-1,19,6
3212,44,71.475,69.179,59.064,86.802,85.865,89.997,72.000,75.333,58.000,59.111,other,0,-1,20,6
3213,38,59.861,54.920,46.957,86.850,85.852,90.064,44.000,74.750,56.000,47.306,other,0,-1,21,6
3214,44,48.051,46.110,42.525,86.839,85.778,90.119,38.000,74.000,46.000,35.306,other,0,-1,22,6
3215,31,40.400,43.914,41.769,87.061,85.945,90.223,44.000,73.917,46.000,32.556,other,0,-1,23,6
3216,51,36.957,40.747,38.753,87.094,85.917,90.287,31.000,73.292,30.000,61.343,other,0,-1,0,0
3217,60,42.352,48.952,46.489,87.738,86.551,90.689,51.000,74.167,34.000,59.743,other,0,-1,1,0
3218,47,50.184,57.760,49.711,88.455,87.260,91.106,60.000,75.250,31.000,61.829,other,0,-1,2,0
3219,82,47.904,54.548,49.471,89.027,87.820,91.493,47.000,75.917,48.000,63.543,other,0,-1,3,0
3220,66,70.764,76.225,62.884,89.860,88.649,91.934,82.000,77.333,31.000,60.000,other,0,-1,4,0
3221,75,60.461,68.178,64.431,90.707,89.493,92.379,66.000,78.792,33.000,77.171,other,0,-1,5,0
3222,58,65.289,75.552,74.618,91.656,90.442,92.844,75.000,80.542,38.000,77.686,other,0,-1,6,0
3223,65,60.890,72.710,77.030,92.285,91.062,93.243,58.000,81.375,42.000,91.543,other,0,-1,7,0
3224,91,72.105,86.072,87.901,92.959,91.726,93.651,65.000,82.333,52.000,101.114,other,0,-1,8,0
3225,96,91.698,110.199,107.276,93.864,92.630,94.107,91.000,83.958,72.000,122.829,other,0,-1,9,0
3226,131,110.232,125.383,117.639,94.552,93.310,94.518,96.000,84.958,97.000,137.200,other,0,-1,10,0
3227,181,135.923,149.767,142.725,95.385,94.139,94.960,131.000,86.375,98.000,150.314,other,0,-1,11,0
3228,149,172.786,181.933,178.062,96.927,95.703,95.549,181.000,89.833,121.000,163.229,other,0,-1,12,0
3229,189,163.379,164.077,160.083,97.673,96.442,95.972,149.000,91.000,176.000,172.800,other,0,-1,13,0
3230,211,179.396,182.376,184.621,98.201,96.956,96.350,189.000,91.542,139.000,172.257,other,0,-1,14,0
3231,150,184.243,188.027,194.950,99.585,98.355,96.906,211.000,94.542,109.000,183.343,other,0,-1,15,0
3232,163,153.049,148.086,147.811,100.519,99.289,97.369,150.000,96.250,140.000,162.143,other,0,-1,16,0
3233,164,138.285,138.018,145.029,101.192,99.954,97.777,163.000,97.208,116.000,148.800,other,0,-1,17,0
3234,120,119.918,120.897,132.393,102.228,100.993,98.260,164.000,99.208,123.000,128.829,other,0,-1,18,0
3235,94,99.954,95.049,99.879,102.524,101.267,98.590,120.000,99.083,72.000,110.171,other,0,-1,19,0
3236,79,84.370,77.578,81.046,103.183,101.917,98.994,94.000,100.000,44.000,85.143,other,0,-1,20,0
3237,68,70.929,65.392,69.496,104.030,102.761,99.439,79.000,101.458,38.000,75.143,other,0,-1,21,0
3238,62,61.128,57.967,61.769,104.805,103.530,99.868,68.000,102.708,44.000,65.229,other,0,-1,22,0
3239,37,55.855,55.185,57.057,105.406,104.120,100.261,62.000,103.458,31.000,63.543,other,0,-1,23,0
3240,49,51.510,49.351,50.161,105.833,104.529,100.617,37.000,103.708,51.000,61.694,other,0,-1,0,1
3241,55,52.871,53.118,52.261,105.978,104.701,100.924,49.000,103.625,60.000,62.000,other,0,-1,1,1
3242,71,56.870,57.619,53.016,106.080,104.828,101.221,55.000,103.417,47.000,62.222,other,0,-1,2,1
3243,53,66.772,66.459,57.850,106.601,105.390,101.606,71.000,104.417,82.000,61.389,other,0,-1,3,1
3244,52,60.979,60.599,57.209,106.355,105.157,101.830,53.000,103.208,66.000,63.583,other,0,-1,4,1
3245,54,62.238,62.140,61.853,106.326,105.149,102.100,52.000,102.625,75.000,65.139,other,0,-1,5,1
3246,68,65.795,66.365,68.864,106.196,105.036,102.349,54.000,101.750,58.000,66.417,other,0,-1,6,1
3247,90,75.029,77.424,81.037,106.515,105.388,102.692,68.000,102.167,65.000,77.639,other,0,-1,7,1
3248,74,90.196,94.946,98.334,107.051,105.964,103.080,90.000,103.208,91.000,91.833,other,0,-1,8,1
3249,112,105.246,108.657,103.127,106.979,105.911,103.341,74.000,102.500,96.000,109.944,other,0,-1,9,1
3250,145,127.369,133.182,129.428,107.384,106.353,103.701,112.000,103.167,131.000,131.361,other,0,-1,10,1
3251,123,151.669,155.186,155.347,107.761,106.765,104.056,145.000,103.750,181.000,148.500,other,0,-1,11,1
3252,168,159.396,159.738,150.929,107.095,106.097,104.193,123.000,101.333,149.000,174.389,other,0,-1,12,1
3253,185,176.720,176.008,178.329,107.544,106.584,104.563,168.000,102.125,189.000,191.778,other,0,-1,13,1
3254,165,182.277,182.292,186.674,107.660,106.726,104.863,185.000,101.958,211.000,190.222,other,0,-1,14,1
3255,187,170.710,169.465,169.004,107.168,106.238,105.036,165.000,100.042,150.000,183.056,other,0,-1,15,1
3256,165,165.600,168.337,171.418,107.878,106.995,105.460,187.000,101.583,163.000,168.806,other,0,-1,16,1
3257,152,146.849,146.543,146.859,108.080,107.227,105.779,165.000,101.667,164.000,158.750,other,0,-1,17,1
3258,126,128.417,126.809,128.217,108.081,107.249,106.055,152.000,101.167,120.000,131.639,other,0,-1,18,1
3259,121,110.164,105.061,106.703,108.341,107.541,106.385,126.000,101.417,94.000,103.944,other,0,-1,19,1
3260,113,92.843,90.097,96.057,108.906,108.147,106.779,121.000,102.542,79.000,92.389,other,0,-1,20,1
3261,73,79.451,79.448,85.412,109.573,108.859,107.194,113.000,103.958,68.000,77.389,other,0,-1,21,1
3262,61,69.522,65.738,66.802,109.819,109.136,107.522,73.000,104.167,62.000,64.944,other,0,-1,22,1
3263,46,62.706,60.719,57.637,109.979,109.323,107.831,61.000,104.125,37.000,62.889,other,0,-1,23,1
3264,59,58.759,56.949,50.164,110.283,109.659,108.171,46.000,104.500,49.000,59.639,other,0,-1,0,2
3265,81,59.359,61.653,55.763,110.305,109.742,108.252,59.000,104.917,55.000,64.167,other,0,-1,1,2
3266,47,68.316,71.644,58.964,110.558,110.064,108.382,81.000,106.000,71.000,56.194,other,0,-1,2,2
3267,78,60.613,60.186,52.800,110.087,109.636,108.360,47.000,105.000,53.000,60.528,other,0,-1,3,2
3268,73,72.858,72.408,60.933,110.326,109.943,108.487,78.000,106.042,52.000,62.444,other,0,-1,4,2
3269,66,72.714,71.001,63.908,110.507,110.190,108.602,73.000,106.917,54.000,62.833,other,0,-1,5,2
3270,52,74.521,70.671,68.160,110.557,110.302,108.689,66.000,107.417,68.000,70.472,other,0,-1,6,2
3271,78,82.443,73.715,72.203,110.202,109.994,108.692,52.000,106.750,90.000,78.639,other,0,-1,7,2
3272,77,97.120,88.258,88.800,109.905,109.747,108.706,78.000,106.250,74.000,89.639,other,0,-1,8,2
3273,95,114.941,104.947,99.710,109.825,109.724,108.767,77.000,106.375,112.000,104.833,other,0,-1,9,2
3274,127,133.514,126.228,118.105,109.456,109.401,108.766,95.000,105.667,145.000,127.694,other,0,-1,10,2
3275,135,151.552,145.969,142.747,109.072,109.064,108.763,127.000,104.917,123.000,145.361,other,0,-1,11,2
3276,145,163.240,160.637,155.208,109.122,109.176,108.850,135.000,105.417,168.000,159.222,other,0,-1,12,2
3277,189,169.330,168.600,164.121,108.666,108.763,108.832,145.000,104.458,185.000,182.222,other,0,-1,13,2
3278,203,178.465,182.316,184.732,108.600,108.755,108.895,189.000,104.625,165.000,185.000,other,0,-1,14,2
3279,205,176.590,185.507,185.876,109.028,109.257,109.061,203.000,106.208,187.000,172.750,other,0,-1,15,2
3280,188,166.687,179.370,176.518,109.165,109.459,109.166,205.000,106.958,165.000,158.694,other,0,-1,16,2
3281,123,148.747,160.105,155.104,109.375,109.736,109.287,188.000,107.917,152.000,148.139,other,0,-1,17,2
3282,114,130.043,124.461,113.272,108.832,109.234,109.250,123.000,106.708,126.000,124.722,other,0,-1,18,2
3283,104,112.744,107.067,99.764,108.534,108.986,109.265,114.000,106.208,121.000,108.833,other,0,-1,19,2
3284,94,95.437,90.773,87.565,108.165,108.663,109.265,104.000,105.500,113.000,89.361,other,0,-1,20,2
3285,77,80.227,77.507,76.326,107.766,108.311,109.258,94.000,104.708,73.000,75.500,other,0,-1,21,2
3286,61,69.085,66.325,64.212,107.701,108.303,109.322,77.000,104.875,61.000,67.139,other,0,-1,22,2
3287,67,61.326,58.570,54.301,107.578,108.235,109.373,61.000,104.875,46.000,62.722,other,0,-1,23,2
3288,67,57.540,59.170,51.087,107.759,108.482,109.487,67.000,105.750,59.000,61.389,other,0,-1,0,3
3289,84,56.862,62.426,60.081,107.547,108.316,109.263,67.000,106.083,81.000,64.194,other,0,-1,1,3
3290,66,64.576,70.976,62.167,107.263,108.074,109.023,84.000,106.208,47.000,65.056,other,0,-1,2,3
3291,61,61.305,64.655,58.794,107.210,108.073,108.832,66.000,107.000,78.000,61.583,other,0,-1,3,3
3292,65,62.374,63.614,59.529,106.636,107.531,108.532,61.000,106.292,73.000,61.250,other,0,-1,4,3
3293,72,66.311,65.969,63.858,106.193,107.125,108.259,65.000,105.958,66.000,63.500,other,0,-1,5,3
3294,59,72.392,70.165,71.023,105.952,106.929,108.029,72.000,106.208,52.000,67.778,other,0,-1,6,3
3295,79,80.096,72.052,75.227,105.726,106.747,107.801,59.000,106.500,78.000,79.889,other,0,-1,7,3
3296,111,94.515,85.633,90.434,105.412,106.476,107.556,79.000,106.542,77.000,92.417,other,0,-1,8,3
3297,115,113.011,105.839,112.917,105.577,106.699,107.410,111.000,107.958,95.000,115.000,other,0,-1,9,3
3298,131,131.050,126.185,127.240,105.539,106.712,107.222,115.000,108.792,127.000,126.583,other,0,-1,10,3
3299,152,148.552,148.236,145.382,105.270,106.486,106.985,131.000,108.958,135.000,145.861,other,0,-1,11,3
3300,171,162.999,165.454,162.993,105.188,106.454,106.788,152.000,109.667,145.000,168.111,other,0,-1,12,3
3301,185,172.485,176.570,175.831,105.237,106.558,106.618,171.000,110.750,189.000,177.472,other,0,-1,13,3
3302,154,175.725,181.365,181.684,104.851,106.211,106.357,185.000,110.583,203.000,176.694,other,0,-1,14,3
3303,204,164.274,164.246,162.150,103.814,105.190,105.960,154.000,108.542,205.000,173.972,other,0,-1,15,3
3304,170,162.811,177.341,176.442,103.472,104.889,105.709,204.000,108.500,188.000,162.111,other,0,-1,16,3
3305,144,140.388,149.954,149.274,102.883,104.332,105.405,170.000,107.750,123.000,150.028,other,0,-1,17,3
3306,154,121.491,127.276,126.291,102.860,104.361,105.220,144.000,108.625,114.000,132.389,other,0,-1,18,3
3307,98,101.605,119.450,119.085,103.112,104.674,105.093,154.000,110.292,104.000,108.528,other,0,-1,19,3
3308,101,87.778,87.632,88.563,102.697,104.298,104.826,98.000,110.042,94.000,100.083,other,0,-1,20,3
3309,489,70.782,78.523,81.254,102.471,104.116,104.598,101.000,110.333,77.000,85.306,inside,1,0,21,3
3310,397,323.217,383.686,259.028,108.111,110.006,105.596,489.000,127.500,61.000,74.778,inside,1,1,22,3
3311,408,285.109,315.175,193.272,112.651,114.757,106.364,397.000,141.500,67.000,70.444,inside,1,2,23,3
3312,364,295.725,262.571,191.398,117.263,119.582,107.147,408.000,155.708,67.000,60.917,inside,1,3,0,4
3313,351,284.217,247.257,157.601,121.280,123.745,107.684,364.000,168.083,84.000,56.972,inside,1,4,1,4
3314,277,300.232,240.293,154.069,124.863,127.458,108.131,351.000,179.208,66.000,51.583,inside,1,5,2,4
3315,47,263.726,204.389,125.240,127.634,130.332,108.408,277.000,188.000,61.000,54.556,after,1,6,3,4
3316,55,50.498,58.924,56.411,127.146,129.833,108.005,47.000,187.417,65.000,57.139,after,1,7,4,4
3317,51,55.394,62.009,61.344,126.716,129.393,107.613,55.000,187.000,72.000,54.694,after,1,8,5,4
3318,57,59.085,61.644,65.054,126.126,128.789,107.188,51.000,186.125,59.000,65.167,after,1,9,6,4
3319,68,68.092,67.794,73.211,125.812,128.470,106.821,57.000,186.042,79.000,74.667,after,1,10,7,4
3320,85,81.511,79.873,85.322,125.367,128.015,106.427,68.000,185.583,111.000,86.667,after,1,11,8,4
3321,81,98.705,99.202,102.363,124.705,127.336,105.987,85.000,184.500,115.000,109.861,after,1,12,9,4
3322,137,117.568,118.786,112.879,123.927,126.537,105.523,81.000,183.083,131.000,125.222,after,1,13,10,4
3323,117,140.655,150.394,149.583,123.729,126.338,105.180,137.000,183.333,152.000,147.361,after,1,14,11,4
3324,140,150.154,153.427,149.187,122.937,125.524,104.713,117.000,181.875,171.000,161.111,after,1,15,12,4
3325,233,162.202,161.934,164.211,122.202,124.770,104.258,140.000,180.583,185.000,174.694,after,1,16,13,4
3326,160,221.736,208.612,211.815,122.612,125.200,104.042,233.000,182.583,154.000,178.167,after,1,17,14,4
3327,193,164.726,160.478,167.496,122.414,125.000,103.699,160.000,182.833,204.000,172.583,after,1,18,15,4
3328,194,160.854,166.606,173.693,121.969,124.546,103.305,193.000,182.375,170.000,165.472,after,1,19,16,4
3329,147,140.765,156.261,161.046,122.031,124.616,103.016,194.000,183.375,144.000,138.861,after,1,20,17,4
3330,126,109.627,122.440,124.722,121.790,124.372,102.664,147.000,183.500,154.000,121.333,after,1,21,18,4
3331,112,89.256,102.773,103.769,121.099,123.663,102.218,126.000,182.333,98.000,101.944,after,1,22,19,4
3332,105,71.535,87.833,88.695,121.016,123.583,101.900,112.000,182.917,101.000,84.222,after,1,23,20,4
3333,62,56.655,79.067,78.561,120.789,123.354,101.551,105.000,183.083,489.000,70.889,after,1,24,21,4
3334,64,48.039,55.481,61.332,114.318,116.663,99.898,62.000,165.292,397.000,63.889,after,1,25,22,4
3335,49,39.443,50.751,56.857,109.209,111.382,98.529,64.000,151.417,408.000,57.111,after,1,26,23,4
3336,45,35.133,42.630,50.077,103.723,105.711,97.082,49.000,136.458,364.000,38.722,after,1,27,0,5
3337,59,34.551,42.852,33.854,99.074,100.855,95.915,45.000,123.167,351.000,42.139,after,1,28,1,5
3338,38,42.019,50.202,35.992,94.815,96.403,94.830,59.000,111.000,277.000,43.389,after,1,29,2,5
3339,51,37.990,42.894,33.210,91.325,92.745,93.906,38.000,101.042,47.000,43.528,other,0,-1,3,5
3340,49,45.253,49.478,38.854,91.355,92.731,93.716,51.000,101.208,55.000,42.111,other,0,-1,4,5
3341,48,46.786,49.797,43.113,91.240,92.567,93.496,49.000,100.958,51.000,43.028,other,0,-1,5,5
3342,45,49.592,51.709,49.159,91.168,92.447,93.285,48.000,100.833,57.000,55.167,other,0,-1,6,5
3343,61,55.617,55.922,56.023,90.966,92.193,93.048,45.000,100.333,68.000,63.917,other,0,-1,7,5
3344,65,68.204,69.985,70.935,90.837,92.014,92.825,61.000,100.042,85.000,81.722,other,0,-1,8,5
3345,75,84.222,83.934,82.974,90.519,91.639,92.562,65.000,99.208,81.000,98.167,other,0,-1,9,5
3346,132,102.967,101.460,98.103,90.404,91.475,92.343,75.000,98.958,137.000,102.556,other,0,-1,10,5
3347,110,126.269,140.236,140.003,90.304,91.326,92.126,132.000,98.750,117.000,122.722,other,0,-1,11,5
3348,124,137.503,135.918,134.294,90.174,91.146,91.903,110.000,98.458,140.000,141.028,other,0,-1,12,5
3349,129,149.085,145.406,146.755,89.914,90.832,91.653,124.000,97.792,233.000,161.333,other,0,-1,13,5
3350,152,151.767,147.152,149.064,88.380,89.199,91.137,129.000,93.458,160.000,179.778,other,0,-1,14,5
3351,201,151.226,151.745,157.458,88.236,89.004,90.911,152.000,93.125,193.000,180.472,other,0,-1,15,5
3352,149,151.913,166.838,176.506,88.323,89.050,90.733,201.000,93.458,194.000,165.833,other,0,-1,16,5
3353,121,119.636,129.495,130.048,87.643,88.301,90.395,149.000,91.583,147.000,148.556,other,0,-1,17,5
3354,111,99.206,107.156,100.545,87.239,87.836,90.115,121.000,90.500,126.000,114.861,other,0,-1,18,5
3355,62,80.618,89.391,82.421,86.993,87.537,89.868,111.000,89.875,112.000,90.528,other,0,-1,19,5
3356,68,68.626,67.772,57.910,86.241,86.713,89.515,62.000,87.792,105.000,74.972,other,0,-1,20,5
3357,53,52.324,55.846,52.793,85.677,86.084,89.202,68.000,86.250,62.000,60.444,other,0,-1,21,5
3358,50,41.961,45.357,45.229,85.518,85.875,88.973,53.000,85.875,64.000,52.389,other,0,-1,22,5
3359,41,34.600,40.843,41.517,85.287,85.590,88.729,50.000,85.292,49.000,44.139,other,0,-1,23,5
3360,24,31.058,37.786,37.856,85.143,85.396,88.503,41.000,84.958,45.000,32.472,other,0,-1,0,6
3361,36,29.640,33.315,29.019,85.089,85.278,88.549,24.000,84.083,59.000,34.500,other,0,-1,1,6
3362,38,34.614,39.839,32.678,85.006,85.130,88.589,36.000,83.125,38.000,33.361,other,0,-1,2,6
3363,38,38.463,42.995,35.816,85.257,85.326,88.699,38.000,83.125,51.000,35.222,other,0,-1,3,6
3364,36,41.098,44.723,39.671,85.319,85.328,88.769,38.000,82.583,49.000,34.028,other,0,-1,4,6
3365,37,42.464,45.571,44.179,85.381,85.330,88.839,36.000,82.042,48.000,36.611,other,0,-1,5,6
3366,34,45.634,48.837,50.533,85.472,85.361,88.916,37.000,81.583,45.000,38.694,other,0,-1,6,6
3367,45,51.285,53.560,56.454,85.562,85.393,88.992,34.000,81.125,61.000,47.194,other,0,-1,7,6
3368,71,63.376,66.091,67.622,85.581,85.350,89.053,45.000,80.458,65.000,59.167,other,0,-1,8,6
3369,66,80.328,86.673,86.175,85.918,85.636,89.181,71.000,80.708,75.000,78.778,other,0,-1,9,6
3370,72,98.147,95.460,91.077,86.038,85.698,89.263,66.000,80.333,132.000,101.278,other,0,-1,10,6
3371,128,115.463,106.487,99.824,85.419,84.995,89.192,72.000,77.833,110.000,121.778,other,0,-1,11,6
3372,139,137.048,139.664,136.629,85.930,85.461,89.356,128.000,78.583,124.000,140.833,other,0,-1,12,6
3373,172,148.704,148.692,146.214,86.398,85.883,89.511,139.000,79.208,129.000,148.472,other,0,-1,13,6
3374,140,160.649,165.677,168.692,87.271,86.724,89.750,172.000,81.000,152.000,156.639,other,0,-1,14,6
3375,149,148.320,146.263,142.529,87.347,86.741,89.824,140.000,80.500,201.000,153.306,other,0,-1,15,6
3376,148,137.899,141.463,140.568,86.844,86.158,89.776,149.000,78.333,149.000,133.083,other,0,-1,16,6
3377,101,121.344,128.090,128.084,87.080,86.339,89.883,148.000,78.292,121.000,123.667,other,0,-1,17,6
3378,86,104.616,102.821,90.943,87.041,86.236,89.932,101.000,77.458,111.000,102.583,other,0,-1,18,6
3379,71,87.933,84.707,73.282,86.929,86.058,89.966,86.000,76.417,62.000,79.889,other,0,-1,19,6
3380,56,72.043,68.210,59.377,87.310,86.389,90.103,71.000,76.792,68.000,59.111,other,0,-1,20,6
3381,53,58.429,54.952,49.986,87.386,86.406,90.176,56.000,76.292,53.000,47.306,other,0,-1,21,6
3382,35,47.055,47.325,46.113,87.636,86.603,90.286,53.000,76.292,50.000,35.306,other,0,-1,22,6
3383,28,40.486,40.929,41.241,87.669,86.574,90.350,35.000,75.667,41.000,32.556,other,0,-1,23,6
3384,71,36.854,38.839,39.283,87.731,86.576,90.420,28.000,75.125,24.000,61.343,other,0,-1,0,0
3385,61,50.462,56.820,52.360,88.752,87.600,90.901,71.000,77.083,36.000,59.743,other,0,-1,1,0
3386,42,50.855,57.126,51.521,89.455,88.295,91.315,61.000,78.125,38.000,61.829,other,0,-1,2,0
3387,58,46.031,51.111,49.799,89.853,88.674,91.666,42.000,78.292,38.000,63.543,other,0,-1,3,0
3388,68,55.639,61.092,57.664,90.483,89.294,92.064,58.000,79.125,36.000,60.000,other,0,-1,4,0
3389,59,61.790,68.302,66.166,91.286,90.093,92.500,68.000,80.458,37.000,77.171,other,0,-1,5,0
3390,57,57.526,66.290,70.392,91.945,90.742,92.905,59.000,81.375,34.000,77.686,other,0,-1,6,0
3391,64,60.903,71.480,77.410,92.619,91.406,93.313,57.000,82.333,45.000,91.543,other,0,-1,7,0
3392,96,72.263,84.957,88.019,93.234,92.011,93.708,64.000,83.125,71.000,101.114,other,0,-1,8,0
3393,92,93.228,111.690,109.808,93.936,92.705,94.122,96.000,84.167,66.000,122.829,other,0,-1,9,0
3394,115,110.038,123.258,115.844,94.653,93.414,94.540,92.000,85.250,72.000,137.200,other,0,-1,10,0
3395,149,131.965,142.015,133.962,95.616,94.379,95.008,115.000,87.042,128.000,150.314,other,0,-1,11,0
3396,149,155.226,162.612,158.037,96.261,95.013,95.410,149.000,87.917,139.000,163.229,other,0,-1,12,0
3397,212,163.317,163.963,160.044,96.746,95.482,95.779,149.000,88.333,172.000,172.800,other,0,-1,13,0
3398,179,194.538,197.279,200.176,97.665,96.402,96.238,212.000,90.000,140.000,172.257,other,0,-1,14,0
3399,173,169.111,169.596,173.526,98.571,97.306,96.694,179.000,91.625,149.000,183.343,other,0,-1,15,0
3400,125,155.857,156.137,161.830,99.258,97.985,97.105,173.000,92.625,148.000,162.143,other,0,-1,16,0
3401,136,136.998,128.732,124.605,99.265,97.960,97.374,125.000,91.667,101.000,148.800,other,0,-1,17,0
3402,119,117.996,114.477,119.051,100.113,98.804,97.819,136.000,93.125,86.000,128.829,other,0,-1,18,0
3403,90,99.534,94.879,100.087,100.931,99.618,98.257,119.000,94.500,71.000,110.171,other,0,-1,19,0
3404,101,84.212,77.018,80.747,101.546,100.223,98.653,90.000,95.292,56.000,85.143,other,0,-1,20,0
3405,75,70.044,68.981,76.231,102.538,101.217,99.127,101.000,97.167,53.000,75.143,other,0,-1,21,0
3406,61,60.631,59.357,64.560,103.197,101.866,99.532,75.000,98.083,35.000,65.229,other,0,-1,22,0
3407,56,55.082,54.979,58.400,103.914,102.576,99.949,61.000,99.167,28.000,63.543,other,0,-1,23,0
3408,63,53.905,54.927,55.831,104.660,103.315,100.372,56.000,100.333,71.000,61.694,other,0,-1,0,1
3409,59,55.889,58.266,56.769,104.718,103.397,100.660,63.000,100.000,61.000,62.000,other,0,-1,1,1
3410,66,57.876,59.537,55.560,104.863,103.569,100.967,59.000,99.917,42.000,62.222,other,0,-1,2,1
3411,60,64.062,64.736,58.528,105.385,104.130,101.352,66.000,100.917,58.000,61.389,other,0,-1,3,1
3412,49,63.418,63.714,60.445,105.587,104.362,101.670,60.000,101.000,68.000,63.583,other,0,-1,4,1
3413,59,61.100,61.319,62.748,105.486,104.279,101.925,49.000,100.208,59.000,65.139,other,0,-1,5,1
3414,64,66.643,68.147,71.549,105.660,104.481,102.237,59.000,100.208,57.000,66.417,other,0,-1,6,1
3415,63,74.124,76.464,81.003,105.935,104.788,102.571,64.000,100.500,64.000,77.639,other,0,-1,7,1
3416,66,86.744,88.764,89.926,106.095,104.975,102.880,63.000,100.458,96.000,91.833,other,0,-1,8,1
3417,130,104.920,107.613,100.669,105.834,104.727,103.102,66.000,99.208,92.000,109.944,other,0,-1,9,1
3418,110,131.464,137.121,138.022,106.559,105.499,103.529,130.000,100.792,115.000,131.361,other,0,-1,10,1
3419,135,144.134,148.108,137.952,106.660,105.626,103.826,110.000,100.583,149.000,148.500,other,0,-1,11,1
3420,176,160.994,162.106,157.112,106.631,105.618,104.096,135.000,100.000,149.000,174.389,other,0,-1,12,1
3421,184,179.149,178.968,182.817,107.196,106.224,104.490,176.000,101.125,212.000,191.778,other,0,-1,13,1
3422,183,181.373,181.825,186.018,106.965,106.007,104.718,184.000,99.958,179.000,190.222,other,0,-1,14,1
3423,182,174.849,176.183,179.344,107.197,106.268,105.042,183.000,100.125,173.000,183.056,other,0,-1,15,1
3424,187,163.930,166.038,168.739,107.501,106.605,105.382,182.000,100.500,125.000,168.806,other,0,-1,16,1
3425,556,150.605,154.174,158.806,108.573,107.737,105.882,187.000,103.083,136.000,158.750,inside,1,0,17,1
3426,505,386.180,344.229,352.837,114.831,114.235,107.465,556.000,120.583,119.000,131.639,inside,1,1,18,1
3427,421,365.586,321.205,309.370,120.597,120.223,108.945,505.000,136.667,90.000,103.944,inside,1,2,19,1
3428,406,326.363,266.842,230.989,125.566,125.387,110.258,421.000,150.458,101.000,92.389,inside,1,3,20,1
3429,319,312.425,249.215,193.425,130.158,130.161,111.493,406.000,163.167,75.000,77.389,inside,1,4,21,1
3430,78,254.672,205.815,125.563,133.866,134.021,112.544,319.000,173.333,61.000,64.944,after,1,5,22,1
3431,55,63.877,79.876,45.748,134.287,134.477,112.908,78.000,174.042,56.000,62.889,after,1,6,23,1
3432,45,59.334,75.009,38.736,134.446,134.664,113.217,55.000,174.000,63.000,59.639,after,1,7,0,2
3433,59,57.821,69.900,39.338,134.062,134.327,113.213,45.000,173.250,59.000,64.167,after,1,8,1,2
3434,57,61.626,76.315,40.826,133.939,134.259,113.265,59.000,173.250,66.000,56.194,after,1,9,2,2
3435,62,63.718,75.731,42.008,133.685,134.056,113.288,57.000,172.875,60.000,60.528,after,1,10,3,2
3436,75,67.972,76.717,46.029,133.591,134.018,113.345,62.000,172.958,49.000,62.444,after,1,11,4,2
3437,44,75.567,80.235,53.665,133.844,134.340,113.475,75.000,174.042,59.000,62.833,after,1,12,5,2
3438,68,73.759,70.225,55.706,133.503,134.048,113.481,44.000,173.417,64.000,70.472,after,1,13,6,2
3439,74,87.083,79.626,70.519,133.438,134.040,113.544,68.000,173.583,63.000,78.639,after,1,14,7,2
3440,79,102.451,89.405,84.959,133.474,134.137,113.628,74.000,174.042,66.000,89.639,after,1,15,8,2
3441,111,120.819,105.748,101.563,133.539,134.264,113.719,79.000,174.583,130.000,104.833,after,1,16,9,2
3442,175,145.490,126.689,129.767,133.141,133.911,113.712,111.000,173.792,110.000,127.694,after,1,17,10,2
3443,163,192.784,153.712,174.645,133.959,134.818,113.960,175.000,176.500,135.000,145.361,after,1,18,11,2
3444,206,189.417,165.427,180.782,134.241,135.170,114.096,163.000,177.667,176.000,159.222,after,1,19,12,2
3445,232,220.754,187.688,208.340,134.553,135.552,114.238,206.000,178.917,184.000,182.222,after,1,20,13,2
3446,163,236.367,204.513,220.848,135.125,136.204,114.434,232.000,180.917,183.000,185.000,after,1,21,14,2
3447,168,174.893,170.373,175.325,134.712,135.836,114.425,163.000,180.083,182.000,172.750,after,1,22,15,2
3448,182,166.002,163.567,163.746,134.385,135.558,114.433,168.000,179.500,187.000,158.694,after,1,23,16,2
3449,140,156.728,157.737,153.654,134.190,135.416,114.469,182.000,179.292,556.000,148.139,after,1,24,17,2
3450,115,130.574,129.225,119.393,128.040,129.112,113.262,140.000,161.958,505.000,124.722,after,1,25,18,2
3451,109,114.177,108.548,100.824,122.267,123.197,112.133,115.000,145.708,421.000,108.833,after,1,26,19,2
3452,79,96.571,93.792,92.408,117.624,118.452,111.240,109.000,132.708,406.000,89.361,after,1,27,20,2
3453,68,84.279,75.863,76.203,112.764,113.483,110.302,79.000,119.083,319.000,75.500,after,1,28,21,2
3454,70,72.019,65.173,64.682,109.005,109.652,109.594,68.000,108.625,78.000,67.139,other,0,-1,22,2
3455,65,62.757,61.597,59.246,108.766,109.464,109.621,70.000,108.292,55.000,62.722,other,0,-1,23,2
3456,64,58.658,59.317,53.529,108.787,109.547,109.702,65.000,108.708,45.000,61.389,other,0,-1,0,3
3457,67,57.445,61.956,63.627,108.735,109.545,109.511,64.000,109.500,59.000,64.194,other,0,-1,1,3
3458,58,59.600,64.354,62.703,108.523,109.378,109.286,67.000,109.833,57.000,65.056,other,0,-1,2,3
3459,41,59.762,62.139,60.754,108.210,109.107,109.041,58.000,109.875,62.000,61.583,other,0,-1,3,3
3460,73,59.416,57.636,58.637,107.578,108.506,108.729,41.000,109.000,75.000,61.250,other,0,-1,4,3
3461,83,68.557,69.188,68.146,107.221,108.189,108.474,73.000,108.917,44.000,63.500,other,0,-1,5,3
3462,68,75.021,74.181,75.764,107.458,108.488,108.343,83.000,110.542,68.000,67.778,other,0,-1,6,3
3463,65,80.479,74.075,78.928,107.131,108.201,108.095,68.000,110.542,74.000,79.889,other,0,-1,7,3
3464,72,95.022,84.015,86.974,106.673,107.780,107.819,65.000,110.167,79.000,92.417,other,0,-1,8,3
3465,106,112.986,102.300,99.860,106.244,107.388,107.549,72.000,109.875,111.000,115.000,other,0,-1,9,3
3466,123,130.094,126.099,123.770,105.843,107.027,107.285,106.000,109.667,175.000,126.583,other,0,-1,10,3
3467,155,147.249,148.120,142.178,104.762,105.961,106.879,123.000,107.500,163.000,145.861,other,0,-1,11,3
3468,164,162.607,166.677,164.282,104.319,105.555,106.606,155.000,107.167,206.000,168.111,other,0,-1,12,3
3469,191,170.506,174.270,172.705,103.383,104.639,106.231,164.000,105.417,232.000,177.472,other,0,-1,13,3
3470,177,177.124,183.663,183.997,102.461,103.738,105.858,191.000,103.708,163.000,176.694,other,0,-1,14,3
3471,155,167.697,172.678,172.665,102.336,103.661,105.652,177.000,104.292,168.000,173.972,other,0,-1,15,3
3472,167,154.187,155.717,153.618,101.820,103.180,105.364,155.000,103.750,182.000,162.111,other,0,-1,16,3
3473,155,139.970,148.560,147.793,101.275,102.668,105.070,167.000,103.125,140.000,150.028,other,0,-1,17,3
3474,153,121.069,131.081,130.729,101.165,102.607,104.866,155.000,103.750,115.000,132.389,other,0,-1,18,3
3475,92,101.379,118.691,118.356,101.388,102.890,104.733,153.000,105.333,109.000,108.528,other,0,-1,19,3
3476,72,88.578,85.844,86.437,100.814,102.349,104.433,92.000,104.625,79.000,100.083,other,0,-1,20,3
3477,61,74.661,70.266,72.932,100.385,101.957,104.163,72.000,104.333,68.000,85.306,other,0,-1,21,3
3478,61,62.119,59.419,63.910,99.956,101.566,103.893,61.000,104.042,70.000,74.778,other,0,-1,22,3
3479,58,52.081,54.179,58.792,99.498,101.145,103.617,61.000,103.667,65.000,70.444,other,0,-1,23,3
3480,60,46.907,50.906,54.207,99.068,100.753,103.347,58.000,103.375,64.000,60.917,other,0,-1,0,4
3481,42,46.085,54.893,50.872,98.725,100.404,102.974,60.000,103.208,67.000,56.972,other,0,-1,1,4
3482,45,44.468,49.810,46.657,98.078,99.740,102.537,42.000,102.167,58.000,51.583,other,0,-1,2,4
3483,34,46.997,51.983,47.484,97.604,99.256,102.137,45.000,101.625,41.000,54.556,other,0,-1,3,4
3484,59,47.538,49.394,47.181,97.217,98.861,101.754,34.000,101.333,73.000,57.139,other,0,-1,4,4
3485,63,55.588,59.008,55.851,96.729,98.362,101.351,59.000,100.750,83.000,54.694,other,0,-1,5,4
3486,57,60.268,62.410,62.655,96.154,97.773,100.929,63.000,99.917,68.000,65.167,other,0,-1,6,4
3487,68,67.424,65.820,69.015,95.710,97.319,100.535,57.000,99.458,65.000,74.667,other,0,-1,7,4
3488,69,80.844,78.869,82.636,95.468,97.074,100.183,68.000,99.583,72.000,86.667,other,0,-1,8,4
3489,97,98.720,95.853,95.117,95.139,96.740,99.813,69.000,99.458,106.000,109.861,other,0,-1,9,4
3490,131,117.075,122.260,119.524,94.723,96.316,99.424,97.000,99.083,123.000,125.222,other,0,-1,10,4
3491,152,137.133,149.680,147.268,94.554,96.146,99.087,131.000,99.417,155.000,147.361,other,0,-1,11,4
3492,173,154.935,166.950,166.463,94.225,95.812,98.717,152.000,99.292,164.000,161.111,other,0,-1,12,4
3493,172,169.025,178.059,181.134,94.070,95.657,98.383,173.000,99.667,191.000,174.694,other,0,-1,13,4
3494,169,171.225,173.336,179.362,93.509,95.083,97.965,172.000,98.875,177.000,178.167,other,0,-1,14,4
3495,145,165.762,164.676,171.562,93.108,94.674,97.579,169.000,98.542,155.000,172.583,other,0,-1,15,4
3496,140,149.802,145.618,149.472,92.678,94.234,97.188,145.000,98.125,167.000,165.472,other,0,-1,16,4
3497,132,131.137,131.757,134.095,92.002,93.540,96.745,140.000,97.000,155.000,138.861,other,0,-1,17,4
3498,105,110.553,115.205,117.265,91.383,92.906,96.314,132.000,96.042,153.000,121.333,other,0,-1,18,4
3499,131,92.815,93.920,95.352,90.402,91.897,95.808,105.000,94.042,92.000,101.944,other,0,-1,19,4
3500,75,71.152,89.443,94.112,90.682,92.192,95.565,131.000,95.667,72.000,84.222,other,0,-1,20,4
3501,73,61.305,62.776,69.988,90.440,91.948,95.213,75.000,95.792,61.000,70.889,other,0,-1,21,4
3502,60,48.253,54.812,63.920,90.329,91.839,94.888,73.000,96.292,61.000,63.889,other,0,-1,22,4
3503,60,40.515,47.097,56.782,90.029,91.534,94.524,60.000,96.250,58.000,57.111,other,0,-1,23,4
3504,39,36.365,45.772,53.467,89.773,91.275,94.169,60.000,96.333,60.000,38.722,other,0,-1,0,5
3505,45,34.333,41.236,33.493,89.440,90.886,93.904,39.000,95.458,42.000,42.139,other,0,-1,1,5
3506,38,37.703,45.358,35.003,89.456,90.856,93.711,45.000,95.583,45.000,43.389,other,0,-1,2,5
3507,36,38.460,44.176,35.193,89.326,90.677,93.488,38.000,95.292,34.000,43.528,other,0,-1,3,5
3508,42,40.454,44.545,37.452,89.327,90.632,93.293,36.000,95.375,59.000,42.111,other,0,-1,4,5
3509,44,44.815,47.997,42.885,89.053,90.303,93.039,42.000,94.667,63.000,43.028,other,0,-1,5,5
3510,45,48.969,51.032,49.121,88.749,89.944,92.780,44.000,93.875,57.000,55.167,other,0,-1,6,5
3511,60,56.069,56.488,56.657,88.547,89.689,92.542,45.000,93.375,68.000,63.917,other,0,-1,7,5
3512,89,68.456,70.039,70.704,88.403,89.495,92.316,60.000,93.042,69.000,81.722,other,0,-1,8,5
3513,76,85.383,93.333,93.695,88.665,89.721,92.175,89.000,93.875,97.000,98.167,other,0,-1,9,5
3514,105,103.522,102.014,97.695,88.333,89.331,91.910,76.000,93.000,131.000,102.556,other,0,-1,10,5
3515,119,122.053,125.977,122.507,87.928,88.867,91.630,105.000,91.917,152.000,122.722,other,0,-1,11,5
3516,174,138.073,139.968,138.050,87.422,88.298,91.328,119.000,90.542,173.000,141.028,other,0,-1,12,5
3517,175,160.391,172.355,177.197,87.408,88.239,91.130,174.000,90.583,172.000,161.333,other,0,-1,13,5
3518,140,162.554,169.147,177.000,87.423,88.209,90.937,175.000,90.708,169.000,179.778,other,0,-1,14,5
3519,176,150.965,146.915,149.375,86.975,87.700,90.648,140.000,89.500,145.000,180.472,other,0,-1,15,5
3520,150,143.690,152.837,160.510,87.396,88.090,90.540,176.000,90.792,140.000,165.833,other,0,-1,16,5
3521,128,121.270,129.256,130.611,87.513,88.166,90.368,150.000,91.208,132.000,148.556,other,0,-1,17,5
3522,93,100.820,107.955,103.840,87.427,88.031,90.154,128.000,91.042,105.000,114.861,other,0,-1,18,5
3523,72,84.417,85.581,76.900,87.225,87.777,89.917,93.000,90.542,131.000,90.528,other,0,-1,19,5
3524,86,69.236,67.805,61.378,86.342,86.818,89.536,72.000,88.083,75.000,74.972,other,0,-1,20,5
3525,39,51.739,58.654,58.143,86.473,86.909,89.368,86.000,88.542,73.000,60.444,other,0,-1,21,5
3526,51,44.565,42.671,44.220,85.953,86.325,89.063,39.000,87.125,60.000,52.389,other,0,-1,22,5
3527,57,35.236,40.796,43.335,85.794,86.115,88.835,51.000,86.750,60.000,44.139,other,0,-1,23,5
3528,28,33.386,42.734,42.233,85.723,85.996,88.624,57.000,86.625,39.000,32.472,other,0,-1,0,6
3529,34,30.664,34.430,30.929,85.814,86.027,88.700,28.000,86.167,45.000,34.500,other,0,-1,1,6
3530,18,34.368,39.069,33.511,85.905,86.059,88.777,34.000,85.708,38.000,33.361,other,0,-1,2,6
3531,37,32.743,35.284,32.721,85.865,85.956,88.826,18.000,84.875,36.000,35.222,other,0,-1,3,6
3532,26,41.079,44.220,40.313,86.130,86.167,88.938,37.000,84.917,42.000,34.028,other,0,-1,4,6
3533,29,39.886,41.612,42.335,86.148,86.124,89.000,26.000,84.250,44.000,36.611,other,0,-1,5,6
3534,27,44.359,45.770,48.771,86.181,86.096,89.064,29.000,83.625,45.000,38.694,other,0,-1,6,6
3535,37,51.494,51.167,54.632,86.171,86.023,89.119,27.000,82.875,60.000,47.194,other,0,-1,7,6
3536,57,64.167,63.241,64.932,86.088,85.874,89.159,37.000,81.917,89.000,59.167,other,0,-1,8,6
3537,72,80.501,80.573,80.069,85.875,85.591,89.172,57.000,80.583,76.000,78.778,other,0,-1,9,6
3538,94,99.439,96.998,94.002,86.067,85.728,89.270,72.000,80.417,105.000,101.278,other,0,-1,10,6
3539,140,118.594,115.396,111.614,86.158,85.760,89.346,94.000,79.958,119.000,121.778,other,0,-1,11,6
3540,154,141.142,146.152,144.588,86.712,86.271,89.519,140.000,80.833,174.000,140.833,other,0,-1,12,6
3541,137,153.376,156.492,156.593,86.673,86.168,89.568,154.000,80.000,175.000,148.472,other,0,-1,13,6
3542,136,151.783,148.109,144.346,86.373,85.795,89.563,137.000,78.417,140.000,156.639,other,0,-1,14,6
3543,171,147.871,144.736,139.879,86.565,85.931,89.660,136.000,78.250,176.000,153.306,other,0,-1,15,6
3544,134,141.468,149.662,155.043,86.743,86.053,89.755,171.000,78.042,150.000,133.083,other,0,-1,16,6
3545,135,121.210,124.016,120.077,86.761,86.010,89.816,134.000,77.375,128.000,123.667,other,0,-1,17,6
3546,118,102.772,108.367,106.094,87.113,86.311,89.947,135.000,77.667,93.000,102.583,other,0,-1,18,6
3547,65,84.812,88.658,83.698,87.726,86.882,90.132,118.000,78.708,72.000,79.889,other,0,-1,19,6
3548,50,73.385,68.085,57.041,87.874,86.974,90.221,65.000,78.417,86.000,59.111,other,0,-1,20,6
3549,52,59.972,54.888,47.754,87.603,86.631,90.222,50.000,76.917,39.000,47.306,other,0,-1,21,6
3550,24,47.899,47.734,44.782,88.042,87.023,90.370,52.000,77.458,51.000,35.306,other,0,-1,22,6
3551,35,41.819,39.717,38.154,87.901,86.814,90.398,24.000,76.333,57.000,32.556,other,0,-1,23,6
3552,68,38.214,41.273,38.883,87.833,86.681,90.442,35.000,75.417,28.000,61.343,other,0,-1,0,0
3553,43,49.258,55.724,49.559,88.752,87.600,90.901,68.000,77.083,34.000,59.743,other,0,-1,1,0
3554,72,43.631,49.052,45.412,89.223,88.055,91.267,43.000,77.458,18.000,61.829,other,0,-1,2,0
3555,45,61.320,66.953,54.996,90.345,89.184,91.768,72.000,79.708,37.000,63.543,other,0,-1,3,0
3556,73,49.575,54.996,52.641,90.801,89.623,92.131,45.000,80.042,26.000,60.000,other,0,-1,4,0
3557,61,64.721,71.346,66.053,91.822,90.647,92.612,73.000,82.000,29.000,77.171,other,0,-1,5,0
3558,61,58.437,67.523,69.706,92.626,91.447,93.047,61.000,83.333,27.000,77.686,other,0,-1,6,0
3559,72,62.110,73.418,77.766,93.459,92.276,93.488,61.000,84.750,37.000,91.543,other,0,-1,7,0
3560,108,73.905,88.350,90.403,94.306,93.120,93.932,72.000,86.208,57.000,101.114,other,0,-1,8,0
3561,135,97.767,117.782,115.069,95.385,94.204,94.425,108.000,88.333,72.000,122.829,other,0,-1,9,0
3562,159,123.892,143.790,137.797,96.638,95.468,94.954,135.000,90.958,94.000,137.200,other,0,-1,10,0
3563,186,149.825,165.192,159.159,97.920,96.762,95.489,159.000,93.667,140.000,150.314,other,0,-1,11,0
3564,162,176.434,185.294,181.442,98.926,97.771,95.967,186.000,95.583,154.000,163.229,other,0,-1,12,0
3565,172,167.873,170.432,168.331,99.382,98.211,96.329,162.000,95.917,137.000,172.800,other,0,-1,13,0
3566,179,172.725,172.977,173.628,100.229,99.055,96.773,172.000,97.375,136.000,172.257,other,0,-1,14,0
3567,172,169.617,169.886,173.653,101.193,100.019,97.242,179.000,99.167,171.000,183.343,other,0,-1,15,0
3568,145,156.181,156.332,161.245,101.547,100.354,97.583,172.000,99.208,134.000,162.143,other,0,-1,16,0
3569,148,137.520,133.934,134.991,102.047,100.838,97.955,145.000,99.667,135.000,148.800,other,0,-1,17,0
3570,140,119.148,118.098,124.684,102.575,101.353,98.333,148.000,100.208,118.000,128.829,other,0,-1,18,0
3571,103,100.604,99.734,108.330,103.234,102.002,98.738,140.000,101.125,65.000,110.171,other,0,-1,19,0
3572,97,84.858,80.383,84.027,104.125,102.891,99.191,103.000,102.708,50.000,85.143,other,0,-1,20,0
3573,98,71.715,70.064,74.399,105.146,103.915,99.672,97.000,104.667,52.000,75.143,other,0,-1,21,0
3574,49,65.149,67.257,69.329,106.152,104.924,100.149,98.000,106.583,24.000,65.229,other,0,-1,22,0
3575,55,56.323,54.105,55.304,106.855,105.619,100.563,49.000,107.625,35.000,63.543,other,0,-1,23,0
3576,66,55.557,56.333,54.717,107.485,106.238,100.962,55.000,108.458,68.000,61.694,other,0,-1,0,1
3577,79,57.898,60.793,56.714,107.630,106.410,101.268,66.000,108.375,43.000,62.000,other,0,-1,1,1
3578,54,67.267,69.559,59.306,108.325,107.152,101.690,79.000,109.875,72.000,62.222,other,0,-1,2,1
3579,61,59.865,60.935,55.462,108.238,107.084,101.948,54.000,109.125,45.000,61.389,other,0,-1,3,1
3580,56,64.408,65.236,60.145,108.644,107.525,102.308,61.000,109.792,73.000,63.583,other,0,-1,4,1
3581,74,63.780,64.895,63.891,108.572,107.472,102.569,56.000,109.083,61.000,65.139,other,0,-1,5,1
3582,74,71.584,74.534,75.191,108.934,107.869,102.921,74.000,109.625,61.000,66.417,other,0,-1,6,1
3583,65,76.406,80.360,83.780,109.296,108.266,103.273,74.000,110.167,72.000,77.639,other,0,-1,7,1
3584,124,87.321,90.025,90.497,109.369,108.363,103.564,65.000,109.875,108.000,91.833,other,0,-1,8,1
3585,98,114.075,120.291,123.922,109.774,108.805,103.924,124.000,110.542,135.000,109.944,other,0,-1,9,1
3586,130,125.637,131.541,123.605,109.412,108.452,104.125,98.000,109.000,159.000,131.361,other,0,-1,10,1
3587,141,147.588,151.890,148.015,109.166,108.219,104.349,130.000,107.792,186.000,148.500,other,0,-1,11,1
3588,201,162.687,163.874,160.609,108.688,107.746,104.526,141.000,105.917,162.000,174.389,other,0,-1,12,1
3589,175,193.586,190.571,197.697,109.427,108.533,104.956,201.000,107.542,172.000,191.778,other,0,-1,13,1
3590,163,178.777,178.310,181.167,109.645,108.780,105.277,175.000,107.667,179.000,190.222,other,0,-1,14,1
3591,169,170.552,168.889,168.218,109.587,108.742,105.541,163.000,107.000,172.000,183.056,other,0,-1,15,1
3592,136,161.709,161.640,161.671,109.717,108.899,105.845,169.000,106.875,145.000,168.806,other,0,-1,16,1
3593,161,145.818,139.483,132.859,109.761,108.966,106.130,136.000,106.500,148.000,158.750,other,0,-1,17,1
3594,131,128.942,129.861,133.018,110.123,109.363,106.481,161.000,107.042,140.000,131.639,other,0,-1,18,1
3595,104,110.270,106.600,109.633,110.167,109.430,106.766,131.000,106.667,103.000,103.944,other,0,-1,19,1
3596,77,94.475,88.074,91.803,110.355,109.646,107.082,104.000,106.708,97.000,92.389,other,0,-1,20,1
3597,73,81.711,73.610,76.581,110.239,109.549,107.334,77.000,105.875,98.000,77.389,other,0,-1,21,1
3598,76,70.030,66.139,68.210,110.051,109.376,107.570,73.000,104.833,49.000,64.944,other,0,-1,22,1
3599,62,64.156,65.069,63.029,110.616,109.982,107.964,76.000,105.958,55.000,62.889,other,0,-1,23,1
3600,90,60.993,61.854,55.049,110.892,110.289,108.298,62.000,106.250,66.000,59.639,other,0,-1,0,2
3601,60,68.058,73.865,63.988,111.116,110.581,108.422,90.000,107.250,79.000,64.167,other,0,-1,1,2
3602,52,61.593,63.572,56.379,110.717,110.228,108.415,60.000,106.458,54.000,56.194,other,0,-1,2,2
3603,69,61.950,61.997,55.151,110.565,110.131,108.460,52.000,106.375,61.000,60.528,other,0,-1,3,2
3604,57,69.377,68.930,60.427,110.558,110.183,108.535,69.000,106.708,56.000,62.444,other,0,-1,4,2
3605,70,68.214,65.749,61.580,110.449,110.130,108.590,57.000,106.750,74.000,62.833,other,0,-1,5,2
3606,78,75.250,71.909,70.023,110.268,110.002,108.628,70.000,106.583,74.000,70.472,other,0,-1,6,2
3607,61,84.092,78.756,79.746,110.202,109.994,108.692,78.000,106.750,65.000,78.639,other,0,-1,7,2
3608,94,97.064,86.682,84.252,110.021,109.867,108.731,61.000,106.583,124.000,89.639,other,0,-1,8,2
3609,100,114.489,105.543,105.671,109.463,109.349,108.691,94.000,105.333,98.000,104.833,other,0,-1,9,2
3610,121,133.049,126.112,119.889,109.369,109.311,108.748,100.000,105.417,130.000,127.694,other,0,-1,10,2
3611,125,150.153,145.909,139.745,109.115,109.109,108.772,121.000,105.042,141.000,145.361,other,0,-1,11,2
3612,161,161.581,159.824,150.101,108.760,108.801,108.775,125.000,104.375,201.000,159.222,other,0,-1,12,2
3613,174,171.697,171.804,171.111,108.057,108.134,108.705,161.000,102.708,175.000,182.222,other,0,-1,13,2
3614,141,173.233,176.993,176.493,107.920,108.051,108.753,174.000,102.667,163.000,185.000,other,0,-1,14,2
3615,200,162.677,163.686,154.134,107.478,107.653,108.737,141.000,101.750,169.000,172.750,other,0,-1,15,2
3616,146,164.238,176.879,173.491,107.803,108.050,108.882,200.000,103.042,136.000,158.694,other,0,-1,16,2
3617,150,144.264,144.960,134.927,107.825,108.132,108.963,146.000,103.458,161.000,148.139,other,0,-1,17,2
3618,134,128.269,132.080,125.171,107.542,107.900,108.981,150.000,103.000,131.000,124.722,other,0,-1,18,2
3619,117,110.489,112.882,108.138,107.462,107.877,109.041,134.000,103.125,104.000,108.833,other,0,-1,19,2
3620,86,93.647,95.199,92.672,107.527,108.004,109.132,117.000,103.667,77.000,89.361,other,0,-1,20,2
3621,74,80.845,77.384,74.396,107.535,108.071,109.210,86.000,104.042,73.000,75.500,other,0,-1,21,2
3622,74,69.113,67.354,63.872,107.426,108.018,109.264,74.000,104.083,76.000,67.139,other,0,-1,22,2
3623,50,60.953,63.757,57.588,107.273,107.920,109.309,74.000,104.000,62.000,62.722,other,0,-1,23,2
3624,48,56.373,56.126,47.563,106.976,107.673,109.324,50.000,103.500,90.000,61.389,other,0,-1,0,3
3625,59,54.351,57.486,56.638,106.040,106.757,108.948,48.000,101.750,60.000,64.194,other,0,-1,1,3
3626,63,56.774,62.058,57.352,105.698,106.455,108.697,59.000,101.708,52.000,65.056,other,0,-1,2,3
3627,72,60.190,64.593,58.242,105.530,106.334,108.481,63.000,102.167,69.000,61.583,other,0,-1,3,3
3628,48,65.602,68.746,61.844,105.246,106.092,108.242,72.000,102.292,57.000,61.250,other,0,-1,4,3
3629,63,62.805,61.313,60.162,104.787,105.671,107.966,48.000,101.917,70.000,63.500,other,0,-1,5,3
3630,74,70.307,67.835,68.737,104.358,105.280,107.696,63.000,101.625,78.000,67.778,other,0,-1,6,3
3631,72,80.137,75.301,79.059,103.973,104.933,107.435,74.000,101.458,61.000,79.889,other,0,-1,7,3
3632,78,93.792,84.499,88.126,103.804,104.812,107.220,72.000,101.917,94.000,92.417,other,0,-1,8,3
3633,140,111.619,101.914,101.328,103.245,104.285,106.923,78.000,101.250,100.000,115.000,other,0,-1,9,3
3634,137,133.538,129.372,136.452,103.497,104.599,106.795,140.000,102.917,121.000,126.583,other,0,-1,10,3
3635,176,148.538,148.530,147.303,103.401,104.552,106.595,137.000,103.583,125.000,145.861,other,0,-1,11,3
3636,154,167.928,171.569,172.554,103.812,105.030,106.500,176.000,105.708,161.000,168.111,other,0,-1,12,3
3637,214,168.680,171.058,167.882,103.383,104.639,106.231,154.000,105.417,174.000,177.472,other,0,-1,13,3
3638,184,185.986,195.426,194.775,103.635,104.952,106.103,214.000,107.083,141.000,176.694,other,0,-1,14,3
3639,166,169.301,176.056,176.240,103.930,105.310,105.984,184.000,108.875,200.000,173.972,other,0,-1,15,3
3640,196,155.444,159.791,158.663,103.110,104.514,105.633,166.000,107.458,146.000,162.111,other,0,-1,16,3
3641,137,144.347,162.896,161.908,103.506,104.977,105.535,196.000,109.542,150.000,150.028,other,0,-1,17,3
3642,112,122.284,124.789,123.481,102.990,104.496,105.248,137.000,109.000,134.000,132.389,other,0,-1,18,3
3643,142,105.368,103.847,103.090,102.344,103.880,104.932,112.000,108.083,117.000,108.528,other,0,-1,19,3
3644,85,83.963,104.278,104.143,102.378,103.968,104.759,142.000,109.125,86.000,100.083,other,0,-1,20,3
3645,87,73.410,73.142,77.251,102.036,103.666,104.508,85.000,109.083,74.000,85.306,other,0,-1,21,3
3646,64,59.956,66.600,71.168,101.897,103.575,104.298,87.000,109.625,74.000,74.778,other,0,-1,22,3
3647,76,52.688,54.928,60.423,101.424,103.139,104.019,64.000,109.208,50.000,70.444,other,0,-1,23,3
3648,68,48.749,56.818,59.022,101.473,103.242,103.849,76.000,110.292,48.000,60.917,other,0,-1,0,4
3649,51,48.548,58.097,53.495,101.478,103.252,103.549,68.000,111.125,59.000,56.972,other,0,-1,1,4
3650,48,46.855,53.025,49.384,101.076,102.843,103.163,51.000,110.792,63.000,51.583,other,0,-1,2,4
3651,67,48.387,53.141,49.128,100.574,102.329,102.757,48.000,110.167,72.000,54.556,other,0,-1,3,4
3652,51,56.440,61.633,54.789,100.216,101.964,102.381,67.000,109.958,48.000,57.139,other,0,-1,4,4
3653,48,54.328,56.288,55.028,99.974,101.720,102.029,51.000,110.083,63.000,54.694,other,0,-1,5,4
3654,79,58.807,57.933,59.716,99.472,101.206,101.622,48.000,109.458,74.000,65.167,other,0,-1,6,4
3655,71,70.296,72.636,76.208,99.259,100.991,101.276,79.000,109.667,72.000,74.667,other,0,-1,7,4
3656,86,81.434,79.770,84.131,98.959,100.687,100.912,71.000,109.625,78.000,86.667,other,0,-1,8,4
3657,112,98.496,99.506,101.903,98.789,100.518,100.575,86.000,109.958,140.000,109.861,other,0,-1,9,4
3658,115,117.940,126.415,126.252,98.098,99.808,100.129,112.000,108.792,137.000,125.222,other,0,-1,10,4
3659,119,136.195,144.767,140.084,97.494,99.189,99.701,115.000,107.875,176.000,147.361,other,0,-1,11,4
3660,146,150.566,154.696,151.183,96.383,98.045,99.168,119.000,105.500,154.000,161.111,other,0,-1,12,4
3661,175,163.295,165.221,168.127,95.982,97.636,98.783,146.000,105.167,214.000,174.694,other,0,-1,13,4
3662,137,172.386,174.365,180.837,95.132,96.762,98.303,175.000,103.542,184.000,178.167,other,0,-1,14,4
3663,155,160.126,152.138,155.837,94.166,95.768,97.800,137.000,101.583,166.000,172.583,other,0,-1,15,4
3664,181,150.059,149.093,153.794,93.721,95.314,97.406,155.000,101.125,196.000,165.472,other,0,-1,16,4
3665,134,134.545,147.884,153.151,93.218,94.800,96.999,181.000,100.500,137.000,138.861,other,0,-1,17,4
3666,121,109.172,116.371,117.906,92.890,94.465,96.629,134.000,100.375,112.000,121.333,other,0,-1,18,4
3667,102,89.404,98.532,100.391,92.735,94.311,96.295,121.000,100.750,142.000,101.944,other,0,-1,19,4
3668,77,72.623,80.573,83.810,91.870,93.422,95.813,102.000,99.083,85.000,84.222,other,0,-1,20,4
3669,64,59.511,63.869,69.019,91.469,93.012,95.428,77.000,98.750,87.000,70.889,other,0,-1,21,4
3670,46,48.019,52.886,60.030,90.850,92.378,94.997,64.000,97.792,64.000,63.889,other,0,-1,22,4
3671,52,40.408,43.745,51.816,90.304,91.819,94.581,46.000,97.042,76.000,57.111,other,0,-1,23,4
3672,44,35.237,43.203,49.539,89.671,91.170,94.148,52.000,96.042,68.000,38.722,other,0,-1,0,5
3673,48,34.536,42.875,32.090,89.295,90.736,93.873,44.000,95.042,51.000,42.139,other,0,-1,1,5
3674,42,38.158,46.363,33.408,89.224,90.616,93.663,48.000,94.917,48.000,43.389,other,0,-1,2,5
3675,52,39.249,45.588,34.010,89.109,90.452,93.443,42.000,94.667,67.000,43.528,other,0,-1,3,5
3676,42,45.663,50.908,39.229,88.863,90.153,93.196,52.000,94.042,51.000,42.111,other,0,-1,4,5
3677,38,44.402,47.954,41.527,88.705,89.943,92.967,42.000,93.667,48.000,43.028,other,0,-1,5,5
3678,51,47.290,49.122,46.463,88.532,89.719,92.735,38.000,93.250,79.000,55.167,other,0,-1,6,5
3679,62,56.043,58.436,57.913,88.098,89.225,92.449,51.000,92.083,71.000,63.917,other,0,-1,7,5
3680,64,67.851,70.817,71.133,87.940,89.015,92.220,62.000,91.708,86.000,81.722,other,0,-1,8,5
3681,77,83.753,83.980,82.072,87.593,88.611,91.951,64.000,90.792,112.000,98.167,other,0,-1,9,5
3682,779,102.132,102.292,98.310,87.058,88.012,91.644,77.000,89.333,115.000,102.556,inside,1,0,10,5
3683,854,387.341,436.869,440.432,96.649,97.892,93.451,779.000,117.000,119.000,122.722,inside,1,1,11,5
3684,1167,393.000,449.461,449.728,107.268,108.836,95.473,854.000,147.625,146.000,141.028,inside,1,2,12,5
3685,1159,398.719,470.152,467.194,122.030,124.067,98.360,1167.000,190.167,175.000,161.333,inside,1,3,13,5
3686,923,399.114,470.650,467.629,136.256,138.743,101.135,1159.000,231.167,137.000,179.778,inside,1,4,14,5
3687,1136,395.799,458.096,457.460,147.614,150.452,103.311,923.000,263.917,155.000,180.472,inside,1,5,15,5
3688,147,396.371,467.065,467.496,161.797,165.084,106.077,1136.000,304.792,181.000,165.833,after,1,6,16,5
3689,158,176.270,102.379,144.946,161.276,164.499,105.773,147.000,303.375,134.000,148.556,after,1,7,17,5
3690,120,144.143,84.603,133.329,161.596,164.785,105.643,158.000,304.375,121.000,114.861,after,1,8,18,5
3691,91,129.863,57.375,110.085,161.553,164.695,105.439,120.000,304.333,102.000,90.528,after,1,9,19,5
3692,81,110.962,40.646,100.780,161.366,164.456,105.204,91.000,303.875,77.000,74.972,after,1,10,20,5
3693,72,87.529,30.559,98.924,161.396,164.442,105.014,81.000,304.042,64.000,60.444,after,1,11,21,5
3694,38,71.340,23.950,97.854,161.484,164.487,104.837,72.000,304.375,46.000,52.389,after,1,12,22,5
3695,45,62.477,18.524,94.353,161.340,164.293,104.611,38.000,304.042,52.000,44.139,after,1,13,23,5
3696,24,56.869,16.952,94.230,161.210,164.113,104.388,45.000,303.750,44.000,32.472,after,1,14,0,6
3697,31,53.054,11.753,79.232,161.171,164.010,104.437,24.000,302.917,48.000,34.500,after,1,15,1,6
3698,40,55.806,12.716,78.592,161.175,163.952,104.495,31.000,302.208,42.000,33.361,after,1,16,2,6
3699,28,60.637,15.428,77.855,161.396,164.118,104.599,40.000,302.125,52.000,35.222,after,1,17,3,6
3700,38,60.920,16.775,75.011,161.299,163.955,104.636,28.000,301.125,42.000,34.028,after,1,18,4,6
3701,39,67.026,21.848,74.263,161.491,164.092,104.734,38.000,300.958,38.000,36.611,after,1,19,5,6
3702,48,72.893,27.289,73.345,161.756,164.303,104.846,39.000,301.000,51.000,38.694,after,1,20,6,6
3703,42,83.192,36.416,75.885,161.962,164.455,104.947,48.000,300.875,62.000,47.194,after,1,21,7,6
3704,84,100.428,45.534,77.243,161.923,164.352,104.996,42.000,300.042,64.000,59.167,after,1,22,8,6
3705,82,116.484,70.519,98.287,162.463,164.848,105.166,84.000,300.875,77.000,78.778,after,1,23,9,6
3706,114,144.499,82.864,104.723,162.786,165.120,105.291,82.000,301.083,779.000,101.278,after,1,24,10,6
3707,87,156.120,107.704,128.978,153.403,155.347,103.389,114.000,273.375,854.000,121.778,after,1,25,11,6
3708,109,172.526,100.541,118.469,142.542,144.046,101.178,87.000,241.417,1167.000,140.833,after,1,26,12,6
3709,138,164.450,120.223,133.742,127.466,128.382,98.087,109.000,197.333,1159.000,148.472,after,1,27,13,6
3710,120,158.490,140.316,150.689,112.926,113.273,95.108,138.000,154.792,923.000,156.639,after,1,28,14,6
3711,139,141.448,135.071,132.992,101.544,101.432,92.788,120.000,121.333,1136.000,153.306,after,1,29,15,6
3712,144,135.044,139.875,134.419,87.351,86.683,89.882,139.000,79.792,147.000,133.083,other,0,-1,16,6
3713,133,119.461,128.909,125.649,87.558,86.834,89.983,144.000,79.667,158.000,123.667,other,0,-1,17,6
3714,106,101.095,110.498,105.026,87.446,86.656,90.017,133.000,78.625,120.000,102.583,other,0,-1,18,6
3715,58,84.125,89.504,79.354,87.494,86.643,90.084,106.000,78.042,91.000,79.889,other,0,-1,19,6
3716,50,72.672,70.206,55.331,87.266,86.345,90.094,58.000,76.667,81.000,59.111,other,0,-1,20,6
3717,34,58.511,56.970,47.602,87.067,86.076,90.110,50.000,75.375,72.000,47.306,other,0,-1,21,6
3718,26,48.339,46.943,41.079,86.767,85.703,90.104,34.000,73.792,38.000,35.306,other,0,-1,22,6
3719,32,40.735,41.296,37.842,86.843,85.720,90.178,26.000,73.292,45.000,32.556,other,0,-1,23,6
3720,46,37.293,41.550,37.850,86.905,85.722,90.248,32.000,72.750,24.000,61.343,other,0,-1,0,0
3721,49,41.178,47.201,44.513,87.564,86.371,90.653,46.000,73.667,31.000,59.743,other,0,-1,1,0
3722,62,45.720,52.466,46.303,88.165,86.960,91.046,49.000,74.417,40.000,61.829,other,0,-1,2,0
3723,64,55.664,62.081,52.082,88.824,87.610,91.451,62.000,75.333,28.000,63.543,other,0,-1,3,0
3724,60,59.145,65.379,57.145,89.686,88.469,91.898,64.000,76.833,38.000,60.000,other,0,-1,4,0
3725,56,57.434,65.011,61.991,90.345,89.118,92.303,60.000,77.750,39.000,77.171,other,0,-1,5,0
3726,100,56.281,66.004,67.899,90.931,89.693,92.693,56.000,78.458,48.000,77.686,other,0,-1,6,0
3727,84,81.463,94.910,92.155,92.025,90.792,93.189,100.000,80.625,42.000,91.543,other,0,-1,7,0
3728,74,76.904,94.826,95.069,92.973,91.741,93.654,84.000,82.375,84.000,101.114,other,0,-1,8,0
3729,101,88.607,104.349,99.583,93.169,91.911,93.962,74.000,81.958,82.000,122.829,other,0,-1,9,0
3730,148,110.831,127.918,119.871,93.784,92.515,94.358,101.000,82.750,114.000,137.200,other,0,-1,10,0
3731,147,143.342,159.124,152.342,94.617,93.344,94.799,148.000,84.167,87.000,150.314,other,0,-1,11,0
3732,160,154.260,162.340,156.704,95.826,94.563,95.319,147.000,86.667,109.000,163.229,other,0,-1,12,0
3733,178,166.617,169.728,166.771,96.905,95.647,95.812,160.000,88.792,138.000,172.800,other,0,-1,13,0
3734,174,174.434,176.410,177.238,97.825,96.567,96.271,178.000,90.458,120.000,172.257,other,0,-1,14,0
3735,182,167.643,167.892,170.174,98.947,97.696,96.773,174.000,92.708,139.000,183.343,other,0,-1,15,0
3736,188,158.143,160.620,167.381,99.910,98.660,97.242,182.000,94.500,144.000,162.143,other,0,-1,16,0
3737,127,143.486,147.631,159.714,100.888,99.639,97.713,188.000,96.333,133.000,148.800,other,0,-1,17,0
3738,120,118.141,113.678,114.186,101.141,99.869,98.033,127.000,96.083,106.000,128.829,other,0,-1,18,0
3739,103,99.554,95.728,99.785,101.684,100.398,98.414,120.000,96.667,58.000,110.171,other,0,-1,19,0
3740,74,83.265,79.171,83.376,102.676,101.392,98.889,103.000,98.542,50.000,85.143,other,0,-1,20,0
3741,94,70.918,65.289,67.844,103.364,102.071,99.300,74.000,99.542,34.000,75.143,other,0,-1,21,0
3742,88,63.107,64.448,67.631,104.573,103.290,99.820,94.000,102.042,26.000,65.229,other,0,-1,22,0
3743,61,61.188,63.867,63.473,105.812,104.539,100.345,88.000,104.625,32.000,63.543,other,0,-1,23,0
3744,70,55.575,56.850,56.065,106.572,105.294,100.772,61.000,105.833,46.000,61.694,other,0,-1,0,1
3745,41,58.604,61.182,57.698,107.094,105.855,101.157,70.000,106.833,49.000,62.000,other,0,-1,1,1
3746,62,52.982,53.179,51.639,107.152,105.937,101.445,41.000,106.500,62.000,62.222,other,0,-1,2,1
3747,66,62.665,62.997,57.230,107.326,106.139,101.757,62.000,106.500,64.000,61.389,other,0,-1,3,1
3748,57,66.485,66.281,61.416,107.529,106.371,102.075,66.000,106.583,60.000,63.583,other,0,-1,4,1
3749,68,63.904,64.361,64.402,107.659,106.528,102.379,57.000,106.458,56.000,65.139,other,0,-1,5,1
3750,75,69.632,71.533,73.901,108.007,106.910,102.727,68.000,106.958,100.000,66.417,other,0,-1,6,1
3751,78,76.546,79.980,84.295,107.819,106.737,102.964,75.000,105.917,84.000,77.639,other,0,-1,7,1
3752,70,88.057,92.128,95.007,107.906,106.849,103.258,78.000,105.667,74.000,91.833,other,0,-1,8,1
3753,106,105.104,108.477,102.300,108.022,106.991,103.558,70.000,105.500,101.000,109.944,other,0,-1,9,1
3754,137,126.548,132.347,127.154,108.268,107.268,103.886,106.000,105.708,148.000,131.361,other,0,-1,10,1
3755,170,149.654,153.253,151.515,108.283,107.305,104.165,137.000,105.250,147.000,148.500,other,0,-1,11,1
3756,181,172.813,172.545,176.390,108.790,107.851,104.547,170.000,106.208,160.000,174.389,other,0,-1,12,1
3757,162,181.969,181.136,185.994,109.268,108.368,104.923,181.000,107.083,178.000,191.778,other,0,-1,13,1
3758,156,175.281,173.328,173.682,109.210,108.330,105.187,162.000,106.417,174.000,190.222,other,0,-1,14,1
3759,178,169.436,166.381,164.273,109.123,108.262,105.445,156.000,105.667,182.000,183.056,other,0,-1,15,1
3760,183,163.330,164.756,166.674,109.239,108.404,105.745,178.000,105.500,188.000,168.806,other,0,-1,16,1
3761,130,149.408,153.186,157.007,109.341,108.531,106.042,183.000,105.292,127.000,158.750,other,0,-1,17,1
3762,119,129.010,122.388,119.114,109.558,108.778,106.363,130.000,105.417,120.000,131.639,other,0,-1,18,1
3763,98,111.093,104.305,105.214,109.718,108.965,106.673,119.000,105.375,103.000,103.944,other,0,-1,19,1
3764,91,95.133,87.021,90.235,109.819,109.092,106.970,98.000,105.167,74.000,92.389,other,0,-1,20,1
3765,80,80.306,75.303,81.047,110.239,109.549,107.334,91.000,105.875,94.000,77.389,other,0,-1,21,1
3766,75,69.875,67.361,70.768,110.210,109.541,107.604,80.000,105.292,88.000,64.944,other,0,-1,22,1
3767,87,64.031,64.479,62.724,110.196,109.548,107.877,75.000,104.750,61.000,62.889,other,0,-1,23,1
3768,47,67.358,70.610,60.972,110.747,110.139,108.268,87.000,105.833,70.000,59.639,other,0,-1,0,2
3769,51,58.116,58.085,54.763,110.290,109.727,108.249,47.000,104.875,41.000,64.167,other,0,-1,1,2
3770,63,59.484,60.318,54.406,110.312,109.809,108.330,51.000,105.292,62.000,56.194,other,0,-1,2,2
3771,73,64.779,65.631,57.023,110.203,109.756,108.385,63.000,105.333,66.000,60.528,other,0,-1,3,2
3772,64,70.672,70.298,61.083,110.181,109.793,108.457,73.000,105.625,57.000,62.444,other,0,-1,4,2
3773,80,69.736,67.833,62.958,110.159,109.830,108.529,64.000,105.917,68.000,62.833,other,0,-1,5,2
3774,82,77.847,75.009,72.442,110.210,109.942,108.616,80.000,106.417,75.000,70.472,other,0,-1,6,2
3775,90,84.759,79.725,80.828,110.188,109.979,108.689,82.000,106.708,78.000,78.639,other,0,-1,7,2
3776,82,97.747,90.233,93.044,110.238,110.092,108.776,90.000,107.208,70.000,89.639,other,0,-1,8,2
3777,105,114.521,105.120,101.621,110.289,110.204,108.863,82.000,107.708,106.000,104.833,other,0,-1,9,2
3778,144,133.299,126.083,121.882,110.151,110.121,108.911,105.000,107.667,137.000,127.694,other,0,-1,10,2
3779,171,153.347,147.084,149.828,110.129,110.158,108.984,144.000,107.958,170.000,145.361,other,0,-1,11,2
3780,180,170.174,165.957,171.478,110.020,110.105,109.038,171.000,108.000,181.000,159.222,other,0,-1,12,2
3781,124,176.434,176.998,180.423,109.883,110.022,109.086,180.000,107.958,162.000,182.222,other,0,-1,13,2
3782,156,165.819,164.675,152.410,109.209,109.385,109.022,124.000,106.375,156.000,185.000,other,0,-1,14,2
3783,155,164.581,167.882,161.341,109.086,109.317,109.073,156.000,106.375,178.000,172.750,other,0,-1,15,2
3784,178,156.222,159.485,150.882,108.629,108.905,109.054,155.000,105.417,183.000,158.694,other,0,-1,16,2
3785,181,145.616,156.277,150.354,108.433,108.762,109.090,178.000,105.208,130.000,148.139,other,0,-1,17,2
3786,119,129.511,145.286,139.844,109.049,109.459,109.296,181.000,107.333,119.000,124.722,other,0,-1,18,2
3787,116,112.139,109.857,102.678,108.926,109.391,109.347,119.000,107.333,98.000,108.833,other,0,-1,19,2
3788,121,94.197,95.835,92.864,109.063,109.593,109.452,116.000,108.083,91.000,89.361,other,0,-1,20,2
3789,64,78.764,88.686,86.342,109.374,109.975,109.594,121.000,109.333,80.000,75.500,other,0,-1,21,2
3790,58,71.093,66.661,61.658,109.019,109.667,109.597,64.000,108.667,75.000,67.139,other,0,-1,22,2
3791,67,62.123,60.884,54.113,108.650,109.345,109.597,58.000,107.958,87.000,62.722,other,0,-1,23,2
3792,71,57.892,62.004,51.047,108.237,108.977,109.587,67.000,107.125,47.000,61.389,other,0,-1,0,3
3793,50,57.903,66.171,61.993,108.257,109.050,109.411,71.000,108.125,51.000,64.194,other,0,-1,1,3
3794,46,55.692,59.847,56.373,107.914,108.749,109.159,50.000,108.083,63.000,65.056,other,0,-1,2,3
3795,64,56.848,59.411,55.574,107.341,108.208,108.859,46.000,107.375,73.000,61.583,other,0,-1,3,3
3796,75,63.195,66.223,60.741,106.882,107.786,108.583,64.000,107.000,64.000,61.250,other,0,-1,4,3
3797,83,69.038,70.752,66.706,106.714,107.665,108.368,75.000,107.458,80.000,63.500,other,0,-1,5,3
3798,74,74.736,74.622,74.292,106.430,107.423,108.128,83.000,107.583,82.000,67.778,other,0,-1,6,3
3799,67,80.098,75.543,79.493,105.986,107.017,107.856,74.000,107.250,90.000,79.889,other,0,-1,7,3
3800,96,93.925,84.012,86.876,105.325,106.386,107.537,67.000,106.292,82.000,92.417,other,0,-1,8,3
3801,103,111.088,103.258,107.525,105.201,106.309,107.331,96.000,106.875,105.000,115.000,other,0,-1,9,3
3802,143,129.836,125.012,122.503,104.844,105.993,107.076,103.000,106.792,144.000,126.583,other,0,-1,10,3
3803,121,149.491,149.257,149.717,104.502,105.691,106.825,143.000,106.750,171.000,145.861,other,0,-1,11,3
3804,163,158.782,159.502,150.148,103.450,104.655,106.425,121.000,104.667,180.000,168.111,other,0,-1,12,3
3805,181,171.042,172.756,171.671,102.876,104.114,106.125,163.000,103.958,124.000,177.472,other,0,-1,13,3
3806,195,175.080,178.996,179.567,103.374,104.682,106.049,181.000,106.333,156.000,176.694,other,0,-1,14,3
3807,195,172.994,180.612,181.350,103.611,104.980,105.918,195.000,107.958,155.000,173.972,other,0,-1,15,3
3808,152,161.582,172.522,172.868,103.863,105.293,105.790,195.000,109.625,178.000,162.111,other,0,-1,16,3
3809,112,139.624,143.143,141.459,103.159,104.617,105.463,152.000,108.542,181.000,150.028,other,0,-1,17,3
3810,93,123.035,118.927,113.252,101.831,103.296,105.006,112.000,105.667,119.000,132.389,other,0,-1,18,3
3811,103,106.717,100.417,96.120,101.127,102.620,104.678,93.000,104.583,116.000,108.528,other,0,-1,19,3
3812,88,86.815,88.569,90.409,100.611,102.139,104.390,103.000,104.042,121.000,100.083,other,0,-1,20,3
3813,110,71.998,73.773,77.882,99.805,101.358,104.042,88.000,102.667,64.000,85.306,other,0,-1,21,3
3814,66,58.775,76.336,77.219,100.144,101.761,103.932,110.000,104.583,58.000,74.778,other,0,-1,22,3
3815,65,51.653,55.193,60.746,99.932,101.594,103.708,66.000,104.917,67.000,70.444,other,0,-1,23,3
3816,54,47.138,52.564,56.603,99.575,101.278,103.453,65.000,104.833,71.000,60.917,other,0,-1,0,4
3817,44,45.090,52.139,50.659,99.044,100.734,103.041,54.000,104.125,50.000,56.972,other,0,-1,1,4
3818,59,44.802,49.922,47.962,98.672,100.355,102.661,44.000,103.875,46.000,51.583,other,0,-1,2,4
3819,49,50.840,56.923,51.128,98.575,100.260,102.339,59.000,104.417,64.000,54.556,other,0,-1,3,4
3820,56,50.455,53.991,51.038,98.072,99.746,101.933,49.000,103.792,75.000,57.139,other,0,-1,4,4
3821,70,54.937,57.663,56.048,97.511,99.172,101.514,56.000,103.000,83.000,54.694,other,0,-1,5,4
3822,49,62.057,64.825,65.198,97.038,98.687,101.114,70.000,102.458,74.000,65.167,other,0,-1,6,4
3823,71,67.360,63.900,67.205,96.390,98.023,100.677,49.000,101.417,67.000,74.667,other,0,-1,7,4
3824,85,80.808,79.558,83.791,96.163,97.794,100.328,71.000,101.583,96.000,86.667,other,0,-1,8,4
3825,77,97.866,99.044,101.022,95.718,97.339,99.934,85.000,101.125,103.000,109.861,other,0,-1,9,4
3826,125,117.660,118.273,110.789,95.056,96.660,99.494,77.000,100.042,143.000,125.222,other,0,-1,10,4
3827,147,136.318,147.461,143.949,94.510,96.101,99.078,125.000,99.292,121.000,147.361,other,0,-1,11,4
3828,155,153.736,164.709,163.430,94.602,96.201,98.796,147.000,100.375,163.000,161.111,other,0,-1,12,4
3829,192,164.453,169.152,171.569,94.200,95.792,98.410,155.000,100.042,181.000,174.694,other,0,-1,13,4
3830,216,176.922,184.099,189.206,94.074,95.668,98.083,192.000,100.500,195.000,178.167,other,0,-1,14,4
3831,169,180.835,191.571,196.074,94.093,95.693,97.785,216.000,101.375,195.000,172.583,other,0,-1,15,4
3832,172,152.916,154.681,161.097,93.431,95.014,97.345,169.000,100.292,152.000,165.472,other,0,-1,16,4
3833,146,133.790,143.388,149.348,93.436,95.024,97.045,172.000,101.125,112.000,138.861,other,0,-1,17,4
3834,109,110.379,119.176,123.255,93.643,95.245,96.786,146.000,102.542,93.000,121.333,other,0,-1,18,4
3835,134,91.684,94.198,96.233,93.589,95.195,96.474,109.000,103.208,103.000,101.944,other,0,-1,19,4
3836,77,71.018,90.088,94.016,93.753,95.371,96.206,134.000,104.500,88.000,84.222,other,0,-1,20,4
3837,59,60.085,62.269,69.098,93.308,94.916,95.812,77.000,104.042,110.000,70.889,other,0,-1,21,4
3838,63,49.028,50.091,59.198,92.284,93.862,95.296,59.000,101.917,66.000,63.889,other,0,-1,22,4
3839,56,39.883,46.685,55.527,91.956,93.528,94.926,63.000,101.792,65.000,57.111,other,0,-1,23,4
3840,40,35.772,43.140,50.819,91.540,93.104,94.538,56.000,101.417,54.000,38.722,other,0,-1,0,5
3841,42,33.939,39.929,32.351,91.309,92.819,94.294,40.000,100.833,44.000,42.139,other,0,-1,1,5
3842,43,36.522,42.578,33.153,91.252,92.715,94.086,42.000,100.750,59.000,43.389,other,0,-1,2,5
3843,41,39.695,44.676,34.884,90.992,92.401,93.836,43.000,100.083,49.000,43.528,other,0,-1,3,5
3844,48,41.710,45.158,37.355,90.848,92.206,93.610,41.000,99.750,56.000,42.111,other,0,-1,4,5
3845,43,46.567,49.231,43.363,90.704,92.012,93.384,48.000,99.417,70.000,43.028,other,0,-1,5,5
3846,45,48.596,49.782,48.093,90.285,91.533,93.101,43.000,98.292,49.000,55.167,other,0,-1,6,5
3847,53,55.877,55.799,56.207,90.199,91.398,92.887,45.000,98.125,71.000,63.917,other,0,-1,7,5
3848,69,68.171,67.393,67.915,89.910,91.054,92.631,53.000,97.375,85.000,81.722,other,0,-1,8,5
3849,57,84.533,85.150,84.633,89.650,90.740,92.381,69.000,96.708,77.000,98.167,other,0,-1,9,5
3850,88,104.210,95.480,89.316,89.332,90.366,92.119,57.000,95.875,125.000,102.556,other,0,-1,10,5
3851,127,121.413,118.464,114.160,88.768,89.737,91.805,88.000,94.333,147.000,122.722,other,0,-1,11,5
3852,176,139.541,143.798,144.410,88.450,89.362,91.543,127.000,93.500,155.000,141.028,other,0,-1,12,5
3853,137,162.067,173.772,180.179,88.726,89.603,91.405,176.000,94.375,192.000,161.333,other,0,-1,13,5
3854,198,154.501,150.026,154.065,87.901,88.704,91.037,137.000,92.083,216.000,179.778,other,0,-1,14,5
3855,160,165.405,175.955,186.862,87.613,88.360,90.781,198.000,91.333,169.000,180.472,other,0,-1,15,5
3856,136,140.621,145.426,151.497,87.454,88.150,90.552,160.000,90.958,172.000,165.833,other,0,-1,16,5
3857,120,120.316,124.631,123.394,86.905,87.536,90.241,136.000,89.458,146.000,148.556,other,0,-1,17,5
3858,108,100.835,105.684,100.241,86.500,87.072,89.961,120.000,88.375,109.000,114.861,other,0,-1,18,5
3859,72,82.072,87.414,81.666,86.457,86.983,89.756,108.000,88.333,134.000,90.528,other,0,-1,19,5
3860,81,68.513,67.070,61.088,85.531,85.979,89.367,72.000,85.750,77.000,74.972,other,0,-1,20,5
3861,45,51.465,56.935,56.662,85.561,85.964,89.177,81.000,85.917,59.000,60.444,other,0,-1,21,5
3862,44,43.014,42.877,45.085,85.330,85.680,88.933,45.000,85.333,63.000,52.389,other,0,-1,22,5
3863,36,34.595,38.550,41.990,85.027,85.321,88.674,44.000,84.542,56.000,44.139,other,0,-1,23,5
3864,40,30.552,35.705,38.658,84.709,84.946,88.412,36.000,83.708,40.000,32.472,other,0,-1,0,6
3865,33,32.420,38.043,33.017,84.959,85.143,88.522,40.000,83.708,42.000,34.500,other,0,-1,1,6
3866,24,33.338,38.288,33.318,85.079,85.205,88.604,33.000,83.333,43.000,33.361,other,0,-1,2,6
3867,35,33.534,36.997,33.906,85.054,85.116,88.656,24.000,82.542,41.000,35.222,other,0,-1,3,6
3868,29,39.667,43.028,39.788,85.217,85.223,88.748,35.000,82.292,48.000,34.028,other,0,-1,4,6
3869,37,40.060,42.303,43.003,85.192,85.135,88.800,29.000,81.500,43.000,36.611,other,0,-1,5,6
3870,29,45.560,48.194,50.978,85.356,85.241,88.891,37.000,81.250,45.000,38.694,other,0,-1,6,6
3871,39,51.004,51.279,55.154,85.374,85.198,88.953,29.000,80.583,53.000,47.194,other,0,-1,7,6
3872,86,63.615,63.425,65.565,85.422,85.185,89.020,39.000,80.000,69.000,59.167,other,0,-1,8,6
3873,63,82.947,92.824,93.300,85.918,85.636,89.181,86.000,80.708,57.000,78.778,other,0,-1,9,6
3874,111,99.364,93.681,89.692,86.255,85.923,89.309,63.000,80.958,88.000,101.278,other,0,-1,10,6
3875,112,120.773,124.376,121.370,86.839,86.464,89.488,111.000,81.917,127.000,121.778,other,0,-1,11,6
3876,120,135.540,130.982,126.603,86.872,86.436,89.552,112.000,81.292,176.000,140.833,other,0,-1,12,6
3877,145,145.598,139.763,133.775,86.311,85.793,89.493,120.000,78.958,137.000,148.472,other,0,-1,13,6
3878,150,153.149,151.911,149.686,86.677,86.109,89.626,145.000,79.292,198.000,156.639,other,0,-1,14,6
3879,186,149.071,150.648,148.995,86.232,85.586,89.591,150.000,77.292,160.000,153.306,other,0,-1,15,6
3880,157,145.539,157.352,165.370,86.859,86.173,89.779,186.000,78.375,136.000,133.083,other,0,-1,16,6
3881,140,121.715,131.015,133.297,87.413,86.684,89.952,157.000,79.250,120.000,123.667,other,0,-1,17,6
3882,79,101.810,109.858,108.210,87.953,87.181,90.122,140.000,80.083,108.000,102.583,other,0,-1,18,6
3883,65,87.175,84.631,70.167,87.784,86.942,90.144,79.000,78.875,72.000,79.889,other,0,-1,19,6
3884,56,71.659,68.184,56.855,87.932,87.034,90.233,65.000,78.583,81.000,59.111,other,0,-1,20,6
3885,47,57.695,55.141,48.704,87.821,86.856,90.267,56.000,77.542,45.000,47.306,other,0,-1,21,6
3886,36,47.151,46.383,43.567,88.100,87.082,90.383,47.000,77.625,44.000,35.306,other,0,-1,22,6
3887,26,40.472,41.002,39.830,88.234,87.159,90.468,36.000,77.292,36.000,32.556,other,0,-1,23,6
3888,73,36.902,38.147,37.334,88.340,87.206,90.547,26.000,76.875,40.000,61.343,other,0,-1,0,0
3889,50,51.620,56.897,50.852,89.158,88.020,90.986,73.000,78.250,33.000,59.743,other,0,-1,1,0
3890,68,46.161,50.974,47.149,89.744,88.594,91.376,50.000,78.958,24.000,61.829,other,0,-1,2,0
3891,63,59.060,63.515,54.297,90.722,89.574,91.847,68.000,80.792,35.000,63.543,other,0,-1,3,0
3892,35,58.515,63.107,57.566,91.468,90.313,92.270,63.000,81.958,29.000,60.000,other,0,-1,4,0
3893,62,47.552,52.086,55.894,91.895,90.722,92.627,35.000,82.208,37.000,77.171,other,0,-1,5,0
3894,76,58.864,67.303,70.306,92.597,91.417,93.041,62.000,83.250,29.000,77.686,other,0,-1,6,0
3895,94,67.450,79.903,83.344,93.618,92.441,93.521,76.000,85.208,39.000,91.543,other,0,-1,7,0
3896,81,81.427,98.423,99.611,94.755,93.585,94.026,94.000,87.500,86.000,101.114,other,0,-1,8,0
3897,106,90.096,105.713,102.897,95.023,93.829,94.349,81.000,87.292,63.000,122.829,other,0,-1,9,0
3898,157,112.708,129.163,122.628,95.986,94.794,94.818,106.000,89.083,111.000,137.200,other,0,-1,10,0
3899,143,149.063,163.829,157.938,96.993,95.803,95.295,157.000,91.000,112.000,150.314,other,0,-1,11,0
3900,179,153.540,159.887,154.559,97.782,96.587,95.728,143.000,92.292,120.000,163.229,other,0,-1,12,0
3901,170,175.634,179.646,179.198,98.977,97.791,96.244,179.000,94.750,145.000,172.800,other,0,-1,13,0
3902,198,172.161,171.812,172.305,99.679,98.485,96.659,170.000,95.792,150.000,172.257,other,0,-1,14,0
3903,185,177.188,179.738,186.217,100.715,99.524,97.142,198.000,97.792,186.000,183.343,other,0,-1,15,0
3904,159,159.328,161.469,169.494,101.040,99.829,97.478,185.000,97.750,157.000,162.143,other,0,-1,16,0
3905,125,137.949,137.008,142.856,101.409,100.179,97.822,159.000,97.833,140.000,148.800,other,0,-1,17,0
3906,127,118.984,113.048,114.034,101.532,100.273,98.115,125.000,97.208,79.000,128.829,other,0,-1,18,0
3907,87,99.819,96.453,103.122,102.568,101.312,98.599,127.000,99.208,65.000,110.171,other,0,-1,19,0
3908,72,85.234,77.375,79.636,103.227,101.962,99.004,87.000,100.125,56.000,85.143,other,0,-1,20,0
3909,88,71.649,64.805,68.537,103.799,102.521,99.390,72.000,100.792,47.000,75.143,other,0,-1,21,0
3910,48,62.606,62.469,67.285,104.733,103.455,99.853,88.000,102.500,36.000,65.229,other,0,-1,22,0
3911,93,55.037,51.849,55.181,105.247,103.955,100.228,48.000,103.000,26.000,63.543,other,0,-1,23,0
3912,80,68.322,69.291,64.015,106.558,105.279,100.769,93.000,105.792,73.000,61.694,other,0,-1,0,1
3913,76,62.682,64.921,60.574,106.833,105.586,101.102,80.000,106.083,50.000,62.000,other,0,-1,1,1
3914,46,65.661,66.539,59.506,107.384,106.177,101.493,76.000,107.167,68.000,62.222,other,0,-1,2,1
3915,70,56.880,56.438,54.657,107.239,106.049,101.739,46.000,106.250,63.000,61.389,other,0,-1,3,1
3916,63,68.352,67.720,62.967,107.514,106.356,102.072,70.000,106.542,35.000,63.583,other,0,-1,4,1
3917,59,66.181,66.418,66.501,108.094,106.978,102.469,63.000,107.708,62.000,65.139,other,0,-1,5,1
3918,70,67.144,68.241,72.112,108.224,107.135,102.773,59.000,107.583,76.000,66.417,other,0,-1,6,1
3919,67,75.564,78.337,83.364,108.311,107.247,103.067,70.000,107.333,94.000,77.639,other,0,-1,7,1
3920,79,87.229,89.644,91.721,108.094,107.044,103.298,67.000,106.208,81.000,91.833,other,0,-1,8,1
3921,141,105.292,109.432,105.954,108.239,107.216,103.604,79.000,106.125,106.000,109.944,other,0,-1,9,1
3922,114,135.893,140.445,143.642,108.920,107.942,104.022,141.000,107.583,157.000,131.361,other,0,-1,10,1
3923,148,144.918,148.866,140.040,108.471,107.500,104.204,114.000,105.792,143.000,148.500,other,0,-1,11,1
3924,135,164.355,165.514,164.098,108.717,107.776,104.532,148.000,106.000,179.000,174.389,other,0,-1,12,1
3925,171,168.600,166.259,160.019,108.254,107.319,104.711,135.000,104.167,170.000,191.778,other,0,-1,13,1
3926,174,177.478,176.800,178.543,108.442,107.536,105.026,171.000,104.208,198.000,190.222,other,0,-1,14,1
3927,158,172.665,173.025,174.261,108.269,107.378,105.266,174.000,103.208,185.000,183.056,other,0,-1,15,1
3928,146,159.760,158.347,155.711,108.051,107.175,105.497,158.000,102.083,159.000,168.806,other,0,-1,16,1
3929,125,145.152,142.171,138.125,108.037,107.182,105.770,146.000,101.542,125.000,158.750,other,0,-1,17,1
3930,110,128.554,122.454,117.481,108.211,107.384,106.082,125.000,101.542,127.000,131.639,other,0,-1,18,1
3931,138,111.213,104.006,102.761,108.139,107.331,106.343,110.000,100.833,87.000,103.944,other,0,-1,19,1
3932,79,92.801,95.326,104.710,109.051,108.297,106.810,138.000,102.958,72.000,92.389,other,0,-1,20,1
3933,83,80.635,74.350,78.111,109.327,108.604,107.143,79.000,103.250,88.000,77.389,other,0,-1,21,1
3934,81,69.232,68.721,72.236,109.428,108.731,107.440,83.000,103.042,48.000,64.944,other,0,-1,22,1
3935,52,64.322,67.172,65.916,110.080,109.428,107.852,81.000,104.417,93.000,62.889,other,0,-1,23,1
3936,69,59.151,59.271,53.612,109.660,109.015,108.041,52.000,102.708,80.000,59.639,other,0,-1,0,2
3937,62,61.068,65.648,59.281,109.378,108.782,108.059,69.000,102.250,76.000,64.167,other,0,-1,1,2
3938,87,61.627,64.525,56.589,109.051,108.505,108.067,62.000,101.667,46.000,56.194,other,0,-1,2,2
3939,61,74.678,76.238,62.181,109.522,109.051,108.242,87.000,103.375,70.000,60.528,other,0,-1,3,2
3940,49,66.219,66.174,58.762,109.268,108.849,108.266,61.000,103.000,63.000,62.444,other,0,-1,4,2
3941,54,66.200,63.547,59.858,108.942,108.571,108.275,49.000,102.417,59.000,62.833,other,0,-1,5,2
3942,59,72.190,67.765,66.207,108.747,108.428,108.311,54.000,102.208,70.000,70.472,other,0,-1,6,2
3943,66,81.911,74.891,74.581,108.464,108.196,108.329,59.000,101.750,67.000,78.639,other,0,-1,7,2
3944,84,96.383,87.018,85.585,108.326,108.113,108.377,66.000,101.708,79.000,89.639,other,0,-1,8,2
3945,117,114.052,105.029,102.122,108.275,108.120,108.443,84.000,101.917,141.000,104.833,other,0,-1,9,2
3946,98,133.886,126.082,126.445,107.804,107.692,108.421,117.000,100.917,114.000,127.694,other,0,-1,10,2
3947,164,148.845,146.257,129.935,107.449,107.385,108.424,98.000,100.250,148.000,145.361,other,0,-1,11,2
3948,151,168.165,164.289,168.029,107.558,107.557,108.523,164.000,100.917,135.000,159.222,other,0,-1,12,2
3949,193,169.322,169.763,166.213,107.666,107.729,108.623,151.000,101.583,171.000,182.222,other,0,-1,13,2
3950,207,178.412,183.871,186.150,107.862,107.991,108.741,193.000,102.500,174.000,185.000,other,0,-1,14,2
3951,174,176.672,187.415,187.446,108.216,108.418,108.891,207.000,103.875,158.000,172.750,other,0,-1,15,2
3952,214,158.635,165.408,160.347,108.325,108.590,108.991,174.000,104.542,146.000,158.694,other,0,-1,16,2
3953,165,155.157,174.796,168.484,109.187,109.541,109.248,214.000,107.375,125.000,148.139,other,0,-1,17,2
3954,120,129.477,136.622,131.520,109.643,110.073,109.420,165.000,109.042,110.000,124.722,other,0,-1,18,2
3955,101,112.429,108.161,101.716,109.664,110.155,109.501,120.000,109.458,138.000,108.833,other,0,-1,19,2
3956,93,96.075,90.098,86.168,109.005,109.533,109.440,101.000,107.917,79.000,89.361,other,0,-1,20,2
3957,59,80.612,77.413,75.548,109.085,109.675,109.534,93.000,108.500,83.000,75.500,other,0,-1,21,2
3958,66,71.211,63.073,58.992,108.614,109.247,109.512,59.000,107.500,81.000,67.139,other,0,-1,22,2
3959,53,61.464,59.988,54.508,108.273,108.955,109.518,66.000,106.875,52.000,62.722,other,0,-1,23,2
3960,68,56.881,55.421,47.184,108.164,108.902,109.572,53.000,106.917,69.000,61.389,other,0,-1,0,3
3961,52,57.211,62.913,59.678,107.822,108.601,109.320,68.000,106.875,62.000,64.194,other,0,-1,1,3
3962,95,55.857,58.545,55.335,107.350,108.164,109.041,52.000,106.458,87.000,65.056,other,0,-1,2,3
3963,68,73.463,77.602,64.119,107.138,107.998,108.817,95.000,106.792,61.000,61.583,other,0,-1,3,3
3964,67,64.474,66.337,60.377,106.911,107.816,108.589,68.000,107.083,49.000,61.250,other,0,-1,4,3
3965,62,66.947,66.766,63.851,106.844,107.800,108.395,67.000,107.833,54.000,63.500,other,0,-1,5,3
3966,73,70.871,67.293,68.276,106.633,107.633,108.171,62.000,108.167,59.000,67.778,other,0,-1,6,3
3967,76,80.944,75.062,78.790,106.508,107.557,107.965,73.000,108.750,66.000,79.889,other,0,-1,7,3
3968,94,94.744,85.259,89.555,106.325,107.420,107.746,76.000,109.167,84.000,92.417,other,0,-1,8,3
3969,78,112.342,103.481,107.177,106.142,107.284,107.528,94.000,109.583,117.000,115.000,other,0,-1,9,3
3970,123,131.487,125.682,114.376,105.250,106.412,107.161,78.000,107.958,98.000,126.583,other,0,-1,10,3
3971,168,148.308,147.746,142.948,105.284,106.501,106.988,123.000,109.000,164.000,145.861,other,0,-1,11,3
3972,136,167.156,169.620,170.547,105.014,106.274,106.752,168.000,109.167,151.000,168.111,other,0,-1,12,3
3973,244,167.268,166.529,161.994,104.469,105.763,106.457,136.000,108.542,193.000,177.472,other,0,-1,13,3
3974,205,207.407,214.006,210.706,104.880,106.241,106.363,244.000,110.667,207.000,176.694,other,0,-1,14,3
3975,179,176.311,186.308,187.018,104.524,105.925,106.108,205.000,110.583,174.000,173.972,other,0,-1,15,3
3976,161,158.282,165.092,165.675,104.268,105.713,105.875,179.000,110.792,214.000,162.111,other,0,-1,16,3
3977,139,140.453,146.199,145.562,103.173,104.632,105.466,161.000,108.583,165.000,150.028,other,0,-1,17,3
3978,151,122.185,125.134,124.108,102.469,103.956,105.139,139.000,107.500,120.000,132.389,other,0,-1,18,3
3979,94,102.007,117.216,117.540,102.590,104.134,104.984,151.000,108.792,101.000,108.528,other,0,-1,19,3
3980,74,88.603,85.519,87.086,102.161,103.743,104.714,94.000,108.500,93.000,100.083,other,0,-1,20,3
3981,89,74.459,69.673,73.571,101.558,103.172,104.408,74.000,107.708,59.000,85.306,other,0,-1,21,3
3982,75,59.309,66.450,70.958,101.665,103.335,104.250,89.000,108.958,66.000,74.778,other,0,-1,22,3
3983,61,51.688,57.487,62.268,101.468,103.184,104.028,75.000,109.333,53.000,70.444,other,0,-1,23,3
3984,63,47.180,50.969,55.428,101.256,103.017,103.804,61.000,109.667,68.000,60.917,other,0,-1,0,4
3985,68,46.800,55.254,52.116,100.898,102.653,103.428,63.000,109.458,52.000,56.972,other,0,-1,1,4
3986,57,50.915,59.127,52.172,100.845,102.603,103.115,68.000,110.125,95.000,51.583,other,0,-1,2,4
3987,50,50.291,55.905,50.497,100.009,101.744,102.639,57.000,108.542,68.000,54.556,other,0,-1,3,4
3988,65,50.833,54.194,50.989,99.463,101.185,102.223,50.000,107.792,67.000,57.139,other,0,-1,4,4
3989,75,57.758,60.992,57.831,99.148,100.866,101.856,65.000,107.708,62.000,54.694,other,0,-1,5,4
3990,68,63.918,66.713,66.366,99.051,100.771,101.534,75.000,108.250,73.000,65.167,other,0,-1,6,4
3991,63,68.699,68.793,72.692,98.694,100.407,101.158,68.000,108.042,76.000,74.667,other,0,-1,7,4
3992,105,81.504,77.832,81.348,98.220,99.922,100.758,63.000,107.500,94.000,86.667,other,0,-1,8,4
3993,143,99.234,104.863,109.529,98.094,99.798,100.430,105.000,107.958,78.000,109.861,other,0,-1,9,4
3994,122,122.884,138.010,140.408,98.750,100.483,100.265,143.000,110.667,123.000,125.222,other,0,-1,10,4
3995,104,136.867,146.958,143.028,98.451,100.179,99.901,122.000,110.625,168.000,147.361,other,0,-1,11,4
3996,194,149.908,150.601,144.121,97.238,98.930,99.346,104.000,107.958,136.000,161.111,other,0,-1,12,4
3997,171,176.860,190.177,191.928,97.793,99.510,99.161,194.000,110.375,244.000,174.694,other,0,-1,13,4
3998,163,171.323,172.680,178.525,96.450,98.126,98.579,171.000,107.333,205.000,178.167,other,0,-1,14,4
3999,163,164.706,161.953,168.004,95.556,97.207,98.091,163.000,105.583,179.000,172.583,other,0,-1,15,4
4000,198,151.810,152.304,157.619,95.039,96.678,97.681,163.000,104.917,161.000,165.472,other,0,-1,16,4
4001,115,139.197,157.012,162.124,95.290,96.943,97.432,198.000,106.458,139.000,138.861,other,0,-1,17,4
4002,105,110.868,111.679,110.720,94.657,96.294,96.998,115.000,105.458,151.000,121.333,other,0,-1,18,4
4003,87,92.071,94.536,95.356,93.705,95.315,96.498,105.000,103.542,94.000,101.944,other,0,-1,19,4
4004,77,75.600,76.986,80.153,93.319,94.921,96.116,87.000,103.250,74.000,84.222,other,0,-1,20,4
4005,75,60.380,63.485,70.061,93.077,94.676,95.763,77.000,103.375,89.000,70.889,other,0,-1,21,4
4006,64,47.769,55.259,63.714,92.589,94.177,95.360,75.000,102.792,75.000,63.889,other,0,-1,22,4
4007,48,40.225,47.878,56.732,92.144,93.723,94.966,64.000,102.333,61.000,57.111,other,0,-1,23,4
4008,42,35.862,41.437,50.244,91.670,93.239,94.565,48.000,101.792,63.000,38.722,other,0,-1,0,5
4009,36,34.913,41.295,33.239,91.338,92.849,94.300,42.000,100.917,68.000,42.139,other,0,-1,1,5
4010,38,35.662,40.891,32.603,90.846,92.295,94.001,36.000,99.583,57.000,43.389,other,0,-1,2,5
4011,27,38.755,43.175,34.437,90.543,91.936,93.742,38.000,98.792,50.000,43.528,other,0,-1,3,5
4012,41,38.491,40.593,34.937,90.182,91.517,93.471,27.000,97.833,65.000,42.111,other,0,-1,4,5
4013,35,44.823,46.970,42.096,89.806,91.083,93.197,41.000,96.833,75.000,43.028,other,0,-1,5,5
4014,58,47.576,47.744,46.252,89.198,90.409,92.874,35.000,95.167,68.000,55.167,other,0,-1,6,5
4015,35,57.903,60.506,60.679,89.025,90.184,92.642,58.000,94.750,63.000,63.917,other,0,-1,7,5
4016,71,69.026,63.524,61.464,88.592,89.690,92.356,35.000,93.583,105.000,81.722,other,0,-1,8,5
4017,97,84.457,86.093,85.260,88.071,89.106,92.051,71.000,92.167,143.000,98.167,other,0,-1,9,5
4018,131,103.375,110.375,108.671,87.377,88.342,91.710,97.000,90.250,122.000,102.556,other,0,-1,10,5
4019,113,125.511,139.570,138.294,87.479,88.402,91.536,131.000,90.625,104.000,122.722,other,0,-1,11,5
4020,139,138.047,137.228,134.789,87.581,88.463,91.361,113.000,91.000,194.000,141.028,other,0,-1,12,5
4021,156,150.894,152.191,154.642,86.756,87.564,90.993,139.000,88.708,171.000,161.333,other,0,-1,13,5
4022,142,157.458,158.741,164.848,86.511,87.265,90.746,156.000,88.083,163.000,179.778,other,0,-1,14,5
4023,151,150.589,147.626,150.727,86.178,86.875,90.481,142.000,87.208,163.000,180.472,other,0,-1,15,5
4024,145,139.205,142.328,145.564,85.977,86.621,90.243,151.000,86.708,198.000,165.833,other,0,-1,16,5
4025,109,120.623,128.001,127.627,85.181,85.752,89.881,145.000,84.500,115.000,148.556,other,0,-1,17,5
4026,99,101.694,104.630,95.745,85.066,85.588,89.661,109.000,84.250,105.000,114.861,other,0,-1,18,5
4027,75,83.493,87.223,78.893,84.951,85.423,89.442,99.000,84.000,87.000,90.528,other,0,-1,19,5
4028,63,68.642,69.147,62.103,84.749,85.169,89.204,75.000,83.500,77.000,74.972,other,0,-1,20,5
4029,52,54.418,55.469,52.921,84.518,84.885,88.960,63.000,82.917,75.000,60.444,other,0,-1,21,5
4030,58,43.264,45.602,46.457,84.157,84.466,88.688,52.000,81.958,64.000,52.389,other,0,-1,22,5
4031,45,35.603,43.527,44.516,84.041,84.301,88.468,58.000,81.708,48.000,44.139,other,0,-1,23,5
4032,45,32.126,39.583,40.177,83.970,84.182,88.258,45.000,81.583,42.000,32.472,other,0,-1,0,6
4033,31,34.746,41.393,34.290,84.264,84.423,88.376,45.000,81.708,36.000,34.500,other,0,-1,1,6
4034,39,33.755,38.905,33.300,84.441,84.545,88.471,31.000,81.500,38.000,33.361,other,0,-1,2,6
4035,38,39.307,44.417,37.579,84.706,84.757,88.584,39.000,81.542,27.000,35.222,other,0,-1,3,6
4036,28,41.512,45.628,41.152,85.116,85.118,88.727,38.000,82.000,41.000,34.028,other,0,-1,4,6
4037,32,40.478,43.207,43.374,85.178,85.120,88.797,28.000,81.458,35.000,36.611,other,0,-1,5,6
4038,64,44.959,47.630,50.141,85.385,85.271,88.897,32.000,81.333,58.000,38.694,other,0,-1,6,6
4039,37,58.599,65.639,67.808,85.722,85.558,89.025,64.000,81.583,35.000,47.194,other,0,-1,7,6
4040,66,64.063,64.279,65.285,86.001,85.784,89.141,37.000,81.667,71.000,59.167,other,0,-1,8,6
4041,78,80.561,85.000,84.225,86.179,85.906,89.235,66.000,81.458,97.000,78.778,other,0,-1,9,6
4042,91,99.176,100.463,96.949,86.154,85.818,89.288,78.000,80.667,131.000,101.278,other,0,-1,10,6
4043,120,117.534,114.787,109.715,85.825,85.415,89.276,91.000,79.000,113.000,121.778,other,0,-1,11,6
4044,161,135.848,135.509,131.205,86.176,85.716,89.407,120.000,79.292,139.000,140.833,other,0,-1,12,6
4045,136,155.364,161.331,161.004,86.745,86.243,89.583,161.000,80.208,156.000,148.472,other,0,-1,13,6
4046,155,151.525,148.310,143.263,86.706,86.139,89.632,136.000,79.375,142.000,156.639,other,0,-1,14,6
4047,128,150.448,152.628,152.267,87.145,86.531,89.781,155.000,79.917,151.000,153.306,other,0,-1,15,6
4048,147,136.957,135.576,127.601,87.062,86.383,89.822,128.000,78.958,145.000,133.083,other,0,-1,16,6
4049,99,121.571,128.393,127.714,87.341,86.609,89.937,147.000,79.042,109.000,123.667,other,0,-1,17,6
4050,76,105.333,103.305,90.450,87.446,86.656,90.017,99.000,78.625,99.000,102.583,other,0,-1,18,6
4051,60,90.037,84.804,70.542,87.363,86.508,90.057,76.000,77.667,75.000,79.889,other,0,-1,19,6
4052,64,74.626,68.394,57.303,87.396,86.479,90.121,60.000,77.042,63.000,59.111,other,0,-1,20,6
4053,46,58.231,56.655,52.319,87.661,86.691,90.234,64.000,77.083,52.000,47.306,other,0,-1,21,6
4054,29,48.287,47.014,45.515,87.825,86.798,90.325,46.000,76.833,58.000,35.306,other,0,-1,22,6
4055,38,41.402,40.501,40.780,87.655,86.559,90.347,29.000,75.625,45.000,32.556,other,0,-1,23,6
4056,72,38.352,41.989,41.491,87.804,86.651,90.436,38.000,75.333,45.000,61.343,other,0,-1,0,0
4057,66,51.216,57.773,53.242,88.535,87.375,90.856,72.000,76.458,31.000,59.743,other,0,-1,1,0
4058,50,53.659,60.242,53.414,89.382,88.220,91.300,66.000,77.917,39.000,61.829,other,0,-1,2,0
4059,45,49.691,55.376,52.329,89.882,88.704,91.672,50.000,78.375,38.000,63.543,other,0,-1,3,0
4060,50,49.682,55.058,55.051,90.323,89.129,92.031,45.000,78.667,28.000,60.000,other,0,-1,4,0
4061,64,52.908,59.358,61.654,90.982,89.778,92.436,50.000,79.583,32.000,77.171,other,0,-1,5,0
4062,62,59.827,69.140,72.516,91.786,90.577,92.871,64.000,80.917,64.000,77.686,other,0,-1,6,0
4063,80,62.273,73.916,79.519,92.097,90.867,93.204,62.000,80.833,37.000,91.543,other,0,-1,7,0
4064,103,75.766,91.945,94.580,93.060,91.831,93.672,80.000,82.625,66.000,101.114,other,0,-1,8,0
4065,119,95.459,115.459,113.275,93.936,92.705,94.122,103.000,84.167,78.000,122.829,other,0,-1,9,0
4066,139,116.174,135.365,129.411,94.871,93.639,94.585,119.000,85.875,91.000,137.200,other,0,-1,10,0
4067,174,138.871,153.735,147.258,95.906,94.678,95.069,139.000,87.875,120.000,150.314,other,0,-1,11,0
4068,184,167.278,177.248,173.440,97.029,95.808,95.570,174.000,90.125,161.000,163.229,other,0,-1,12,0
4069,213,177.500,182.857,182.167,97.702,96.472,95.978,184.000,91.083,136.000,172.800,other,0,-1,13,0
4070,176,194.212,197.762,200.766,99.158,97.946,96.550,213.000,94.292,155.000,172.257,other,0,-1,14,0
4071,165,168.489,168.017,171.550,99.802,98.580,96.952,176.000,95.167,128.000,183.343,other,0,-1,15,0
4072,178,155.300,152.886,156.995,100.678,99.454,97.402,165.000,96.708,147.000,162.143,other,0,-1,16,0
4073,162,141.186,142.869,154.230,101.467,100.239,97.834,178.000,98.000,99.000,148.800,other,0,-1,17,0
4074,109,120.323,120.051,131.886,102.720,101.503,98.363,162.000,100.625,76.000,128.829,other,0,-1,18,0
4075,91,101.870,93.723,96.057,103.538,102.317,98.801,109.000,102.000,60.000,110.171,other,0,-1,19,0
4076,101,85.780,77.374,80.530,104.328,103.101,99.233,91.000,103.292,64.000,85.143,other,0,-1,20,0
4077,77,71.548,69.062,75.584,105.204,103.975,99.684,101.000,104.833,46.000,75.143,other,0,-1,21,0
4078,63,62.311,60.007,64.335,105.993,104.760,100.116,77.000,106.125,29.000,65.229,other,0,-1,22,0
4079,53,56.856,55.697,58.168,106.826,105.589,100.557,63.000,107.542,38.000,63.543,other,0,-1,23,0
4080,58,54.715,54.023,54.311,107.383,106.133,100.941,53.000,108.167,72.000,61.694,other,0,-1,0,1
4081,56,55.520,56.336,54.925,107.354,106.125,101.211,58.000,107.583,66.000,62.000,other,0,-1,1,1
4082,57,57.723,58.188,54.078,107.384,106.177,101.493,56.000,107.167,50.000,62.222,other,0,-1,2,1
4083,64,60.903,60.676,55.720,107.659,106.484,101.827,57.000,107.458,45.000,61.389,other,0,-1,3,1
4084,55,65.695,65.148,60.462,108.108,106.971,102.196,64.000,108.250,50.000,63.583,other,0,-1,4,1
4085,57,63.591,63.400,63.428,108.354,107.248,102.524,55.000,108.458,64.000,65.139,other,0,-1,5,1
4086,60,66.900,67.517,70.449,108.427,107.345,102.815,57.000,108.167,62.000,66.417,other,0,-1,6,1
4087,84,74.322,75.438,79.372,108.572,107.516,103.121,60.000,108.083,80.000,77.639,other,0,-1,7,1
4088,95,89.214,93.362,96.696,108.804,107.778,103.446,84.000,108.250,103.000,91.833,other,0,-1,8,1
4089,90,106.735,112.017,111.610,108.862,107.860,103.734,95.000,107.917,119.000,109.944,other,0,-1,9,1
4090,115,125.568,130.014,119.980,108.616,107.627,103.958,90.000,106.708,139.000,131.361,other,0,-1,10,1
4091,154,145.309,148.750,140.492,108.442,107.470,104.198,115.000,105.708,174.000,148.500,other,0,-1,11,1
4092,180,166.383,167.068,167.527,108.326,107.372,104.450,154.000,104.875,184.000,174.389,other,0,-1,12,1
4093,128,181.571,180.617,185.386,108.442,107.514,104.750,180.000,104.708,213.000,191.778,other,0,-1,13,1
4094,163,169.139,163.722,154.906,107.385,106.441,104.805,128.000,101.167,176.000,190.222,other,0,-1,14,1
4095,171,170.268,168.917,168.022,107.370,106.448,105.078,163.000,100.625,165.000,183.056,other,0,-1,15,1
4096,203,161.811,162.389,162.534,107.631,106.740,105.409,171.000,100.875,178.000,168.806,other,0,-1,16,1
4097,150,155.668,162.427,167.576,108.167,107.317,105.797,203.000,101.917,162.000,158.750,other,0,-1,17,1
4098,120,127.983,126.785,127.383,108.167,107.339,106.073,150.000,101.417,109.000,131.639,other,0,-1,18,1
4099,132,110.068,104.678,104.394,108.501,107.706,106.419,120.000,101.875,91.000,103.944,other,0,-1,19,1
4100,82,92.517,93.118,99.769,109.269,108.522,106.855,132.000,103.583,101.000,92.389,other,0,-1,20,1
4101,86,80.146,74.239,75.974,109.167,108.439,107.110,82.000,102.792,77.000,77.389,other,0,-1,21,1
4102,53,69.187,69.029,69.817,109.472,108.776,107.449,86.000,103.167,63.000,64.944,other,0,-1,22,1
4103,49,62.350,59.539,55.235,109.501,108.828,107.731,53.000,102.750,53.000,62.889,other,0,-1,23,1
4104,54,58.722,58.223,49.754,109.617,108.970,108.032,49.000,102.583,58.000,59.639,other,0,-1,0,2
4105,79,58.354,60.391,53.566,109.436,108.842,108.071,54.000,102.417,56.000,64.167,other,0,-1,1,2
4106,55,67.346,70.942,57.357,109.645,109.119,108.191,79.000,103.375,57.000,56.194,other,0,-1,2,2
4107,70,62.228,63.054,53.178,109.493,109.021,108.236,55.000,103.292,64.000,60.528,other,0,-1,3,2
4108,60,69.396,69.327,58.300,109.457,109.044,108.306,70.000,103.542,55.000,62.444,other,0,-1,4,2
4109,62,68.556,66.701,60.236,109.406,109.051,108.372,60.000,103.750,57.000,62.833,other,0,-1,5,2
4110,67,73.488,69.691,66.517,109.355,109.058,108.438,62.000,103.958,60.000,70.472,other,0,-1,6,2
4111,60,82.708,76.331,75.588,109.333,109.095,108.510,67.000,104.250,84.000,78.639,other,0,-1,7,2
4112,108,96.965,86.520,83.147,108.862,108.667,108.489,60.000,103.250,95.000,89.639,other,0,-1,8,2
4113,98,116.261,106.886,110.393,108.927,108.795,108.579,108.000,103.792,90.000,104.833,other,0,-1,9,2
4114,124,133.443,126.085,119.189,108.920,108.847,108.654,98.000,104.125,115.000,127.694,other,0,-1,10,2
4115,134,151.134,145.843,141.387,108.927,108.914,108.733,124.000,104.500,154.000,145.361,other,0,-1,11,2
4116,179,163.179,160.384,154.667,108.514,108.546,108.723,134.000,103.667,180.000,159.222,other,0,-1,12,2
4117,176,177.685,176.480,180.551,108.376,108.463,108.771,179.000,103.625,128.000,182.222,other,0,-1,13,2
4118,167,174.495,177.850,178.225,108.948,109.115,108.967,176.000,105.625,163.000,185.000,other,0,-1,14,2
4119,165,166.896,171.173,167.409,108.883,109.107,109.031,167.000,105.792,171.000,172.750,other,0,-1,15,2
4120,169,157.900,162.328,156.073,108.673,108.950,109.064,165.000,105.542,203.000,158.694,other,0,-1,16,2
4121,153,145.397,152.187,145.751,108.057,108.372,109.012,169.000,104.125,150.000,148.139,other,0,-1,17,2
4122,148,128.537,132.801,126.398,107.977,108.349,109.072,153.000,104.250,120.000,124.722,other,0,-1,18,2
4123,104,110.176,117.292,113.497,108.259,108.701,109.208,148.000,105.417,132.000,108.833,other,0,-1,19,2
4124,93,95.564,91.784,87.873,107.730,108.214,109.174,104.000,104.250,82.000,89.361,other,0,-1,20,2
4125,67,80.494,78.609,76.372,107.766,108.311,109.258,93.000,104.708,86.000,75.500,other,0,-1,21,2
4126,66,70.314,65.666,61.792,107.368,107.958,109.252,67.000,103.917,53.000,67.139,other,0,-1,22,2
4127,46,61.384,61.369,55.618,107.433,108.085,109.342,66.000,104.458,49.000,62.722,other,0,-1,23,2
4128,65,56.774,55.065,46.836,107.266,107.973,109.384,46.000,104.333,54.000,61.389,other,0,-1,0,3
4129,60,56.586,63.011,60.465,107.098,107.851,109.169,65.000,104.792,79.000,64.194,other,0,-1,1,3
4130,58,57.232,62.370,58.046,106.495,107.280,108.863,60.000,104.000,55.000,65.056,other,0,-1,2,3
4131,56,59.052,62.680,57.696,106.211,107.038,108.623,58.000,104.125,70.000,61.583,other,0,-1,3,3
4132,57,61.034,62.698,58.859,105.680,106.542,108.332,56.000,103.542,60.000,61.250,other,0,-1,4,3
4133,73,64.393,63.949,62.356,105.309,106.211,108.075,57.000,103.417,62.000,63.500,other,0,-1,5,3
4134,66,72.254,70.845,71.434,105.141,106.089,107.859,73.000,103.875,67.000,67.778,other,0,-1,6,3
4135,85,79.823,73.560,77.099,104.798,105.788,107.608,66.000,103.833,60.000,79.889,other,0,-1,7,3
4136,71,94.117,86.632,92.278,104.833,105.876,107.435,85.000,104.875,108.000,92.417,other,0,-1,8,3
4137,103,112.317,101.844,99.201,103.969,105.035,107.074,71.000,103.333,98.000,115.000,other,0,-1,9,3
4138,127,130.083,125.275,122.676,103.714,104.823,106.840,103.000,103.542,124.000,126.583,other,0,-1,10,3
4139,124,147.663,147.687,143.754,103.430,104.582,106.601,127.000,103.667,134.000,145.861,other,0,-1,11,3
4140,152,159.273,160.344,151.756,102.957,104.146,106.322,124.000,103.250,179.000,168.111,other,0,-1,12,3
4141,196,168.703,170.031,167.590,102.238,103.454,105.992,152.000,102.125,176.000,177.472,other,0,-1,13,3
4142,184,179.664,185.719,186.635,102.200,103.468,105.803,196.000,102.958,167.000,176.694,other,0,-1,14,3
4143,162,169.669,175.494,176.190,102.119,103.436,105.606,184.000,103.667,165.000,173.972,other,0,-1,15,3
4144,181,154.965,158.059,157.029,101.748,103.105,105.349,162.000,103.542,169.000,162.111,other,0,-1,16,3
4145,127,141.901,154.792,154.473,101.594,102.998,105.136,181.000,104.042,153.000,150.028,other,0,-1,17,3
4146,117,121.782,122.060,118.891,100.890,102.322,104.809,127.000,102.958,148.000,132.389,other,0,-1,18,3
4147,92,103.646,105.109,104.173,100.113,101.571,104.466,117.000,101.667,104.000,108.528,other,0,-1,19,3
4148,102,88.033,85.731,86.203,99.611,101.105,104.181,92.000,101.167,93.000,100.083,other,0,-1,20,3
4149,91,70.064,78.285,81.093,99.414,100.953,103.960,102.000,101.542,67.000,85.306,other,0,-1,21,3
4150,73,58.576,67.904,71.032,99.434,101.026,103.784,91.000,102.542,66.000,74.778,other,0,-1,22,3
4151,61,51.140,57.457,61.197,99.208,100.845,103.557,73.000,102.833,46.000,70.444,other,0,-1,23,3
4152,58,46.654,51.562,54.680,99.097,100.783,103.353,61.000,103.458,65.000,60.917,other,0,-1,0,4
4153,58,45.423,53.946,50.370,98.711,100.389,102.971,58.000,103.167,60.000,56.972,other,0,-1,1,4
4154,60,47.507,55.474,49.489,98.396,100.070,102.604,58.000,103.083,58.000,51.583,other,0,-1,2,4
4155,72,50.875,57.628,50.361,98.140,99.810,102.249,60.000,103.167,56.000,54.556,other,0,-1,3,4
4156,61,58.067,63.718,55.000,98.087,99.761,101.936,72.000,103.833,57.000,57.139,other,0,-1,4,4
4157,56,56.128,59.740,56.544,97.859,99.531,101.587,61.000,104.000,73.000,54.694,other,0,-1,5,4
4158,79,58.952,60.091,61.099,97.328,98.987,101.174,56.000,103.292,66.000,65.167,other,0,-1,6,4
4159,90,69.878,72.478,75.771,97.231,98.893,100.853,79.000,103.833,85.000,74.667,other,0,-1,7,4
4160,76,81.927,84.979,90.388,97.018,98.678,100.507,90.000,104.042,71.000,86.667,other,0,-1,8,4
4161,109,98.100,97.096,97.670,96.805,98.464,100.161,76.000,104.250,103.000,109.861,other,0,-1,9,4
4162,108,117.303,125.151,124.363,96.606,98.264,99.818,109.000,104.500,127.000,125.222,other,0,-1,10,4
4163,127,135.224,142.394,136.178,96.046,97.690,99.399,108.000,103.708,124.000,147.361,other,0,-1,11,4
4164,157,151.016,156.967,153.874,95.804,97.446,99.047,127.000,103.833,152.000,161.111,other,0,-1,12,4
4165,204,165.028,169.693,172.399,95.591,97.231,98.701,157.000,104.042,196.000,174.694,other,0,-1,13,4
4166,164,182.486,191.239,195.168,95.422,97.062,98.364,204.000,104.375,184.000,178.167,other,0,-1,14,4
4167,152,164.779,162.301,168.640,94.847,96.473,97.942,164.000,103.542,162.000,172.583,other,0,-1,15,4
4168,155,150.445,148.080,152.510,94.416,96.033,97.551,152.000,103.125,181.000,165.472,other,0,-1,16,4
4169,135,131.712,136.917,140.841,93.754,95.354,97.111,155.000,102.042,127.000,138.861,other,0,-1,17,4
4170,118,110.082,116.425,118.547,93.585,95.185,96.774,135.000,102.375,117.000,121.333,other,0,-1,18,4
4171,118,90.554,97.323,99.722,93.314,94.910,96.416,118.000,102.417,92.000,101.944,other,0,-1,19,4
4172,82,71.555,84.963,89.406,93.405,95.011,96.134,118.000,103.500,102.000,84.222,other,0,-1,20,4
4173,71,59.347,64.524,71.102,92.830,94.422,95.712,82.000,102.667,91.000,70.889,other,0,-1,21,4
4174,73,47.657,54.188,62.638,92.255,93.832,95.290,71.000,101.833,73.000,63.889,other,0,-1,22,4
4175,53,39.773,51.087,58.503,91.970,93.543,94.929,73.000,101.833,61.000,57.111,other,0,-1,23,4
4176,44,35.475,43.279,51.189,91.569,93.134,94.544,53.000,101.500,58.000,38.722,other,0,-1,0,5
4177,40,34.588,42.694,33.734,91.338,92.849,94.300,44.000,100.917,58.000,42.139,other,0,-1,1,5
4178,37,35.945,43.093,33.507,91.049,92.505,94.044,40.000,100.167,60.000,43.389,other,0,-1,2,5
4179,41,37.828,43.491,34.422,90.688,92.086,93.773,37.000,99.208,72.000,43.528,other,0,-1,3,5
4180,40,41.700,46.186,37.946,90.211,91.547,93.477,41.000,97.917,61.000,42.111,other,0,-1,4,5
4181,33,44.012,47.012,41.944,89.878,91.158,93.212,40.000,97.042,56.000,43.028,other,0,-1,5,5
4182,82,46.780,47.341,45.798,89.517,90.738,92.941,33.000,96.083,79.000,55.167,other,0,-1,6,5
4183,53,64.989,70.988,69.366,89.532,90.709,92.748,82.000,96.208,90.000,63.917,other,0,-1,7,5
4184,92,67.909,67.823,67.976,88.968,90.080,92.434,53.000,94.667,76.000,81.722,other,0,-1,8,5
4185,85,85.624,94.646,95.238,89.172,90.245,92.281,92.000,95.333,109.000,98.167,other,0,-1,9,5
4186,62,102.928,105.419,102.449,88.796,89.811,92.007,85.000,94.333,108.000,102.556,inside,-1,0,10,5
4187,54,121.250,109.502,99.940,88.102,89.047,91.666,62.000,92.417,127.000,122.722,inside,-1,1,11,5
4188,100,134.183,116.785,102.876,87.016,87.878,91.244,54.000,89.375,157.000,141.028,inside,-1,2,12,5
4189,151,144.460,136.399,131.443,86.162,86.949,90.869,100.000,87.000,204.000,161.333,after,-1,3,13,5
4190,164,154.700,156.410,161.556,85.366,86.080,90.507,151.000,84.792,164.000,179.778,after,-1,4,14,5
4191,136,152.666,157.240,164.048,85.338,86.006,90.306,164.000,84.792,152.000,180.472,after,-1,5,15,5
4192,136,135.147,138.115,137.115,85.078,85.692,90.056,136.000,84.125,155.000,165.833,after,-1,6,16,5
4193,123,117.242,126.351,122.852,84.775,85.332,89.796,136.000,83.333,135.000,148.556,after,-1,7,17,5
4194,128,97.298,108.420,100.960,84.573,85.078,89.559,123.000,82.833,118.000,114.861,after,-1,8,18,5
4195,99,77.766,93.923,88.101,84.690,85.154,89.387,128.000,83.250,118.000,90.528,after,-1,9,19,5
4196,67,61.811,73.467,66.964,84.387,84.794,89.128,99.000,82.458,82.000,74.972,after,-1,10,20,5
4197,59,49.759,56.336,51.697,84.141,84.495,88.881,67.000,81.833,71.000,60.444,after,-1,11,21,5
4198,45,38.941,47.202,45.468,83.939,84.241,88.643,59.000,81.333,73.000,52.389,after,-1,12,22,5
4199,36,32.150,40.388,39.795,83.505,83.747,88.357,45.000,80.167,53.000,44.139,after,-1,13,23,5
4200,28,28.461,37.264,36.222,83.231,83.417,88.103,36.000,79.458,44.000,32.472,after,-1,14,0,6
4201,38,28.141,35.763,29.167,83.250,83.374,88.165,28.000,78.792,40.000,34.500,after,-1,15,1,6
4202,29,33.684,42.246,32.660,83.471,83.541,88.268,38.000,78.708,37.000,33.361,after,-1,16,2,6
4203,36,33.773,40.717,33.485,83.605,83.617,88.354,29.000,78.375,41.000,35.222,after,-1,17,3,6
4204,23,39.034,45.185,38.772,83.783,83.739,88.448,36.000,78.167,40.000,34.028,after,-1,18,4,6
4205,36,37.028,41.585,40.458,83.787,83.681,88.506,23.000,77.458,33.000,36.611,after,-1,19,5,6
4206,31,43.910,49.201,49.854,84.081,83.922,88.625,36.000,77.583,82.000,38.694,after,-1,20,6,6
4207,47,49.192,52.991,55.114,83.592,83.354,88.581,31.000,75.458,53.000,47.194,after,-1,21,7,6
4208,66,61.767,67.053,68.077,83.756,83.461,88.672,47.000,75.208,92.000,59.167,after,-1,22,8,6
4209,87,78.159,84.835,83.709,83.629,83.268,88.703,66.000,74.125,85.000,78.778,after,-1,23,9,6
4210,84,97.660,104.589,101.463,83.909,83.494,88.819,87.000,74.208,62.000,101.278,after,-1,24,10,6
4211,105,115.110,111.867,106.208,84.478,84.021,88.995,84.000,75.125,54.000,121.778,after,-1,25,11,6
4212,128,132.700,128.267,122.562,85.467,84.982,89.259,105.000,77.250,100.000,140.833,after,-1,26,12,6
4213,126,146.304,143.489,139.184,86.123,85.598,89.453,128.000,78.417,151.000,148.472,other,0,-1,13,6
4214,162,149.071,144.571,137.280,86.011,85.420,89.487,126.000,77.375,164.000,156.639,other,0,-1,14,6
4215,144,150.905,155.961,157.393,86.232,85.586,89.591,162.000,77.292,136.000,153.306,other,0,-1,15,6
4216,139,136.329,140.447,137.463,86.598,85.903,89.725,144.000,77.625,136.000,133.083,other,0,-1,16,6
4217,144,119.832,126.389,122.753,86.892,86.145,89.843,139.000,77.750,123.000,123.667,other,0,-1,17,6
4218,102,101.575,111.517,110.149,87.446,86.656,90.017,144.000,78.625,128.000,102.583,other,0,-1,18,6
4219,72,84.568,87.409,77.656,87.320,86.463,90.048,102.000,77.542,99.000,79.889,other,0,-1,19,6
4220,57,70.664,69.345,58.482,87.179,86.255,90.076,72.000,76.417,67.000,59.111,other,0,-1,20,6
4221,42,57.436,56.063,48.835,87.285,86.301,90.155,57.000,76.000,59.000,47.306,other,0,-1,21,6
4222,39,47.309,46.594,42.515,87.289,86.243,90.213,42.000,75.292,45.000,35.306,other,0,-1,22,6
4223,31,40.217,42.602,40.144,87.452,86.350,90.305,39.000,75.042,36.000,32.556,other,0,-1,23,6
4224,68,36.968,40.451,37.988,87.630,86.471,90.399,31.000,74.833,28.000,61.343,other,0,-1,0,0
4225,57,49.054,56.071,49.631,88.549,87.390,90.859,68.000,76.500,38.000,59.743,other,0,-1,1,0
4226,78,48.940,55.787,48.558,89.165,87.995,91.255,57.000,77.292,29.000,61.829,other,0,-1,2,0
4227,47,65.328,71.028,56.783,90.215,89.049,91.741,78.000,79.333,36.000,63.543,other,0,-1,3,0
4228,48,50.238,56.317,53.358,90.714,89.533,92.113,47.000,79.792,23.000,60.000,other,0,-1,4,0
4229,67,51.795,58.689,59.176,91.417,90.228,92.527,48.000,80.833,36.000,77.171,other,0,-1,5,0
4230,64,61.015,70.860,71.821,92.206,91.012,92.959,67.000,82.125,31.000,77.686,other,0,-1,6,0
4231,60,62.685,75.072,78.996,93.024,91.826,93.397,64.000,83.500,47.000,91.543,other,0,-1,7,0
4232,91,71.461,84.152,85.989,93.553,92.341,93.775,60.000,84.042,66.000,101.114,other,0,-1,8,0
4233,134,91.764,110.001,107.276,94.255,93.035,94.189,91.000,85.083,87.000,122.829,other,0,-1,9,0
4234,156,123.431,143.331,137.301,95.276,94.059,94.670,134.000,87.042,84.000,137.200,other,0,-1,10,0
4235,144,148.215,163.439,157.384,96.659,95.458,95.226,156.000,90.042,105.000,150.314,other,0,-1,11,0
4236,161,153.634,160.503,155.212,97.564,96.362,95.682,144.000,91.667,128.000,163.229,other,0,-1,12,0
4237,156,167.357,169.940,167.717,98.383,97.176,96.120,161.000,93.042,126.000,172.800,other,0,-1,13,0
4238,190,167.891,165.699,163.452,99.157,97.946,96.550,156.000,94.292,162.000,172.257,other,0,-1,14,0
4239,187,173.260,175.712,180.888,99.903,98.685,96.973,190.000,95.458,144.000,183.343,other,0,-1,15,0
4240,144,159.798,162.762,170.791,100.866,99.649,97.441,187.000,97.250,139.000,162.143,other,0,-1,16,0
4241,147,136.600,133.567,134.408,101.279,100.044,97.795,144.000,97.458,144.000,148.800,other,0,-1,17,0
4242,121,118.283,117.654,124.183,101.663,100.408,98.142,147.000,97.583,102.000,128.829,other,0,-1,18,0
4243,97,99.789,96.363,100.647,102.278,101.013,98.538,121.000,98.375,72.000,110.171,other,0,-1,19,0
4244,99,84.104,79.116,82.365,102.980,101.707,98.952,97.000,99.417,57.000,85.143,other,0,-1,20,0
4245,81,70.756,69.695,75.106,103.929,102.656,99.418,99.000,101.167,42.000,75.143,other,0,-1,21,0
4246,68,61.969,61.825,65.369,104.834,103.560,99.874,81.000,102.792,39.000,65.229,other,0,-1,22,0
4247,63,57.057,57.903,59.281,105.595,104.315,100.300,68.000,104.000,31.000,63.543,other,0,-1,23,0
4248,66,56.645,58.117,56.710,106.398,105.114,100.735,63.000,105.333,68.000,61.694,other,0,-1,0,1
4249,49,57.359,60.036,56.867,106.543,105.286,101.042,66.000,105.250,57.000,62.000,other,0,-1,1,1
4250,67,55.213,56.307,53.110,106.601,105.368,101.330,49.000,104.917,78.000,62.222,other,0,-1,2,1
4251,45,64.698,65.545,58.080,106.616,105.405,101.609,67.000,104.458,47.000,61.389,other,0,-1,3,1
4252,69,58.467,58.457,56.740,106.761,105.577,101.915,45.000,104.375,48.000,63.583,other,0,-1,4,1
4253,70,68.270,69.392,67.059,107.239,106.093,102.291,69.000,105.250,67.000,65.139,other,0,-1,5,1
4254,79,70.001,72.536,74.193,107.456,106.340,102.612,70.000,105.375,64.000,66.417,other,0,-1,6,1
4255,67,77.495,81.612,85.378,107.848,106.767,102.970,79.000,106.000,60.000,77.639,other,0,-1,7,1
4256,78,87.127,90.183,91.205,108.123,107.074,103.304,67.000,106.292,91.000,91.833,other,0,-1,8,1
4257,108,105.113,109.712,105.196,108.109,107.081,103.577,78.000,105.750,134.000,109.944,other,0,-1,9,1
4258,129,126.654,132.770,127.958,107.906,106.893,103.810,108.000,104.667,156.000,131.361,other,0,-1,10,1
4259,139,147.460,151.545,147.409,107.689,106.690,104.041,129.000,103.542,144.000,148.500,other,0,-1,11,1
4260,174,162.196,163.231,159.441,107.790,106.817,104.338,139.000,103.333,161.000,174.389,other,0,-1,12,1
4261,190,179.094,178.361,181.903,108.152,107.214,104.690,174.000,103.875,156.000,191.778,other,0,-1,13,1
4262,202,184.464,184.589,189.809,108.819,107.925,105.105,190.000,105.292,190.000,190.222,other,0,-1,14,1
4263,187,182.650,185.171,190.719,109.167,108.307,105.454,202.000,105.792,187.000,183.056,other,0,-1,15,1
4264,168,165.688,168.142,171.704,109.341,108.509,105.766,187.000,105.792,144.000,168.806,other,0,-1,16,1
4265,132,147.534,147.077,148.782,109.862,109.071,106.151,168.000,106.792,147.000,158.750,other,0,-1,17,1
4266,157,129.055,121.917,119.700,109.819,109.048,106.418,132.000,106.167,121.000,131.639,other,0,-1,18,1
4267,118,110.715,111.415,119.669,110.514,109.789,106.839,157.000,107.667,97.000,103.944,other,0,-1,19,1
4268,85,93.179,88.830,95.471,110.993,110.306,107.215,118.000,108.542,99.000,92.389,other,0,-1,20,1
4269,78,80.357,73.146,77.731,110.964,110.298,107.485,85.000,107.958,81.000,77.389,other,0,-1,21,1
4270,56,69.505,65.767,68.691,111.094,110.455,107.788,78.000,107.833,68.000,64.944,other,0,-1,22,1
4271,62,62.656,58.642,57.009,111.094,110.477,108.064,56.000,107.333,63.000,62.889,other,0,-1,23,1
4272,65,60.719,60.534,53.564,111.254,110.664,108.374,62.000,107.292,66.000,59.639,other,0,-1,0,2
4273,445,60.591,62.986,57.111,111.116,110.581,108.422,65.000,107.250,49.000,64.167,inside,1,0,1,2
4274,483,385.534,266.180,220.644,116.729,116.450,109.671,445.000,123.750,67.000,56.194,inside,1,1,2,2
4275,436,455.691,278.719,250.209,122.632,122.618,110.980,483.000,141.083,45.000,60.528,inside,1,2,3,2
4276,492,428.151,266.727,227.117,128.173,128.412,112.214,436.000,157.375,69.000,62.444,inside,1,3,4,2
4277,551,395.529,287.103,269.733,134.177,134.685,113.545,492.000,175.000,70.000,62.833,inside,1,4,5,2
4278,553,369.077,305.992,308.321,141.022,141.828,115.051,551.000,195.042,79.000,70.472,inside,1,5,6,2
4279,73,365.317,311.738,312.623,147.765,148.866,116.536,553.000,214.792,67.000,78.639,after,1,6,7,2
4280,76,100.479,90.337,95.411,147.729,148.888,116.605,73.000,215.042,78.000,89.639,after,1,7,8,2
4281,132,116.699,107.087,104.640,147.576,148.790,116.650,76.000,214.958,108.000,104.833,after,1,8,9,2
4282,154,143.538,127.263,134.454,147.801,149.082,116.774,132.000,215.958,129.000,127.694,after,1,9,10,2
4283,183,162.484,146.238,151.638,148.039,149.389,116.901,154.000,217.000,139.000,145.361,after,1,10,11,2
4284,195,182.745,165.111,170.525,148.554,149.981,117.085,183.000,218.833,174.000,159.222,after,1,11,12,2
4285,154,188.237,178.068,179.392,148.734,150.228,117.199,195.000,219.708,190.000,182.222,after,1,12,13,2
4286,161,170.403,171.473,160.529,148.090,149.621,117.142,154.000,218.208,202.000,185.000,after,1,13,14,2
4287,162,166.137,171.557,160.142,147.372,148.938,117.069,161.000,216.500,187.000,172.750,after,1,14,15,2
4288,151,157.699,166.830,154.943,146.887,148.496,117.044,162.000,215.458,168.000,158.694,after,1,15,16,2
4289,163,145.028,155.181,143.302,146.517,148.173,117.044,151.000,214.750,132.000,148.139,after,1,16,17,2
4290,129,129.614,148.239,142.968,146.843,148.570,117.189,163.000,216.042,157.000,124.722,after,1,17,18,2
4291,99,112.115,124.483,121.750,146.314,148.082,117.155,129.000,214.875,118.000,108.833,after,1,18,19,2
4292,99,97.324,103.802,103.816,145.916,147.730,117.148,99.000,214.083,85.000,89.361,after,1,19,20,2
4293,53,81.055,92.058,98.804,145.995,147.872,117.242,99.000,214.667,78.000,75.500,after,1,20,21,2
4294,70,73.540,73.285,75.934,145.510,147.429,117.217,53.000,213.625,56.000,67.139,after,1,21,22,2
4295,71,62.902,70.609,77.177,145.589,147.571,117.311,70.000,214.208,62.000,62.722,after,1,22,23,2
4296,65,61.235,68.673,73.399,145.596,147.638,117.389,71.000,214.583,65.000,61.389,after,1,23,0,3
4297,65,60.465,67.489,74.005,145.269,147.352,117.140,65.000,214.583,445.000,64.194,after,1,24,1,3
4298,63,64.626,67.428,71.266,139.436,141.369,115.742,65.000,198.750,483.000,65.056,after,1,25,2,3
4299,69,67.906,66.879,69.018,133.024,134.786,114.223,63.000,181.250,436.000,61.583,after,1,26,3,3
4300,64,74.128,69.260,70.416,127.380,128.998,112.864,69.000,165.958,492.000,61.250,after,1,27,4,3
4301,59,71.839,67.621,70.167,120.853,122.296,111.321,64.000,148.125,551.000,63.500,after,1,28,5,3
4302,68,72.167,67.648,71.411,113.398,114.634,109.584,59.000,127.625,553.000,67.778,after,1,29,6,3
4303,112,79.766,74.154,78.576,106.044,107.077,107.868,68.000,107.417,73.000,79.889,other,0,-1,7,3
4304,101,97.063,93.402,101.494,106.282,107.375,107.737,112.000,109.042,76.000,92.417,other,0,-1,8,3
4305,123,110.889,104.048,109.317,106.316,107.463,107.564,101.000,110.083,132.000,115.000,other,0,-1,9,3
4306,135,130.054,126.758,129.613,105.858,107.042,107.288,123.000,109.708,154.000,126.583,other,0,-1,10,3
4307,161,147.630,148.450,145.976,105.255,106.471,106.982,135.000,108.917,183.000,145.861,other,0,-1,11,3
4308,164,163.649,167.085,165.535,104.609,105.855,106.667,161.000,108.000,195.000,168.111,other,0,-1,12,3
4309,154,170.334,173.491,171.328,103.832,105.103,106.324,164.000,106.708,154.000,177.472,other,0,-1,13,3
4310,188,168.713,169.349,166.609,103.504,104.817,106.076,154.000,106.708,161.000,176.694,other,0,-1,14,3
4311,226,170.037,177.230,176.948,103.568,104.935,105.909,188.000,107.833,162.000,173.972,other,0,-1,15,3
4312,159,171.799,190.996,187.554,104.167,105.608,105.854,226.000,110.500,151.000,162.111,other,0,-1,16,3
4313,155,140.126,145.722,144.591,103.955,105.442,105.629,159.000,110.833,163.000,150.028,other,0,-1,17,3
4314,96,121.510,131.387,131.037,103.512,105.035,105.356,155.000,110.500,129.000,132.389,other,0,-1,18,3
4315,99,106.360,101.269,97.254,102.706,104.254,105.008,96.000,109.125,99.000,108.528,other,0,-1,19,3
4316,97,87.611,87.872,89.053,102.378,103.968,104.759,99.000,109.125,99.000,100.083,other,0,-1,20,3
4317,80,71.264,76.885,80.234,102.022,103.651,104.505,97.000,109.042,53.000,85.306,other,0,-1,21,3
4318,72,60.090,64.418,68.737,102.085,103.770,104.338,80.000,110.167,70.000,74.778,other,0,-1,22,3
4319,68,51.951,57.295,61.378,101.786,103.513,104.095,72.000,110.250,71.000,70.444,other,0,-1,23,3
4320,66,47.839,53.716,56.383,101.415,103.182,103.837,68.000,110.125,65.000,60.917,other,0,-1,0,4
4321,50,47.982,56.762,52.058,101.144,102.908,103.479,66.000,110.167,65.000,56.972,other,0,-1,1,4
4322,56,46.518,52.159,48.167,100.642,102.393,103.073,50.000,109.542,63.000,51.583,other,0,-1,2,4
4323,57,50.421,55.728,49.747,100.255,101.999,102.690,56.000,109.250,69.000,54.556,other,0,-1,3,4
4324,74,53.141,57.103,51.985,99.796,101.530,102.293,57.000,108.750,64.000,57.139,other,0,-1,4,4
4325,49,61.248,64.996,59.820,99.655,101.390,101.962,74.000,109.167,59.000,54.694,other,0,-1,5,4
4326,76,58.738,58.111,59.609,99.225,100.951,101.571,49.000,108.750,68.000,65.167,other,0,-1,6,4
4327,70,69.790,71.550,75.122,99.056,100.781,101.234,76.000,109.083,112.000,74.667,other,0,-1,7,4
4328,76,81.176,79.469,83.608,98.162,99.862,100.746,70.000,107.333,101.000,86.667,other,0,-1,8,4
4329,124,98.524,97.225,97.906,97.515,99.198,100.309,76.000,106.292,123.000,109.861,other,0,-1,9,4
4330,143,118.957,130.138,131.442,97.244,98.924,99.951,124.000,106.333,135.000,125.222,other,0,-1,10,4
4331,130,139.382,154.176,152.803,97.074,98.754,99.614,143.000,106.667,161.000,147.361,other,0,-1,11,4
4332,154,151.687,158.270,155.721,96.340,98.000,99.159,130.000,105.375,164.000,161.111,other,0,-1,12,4
4333,173,164.731,168.623,171.373,95.910,97.561,98.767,154.000,104.958,154.000,174.694,other,0,-1,13,4
4334,190,171.939,173.707,179.807,95.900,97.557,98.464,173.000,105.750,188.000,178.167,other,0,-1,14,4
4335,183,171.440,175.257,182.305,95.643,97.297,98.109,190.000,105.833,226.000,172.583,other,0,-1,15,4
4336,140,155.535,161.246,167.880,94.735,96.363,97.618,183.000,104.042,159.000,165.472,other,0,-1,16,4
4337,187,131.206,131.997,134.286,94.175,95.789,97.199,140.000,103.250,155.000,138.861,other,0,-1,17,4
4338,108,113.717,138.026,141.860,94.353,95.979,96.935,187.000,104.583,96.000,121.333,other,0,-1,18,4
4339,99,91.545,94.868,96.099,94.241,95.870,96.610,108.000,105.083,99.000,101.944,other,0,-1,19,4
4340,84,73.794,79.260,83.187,93.956,95.580,96.249,99.000,105.083,97.000,84.222,other,0,-1,20,4
4341,76,59.357,64.858,71.148,93.482,95.096,95.848,84.000,104.542,80.000,70.889,other,0,-1,21,4
4342,62,47.659,55.444,63.122,93.139,94.747,95.475,76.000,104.375,72.000,63.889,other,0,-1,22,4
4343,46,40.254,47.303,55.444,92.709,94.308,95.084,62.000,103.958,68.000,57.111,other,0,-1,23,4
4344,51,35.837,40.944,48.979,92.105,93.688,94.656,46.000,103.042,66.000,38.722,other,0,-1,0,5
4345,51,36.783,44.754,33.891,91.859,93.389,94.409,51.000,102.417,50.000,42.139,other,0,-1,1,5
4346,50,39.756,46.942,34.535,91.846,93.330,94.210,51.000,102.458,56.000,43.389,other,0,-1,2,5
4347,49,42.656,48.303,36.124,91.731,93.165,93.990,50.000,102.208,57.000,43.528,other,0,-1,3,5
4348,36,44.992,49.102,39.041,91.587,92.971,93.764,49.000,101.875,74.000,42.111,other,0,-1,4,5
4349,44,43.421,45.353,40.484,91.008,92.327,93.448,36.000,100.292,49.000,43.028,other,0,-1,5,5
4350,45,49.121,50.736,48.445,90.908,92.177,93.231,44.000,100.083,76.000,55.167,other,0,-1,6,5
4351,67,56.081,56.319,56.261,90.431,91.638,92.936,45.000,98.792,70.000,63.917,other,0,-1,7,5
4352,48,68.995,72.356,73.393,90.359,91.519,92.725,67.000,98.667,76.000,81.722,other,0,-1,8,5
4353,91,85.466,79.434,75.663,89.925,91.025,92.438,48.000,97.500,124.000,98.167,other,0,-1,9,5
4354,105,103.191,107.809,105.880,89.419,90.456,92.137,91.000,96.125,143.000,102.556,other,0,-1,10,5
4355,148,121.800,125.908,123.356,88.840,89.812,91.820,105.000,94.542,130.000,122.722,other,0,-1,11,5
4356,128,143.893,155.619,157.260,89.073,90.007,91.673,148.000,95.292,154.000,141.028,other,0,-1,12,5
4357,156,149.346,147.108,148.510,88.668,89.543,91.393,128.000,94.208,173.000,161.333,other,0,-1,13,5
4358,162,157.704,158.759,165.495,88.394,89.213,91.140,156.000,93.500,190.000,179.778,other,0,-1,14,5
4359,158,153.882,155.964,163.351,87.960,88.719,90.853,162.000,92.333,183.000,180.472,other,0,-1,15,5
4360,163,140.061,145.006,149.924,87.570,88.270,90.576,158.000,91.292,140.000,165.833,other,0,-1,16,5
4361,105,121.843,134.055,137.601,87.875,88.540,90.444,163.000,92.250,187.000,148.556,other,0,-1,17,5
4362,109,101.814,103.602,94.205,86.659,87.237,89.994,105.000,88.833,108.000,114.861,other,0,-1,18,5
4363,101,82.132,88.506,82.223,86.646,87.177,89.795,109.000,88.875,99.000,90.528,other,0,-1,19,5
4364,81,64.971,72.825,68.983,86.646,87.133,89.600,101.000,88.958,84.000,74.972,other,0,-1,20,5
4365,63,51.916,58.154,56.607,86.575,87.014,89.389,81.000,88.833,76.000,60.444,other,0,-1,21,5
4366,43,42.001,47.535,48.208,86.358,86.744,89.148,63.000,88.292,62.000,52.389,other,0,-1,22,5
4367,32,35.323,39.530,41.550,86.055,86.385,88.889,43.000,87.500,46.000,44.139,other,0,-1,23,5
4368,31,31.138,35.825,37.699,85.824,86.101,88.645,32.000,86.917,51.000,32.472,other,0,-1,0,6
4369,25,31.175,36.174,31.087,85.785,85.997,88.694,31.000,86.083,51.000,34.500,other,0,-1,1,6
4370,25,31.945,36.500,31.385,85.658,85.804,88.725,25.000,85.000,50.000,33.361,other,0,-1,2,6
4371,28,34.449,38.461,33.671,85.546,85.626,88.759,25.000,83.958,49.000,35.222,other,0,-1,3,6
4372,30,37.814,41.172,37.736,85.493,85.508,88.805,28.000,83.083,36.000,34.028,other,0,-1,4,6
4373,34,40.844,43.606,42.882,85.656,85.614,88.897,30.000,82.833,44.000,36.611,other,0,-1,5,6
4374,27,45.243,47.937,49.778,85.761,85.661,88.976,34.000,82.417,45.000,38.694,other,0,-1,6,6
4375,47,51.282,51.534,54.298,85.751,85.588,89.031,27.000,81.667,67.000,47.194,other,0,-1,7,6
4376,60,64.041,66.518,68.332,85.711,85.485,89.080,47.000,80.833,48.000,59.167,other,0,-1,8,6
4377,60,80.338,82.193,81.264,86.135,85.861,89.226,60.000,81.333,91.000,78.778,other,0,-1,9,6
4378,112,98.983,92.784,88.340,85.937,85.593,89.242,60.000,80.042,105.000,101.278,other,0,-1,10,6
4379,99,120.466,125.007,122.167,86.288,85.895,89.373,112.000,80.333,148.000,121.778,other,0,-1,11,6
4380,120,132.815,125.121,119.130,85.829,85.357,89.335,99.000,78.292,128.000,140.833,other,0,-1,12,6
4381,173,145.150,139.653,134.166,85.963,85.433,89.420,120.000,77.958,156.000,148.472,other,0,-1,13,6
4382,156,160.731,166.318,169.763,86.460,85.885,89.581,173.000,78.667,162.000,156.639,other,0,-1,14,6
4383,121,150.232,152.623,153.424,86.623,85.991,89.673,156.000,78.417,158.000,153.306,other,0,-1,15,6
4384,135,135.875,133.402,123.502,86.337,85.633,89.670,121.000,76.875,163.000,133.083,other,0,-1,16,6
4385,150,120.630,124.782,120.542,86.182,85.410,89.695,135.000,75.708,105.000,123.667,other,0,-1,17,6
4386,75,102.407,112.433,113.237,87.084,86.281,89.941,150.000,77.583,109.000,102.583,other,0,-1,18,6
4387,56,88.685,84.222,69.096,86.842,85.968,89.948,75.000,76.167,101.000,79.889,other,0,-1,19,6
4388,65,73.895,67.627,55.200,86.440,85.490,89.921,56.000,74.292,81.000,59.111,other,0,-1,20,6
4389,43,57.111,56.192,51.166,86.459,85.447,89.983,65.000,73.625,63.000,47.306,other,0,-1,21,6
4390,38,47.617,46.075,43.497,86.419,85.344,90.032,43.000,72.792,43.000,35.306,other,0,-1,22,6
4391,36,40.434,41.811,40.885,86.597,85.465,90.126,38.000,72.583,32.000,32.556,other,0,-1,23,6
4392,47,37.584,41.234,39.810,86.905,85.722,90.248,36.000,72.750,31.000,61.343,other,0,-1,0,0
4393,68,41.295,46.328,46.036,87.477,86.281,90.635,47.000,73.417,25.000,59.743,other,0,-1,1,0
4394,54,54.369,60.885,52.071,88.441,87.245,91.103,68.000,75.208,25.000,61.829,other,0,-1,2,0
4395,57,51.216,57.059,51.694,89.201,88.000,91.529,54.000,76.417,28.000,63.543,other,0,-1,3,0
4396,59,54.986,60.761,56.690,89.961,88.754,91.956,57.000,77.625,30.000,60.000,other,0,-1,4,0
4397,66,56.730,63.598,62.946,90.721,89.508,92.382,59.000,78.833,34.000,77.171,other,0,-1,5,0
4398,77,60.502,69.949,72.112,91.525,90.307,92.817,66.000,80.167,27.000,77.686,other,0,-1,6,0
4399,85,67.721,80.960,84.117,92.590,91.376,93.307,77.000,82.250,47.000,91.543,other,0,-1,7,0
4400,94,77.385,94.301,96.091,93.480,92.266,93.760,85.000,83.833,60.000,101.114,other,0,-1,8,0
4401,88,92.662,111.369,108.811,94.313,93.095,94.201,94.000,85.250,60.000,122.829,other,0,-1,9,0
4402,128,109.458,122.401,113.906,95.059,93.834,94.624,88.000,86.417,112.000,137.200,other,0,-1,10,0
4403,153,135.071,148.285,141.044,95.631,94.394,95.011,128.000,87.083,99.000,150.314,other,0,-1,11,0
4404,174,156.821,165.035,160.445,96.753,95.523,95.513,153.000,89.333,120.000,163.229,other,0,-1,12,0
4405,152,172.630,176.851,175.791,97.876,96.652,96.015,174.000,91.583,173.000,172.800,other,0,-1,13,0
4406,205,166.669,164.232,160.725,97.912,96.656,96.289,152.000,90.708,156.000,172.257,other,0,-1,14,0
4407,136,180.497,184.551,190.807,98.962,97.711,96.776,205.000,92.750,121.000,183.343,other,0,-1,15,0
4408,93,151.704,144.982,139.689,99.519,98.255,97.160,136.000,93.375,135.000,162.143,inside,-1,0,16,0
4409,63,139.040,125.261,109.158,99.251,97.945,97.371,93.000,91.625,150.000,148.800,inside,-1,1,17,0
4410,119,127.121,108.603,90.013,98.331,96.960,97.446,63.000,88.000,75.000,128.829,after,-1,2,18,0
4411,113,100.344,96.607,101.927,99.308,97.939,97.918,119.000,89.833,56.000,110.171,after,-1,3,19,0
4412,81,83.335,81.684,89.634,100.474,99.113,98.429,113.000,92.208,65.000,85.143,after,-1,4,20,0
4413,78,71.004,67.144,73.198,101.046,99.673,98.816,81.000,92.875,43.000,75.143,after,-1,5,21,0
4414,65,61.346,61.544,67.699,101.894,100.517,99.260,78.000,94.333,38.000,65.229,after,-1,6,22,0
4415,52,56.033,57.496,61.855,102.625,101.241,99.680,65.000,95.458,36.000,63.543,after,-1,7,23,0
4416,71,53.433,54.927,57.520,103.197,101.801,100.067,52.000,96.125,47.000,61.694,after,-1,8,0,1
4417,62,58.736,62.817,61.544,103.718,102.362,100.452,71.000,97.125,68.000,62.000,after,-1,9,1,1
4418,66,59.187,62.027,59.066,103.805,102.474,100.746,62.000,96.875,54.000,62.222,after,-1,10,2,1
4419,52,64.248,65.981,61.224,104.153,102.856,101.095,66.000,97.375,57.000,61.389,after,-1,11,3,1
4420,64,60.447,61.541,61.139,104.255,102.983,101.392,52.000,97.167,59.000,63.583,after,-1,12,4,1
4421,74,66.140,67.917,68.440,104.501,103.260,101.719,64.000,97.375,66.000,65.139,after,-1,13,5,1
4422,68,71.275,74.566,77.458,104.791,103.582,102.056,74.000,97.708,77.000,66.417,after,-1,14,6,1
4423,55,74.438,78.432,83.657,104.835,103.649,102.341,68.000,97.333,85.000,77.639,after,-1,15,7,1
4424,85,86.362,88.082,88.327,104.574,103.401,102.562,55.000,96.083,94.000,91.833,after,-1,16,8,1
4425,96,104.398,110.659,108.388,104.617,103.468,102.848,85.000,95.708,88.000,109.944,after,-1,17,9,1
4426,145,124.290,131.105,122.712,104.907,103.790,103.184,96.000,96.042,128.000,131.361,after,-1,18,10,1
4427,178,150.026,155.365,155.173,105.327,104.247,103.548,145.000,96.750,153.000,148.500,after,-1,19,11,1
4428,157,174.442,175.667,180.132,105.864,104.823,103.936,178.000,97.792,174.000,174.389,after,-1,20,12,1
4429,189,171.574,172.382,171.481,105.791,104.770,104.197,157.000,97.083,152.000,191.778,after,-1,21,13,1
4430,153,181.758,184.187,188.471,106.501,105.527,104.621,189.000,98.625,205.000,190.222,after,-1,22,14,1
4431,181,167.957,165.559,162.067,105.922,104.949,104.776,153.000,96.458,136.000,183.056,after,-1,23,15,1
4432,199,162.731,166.035,168.277,106.748,105.826,105.224,181.000,98.333,93.000,168.806,after,-1,24,16,1
4433,174,153.378,160.115,165.888,108.457,107.617,105.857,199.000,102.750,63.000,158.750,after,-1,25,17,1
4434,127,130.601,133.216,138.795,110.239,109.482,106.506,174.000,107.375,119.000,131.639,other,0,-1,18,1
4435,79,110.463,105.059,106.943,110.529,109.804,106.842,127.000,107.708,113.000,103.944,other,0,-1,19,1
4436,571,97.522,84.939,82.747,110.210,109.497,107.052,79.000,106.292,81.000,92.389,inside,1,0,20,1
4437,490,360.469,322.110,310.753,117.482,117.044,108.846,571.000,126.708,78.000,77.389,inside,1,1,21,1
4438,460,336.929,298.303,239.818,123.625,123.422,110.405,490.000,143.875,65.000,64.944,inside,1,2,22,1
4439,494,326.384,295.932,208.805,129.521,129.545,111.912,460.000,160.333,52.000,62.889,inside,1,3,23,1
4440,63,343.781,308.191,222.570,136.097,136.373,113.562,494.000,178.750,71.000,59.639,after,1,4,0,2
4441,83,60.387,76.228,74.037,135.858,136.186,113.589,63.000,178.417,62.000,64.167,after,1,5,1,2
4442,58,69.734,88.300,77.681,136.039,136.433,113.703,83.000,179.292,66.000,56.194,after,1,6,2,2
4443,49,63.697,75.465,73.323,135.800,136.245,113.730,58.000,178.958,52.000,60.528,after,1,7,3,2
4444,58,63.887,70.722,72.826,135.633,136.132,113.772,49.000,178.833,64.000,62.444,after,1,8,4,2
4445,40,69.072,73.206,76.623,135.423,135.974,113.805,58.000,178.583,74.000,62.833,after,1,9,5,2
4446,79,72.409,68.650,75.841,134.807,135.397,113.753,40.000,177.167,68.000,70.472,after,1,10,6,2
4447,74,86.498,82.367,89.752,134.843,135.494,113.838,79.000,177.625,55.000,78.639,after,1,11,7,2
4448,68,98.806,89.400,95.414,134.995,135.711,113.946,74.000,178.417,85.000,89.639,after,1,12,8,2
4449,105,116.421,105.635,102.246,134.626,135.388,113.946,68.000,177.708,96.000,104.833,after,1,13,9,2
4450,141,136.824,126.293,126.063,134.633,135.456,114.024,105.000,178.083,145.000,127.694,after,1,14,10,2
4451,167,160.705,146.730,153.003,134.451,135.328,114.063,141.000,177.917,178.000,145.361,after,1,15,11,2
4452,170,180.798,164.845,175.098,134.169,135.095,114.081,167.000,177.458,157.000,159.222,after,1,16,12,2
4453,196,182.014,174.206,181.333,134.234,135.222,114.171,170.000,178.000,189.000,182.222,after,1,17,13,2
4454,180,192.564,185.111,193.863,134.212,135.259,114.243,196.000,178.292,153.000,185.000,after,1,18,14,2
4455,159,174.207,176.104,178.394,134.480,135.596,114.376,180.000,179.417,181.000,172.750,after,1,19,15,2
4456,191,158.660,160.861,156.692,134.038,135.199,114.361,159.000,178.500,199.000,158.694,after,1,20,16,2
4457,127,153.121,163.815,160.146,133.799,135.011,114.388,191.000,178.167,174.000,148.139,after,1,21,17,2
4458,107,130.092,127.017,120.304,132.994,134.239,114.296,127.000,176.208,127.000,124.722,after,1,22,18,2
4459,111,114.083,108.536,105.368,132.581,133.871,114.287,107.000,175.375,79.000,108.833,after,1,23,19,2
4460,93,95.233,98.418,101.128,132.922,134.283,114.435,111.000,176.708,571.000,89.361,after,1,24,20,2
4461,68,81.092,82.928,91.470,125.874,127.049,113.040,93.000,156.792,490.000,75.500,after,1,25,21,2
4462,76,70.873,68.250,76.395,119.638,120.655,111.814,68.000,139.208,460.000,67.139,after,1,26,22,2
4463,49,61.854,65.747,68.382,113.952,114.831,110.704,76.000,123.208,494.000,62.722,after,1,27,23,2
4464,69,57.308,55.144,49.091,107.382,108.092,109.409,49.000,104.667,63.000,61.389,other,0,-1,0,3
4465,50,57.553,63.891,62.794,107.141,107.896,109.178,69.000,104.917,83.000,64.194,other,0,-1,1,3
4466,66,55.767,58.377,57.661,106.335,107.115,108.830,50.000,103.542,58.000,65.056,other,0,-1,2,3
4467,59,61.294,65.202,60.664,106.124,106.948,108.605,66.000,103.875,49.000,61.583,other,0,-1,3,3
4468,64,61.870,63.359,60.759,105.941,106.812,108.387,59.000,104.292,58.000,61.250,other,0,-1,4,3
4469,70,65.956,65.967,64.992,105.700,106.615,108.156,64.000,104.542,40.000,63.500,other,0,-1,5,3
4470,50,71.798,69.767,71.598,105.807,106.779,107.998,70.000,105.792,79.000,67.778,other,0,-1,6,3
4471,58,80.223,70.730,73.510,105.059,106.057,107.662,50.000,104.583,74.000,79.889,other,0,-1,7,3
4472,75,95.088,83.177,84.446,104.500,105.531,107.365,58.000,103.917,68.000,92.417,other,0,-1,8,3
4473,108,112.238,102.129,100.558,104.273,105.350,107.137,75.000,104.208,105.000,115.000,other,0,-1,9,3
4474,95,129.972,125.856,124.384,103.989,105.108,106.898,108.000,104.333,141.000,126.583,other,0,-1,10,3
4475,155,146.739,146.675,131.532,102.995,104.132,106.510,95.000,102.417,167.000,145.861,other,0,-1,11,3
4476,162,162.922,166.173,164.247,102.494,103.666,106.225,155.000,101.917,170.000,168.111,other,0,-1,12,3
4477,184,170.168,173.450,171.921,102.050,103.260,105.952,162.000,101.583,196.000,177.472,other,0,-1,13,3
4478,206,175.134,180.633,181.105,101.549,102.793,105.667,184.000,101.083,180.000,176.694,other,0,-1,14,3
4479,149,175.755,186.469,186.612,101.598,102.897,105.497,206.000,102.167,159.000,173.972,other,0,-1,15,3
4480,183,153.794,153.744,151.196,101.125,102.460,105.218,149.000,101.750,191.000,162.111,other,0,-1,16,3
4481,150,141.699,155.692,155.260,100.681,102.054,104.946,183.000,101.417,127.000,150.028,other,0,-1,17,3
4482,95,121.200,128.901,128.379,100.687,102.112,104.767,150.000,102.375,107.000,132.389,other,0,-1,18,3
4483,106,106.429,100.089,96.249,100.185,101.646,104.482,95.000,101.875,111.000,108.528,other,0,-1,19,3
4484,84,86.346,88.839,90.561,99.785,101.284,104.218,106.000,101.667,93.000,100.083,other,0,-1,20,3
4485,81,72.445,72.302,75.800,99.327,100.863,103.942,84.000,101.292,68.000,85.306,other,0,-1,21,3
4486,63,59.386,64.051,68.370,99.188,100.772,103.733,81.000,101.833,76.000,74.778,other,0,-1,22,3
4487,44,51.615,54.034,58.902,98.672,100.290,103.445,63.000,101.292,49.000,70.444,other,0,-1,23,3
4488,42,46.784,46.567,51.281,98.272,99.929,103.181,44.000,101.083,69.000,60.917,other,0,-1,0,4
4489,62,43.365,48.052,47.453,97.595,99.235,102.738,42.000,99.958,50.000,56.972,other,0,-1,1,4
4490,49,48.514,56.655,50.110,97.484,99.125,102.413,62.000,100.458,66.000,51.583,other,0,-1,2,4
4491,56,47.605,52.886,48.135,96.952,98.581,102.001,49.000,99.750,59.000,54.556,other,0,-1,3,4
4492,46,51.973,56.535,51.414,96.623,98.247,101.630,56.000,99.625,64.000,57.139,other,0,-1,4,4
4493,60,52.496,54.117,52.957,96.077,97.687,101.215,46.000,98.875,70.000,54.694,other,0,-1,5,4
4494,74,59.556,61.141,61.851,95.647,97.248,100.823,60.000,98.458,50.000,65.167,other,0,-1,6,4
4495,84,68.919,70.612,74.037,95.710,97.319,100.535,74.000,99.458,58.000,74.667,other,0,-1,7,4
4496,92,81.326,83.052,88.177,95.801,97.419,100.252,84.000,100.542,75.000,86.667,other,0,-1,8,4
4497,107,97.976,100.817,103.916,95.762,97.384,99.943,92.000,101.250,108.000,109.861,other,0,-1,9,4
4498,106,117.305,124.754,123.648,95.462,97.080,99.579,107.000,101.208,95.000,125.222,other,0,-1,10,4
4499,150,135.448,142.143,135.449,95.336,96.956,99.251,106.000,101.667,155.000,147.361,other,0,-1,11,4
4500,156,154.541,165.880,165.003,94.978,96.591,98.874,150.000,101.458,162.000,161.111,other,0,-1,12,4
4501,155,164.871,169.529,172.132,94.606,96.212,98.495,156.000,101.208,184.000,174.694,other,0,-1,13,4
4502,164,167.599,165.267,170.358,93.901,95.488,98.046,155.000,100.000,206.000,178.167,other,0,-1,14,4
4503,165,164.432,162.220,168.155,93.007,94.569,97.558,164.000,98.250,149.000,172.583,other,0,-1,15,4
4504,132,151.870,153.001,158.601,92.953,94.519,97.245,165.000,98.917,183.000,165.472,other,0,-1,16,4
4505,123,130.438,129.860,130.319,91.929,93.465,96.730,132.000,96.792,150.000,138.861,other,0,-1,17,4
4506,120,110.448,113.436,113.543,91.253,92.771,96.287,123.000,95.667,95.000,121.333,other,0,-1,18,4
4507,108,90.250,98.103,100.491,91.330,92.857,96.002,120.000,96.708,106.000,101.944,other,0,-1,19,4
4508,65,72.584,82.063,86.431,91.073,92.597,95.647,108.000,96.792,84.000,84.222,other,0,-1,20,4
4509,70,62.114,61.418,67.102,90.513,92.023,95.228,65.000,96.000,81.000,70.889,other,0,-1,21,4
4510,51,47.967,54.218,62.671,90.068,91.569,94.834,70.000,95.542,63.000,63.889,other,0,-1,22,4
4511,56,40.540,44.747,54.273,89.609,91.099,94.436,51.000,95.042,44.000,57.111,other,0,-1,23,4
4512,32,35.792,44.385,51.927,89.497,90.990,94.111,56.000,95.542,42.000,38.722,other,0,-1,0,5
4513,53,33.011,38.845,31.675,89.324,90.766,93.879,32.000,95.125,62.000,42.139,other,0,-1,1,5
4514,48,40.103,48.447,35.848,89.166,90.556,93.650,53.000,94.750,49.000,43.389,other,0,-1,2,5
4515,26,41.599,48.047,36.617,89.123,90.467,93.446,48.000,94.708,56.000,43.528,other,0,-1,3,5
4516,29,37.855,40.892,34.901,88.661,89.943,93.153,26.000,93.458,46.000,42.111,other,0,-1,4,5
4517,42,41.569,43.412,39.411,88.386,89.613,92.900,29.000,92.750,60.000,43.028,other,0,-1,5,5
4518,46,48.357,50.349,48.244,88.097,89.269,92.644,42.000,92.000,74.000,55.167,other,0,-1,6,5
4519,36,55.821,56.832,56.716,87.664,88.775,92.358,46.000,90.833,84.000,63.917,other,0,-1,7,5
4520,102,68.612,63.734,61.672,86.940,87.981,92.011,36.000,88.833,92.000,81.722,other,0,-1,8,5
4521,92,87.089,99.436,99.968,87.057,88.057,91.839,102.000,89.250,107.000,98.167,other,0,-1,9,5
4522,102,102.901,108.291,105.706,86.812,87.757,91.592,92.000,88.625,106.000,102.556,other,0,-1,10,5
4523,118,121.541,124.589,120.620,86.726,87.623,91.379,102.000,88.458,150.000,122.722,other,0,-1,11,5
4524,179,137.601,139.473,137.240,86.234,87.069,91.080,118.000,87.125,156.000,141.028,other,0,-1,12,5
4525,160,162.328,175.763,180.376,86.539,87.339,90.948,179.000,88.083,155.000,161.333,other,0,-1,13,5
4526,172,158.511,160.779,167.063,86.583,87.340,90.762,160.000,88.292,164.000,179.778,other,0,-1,14,5
4527,163,156.372,160.766,169.074,86.671,87.385,90.584,172.000,88.625,165.000,180.472,other,0,-1,15,5
4528,133,141.548,146.819,152.661,86.614,87.281,90.376,163.000,88.542,132.000,165.833,other,0,-1,16,5
4529,108,121.173,124.038,121.847,86.600,87.221,90.178,133.000,88.583,123.000,148.556,other,0,-1,17,5
4530,106,102.673,103.734,95.546,86.355,86.922,89.931,108.000,87.958,120.000,114.861,other,0,-1,18,5
4531,99,83.348,87.489,81.513,86.124,86.638,89.687,106.000,87.375,108.000,90.528,other,0,-1,19,5
4532,71,65.858,71.868,68.966,85.966,86.428,89.458,99.000,87.000,65.000,74.972,other,0,-1,20,5
4533,50,53.537,55.759,55.135,86.024,86.444,89.274,71.000,87.250,70.000,60.444,other,0,-1,21,5
4534,67,43.495,44.409,46.716,85.707,86.070,89.012,50.000,86.417,51.000,52.389,other,0,-1,22,5
4535,52,36.163,45.701,46.856,85.910,86.235,88.859,67.000,87.083,56.000,44.139,other,0,-1,23,5
4536,27,32.891,41.333,42.159,85.824,86.101,88.645,52.000,86.917,32.000,32.472,other,0,-1,0,6
4537,25,30.789,34.429,31.588,86.002,86.222,88.739,27.000,86.708,53.000,34.500,other,0,-1,1,6
4538,26,32.278,36.061,32.520,85.847,85.999,88.764,25.000,85.542,48.000,33.361,other,0,-1,2,6
4539,33,35.079,38.436,34.952,85.778,85.866,88.808,26.000,84.625,26.000,35.222,other,0,-1,3,6
4540,25,39.803,42.850,39.941,86.130,86.167,88.938,33.000,84.917,29.000,34.028,other,0,-1,4,6
4541,41,39.838,41.476,42.585,86.322,86.304,89.036,25.000,84.750,42.000,36.611,other,0,-1,5,6
4542,33,47.413,50.324,52.657,86.558,86.486,89.143,41.000,84.708,46.000,38.694,other,0,-1,6,6
4543,42,52.087,53.033,56.828,86.620,86.487,89.213,33.000,84.167,36.000,47.194,other,0,-1,7,6
4544,58,64.412,64.967,66.989,86.957,86.774,89.341,42.000,84.417,102.000,59.167,other,0,-1,8,6
4545,85,80.688,81.147,80.645,86.570,86.311,89.317,58.000,82.583,92.000,78.778,other,0,-1,9,6
4546,108,100.061,102.858,100.595,86.719,86.403,89.406,85.000,82.292,102.000,101.278,other,0,-1,10,6
4547,97,120.329,122.735,119.694,87.056,86.689,89.533,108.000,82.542,118.000,121.778,other,0,-1,11,6
4548,108,134.168,124.065,117.756,87.002,86.571,89.580,97.000,81.667,179.000,140.833,other,0,-1,12,6
4549,135,143.927,134.942,126.387,86.224,85.703,89.474,108.000,78.708,160.000,148.472,other,0,-1,13,6
4550,142,150.599,147.964,143.036,86.112,85.525,89.508,135.000,77.667,172.000,156.639,other,0,-1,14,6
4551,139,147.230,147.892,143.740,85.928,85.272,89.527,142.000,76.417,163.000,153.306,other,0,-1,15,6
4552,130,135.815,139.242,134.235,85.830,85.108,89.564,139.000,75.417,133.000,133.083,other,0,-1,16,6
4553,137,119.651,124.679,117.843,86.037,85.260,89.665,130.000,75.292,108.000,123.667,other,0,-1,17,6
4554,69,101.327,110.473,106.941,86.708,85.891,89.862,137.000,76.500,106.000,102.583,other,0,-1,18,6
4555,69,88.620,85.368,67.475,86.422,85.533,89.860,69.000,74.958,99.000,79.889,other,0,-1,19,6
4556,64,71.360,69.781,58.409,86.238,85.280,89.879,69.000,73.708,71.000,59.111,other,0,-1,20,6
4557,43,56.962,57.372,51.035,86.386,85.372,89.967,64.000,73.417,50.000,47.306,other,0,-1,21,6
4558,36,47.518,47.264,43.579,86.535,85.463,90.056,43.000,73.125,67.000,35.306,other,0,-1,22,6
4559,21,40.462,42.387,40.434,86.336,85.195,90.072,36.000,71.833,52.000,32.556,other,0,-1,23,6
4560,55,36.618,38.381,37.066,86.138,84.927,90.088,21.000,70.542,27.000,61.343,other,0,-1,0,0
4561,427,43.866,50.368,47.576,86.883,85.666,90.511,55.000,71.708,25.000,59.743,inside,1,0,1,0
4562,426,371.445,310.823,252.771,93.047,92.012,92.065,427.000,88.458,26.000,61.829,inside,1,1,2,0
4563,413,426.045,313.674,285.486,99.182,98.328,93.614,426.000,105.125,33.000,63.543,inside,1,2,3,0
4564,430,414.416,310.417,297.923,105.027,104.344,95.102,413.000,120.958,25.000,60.000,inside,1,3,4,0
4565,452,387.041,319.233,322.721,111.234,110.735,96.665,430.000,137.833,41.000,77.171,inside,1,4,5,0
4566,79,366.483,330.972,343.516,117.528,117.216,98.247,452.000,154.958,33.000,77.686,after,1,5,6,0
4567,66,72.568,94.496,99.495,118.534,118.225,98.725,79.000,156.875,42.000,91.543,after,1,6,7,0
4568,70,72.768,96.480,99.170,119.222,118.905,99.136,66.000,157.875,58.000,101.114,after,1,7,8,0
4569,77,88.394,110.709,106.125,119.736,119.404,99.510,70.000,158.375,85.000,122.829,after,1,8,9,0
4570,110,107.765,125.741,113.829,119.961,119.604,99.825,77.000,158.042,108.000,137.200,after,1,9,10,0
4571,140,130.212,147.496,133.956,120.330,119.953,100.169,110.000,158.125,97.000,150.314,after,1,10,11,0
4572,158,152.353,165.905,153.045,121.293,120.917,100.637,140.000,159.917,108.000,163.229,after,1,11,12,0
4573,171,166.501,176.490,164.840,122.357,121.986,101.127,158.000,162.000,135.000,172.800,after,1,12,13,0
4574,154,172.418,182.180,172.571,123.219,122.846,101.574,171.000,163.500,142.000,172.257,after,1,13,14,0
4575,149,162.713,170.450,159.974,123.733,123.345,101.949,154.000,164.000,139.000,183.343,after,1,14,15,0
4576,176,151.436,161.306,153.242,124.218,123.814,102.318,149.000,164.417,130.000,162.143,after,1,15,16,0
4577,146,139.827,160.485,164.413,125.225,124.824,102.795,176.000,166.333,137.000,148.800,after,1,16,17,0
4578,144,116.740,133.897,139.081,125.695,125.278,103.161,146.000,166.708,69.000,128.829,after,1,17,18,0
4579,105,98.300,117.103,128.866,127.122,126.722,103.726,144.000,169.833,69.000,110.171,after,1,18,19,0
4580,86,81.293,93.118,102.395,127.984,127.581,104.174,105.000,171.333,64.000,85.143,after,1,19,20,0
4581,72,68.240,78.269,88.842,128.642,128.231,104.579,86.000,172.250,43.000,75.143,after,1,20,21,0
4582,85,58.758,68.620,79.549,129.403,128.985,105.005,72.000,173.458,36.000,65.229,after,1,21,22,0
4583,51,58.537,71.498,81.386,130.453,130.039,105.491,85.000,175.500,21.000,63.543,after,1,22,23,0
4584,52,51.057,60.296,68.986,131.228,130.808,105.921,51.000,176.750,55.000,61.694,after,1,23,0,1
4585,66,52.978,59.510,69.446,131.358,130.965,106.224,52.000,176.625,427.000,62.000,after,1,24,1,1
4586,66,63.761,66.324,67.433,126.302,125.755,105.444,66.000,161.583,426.000,62.222,after,1,25,2,1
4587,72,68.629,67.621,64.356,121.261,120.561,104.667,66.000,146.583,413.000,61.389,after,1,26,3,1
4588,71,74.915,71.168,66.078,116.496,115.650,103.948,72.000,132.375,430.000,63.583,after,1,27,4,1
4589,60,72.414,71.478,68.504,111.469,110.471,103.174,71.000,117.417,452.000,65.139,after,1,28,5,1
4590,69,66.639,69.299,70.639,105.964,104.796,102.301,60.000,101.083,79.000,66.417,other,0,-1,6,1
4591,72,74.695,78.517,81.594,105.993,104.848,102.583,69.000,100.667,66.000,77.639,other,0,-1,7,1
4592,95,86.888,91.034,92.344,106.254,105.140,102.913,72.000,100.917,70.000,91.833,other,0,-1,8,1
4593,107,106.258,112.526,111.548,106.790,105.717,103.301,95.000,101.958,77.000,109.944,other,0,-1,9,1
4594,144,126.376,132.816,127.451,107.399,106.368,103.704,107.000,103.208,110.000,131.361,other,0,-1,10,1
4595,163,151.717,155.231,155.076,108.065,107.080,104.120,144.000,104.625,140.000,148.500,other,0,-1,11,1
4596,158,169.652,170.236,172.491,108.572,107.627,104.501,163.000,105.583,158.000,174.389,other,0,-1,12,1
4597,125,173.560,172.834,172.902,108.746,107.828,104.814,158.000,105.583,171.000,191.778,other,0,-1,13,1
4598,199,168.355,163.401,153.372,108.254,107.341,104.987,125.000,103.667,154.000,190.222,other,0,-1,14,1
4599,191,181.536,184.123,188.954,109.080,108.217,105.435,199.000,105.542,149.000,183.056,other,0,-1,15,1
4600,150,167.136,170.501,174.031,109.862,109.049,105.875,191.000,107.292,176.000,168.806,other,0,-1,16,1
4601,116,145.651,142.892,139.624,109.659,108.861,106.109,150.000,106.208,146.000,158.750,other,0,-1,17,1
4602,138,129.339,120.920,113.013,109.399,108.613,106.330,116.000,104.958,144.000,131.639,other,0,-1,18,1
4603,115,109.668,108.157,112.602,109.486,108.725,106.624,138.000,104.708,105.000,103.944,other,0,-1,19,1
4604,103,93.159,89.889,95.569,109.805,109.077,106.967,115.000,105.125,86.000,92.389,other,0,-1,20,1
4605,91,79.412,77.894,84.200,110.225,109.534,107.331,103.000,105.833,72.000,77.389,other,0,-1,21,1
4606,66,69.878,70.390,73.653,110.674,110.020,107.700,91.000,106.625,85.000,64.944,other,0,-1,22,1
4607,50,63.157,62.436,60.501,110.573,109.937,107.955,66.000,105.833,51.000,62.889,other,0,-1,23,1
4608,57,59.334,58.371,52.431,110.732,110.124,108.265,50.000,105.792,52.000,59.639,other,0,-1,0,2
4609,69,59.120,61.264,56.515,110.681,110.131,108.331,57.000,106.000,66.000,64.167,other,0,-1,1,2
4610,51,63.913,66.921,57.653,110.601,110.109,108.391,69.000,106.125,66.000,56.194,other,0,-1,2,2
4611,52,61.481,61.647,54.529,110.261,109.816,108.397,51.000,105.500,72.000,60.528,other,0,-1,3,2
4612,60,64.005,62.938,56.557,109.848,109.448,108.387,52.000,104.667,71.000,62.444,other,0,-1,4,2
4613,59,68.582,66.662,61.755,109.565,109.216,108.405,60.000,104.208,60.000,62.833,other,0,-1,5,2
4614,59,73.032,68.907,67.011,109.427,109.133,108.453,59.000,104.167,69.000,70.472,other,0,-1,6,2
4615,81,82.219,74.879,74.311,109.159,108.915,108.474,59.000,103.750,72.000,78.639,other,0,-1,7,2
4616,82,96.894,88.757,89.935,109.166,108.982,108.552,81.000,104.125,95.000,89.639,other,0,-1,8,2
4617,124,114.475,105.024,101.399,108.855,108.720,108.564,82.000,103.583,107.000,104.833,other,0,-1,9,2
4618,117,135.070,126.663,129.468,108.978,108.907,108.666,124.000,104.292,144.000,127.694,other,0,-1,10,2
4619,147,150.119,145.811,138.191,108.463,108.434,108.636,117.000,103.167,163.000,145.361,other,0,-1,11,2
4620,163,164.764,161.777,160.433,108.108,108.126,108.638,147.000,102.500,158.000,159.222,other,0,-1,12,2
4621,170,172.335,172.382,172.476,108.057,108.134,108.705,163.000,102.708,125.000,182.222,other,0,-1,13,2
4622,224,172.452,175.964,175.026,108.586,108.740,108.892,170.000,104.583,199.000,185.000,other,0,-1,14,2
4623,177,185.593,196.483,196.868,108.825,109.047,109.019,224.000,105.625,191.000,172.750,other,0,-1,15,2
4624,134,159.235,166.619,161.936,108.499,108.770,109.027,177.000,105.042,150.000,158.694,other,0,-1,16,2
4625,147,145.035,141.647,129.607,108.144,108.462,109.030,134.000,104.375,116.000,148.139,other,0,-1,17,2
4626,107,128.984,130.604,123.761,108.469,108.859,109.175,147.000,105.667,138.000,124.722,other,0,-1,18,2
4627,130,113.923,106.218,97.902,107.897,108.326,109.132,107.000,104.375,115.000,108.833,other,0,-1,19,2
4628,88,93.308,98.531,97.803,107.991,108.484,109.229,130.000,105.000,103.000,89.361,other,0,-1,20,2
4629,53,81.293,76.900,75.735,107.650,108.191,109.234,88.000,104.375,91.000,75.500,other,0,-1,21,2
4630,63,72.277,62.687,59.410,106.977,107.553,109.170,53.000,102.792,66.000,67.139,other,0,-1,22,2
4631,74,61.652,59.693,56.014,106.810,107.441,109.212,63.000,102.667,50.000,62.722,other,0,-1,23,2
4632,58,58.657,62.171,53.853,107.034,107.733,109.336,74.000,103.667,57.000,61.389,other,0,-1,0,3
4633,63,55.769,59.840,60.083,106.721,107.461,109.090,58.000,103.708,69.000,64.194,other,0,-1,1,3
4634,83,58.039,62.801,59.635,106.307,107.085,108.824,63.000,103.458,51.000,65.056,other,0,-1,2,3
4635,59,67.618,72.401,63.762,106.442,107.278,108.672,83.000,104.792,52.000,61.583,other,0,-1,3,3
4636,53,61.916,63.282,60.441,106.216,107.097,108.444,59.000,105.083,60.000,61.250,other,0,-1,4,3
4637,54,63.918,62.389,62.335,105.787,106.705,108.174,53.000,104.792,59.000,63.500,other,0,-1,5,3
4638,60,69.802,65.310,67.481,105.387,106.344,107.911,54.000,104.583,59.000,67.778,other,0,-1,6,3
4639,85,79.916,72.315,75.935,105.074,106.072,107.665,60.000,104.625,81.000,79.889,other,0,-1,7,3
4640,87,94.223,86.658,92.431,104.804,105.846,107.428,85.000,104.792,82.000,92.417,other,0,-1,8,3
4641,104,111.619,102.687,104.488,104.549,105.634,107.195,87.000,105.000,124.000,115.000,other,0,-1,9,3
4642,133,130.131,125.473,122.893,103.931,105.048,106.886,104.000,104.167,117.000,126.583,other,0,-1,10,3
4643,156,147.999,148.532,145.831,103.835,105.002,106.686,133.000,104.833,147.000,145.861,other,0,-1,11,3
4644,145,162.945,166.418,164.323,103.638,104.850,106.464,156.000,105.208,163.000,168.111,other,0,-1,12,3
4645,175,167.458,168.663,164.383,103.050,104.294,106.161,145.000,104.458,170.000,177.472,other,0,-1,13,3
4646,188,172.804,177.065,176.788,102.794,104.082,105.927,175.000,104.667,224.000,176.694,other,0,-1,14,3
4647,140,169.816,177.291,177.228,101.945,103.256,105.570,188.000,103.167,177.000,173.972,other,0,-1,15,3
4648,179,152.688,151.162,146.514,101.082,102.415,105.209,140.000,101.625,134.000,162.111,other,0,-1,16,3
4649,148,141.085,153.876,153.296,101.406,102.803,105.097,179.000,103.500,147.000,150.028,other,0,-1,17,3
4650,127,120.971,128.588,127.723,101.093,102.532,104.851,148.000,103.542,107.000,132.389,other,0,-1,18,3
4651,114,102.741,108.350,108.174,101.055,102.545,104.663,127.000,104.375,130.000,108.528,other,0,-1,19,3
4652,97,85.325,92.223,93.739,100.495,102.019,104.366,114.000,103.708,88.000,100.083,other,0,-1,20,3
4653,84,70.840,77.142,80.001,100.298,101.868,104.145,97.000,104.083,53.000,85.306,other,0,-1,21,3
4654,77,59.301,66.174,69.613,100.419,102.046,103.990,84.000,105.375,63.000,74.778,other,0,-1,22,3
4655,54,51.386,59.710,62.461,100.294,101.969,103.783,77.000,105.958,74.000,70.444,other,0,-1,23,3
4656,64,46.845,50.288,53.462,99.677,101.383,103.474,54.000,105.125,58.000,60.917,other,0,-1,0,4
4657,49,46.946,57.076,51.647,99.478,101.184,103.131,64.000,105.375,63.000,56.972,other,0,-1,1,4
4658,54,45.734,52.802,47.934,98.990,100.684,102.728,49.000,104.792,83.000,51.583,other,0,-1,2,4
4659,60,49.230,55.851,49.223,98.285,99.960,102.279,54.000,103.583,59.000,54.556,other,0,-1,3,4
4660,72,53.470,59.043,52.424,98.014,99.686,101.921,60.000,103.625,53.000,57.139,other,0,-1,4,4
4661,46,59.887,64.668,59.111,98.004,99.681,101.617,72.000,104.417,54.000,54.694,other,0,-1,5,4
4662,64,57.923,57.504,58.634,97.603,99.272,101.232,46.000,104.083,60.000,65.167,other,0,-1,6,4
4663,74,67.766,67.888,71.241,97.375,99.043,100.883,64.000,104.250,85.000,74.667,other,0,-1,7,4
4664,96,80.711,80.376,84.752,96.931,98.588,100.488,74.000,103.792,87.000,86.667,other,0,-1,8,4
4665,95,97.914,101.828,105.502,96.776,98.434,100.155,96.000,104.167,104.000,109.861,other,0,-1,9,4
4666,100,116.932,121.627,118.440,96.360,98.009,99.766,95.000,103.792,133.000,125.222,other,0,-1,10,4
4667,138,134.801,140.459,132.878,95.597,97.225,99.305,100.000,102.417,156.000,147.361,other,0,-1,11,4
4668,143,152.319,160.714,159.372,95.051,96.666,98.890,138.000,101.667,145.000,161.111,other,0,-1,12,4
4669,158,162.224,163.791,166.021,94.736,96.347,98.522,143.000,101.583,175.000,174.694,other,0,-1,13,4
4670,212,167.896,166.282,171.978,94.205,95.803,98.110,158.000,100.875,188.000,178.167,other,0,-1,14,4
4671,167,180.151,188.392,193.593,94.267,95.873,97.821,212.000,101.875,140.000,172.583,other,0,-1,15,4
4672,135,152.449,153.805,160.409,94.373,95.988,97.542,167.000,103.000,179.000,165.472,other,0,-1,16,4
4673,151,130.339,130.501,132.063,93.450,95.039,97.048,135.000,101.167,148.000,138.861,other,0,-1,17,4
4674,130,109.599,121.472,125.177,93.208,94.795,96.696,151.000,101.292,127.000,121.333,other,0,-1,18,4
4675,82,89.041,100.591,103.643,92.966,94.551,96.344,130.000,101.417,114.000,101.944,other,0,-1,19,4
4676,93,75.289,75.608,77.787,92.218,93.781,95.886,82.000,100.083,97.000,84.222,other,0,-1,20,4
4677,69,57.544,67.143,73.075,91.874,93.432,95.512,93.000,99.917,84.000,70.889,other,0,-1,21,4
4678,82,47.346,53.245,61.145,91.372,92.918,95.106,69.000,99.292,77.000,63.889,other,0,-1,22,4
4679,48,39.970,53.948,59.248,91.159,92.703,94.760,82.000,99.500,54.000,57.111,other,0,-1,23,4
4680,29,34.982,41.328,49.104,90.787,92.324,94.381,48.000,99.250,64.000,38.722,other,0,-1,0,5
4681,43,31.999,37.113,30.377,90.251,91.725,94.073,29.000,97.792,49.000,42.139,other,0,-1,1,5
4682,42,36.504,43.638,33.141,90.136,91.561,93.853,43.000,97.542,54.000,43.389,other,0,-1,2,5
4683,46,39.114,44.904,34.582,89.935,91.306,93.615,42.000,97.042,60.000,43.528,other,0,-1,3,5
4684,43,43.205,47.751,38.361,89.704,91.022,93.371,46.000,96.458,72.000,42.111,other,0,-1,4,5
4685,47,44.639,47.749,42.114,89.255,90.513,93.082,43.000,95.250,46.000,43.028,other,0,-1,5,5
4686,50,49.149,51.639,49.224,89.242,90.453,92.883,47.000,95.292,64.000,55.167,other,0,-1,6,5
4687,38,55.952,57.723,57.796,89.011,90.169,92.639,50.000,94.708,74.000,63.917,other,0,-1,7,5
4688,89,67.915,63.898,62.384,88.461,89.555,92.329,38.000,93.208,96.000,81.722,other,0,-1,8,5
4689,85,84.980,93.119,93.710,88.332,89.376,92.106,89.000,92.917,95.000,98.167,other,0,-1,9,5
4690,109,102.600,105.301,102.530,88.159,89.151,91.874,85.000,92.500,100.000,102.556,other,0,-1,10,5
4691,142,122.113,127.837,125.301,88.261,89.212,91.699,109.000,92.875,138.000,122.722,other,0,-1,11,5
4692,119,142.126,152.029,152.961,88.291,89.197,91.510,142.000,93.042,143.000,141.028,other,0,-1,12,5
4693,135,148.090,143.356,142.591,87.915,88.763,91.235,119.000,92.042,158.000,161.333,other,0,-1,13,5
4694,142,153.784,149.428,151.960,87.554,88.344,90.964,135.000,91.083,212.000,179.778,other,0,-1,14,5
4695,186,149.920,147.845,150.521,86.512,87.220,90.551,142.000,88.167,167.000,180.472,other,0,-1,15,5
4696,133,145.790,158.218,166.473,86.759,87.431,90.407,186.000,88.958,135.000,165.833,other,0,-1,16,5
4697,141,119.236,124.798,121.729,86.702,87.326,90.199,133.000,88.875,151.000,148.556,other,0,-1,17,5
4698,103,99.473,112.116,109.408,86.529,87.102,89.967,141.000,88.458,130.000,114.861,other,0,-1,18,5
4699,94,82.065,88.107,79.857,86.110,86.623,89.684,103.000,87.333,82.000,90.528,other,0,-1,19,5
4700,101,65.217,72.177,66.540,86.255,86.728,89.518,94.000,87.833,93.000,74.972,other,0,-1,20,5
4701,46,50.639,63.680,60.870,86.343,86.774,89.341,101.000,88.167,69.000,60.444,other,0,-1,21,5
4702,44,43.282,45.005,44.295,85.982,86.354,89.069,46.000,87.208,82.000,52.389,other,0,-1,22,5
4703,40,35.178,40.318,40.815,85.403,85.710,88.753,44.000,85.625,48.000,44.139,other,0,-1,23,5
4704,26,31.414,38.513,38.004,85.259,85.516,88.527,40.000,85.292,29.000,32.472,other,0,-1,0,6
4705,33,30.359,35.200,29.436,85.466,85.668,88.628,26.000,85.167,43.000,34.500,other,0,-1,1,6
4706,31,34.047,40.060,32.188,85.571,85.714,88.707,33.000,84.750,42.000,33.361,other,0,-1,2,6
4707,25,36.290,41.389,34.321,85.662,85.746,88.783,31.000,84.292,46.000,35.222,other,0,-1,3,6
4708,30,36.932,40.604,36.581,85.608,85.628,88.829,25.000,83.417,43.000,34.028,other,0,-1,4,6
4709,25,40.828,44.144,42.469,85.670,85.629,88.900,30.000,82.875,47.000,36.611,other,0,-1,5,6
4710,32,43.420,45.440,46.919,85.602,85.496,88.943,25.000,81.958,50.000,38.694,other,0,-1,6,6
4711,46,51.429,53.403,55.610,85.591,85.423,88.998,32.000,81.208,38.000,47.194,other,0,-1,7,6
4712,73,63.779,66.795,67.853,85.958,85.740,89.132,46.000,81.542,89.000,59.167,other,0,-1,8,6
4713,84,80.680,87.640,87.005,85.976,85.696,89.193,73.000,80.875,85.000,78.778,other,0,-1,9,6
4714,99,99.136,103.041,100.048,86.212,85.878,89.300,84.000,80.833,109.000,101.278,other,0,-1,10,6
4715,119,118.077,118.591,114.647,86.317,85.924,89.379,99.000,80.417,142.000,121.778,other,0,-1,11,6
4716,130,135.142,134.976,131.319,86.234,85.776,89.419,119.000,79.458,119.000,140.833,other,0,-1,12,6
4717,133,146.686,144.391,140.699,86.644,86.138,89.562,130.000,79.917,135.000,148.472,other,0,-1,13,6
4718,140,150.423,147.026,142.071,86.865,86.304,89.666,133.000,79.833,142.000,156.639,other,0,-1,14,6
4719,134,147.466,146.787,142.747,87.087,86.471,89.769,140.000,79.750,186.000,153.306,other,0,-1,15,6
4720,126,135.983,137.483,131.258,86.584,85.888,89.722,134.000,77.583,133.000,133.083,other,0,-1,16,6
4721,120,120.276,123.484,115.627,86.733,85.980,89.810,126.000,77.292,141.000,123.667,other,0,-1,17,6
4722,99,102.742,106.980,99.076,86.679,85.861,89.856,120.000,76.417,103.000,102.583,other,0,-1,18,6
4723,81,86.127,87.628,77.201,86.871,85.998,89.954,99.000,76.250,94.000,79.889,other,0,-1,19,6
4724,89,70.878,70.851,61.491,86.933,86.000,90.024,81.000,75.708,101.000,59.111,other,0,-1,20,6
4725,48,56.273,61.515,56.661,87.009,86.016,90.097,89.000,75.208,46.000,47.306,other,0,-1,21,6
4726,34,47.996,48.474,44.751,87.289,86.243,90.213,48.000,75.292,44.000,35.306,other,0,-1,22,6
4727,37,41.218,42.686,40.602,87.394,86.290,90.293,34.000,74.875,40.000,32.556,other,0,-1,23,6
4728,65,38.333,43.182,40.314,87.601,86.441,90.393,37.000,74.750,26.000,61.343,other,0,-1,0,0
4729,47,48.047,56.110,50.432,88.506,87.345,90.850,65.000,76.375,33.000,59.743,other,0,-1,1,0
4730,72,45.099,52.393,47.791,89.049,87.875,91.230,47.000,76.958,31.000,61.829,other,0,-1,2,0
4731,59,61.452,68.859,56.416,89.983,88.809,91.693,72.000,78.667,25.000,63.543,other,0,-1,3,0
4732,77,56.267,63.574,57.527,90.816,89.638,92.134,59.000,80.083,30.000,60.000,other,0,-1,4,0
4733,67,67.444,75.398,68.497,91.837,90.662,92.615,77.000,82.042,25.000,77.171,other,0,-1,5,0
4734,64,61.187,71.937,72.647,92.785,91.612,93.080,67.000,83.792,32.000,77.686,other,0,-1,6,0
4735,77,62.850,75.952,79.611,93.589,92.411,93.515,64.000,85.125,46.000,91.543,other,0,-1,7,0
4736,102,74.862,91.590,92.943,94.378,93.195,93.947,77.000,86.417,73.000,101.114,other,0,-1,8,0
4737,131,95.115,115.747,112.581,95.139,93.949,94.374,102.000,87.625,84.000,122.829,other,0,-1,9,0
4738,130,121.591,142.269,135.818,96.160,94.974,94.854,131.000,89.583,99.000,137.200,other,0,-1,10,0
4739,105,135.671,149.788,142.389,96.949,95.758,95.286,130.000,90.875,119.000,150.314,other,0,-1,11,0
4740,183,144.587,145.460,133.145,97.086,95.867,95.582,105.000,90.292,130.000,163.229,other,0,-1,12,0
4741,189,177.715,182.862,181.935,98.194,96.982,96.081,183.000,92.500,133.000,172.800,other,0,-1,13,0
4742,180,179.678,182.741,184.885,99.346,98.141,96.589,189.000,94.833,140.000,172.257,other,0,-1,14,0
4743,214,169.438,170.956,174.399,100.265,99.060,97.048,180.000,96.500,134.000,183.343,other,0,-1,15,0
4744,150,172.857,177.578,188.766,101.765,100.579,97.629,214.000,99.833,126.000,162.143,other,0,-1,16,0
4745,150,136.821,134.915,137.760,102.452,101.258,98.040,150.000,100.833,120.000,148.800,other,0,-1,17,0
4746,123,118.186,117.905,125.422,103.227,102.027,98.469,150.000,102.083,99.000,128.829,other,0,-1,18,0
4747,95,99.103,95.937,101.018,103.915,102.707,98.880,123.000,103.083,81.000,110.171,other,0,-1,19,0
4748,709,83.370,77.946,81.467,104.458,103.236,99.261,95.000,103.667,89.000,85.143,inside,1,0,20,0
4749,489,371.218,281.306,381.167,113.780,112.850,101.475,709.000,129.500,48.000,75.143,inside,1,1,21,0
4750,456,330.552,274.365,219.481,120.508,119.780,103.147,489.000,147.875,34.000,65.229,inside,1,2,22,0
4751,461,319.349,287.528,188.348,126.962,126.426,104.762,456.000,165.458,37.000,63.543,inside,1,3,23,0
4752,440,325.041,298.871,193.722,133.444,133.102,106.383,461.000,183.125,65.000,61.694,inside,1,4,0,1
4753,51,339.144,290.783,197.993,139.050,138.925,107.830,440.000,198.750,47.000,62.000,after,1,5,1,1
4754,60,55.838,79.600,90.824,139.282,139.187,108.155,51.000,198.917,72.000,62.222,after,1,6,2,1
4755,65,62.312,85.239,93.252,139.282,139.209,108.431,60.000,198.417,59.000,61.389,after,1,7,3,1
4756,61,66.872,86.475,95.620,139.543,139.501,108.761,65.000,198.667,77.000,63.583,after,1,8,4,1
4757,69,66.296,81.515,96.825,139.485,139.463,109.025,61.000,198.000,67.000,65.139,after,1,9,5,1
4758,25,71.534,84.033,101.289,139.688,139.695,109.343,69.000,198.083,64.000,66.417,inside,-1,0,6,1
4759,20,73.417,73.406,94.204,139.297,139.312,109.538,25.000,196.458,77.000,77.639,inside,-1,1,7,1
4760,38,89.535,86.160,96.096,138.645,138.660,109.678,20.000,194.083,102.000,91.833,inside,-1,2,8,1
4761,55,106.565,106.853,105.290,137.892,137.902,109.796,38.000,191.417,131.000,109.944,inside,-1,3,9,1
4762,159,124.709,127.908,116.324,136.965,136.965,109.879,55.000,188.250,130.000,131.361,after,-1,4,10,1
4763,172,174.330,160.833,170.757,137.559,137.601,110.279,159.000,189.458,105.000,148.500,after,-1,5,11,1
4764,187,189.129,174.161,185.380,138.704,138.808,110.794,172.000,192.250,183.000,174.389,after,-1,6,12,1
4765,173,201.254,184.607,197.667,138.936,139.069,111.118,187.000,192.417,189.000,191.778,after,-1,7,13,1
4766,161,184.221,177.884,187.522,138.878,139.031,111.382,173.000,191.750,180.000,190.222,after,-1,8,14,1
4767,167,171.990,168.251,174.108,138.776,138.949,111.637,161.000,190.958,214.000,183.056,after,-1,9,15,1
4768,156,162.764,161.721,167.631,138.270,138.446,111.807,167.000,189.000,150.000,168.806,after,-1,10,16,1
4769,141,146.301,145.481,151.185,138.530,138.738,112.138,156.000,189.250,150.000,158.750,after,-1,11,17,1
4770,190,128.138,126.716,135.422,138.574,138.805,112.423,141.000,188.875,123.000,131.639,after,-1,12,18,1
4771,82,123.380,137.002,145.932,139.718,140.011,112.938,190.000,191.667,95.000,103.944,after,-1,13,19,1
4772,103,96.713,88.009,106.805,139.704,140.018,113.211,82.000,191.125,709.000,92.389,after,-1,14,20,1
4773,85,79.249,82.128,113.571,131.099,131.135,111.690,103.000,165.875,489.000,77.389,after,-1,15,21,1
4774,55,69.428,71.910,101.946,125.421,125.281,110.780,85.000,149.042,456.000,64.944,after,-1,16,22,1
4775,70,62.754,61.389,78.744,119.786,119.472,109.879,55.000,132.333,461.000,62.889,after,-1,17,23,1
4776,80,61.780,66.067,63.887,114.296,113.812,109.009,70.000,116.042,440.000,59.639,after,-1,18,0,2
4777,62,63.401,69.767,59.989,108.957,108.347,107.971,80.000,101.042,51.000,64.167,after,-1,19,1,2
4778,47,61.061,64.483,55.269,108.994,108.445,108.055,62.000,101.500,60.000,56.194,after,-1,20,2,2
4779,67,59.940,60.504,52.852,108.682,108.182,108.067,47.000,100.958,65.000,60.528,after,-1,21,3,2
4780,56,67.455,68.275,58.557,108.588,108.144,108.124,67.000,101.042,61.000,62.444,after,-1,22,4,2
4781,68,67.085,65.376,60.066,108.392,108.001,108.160,56.000,100.833,69.000,62.833,after,-1,23,5,2
4782,58,74.031,71.152,68.325,108.254,107.919,108.208,68.000,100.792,25.000,70.472,after,-1,24,6,2
4783,82,82.093,74.427,73.567,108.609,108.345,108.359,58.000,102.167,20.000,78.639,after,-1,25,7,2
4784,94,96.995,88.759,90.045,109.384,109.207,108.598,82.000,104.750,38.000,89.639,after,-1,26,8,2
4785,102,114.652,105.581,105.642,110.072,109.979,108.818,94.000,107.083,55.000,104.833,after,-1,27,9,2
4786,122,133.282,126.186,120.883,110.629,110.616,109.011,102.000,109.042,159.000,127.694,other,0,-1,10,2
4787,136,150.564,145.988,140.547,109.970,109.993,108.950,122.000,107.500,172.000,145.361,other,0,-1,11,2
4788,189,163.141,160.705,155.574,109.325,109.386,108.893,136.000,106.000,187.000,159.222,other,0,-1,12,2
4789,167,180.909,179.732,185.605,109.231,109.348,108.950,189.000,106.083,173.000,182.222,other,0,-1,13,2
4790,199,171.976,174.980,173.579,109.021,109.190,108.983,167.000,105.833,161.000,185.000,other,0,-1,14,2
4791,144,174.723,183.694,183.734,109.448,109.692,109.149,199.000,107.417,167.000,172.750,other,0,-1,15,2
4792,172,156.127,156.112,145.986,108.991,109.279,109.130,144.000,106.458,156.000,158.694,other,0,-1,16,2
4793,154,145.877,153.307,147.297,109.100,109.451,109.230,172.000,107.125,141.000,148.139,other,0,-1,17,2
4794,105,128.773,133.055,126.772,109.165,109.579,109.320,154.000,107.667,190.000,124.722,other,0,-1,18,2
4795,125,114.131,106.109,97.352,107.810,108.237,109.114,105.000,104.125,82.000,108.833,other,0,-1,19,2
4796,79,93.529,97.179,96.030,108.310,108.813,109.295,125.000,105.917,103.000,89.361,other,0,-1,20,2
4797,52,82.519,75.618,73.012,107.839,108.386,109.274,79.000,104.917,85.000,75.500,other,0,-1,21,2
4798,63,72.499,62.988,59.011,107.237,107.823,109.225,52.000,103.542,55.000,67.139,other,0,-1,22,2
4799,54,61.606,60.219,55.939,107.230,107.875,109.300,63.000,103.875,70.000,62.722,other,0,-1,23,2
4800,51,56.944,56.554,49.271,106.875,107.568,109.303,54.000,103.208,80.000,61.389,other,0,-1,0,3
4801,79,55.019,57.898,58.491,106.127,106.847,108.966,51.000,102.000,62.000,64.194,other,0,-1,1,3
4802,76,62.697,69.502,62.575,106.046,106.815,108.769,79.000,102.708,47.000,65.056,other,0,-1,2,3
4803,63,64.788,69.434,62.057,106.138,106.963,108.608,76.000,103.917,67.000,61.583,other,0,-1,3,3
4804,54,62.926,64.887,60.977,105.753,106.617,108.347,63.000,103.750,56.000,61.250,other,0,-1,4,3
4805,65,64.000,62.813,62.302,105.396,106.301,108.093,54.000,103.667,68.000,63.500,other,0,-1,5,3
4806,81,70.878,68.272,69.899,105.025,105.969,107.835,65.000,103.542,58.000,67.778,other,0,-1,6,3
4807,83,81.270,77.109,81.546,105.030,106.027,107.656,81.000,104.500,82.000,79.889,other,0,-1,7,3
4808,96,94.022,86.270,91.766,104.717,105.756,107.410,83.000,104.542,94.000,92.417,other,0,-1,8,3
4809,105,111.335,103.458,107.477,104.418,105.500,107.168,96.000,104.625,102.000,115.000,other,0,-1,9,3
4810,109,129.962,125.378,123.135,104.134,105.258,106.928,105.000,104.750,122.000,126.583,other,0,-1,10,3
4811,131,146.626,146.550,136.405,103.618,104.777,106.640,109.000,104.208,136.000,145.861,other,0,-1,11,3
4812,145,159.718,161.273,153.935,103.218,104.415,106.376,131.000,104.000,189.000,168.111,other,0,-1,12,3
4813,194,167.371,168.013,164.024,102.253,103.469,105.995,145.000,102.167,167.000,177.472,other,0,-1,13,3
4814,184,178.412,184.632,185.074,102.316,103.588,105.828,194.000,103.292,199.000,176.694,other,0,-1,14,3
4815,206,169.152,175.269,175.355,101.771,103.076,105.534,184.000,102.667,144.000,173.972,other,0,-1,15,3
4816,133,164.185,178.386,177.732,102.342,103.719,105.473,206.000,105.250,172.000,162.111,other,0,-1,16,3
4817,146,138.932,137.617,132.998,101.449,102.848,105.106,133.000,103.625,154.000,150.028,other,0,-1,17,3
4818,132,121.120,127.825,126.796,101.006,102.442,104.833,146.000,103.292,105.000,132.389,other,0,-1,18,3
4819,101,102.281,109.818,109.813,101.069,102.560,104.666,132.000,104.417,125.000,108.528,other,0,-1,19,3
4820,92,86.663,87.913,88.967,100.394,101.914,104.345,101.000,103.417,79.000,100.083,other,0,-1,20,3
4821,115,71.073,74.933,77.973,100.254,101.823,104.136,92.000,103.958,52.000,85.306,other,0,-1,21,3
4822,56,58.963,79.169,77.390,100.839,102.481,104.077,115.000,106.583,63.000,74.778,other,0,-1,22,3
4823,78,51.867,52.636,57.256,100.410,102.089,103.808,56.000,106.292,54.000,70.444,other,0,-1,23,3
4824,70,48.205,57.501,57.953,100.430,102.163,103.632,78.000,107.292,51.000,60.917,other,0,-1,0,4
4825,74,48.173,58.911,52.427,100.420,102.158,103.328,70.000,108.083,79.000,56.972,other,0,-1,1,4
4826,62,52.924,62.556,52.380,100.062,101.794,102.952,74.000,107.875,76.000,51.583,other,0,-1,2,4
4827,69,51.710,58.618,50.626,99.574,101.294,102.548,62.000,107.292,63.000,54.556,other,0,-1,3,4
4828,50,56.978,62.500,54.255,99.376,101.095,102.205,69.000,107.542,54.000,57.139,other,0,-1,4,4
4829,74,53.442,55.831,54.015,99.033,100.746,101.832,50.000,107.375,65.000,54.694,other,0,-1,5,4
4830,56,63.374,66.614,65.811,98.878,100.591,101.498,74.000,107.750,81.000,65.167,other,0,-1,6,4
4831,68,67.307,65.630,68.938,98.230,99.927,101.061,56.000,106.708,83.000,74.667,other,0,-1,7,4
4832,88,80.758,78.891,82.763,97.727,99.413,100.655,68.000,106.083,96.000,86.667,other,0,-1,8,4
4833,99,97.895,99.747,102.420,97.326,99.003,100.269,88.000,105.750,105.000,109.861,other,0,-1,9,4
4834,116,117.080,122.597,120.340,96.954,98.624,99.890,99.000,105.500,109.000,125.222,other,0,-1,10,4
4835,153,135.828,144.664,140.186,96.770,98.440,99.550,116.000,105.792,131.000,147.361,other,0,-1,11,4
4836,146,155.415,167.108,166.725,96.803,98.480,99.256,153.000,106.708,145.000,161.111,other,0,-1,12,4
4837,196,163.180,165.327,167.622,96.533,98.206,98.898,146.000,106.750,194.000,174.694,other,0,-1,13,4
4838,178,179.237,186.367,191.507,96.276,97.946,98.542,196.000,106.833,184.000,178.167,other,0,-1,14,4
4839,188,167.964,168.880,176.111,95.904,97.567,98.163,178.000,106.583,206.000,172.583,other,0,-1,15,4
4840,162,156.692,163.778,170.563,95.358,97.008,97.748,188.000,105.833,133.000,165.472,other,0,-1,16,4
4841,142,132.628,139.418,144.647,95.493,97.153,97.474,162.000,107.042,146.000,138.861,other,0,-1,17,4
4842,136,110.123,118.274,121.602,95.149,96.804,97.101,142.000,106.875,132.000,121.333,other,0,-1,18,4
4843,111,89.371,102.414,106.190,94.922,96.574,96.752,136.000,107.042,101.000,101.944,other,0,-1,19,4
4844,99,72.360,82.260,86.742,94.782,96.435,96.421,111.000,107.458,92.000,84.222,other,0,-1,20,4
4845,68,57.656,69.113,74.968,94.598,96.250,96.081,99.000,107.750,115.000,70.889,other,0,-1,21,4
4846,59,48.118,52.973,61.230,93.632,95.256,95.578,68.000,105.792,56.000,63.889,other,0,-1,22,4
4847,60,40.079,46.306,54.822,93.390,95.012,95.226,59.000,105.917,78.000,57.111,other,0,-1,23,4
4848,42,36.142,45.184,51.585,92.844,94.453,94.810,60.000,105.167,70.000,38.722,other,0,-1,0,5
4849,56,34.468,41.465,32.586,92.410,93.959,94.524,42.000,104.000,74.000,42.139,other,0,-1,1,5
4850,43,41.165,49.143,35.591,92.121,93.614,94.268,56.000,103.250,62.000,43.389,other,0,-1,2,5
4851,45,39.851,45.404,34.855,91.818,93.255,94.008,43.000,102.458,69.000,43.528,other,0,-1,3,5
4852,47,43.212,47.408,38.183,91.442,92.821,93.734,45.000,101.458,50.000,42.111,other,0,-1,4,5
4853,38,46.334,49.398,43.161,91.370,92.702,93.523,47.000,101.333,74.000,43.028,other,0,-1,5,5
4854,63,47.728,48.612,46.781,90.821,92.087,93.213,38.000,99.833,56.000,55.167,other,0,-1,6,5
4855,42,58.808,62.354,62.249,90.894,92.118,93.032,63.000,100.125,68.000,63.917,other,0,-1,7,5
4856,71,68.347,64.839,63.979,90.489,91.654,92.752,42.000,99.042,88.000,81.722,other,0,-1,8,5
4857,95,84.421,86.044,85.564,90.215,91.325,92.499,71.000,98.333,99.000,98.167,other,0,-1,9,5
4858,119,103.547,109.572,108.134,90.129,91.190,92.285,95.000,98.167,116.000,102.556,other,0,-1,10,5
4859,148,123.779,132.958,131.708,90.144,91.161,92.093,119.000,98.292,153.000,122.722,other,0,-1,11,5
4860,165,144.069,155.690,157.451,90.044,91.011,91.876,148.000,98.083,146.000,141.028,other,0,-1,12,5
4861,112,158.067,166.728,172.477,90.291,91.222,91.732,165.000,98.875,196.000,161.333,other,0,-1,13,5
4862,139,151.184,141.292,138.764,89.046,89.888,91.276,112.000,95.375,178.000,179.778,other,0,-1,14,5
4863,169,149.995,146.674,149.249,88.453,89.229,90.956,139.000,93.750,188.000,180.472,other,0,-1,15,5
4864,126,141.858,149.872,156.258,88.149,88.870,90.697,169.000,92.958,162.000,165.833,other,0,-1,16,5
4865,159,120.001,123.032,118.328,87.600,88.256,90.386,126.000,91.458,142.000,148.556,other,0,-1,17,5
4866,133,100.831,117.957,118.140,87.818,88.436,90.236,159.000,92.167,136.000,114.861,other,0,-1,18,5
4867,74,80.762,94.795,91.034,87.746,88.317,90.025,133.000,92.042,111.000,90.528,other,0,-1,19,5
4868,56,69.130,69.600,61.521,87.182,87.688,89.712,74.000,90.500,99.000,74.972,other,0,-1,20,5
4869,42,56.026,55.223,50.909,86.531,86.969,89.380,56.000,88.708,68.000,60.444,other,0,-1,21,5
4870,56,45.070,44.778,43.906,86.127,86.504,89.100,42.000,87.625,59.000,52.389,other,0,-1,22,5
4871,47,35.990,43.769,43.273,86.055,86.385,88.889,56.000,87.500,60.000,44.139,other,0,-1,23,5
4872,28,32.692,41.009,39.482,85.839,86.116,88.648,47.000,86.958,42.000,32.472,other,0,-1,0,6
4873,34,31.378,36.347,29.352,85.886,86.102,88.715,28.000,86.375,56.000,34.500,other,0,-1,1,6
4874,31,34.867,40.856,31.897,85.818,85.969,88.758,34.000,85.458,43.000,33.361,other,0,-1,2,6
4875,31,36.778,41.768,33.843,85.894,85.986,88.832,31.000,84.958,45.000,35.222,other,0,-1,3,6
4876,38,39.266,43.288,37.523,85.942,85.973,88.899,31.000,84.375,47.000,34.028,other,0,-1,4,6
4877,26,43.852,47.634,44.249,86.061,86.034,88.981,38.000,84.000,38.000,36.611,other,0,-1,5,6
4878,31,44.174,46.117,46.988,86.138,86.051,89.055,26.000,83.500,63.000,38.694,other,0,-1,6,6
4879,41,52.012,53.379,55.171,85.925,85.768,89.068,31.000,82.167,42.000,47.194,other,0,-1,7,6
4880,58,64.318,65.415,65.954,86.160,85.949,89.174,41.000,82.125,71.000,59.167,other,0,-1,8,6
4881,104,80.520,81.916,80.326,86.222,85.951,89.245,58.000,81.583,95.000,78.778,other,0,-1,9,6
4882,83,102.461,113.181,110.684,86.603,86.283,89.381,104.000,81.958,119.000,101.278,other,0,-1,10,6
4883,138,117.205,111.118,105.701,86.332,85.939,89.382,83.000,80.458,148.000,121.778,other,0,-1,11,6
4884,95,139.920,145.505,143.355,86.437,85.986,89.462,138.000,80.042,165.000,140.833,other,0,-1,12,6
4885,154,140.813,130.699,118.707,85.673,85.133,89.359,95.000,77.125,112.000,148.472,other,0,-1,13,6
4886,191,154.415,156.389,156.071,86.532,85.960,89.596,154.000,78.875,139.000,156.639,other,0,-1,14,6
4887,131,161.498,170.798,178.257,87.536,86.936,89.863,191.000,81.042,169.000,153.306,other,0,-1,15,6
4888,113,136.004,136.117,129.501,87.236,86.563,89.858,131.000,79.458,126.000,133.083,other,0,-1,16,6
4889,111,120.541,120.245,108.815,87.297,86.564,89.928,113.000,78.917,159.000,123.667,other,0,-1,17,6
4890,101,103.422,104.734,95.196,86.852,86.041,89.893,111.000,76.917,133.000,102.583,other,0,-1,18,6
4891,55,85.921,86.838,78.336,86.639,85.758,89.905,101.000,75.583,74.000,79.889,other,0,-1,19,6
4892,65,74.330,67.937,55.641,86.614,85.670,89.958,55.000,74.792,56.000,59.111,other,0,-1,20,6
4893,53,57.458,56.412,52.013,86.995,86.001,90.094,65.000,75.167,42.000,47.306,other,0,-1,21,6
4894,52,47.322,47.747,46.411,87.404,86.363,90.237,53.000,75.625,56.000,35.306,other,0,-1,22,6
4895,38,41.359,45.126,44.573,87.597,86.500,90.335,52.000,75.458,47.000,32.556,other,0,-1,23,6
4896,57,38.261,41.810,41.480,87.717,86.561,90.417,38.000,75.083,28.000,61.343,other,0,-1,0,0
4897,66,44.890,50.587,49.865,88.477,87.315,90.843,57.000,76.292,34.000,59.743,other,0,-1,1,0
4898,59,53.562,60.111,53.288,89.281,88.115,91.279,66.000,77.625,31.000,61.829,other,0,-1,2,0
4899,51,53.992,59.897,54.471,90.027,88.854,91.702,59.000,78.792,31.000,63.543,other,0,-1,3,0
4900,52,52.255,57.888,56.606,90.656,89.473,92.101,51.000,79.625,38.000,60.000,other,0,-1,4,0
4901,58,53.651,60.239,62.224,91.199,90.003,92.481,52.000,80.208,26.000,77.171,other,0,-1,5,0
4902,75,57.186,66.124,70.623,92.003,90.802,92.917,58.000,81.542,31.000,77.686,other,0,-1,6,0
4903,66,66.905,80.052,84.170,92.981,91.781,93.388,75.000,83.375,41.000,91.543,other,0,-1,7,0
4904,86,72.621,86.207,89.152,93.683,92.476,93.802,66.000,84.417,58.000,101.114,other,0,-1,8,0
4905,95,90.882,107.885,105.586,94.429,93.215,94.225,86.000,85.583,104.000,122.829,other,0,-1,9,0
4906,158,110.227,124.663,117.432,94.639,93.399,94.537,95.000,85.208,83.000,137.200,other,0,-1,10,0
4907,172,149.126,164.502,158.568,96.065,94.843,95.102,158.000,88.333,138.000,150.314,other,0,-1,11,0
4908,159,166.551,175.927,172.358,96.898,95.673,95.543,172.000,89.750,95.000,163.229,other,0,-1,12,0
4909,175,166.561,168.545,166.326,98.165,96.952,96.075,159.000,92.417,154.000,172.800,other,0,-1,13,0
4910,197,173.408,174.221,175.471,98.810,97.586,96.477,175.000,93.292,191.000,172.257,other,0,-1,14,0
4911,158,175.969,179.345,185.496,99.237,97.995,96.834,197.000,93.542,131.000,183.343,other,0,-1,15,0
4912,170,153.789,150.826,152.752,99.968,98.720,97.254,158.000,94.667,113.000,162.143,other,0,-1,16,0
4913,153,139.269,140.412,149.339,101.134,99.894,97.764,170.000,97.042,111.000,148.800,other,0,-1,17,0
4914,98,118.857,118.249,127.182,102.083,100.843,98.230,153.000,98.792,101.000,128.829,other,0,-1,18,0
4915,110,102.230,93.148,92.523,102.380,101.118,98.559,98.000,98.667,55.000,110.171,other,0,-1,19,0
4916,86,83.629,79.955,86.559,103.516,102.262,99.064,110.000,100.958,65.000,85.143,other,0,-1,20,0
4917,52,70.946,66.875,72.010,104.161,102.896,99.466,86.000,101.833,53.000,75.143,other,0,-1,21,0
4918,76,62.144,55.901,58.909,104.487,103.200,99.801,52.000,101.792,52.000,65.229,other,0,-1,22,0
4919,54,58.461,59.600,60.676,105.174,103.880,100.212,76.000,102.792,38.000,63.543,other,0,-1,23,0
4920,66,54.418,54.453,54.261,105.746,104.439,100.599,54.000,103.458,57.000,61.694,other,0,-1,0,1
4921,63,57.319,59.438,56.488,106.051,104.776,100.939,66.000,103.833,66.000,62.000,other,0,-1,1,1
4922,46,59.763,61.117,55.454,106.181,104.933,101.242,63.000,103.708,59.000,62.222,other,0,-1,2,1
4923,63,56.756,56.686,53.468,106.167,104.940,101.515,46.000,103.167,51.000,61.389,other,0,-1,3,1
4924,61,64.884,64.866,60.186,106.515,105.322,101.864,63.000,103.667,52.000,63.583,other,0,-1,4,1
4925,59,65.163,65.745,64.802,106.819,105.659,102.203,61.000,104.042,58.000,65.139,other,0,-1,5,1
4926,58,66.940,68.300,70.999,107.007,105.875,102.519,59.000,104.083,75.000,66.417,other,0,-1,6,1
4927,72,73.645,75.051,78.818,106.935,105.823,102.779,58.000,103.375,66.000,77.639,other,0,-1,7,1
4928,90,87.431,90.665,92.628,107.196,106.114,103.110,72.000,103.625,86.000,91.833,other,0,-1,8,1
4929,88,105.846,111.191,109.659,107.428,106.376,103.434,90.000,103.792,95.000,109.944,other,0,-1,9,1
4930,115,125.124,129.982,119.097,107.500,106.473,103.726,88.000,103.500,158.000,131.361,other,0,-1,10,1
4931,143,144.957,148.826,140.368,107.051,106.030,103.908,115.000,101.708,172.000,148.500,other,0,-1,11,1
4932,145,163.116,164.050,161.400,106.805,105.798,104.132,143.000,100.500,159.000,174.389,other,0,-1,12,1
4933,202,170.407,168.654,165.485,106.776,105.790,104.402,145.000,99.917,175.000,191.778,other,0,-1,13,1
4934,174,190.604,190.396,196.692,107.341,106.396,104.796,202.000,101.042,197.000,190.222,other,0,-1,14,1
4935,175,172.761,172.581,174.181,107.182,106.253,105.039,174.000,100.083,158.000,183.056,other,0,-1,15,1
4936,181,162.765,163.338,164.759,107.602,106.710,105.403,175.000,100.792,170.000,168.806,other,0,-1,16,1
4937,152,149.175,151.939,155.538,107.936,107.077,105.749,181.000,101.250,153.000,158.750,other,0,-1,17,1
4938,145,128.298,126.388,128.419,108.095,107.264,106.058,152.000,101.208,98.000,131.639,other,0,-1,18,1
4939,125,109.562,108.365,114.017,108.950,108.170,106.512,145.000,103.167,110.000,103.944,other,0,-1,19,1
4940,99,92.477,90.409,97.162,109.341,108.597,106.870,125.000,103.792,86.000,92.389,other,0,-1,20,1
4941,80,78.948,75.824,80.781,109.703,108.994,107.222,99.000,104.333,52.000,77.389,other,0,-1,21,1
4942,72,68.928,66.695,68.466,110.283,109.615,107.619,80.000,105.500,76.000,64.944,other,0,-1,22,1
4943,54,62.940,63.216,59.902,110.399,109.757,107.919,72.000,105.333,54.000,62.889,other,0,-1,23,1
4944,56,59.048,58.834,51.308,110.573,109.959,108.231,54.000,105.333,66.000,59.639,other,0,-1,0,2
4945,58,58.612,60.539,54.353,110.305,109.742,108.252,56.000,104.917,63.000,64.167,other,0,-1,1,2
4946,20,60.630,62.540,53.586,110.109,109.599,108.288,58.000,104.708,46.000,56.194,inside,-1,0,2,2
4947,21,57.133,52.843,47.521,109.609,109.141,108.260,20.000,103.625,63.000,60.528,inside,-1,1,3,2
4948,22,59.779,54.433,49.379,108.877,108.444,108.185,21.000,101.875,61.000,62.444,inside,-1,2,4,2
4949,67,64.327,57.008,52.787,108.189,107.791,108.118,22.000,100.250,59.000,62.833,after,-1,3,5,2
4950,62,74.500,70.705,67.433,108.182,107.844,108.193,67.000,100.583,58.000,70.472,after,-1,4,6,2
4951,63,82.613,75.044,73.981,108.116,107.836,108.256,62.000,100.750,72.000,78.639,after,-1,5,7,2
4952,80,97.200,86.475,83.779,107.863,107.633,108.280,63.000,100.375,90.000,89.639,after,-1,6,8,2
4953,102,115.024,104.790,100.361,107.594,107.415,108.301,80.000,99.958,88.000,104.833,after,-1,7,9,2
4954,88,133.930,126.016,120.823,107.674,107.557,108.394,102.000,100.542,115.000,127.694,after,-1,8,10,2
4955,165,149.586,146.974,126.776,107.160,107.085,108.364,88.000,99.417,143.000,145.361,after,-1,9,11,2
4956,189,169.896,164.977,170.028,107.355,107.347,108.481,165.000,100.333,145.000,159.222,after,-1,10,12,2
4957,210,180.941,180.286,186.734,107.869,107.939,108.665,189.000,102.167,202.000,182.222,after,-1,11,13,2
4958,131,187.042,191.624,196.667,107.862,107.991,108.741,210.000,102.500,174.000,185.000,after,-1,12,14,2
4959,167,162.775,161.135,150.428,107.115,107.278,108.662,131.000,100.708,175.000,172.750,after,-1,13,15,2
4960,182,157.974,162.678,157.102,106.876,107.091,108.688,167.000,100.375,181.000,158.694,after,-1,14,16,2
4961,141,146.840,157.004,151.830,106.767,107.038,108.743,182.000,100.417,152.000,148.139,after,-1,15,17,2
4962,115,129.092,128.340,120.581,106.485,106.805,108.760,141.000,99.958,145.000,124.722,after,-1,16,18,2
4963,80,113.034,107.073,100.184,105.927,106.288,108.721,115.000,98.708,125.000,108.833,after,-1,17,19,2
4964,116,99.653,87.148,80.201,105.152,105.545,108.636,80.000,96.833,99.000,89.361,after,-1,18,20,2
4965,74,78.858,84.550,84.148,105.275,105.732,108.738,116.000,97.542,80.000,75.500,after,-1,19,21,2
4966,38,69.780,66.358,64.433,105.065,105.575,108.771,74.000,97.292,72.000,67.139,inside,-1,0,22,2
4967,35,63.829,55.104,50.306,104.449,104.997,108.719,38.000,95.875,54.000,62.722,inside,-1,1,23,2
4968,58,57.272,52.044,45.498,104.050,104.645,108.713,35.000,95.083,56.000,61.389,after,-1,2,0,3
4969,63,55.523,59.965,59.984,103.751,104.388,108.470,58.000,95.167,58.000,64.194,after,-1,3,1,3
4970,55,57.714,62.907,59.488,103.496,104.177,108.237,63.000,95.375,20.000,65.056,after,-1,4,2,3
4971,66,58.190,61.125,57.951,103.676,104.415,108.094,55.000,96.833,21.000,61.583,after,-1,5,3,3
4972,73,63.511,65.937,61.665,104.000,104.803,107.981,66.000,98.708,22.000,61.250,after,-1,6,4,3
4973,67,68.330,69.196,66.594,104.411,105.281,107.887,73.000,100.833,67.000,63.500,after,-1,7,5,3
4974,66,71.079,68.788,70.417,104.083,104.995,107.638,67.000,100.833,62.000,67.778,after,-1,8,6,3
4975,79,79.778,73.439,77.368,103.813,104.768,107.402,66.000,101.000,63.000,79.889,after,-1,9,7,3
4976,73,93.823,85.573,90.476,103.717,104.722,107.202,79.000,101.667,80.000,92.417,after,-1,10,8,3
4977,117,112.142,101.954,99.757,103.288,104.330,106.932,73.000,101.375,102.000,115.000,after,-1,11,9,3
4978,117,130.060,126.320,127.551,103.178,104.269,106.728,117.000,102.000,88.000,126.583,after,-1,12,10,3
4979,143,146.643,147.201,139.347,103.270,104.417,106.568,117.000,103.208,165.000,145.861,after,-1,13,11,3
4980,155,160.733,163.544,158.684,102.624,103.801,106.252,143.000,102.292,189.000,168.111,after,-1,14,12,3
4981,211,168.686,171.040,168.159,101.804,103.005,105.901,155.000,100.875,210.000,177.472,after,-1,15,13,3
4982,193,184.813,193.202,192.797,101.491,102.733,105.655,211.000,100.917,131.000,176.694,after,-1,16,14,3
4983,188,171.457,179.874,180.213,102.061,103.376,105.594,193.000,103.500,167.000,173.972,after,-1,17,15,3
4984,165,159.090,169.077,169.197,102.038,103.405,105.409,188.000,104.375,182.000,162.111,after,-1,18,16,3
4985,117,140.298,147.738,147.113,101.464,102.863,105.109,165.000,103.667,141.000,150.028,after,-1,19,17,3
4986,141,123.124,119.584,115.144,100.788,102.217,104.788,117.000,102.667,115.000,132.389,after,-1,20,18,3
4987,87,102.122,112.842,113.514,100.837,102.320,104.618,141.000,103.750,80.000,108.528,after,-1,21,19,3
4988,108,89.307,84.425,84.852,100.611,102.139,104.390,87.000,104.042,116.000,100.083,after,-1,22,20,3
4989,65,69.973,80.157,83.101,100.167,101.733,104.117,108.000,103.708,74.000,85.306,after,-1,23,21,3
4990,48,61.416,59.481,64.884,99.709,101.311,103.841,65.000,103.333,38.000,74.778,after,-1,24,22,3
4991,65,53.130,50.274,56.267,99.527,101.175,103.623,48.000,103.750,35.000,70.444,after,-1,25,23,3
4992,69,47.206,52.337,55.926,99.633,101.338,103.465,65.000,105.000,58.000,60.917,other,0,-1,0,4
4993,58,48.117,57.772,52.928,99.507,101.214,103.137,69.000,105.458,63.000,56.972,other,0,-1,1,4
4994,63,47.794,54.994,49.997,99.150,100.849,102.761,58.000,105.250,55.000,51.583,other,0,-1,2,4
4995,60,52.156,58.466,51.407,98.980,100.680,102.424,63.000,105.583,66.000,54.556,other,0,-1,3,4
4996,55,53.640,58.142,52.823,98.608,100.300,102.045,60.000,105.333,73.000,57.139,other,0,-1,4,4
4997,43,54.733,57.210,55.446,98.062,99.741,101.629,55.000,104.583,67.000,54.694,other,0,-1,5,4
4998,75,57.868,56.195,58.108,97.429,99.092,101.196,43.000,103.583,66.000,65.167,other,0,-1,6,4
4999,82,69.357,71.005,74.636,97.274,98.938,100.862,75.000,103.958,79.000,74.667,other,0,-1,7,4
5000,93,81.395,82.515,87.646,97.032,98.693,100.510,82.000,104.083,73.000,86.667,other,0,-1,8,4
5001,103,98.226,101.167,104.442,97.037,98.704,100.209,93.000,104.917,117.000,109.861,other,0,-1,9,4
5002,106,117.406,123.798,122.040,96.548,98.204,99.805,103.000,104.333,117.000,125.222,other,0,-1,10,4
5003,129,135.602,142.206,135.677,96.104,97.750,99.411,106.000,103.875,143.000,147.361,other,0,-1,11,4
5004,137,151.568,157.899,155.326,95.616,97.251,99.008,129.000,103.292,155.000,161.111,other,0,-1,12,4
5005,172,161.834,161.736,163.363,95.070,96.692,98.592,137.000,102.542,211.000,174.694,other,0,-1,13,4
5006,215,171.297,172.805,178.840,94.219,95.818,98.113,172.000,100.917,193.000,178.167,other,0,-1,14,4
5007,187,181.243,190.544,195.207,94.253,95.858,97.818,215.000,101.833,188.000,172.583,other,0,-1,15,4
5008,134,156.550,163.202,170.196,93.953,95.554,97.454,187.000,101.792,165.000,165.472,other,0,-1,16,4
5009,117,130.646,130.233,131.675,93.218,94.800,96.999,134.000,100.500,117.000,138.861,other,0,-1,17,4
5010,87,110.387,111.735,111.238,92.933,94.510,96.638,117.000,100.500,141.000,121.333,other,0,-1,18,4
5011,108,93.489,90.968,88.942,91.866,93.411,96.114,87.000,98.250,87.000,101.944,other,0,-1,19,4
5012,51,72.152,81.248,85.910,91.884,93.437,95.816,108.000,99.125,108.000,84.222,other,0,-1,20,4
5013,79,63.325,58.282,63.250,90.773,92.293,95.282,51.000,96.750,65.000,70.889,other,0,-1,21,4
5014,69,46.675,55.483,64.023,90.691,92.213,94.964,79.000,97.333,48.000,63.889,other,0,-1,22,4
5015,56,39.418,48.607,57.261,90.710,92.239,94.666,69.000,98.208,65.000,57.111,other,0,-1,23,4
5016,34,35.393,42.990,51.365,90.294,91.814,94.278,56.000,97.833,69.000,38.722,other,0,-1,0,5
5017,42,32.680,37.598,32.272,89.759,91.215,93.970,34.000,96.375,58.000,42.139,other,0,-1,1,5
5018,38,36.331,42.164,34.069,89.499,90.901,93.720,42.000,95.708,63.000,43.389,other,0,-1,2,5
5019,31,37.981,42.315,34.848,89.109,90.452,93.443,38.000,94.667,60.000,43.528,other,0,-1,3,5
5020,47,38.647,41.106,36.113,88.661,89.943,93.153,31.000,93.458,55.000,42.111,other,0,-1,4,5
5021,44,46.066,48.605,43.865,88.517,89.748,92.927,47.000,93.125,43.000,43.028,other,0,-1,5,5
5022,42,48.551,50.071,48.987,88.503,89.689,92.729,44.000,93.167,75.000,55.167,other,0,-1,6,5
5023,66,55.229,54.958,55.586,87.997,89.120,92.427,42.000,91.792,82.000,63.917,other,0,-1,7,5
5024,61,68.385,71.639,72.955,87.737,88.806,92.177,66.000,91.125,93.000,81.722,other,0,-1,8,5
5025,81,84.170,82.669,80.769,87.245,88.251,91.879,61.000,89.792,103.000,98.167,other,0,-1,9,5
5026,104,102.701,103.609,100.122,86.898,87.847,91.611,81.000,88.875,106.000,102.556,other,0,-1,10,5
5027,119,121.787,125.391,121.885,86.841,87.743,91.403,104.000,88.792,129.000,122.722,other,0,-1,11,5
5028,149,138.247,139.896,138.008,86.668,87.518,91.171,119.000,88.375,137.000,141.028,other,0,-1,12,5
5029,161,153.274,157.286,160.708,86.814,87.624,91.006,149.000,88.875,172.000,161.333,other,0,-1,13,5
5030,150,159.040,161.244,167.822,86.627,87.385,90.771,161.000,88.417,215.000,179.778,other,0,-1,14,5
5031,112,152.019,150.706,155.089,85.657,86.336,90.372,150.000,85.708,187.000,180.472,other,0,-1,15,5
5032,143,137.899,131.014,123.874,84.542,85.137,89.944,112.000,82.583,134.000,165.833,other,0,-1,16,5
5033,122,120.638,127.451,126.441,84.645,85.198,89.769,143.000,82.958,117.000,148.556,other,0,-1,17,5
5034,86,100.972,107.160,101.122,84.689,85.198,89.583,122.000,83.167,87.000,114.861,other,0,-1,18,5
5035,88,85.415,85.343,74.690,84.646,85.109,89.378,86.000,83.125,108.000,90.528,other,0,-1,19,5
5036,65,66.797,70.816,65.702,84.329,84.734,89.116,88.000,82.292,51.000,74.972,other,0,-1,20,5
5037,64,54.026,55.743,53.546,84.503,84.870,88.957,65.000,82.875,79.000,60.444,other,0,-1,21,5
5038,47,41.939,48.174,49.026,84.258,84.571,88.709,64.000,82.250,69.000,52.389,other,0,-1,22,5
5039,49,35.118,40.869,42.898,83.911,84.166,88.441,47.000,81.333,56.000,44.139,other,0,-1,23,5
5040,33,32.019,41.184,41.157,83.782,83.987,88.218,49.000,81.042,34.000,32.472,other,0,-1,0,6
5041,23,31.329,37.454,32.262,84.017,84.169,88.325,33.000,81.000,42.000,34.500,other,0,-1,1,6
5042,24,31.268,36.397,31.859,83.992,84.080,88.377,23.000,80.208,38.000,33.361,other,0,-1,2,6
5043,33,33.948,38.677,34.348,84.040,84.067,88.444,24.000,79.625,31.000,35.222,other,0,-1,3,6
5044,20,39.251,43.786,39.832,84.319,84.294,88.560,33.000,79.708,47.000,34.028,other,0,-1,4,6
5045,33,38.168,40.542,41.222,84.178,84.085,88.588,20.000,78.583,44.000,36.611,other,0,-1,5,6
5046,34,44.829,48.003,50.222,84.269,84.117,88.665,33.000,78.125,42.000,38.694,other,0,-1,6,6
5047,49,51.642,53.903,57.061,84.404,84.194,88.750,34.000,77.792,66.000,47.194,other,0,-1,7,6
5048,63,64.033,67.544,69.478,84.408,84.135,88.808,49.000,77.083,61.000,59.167,other,0,-1,8,6
5049,67,80.271,83.554,82.699,84.687,84.362,88.924,63.000,77.167,81.000,78.778,other,0,-1,9,6
5050,91,99.017,95.679,91.482,84.734,84.349,88.991,67.000,76.583,104.000,101.278,other,0,-1,10,6
5051,128,117.806,114.540,109.720,84.796,84.350,89.062,91.000,76.042,119.000,121.778,other,0,-1,11,6
5052,135,137.451,139.579,136.398,85.177,84.682,89.198,128.000,76.417,149.000,140.833,other,0,-1,12,6
5053,165,147.975,146.690,143.273,85.224,84.669,89.266,135.000,75.833,161.000,148.472,other,0,-1,13,6
5054,150,157.703,161.908,163.379,85.533,84.925,89.387,165.000,76.000,150.000,156.639,other,0,-1,14,6
5055,165,149.453,150.318,148.910,85.783,85.122,89.497,150.000,76.000,112.000,153.306,other,0,-1,15,6
5056,155,140.271,147.174,151.024,86.801,86.113,89.767,165.000,78.208,143.000,133.083,other,0,-1,16,6
5057,131,122.010,129.817,132.126,87.225,86.489,89.913,155.000,78.708,122.000,123.667,other,0,-1,17,6
5058,112,102.484,107.310,104.049,87.606,86.821,90.050,131.000,79.083,86.000,102.583,other,0,-1,18,6
5059,87,84.667,87.365,81.299,88.233,87.407,90.238,112.000,80.167,88.000,79.889,other,0,-1,19,6
5060,61,69.667,69.496,62.400,88.468,87.589,90.345,87.000,80.125,65.000,59.111,other,0,-1,20,6
5061,52,57.613,55.398,49.808,88.661,87.725,90.442,61.000,79.958,64.000,47.306,other,0,-1,21,6
5062,34,47.136,47.200,44.550,88.737,87.742,90.516,52.000,79.458,47.000,35.306,other,0,-1,22,6
5063,28,40.635,40.896,39.644,88.799,87.744,90.586,34.000,78.917,49.000,32.556,other,0,-1,23,6
5064,63,37.076,39.069,37.733,88.745,87.626,90.632,28.000,78.042,33.000,61.343,other,0,-1,0,0
5065,42,47.063,52.989,48.149,89.520,88.395,91.061,63.000,79.292,23.000,59.743,other,0,-1,1,0
5066,50,43.143,48.205,45.038,90.135,88.999,91.457,42.000,80.083,24.000,61.829,other,0,-1,2,0
5067,63,49.543,54.787,49.347,90.852,89.709,91.874,50.000,81.167,33.000,63.543,other,0,-1,3,0
5068,49,58.451,63.624,56.756,91.627,90.478,92.303,63.000,82.417,20.000,60.000,other,0,-1,4,0
5069,80,52.410,58.368,58.854,92.387,91.232,92.730,49.000,83.625,33.000,77.171,other,0,-1,5,0
5070,68,68.517,77.241,75.393,93.408,92.256,93.210,80.000,85.583,34.000,77.686,other,0,-1,6,0
5071,89,64.358,76.168,79.809,94.241,93.085,93.651,68.000,87.000,49.000,91.543,other,0,-1,7,0
5072,111,79.270,95.781,96.907,95.161,94.005,94.111,89.000,88.667,63.000,101.114,other,0,-1,8,0
5073,120,99.415,119.223,116.277,96.196,95.044,94.594,111.000,90.667,67.000,122.829,other,0,-1,9,0
5074,110,117.250,135.724,129.685,97.304,96.158,95.093,120.000,92.875,91.000,137.200,other,0,-1,10,0
5075,135,131.337,140.463,131.450,97.920,96.762,95.489,110.000,93.667,128.000,150.314,other,0,-1,11,0
5076,192,151.205,156.348,150.078,98.361,97.187,95.849,135.000,93.958,135.000,163.229,other,0,-1,12,0
5077,184,183.903,188.069,188.063,99.527,98.361,96.359,192.000,96.333,165.000,172.800,other,0,-1,13,0
5078,164,177.734,179.383,181.699,100.143,98.965,96.755,184.000,97.125,150.000,172.257,other,0,-1,14,0
5079,148,165.565,163.507,164.102,100.686,99.495,97.136,164.000,97.708,165.000,183.343,other,0,-1,15,0
5080,189,152.389,148.516,146.565,100.779,99.559,97.423,148.000,97.000,155.000,162.143,other,0,-1,16,0
5081,161,143.818,148.522,160.277,101.612,100.388,97.864,189.000,98.417,131.000,148.800,other,0,-1,17,0
5082,142,119.261,121.128,130.492,102.387,101.158,98.293,161.000,99.667,112.000,128.829,other,0,-1,18,0
5083,98,99.584,99.813,107.929,103.162,101.927,98.723,142.000,100.917,87.000,110.171,other,0,-1,19,0
5084,63,83.583,79.216,81.401,103.661,102.411,99.094,98.000,101.375,61.000,85.143,other,0,-1,20,0
5085,74,72.018,64.853,64.773,104.030,102.761,99.439,63.000,101.458,52.000,75.143,other,0,-1,21,0
5086,64,60.979,60.165,61.891,104.689,103.410,99.844,74.000,102.375,34.000,65.229,other,0,-1,22,0
5087,59,55.899,56.745,56.381,105.464,104.180,100.273,64.000,103.625,28.000,63.543,other,0,-1,23,0
5088,72,55.121,56.751,53.679,106.253,104.964,100.705,59.000,104.917,63.000,61.694,other,0,-1,0,1
5089,57,59.467,62.429,56.135,106.558,105.301,101.045,72.000,105.292,42.000,62.000,other,0,-1,1,1
5090,62,57.712,59.387,52.853,106.949,105.727,101.402,57.000,105.917,50.000,62.222,other,0,-1,2,1
5091,62,62.814,63.476,55.467,107.297,106.109,101.751,62.000,106.417,63.000,61.389,other,0,-1,3,1
5092,54,64.806,65.002,58.858,107.456,106.296,102.060,62.000,106.375,49.000,63.583,other,0,-1,4,1
5093,66,63.074,63.644,62.226,107.703,106.573,102.388,54.000,106.583,80.000,65.139,other,0,-1,5,1
5094,55,69.002,71.040,72.055,107.674,106.565,102.658,66.000,106.000,68.000,66.417,other,0,-1,6,1
5095,82,73.391,74.651,77.403,107.659,106.572,102.931,55.000,105.458,89.000,77.639,other,0,-1,7,1
5096,89,88.657,93.194,95.704,107.732,106.669,103.222,82.000,105.167,111.000,91.833,other,0,-1,8,1
5097,98,105.822,111.128,109.077,107.587,106.541,103.468,89.000,104.250,120.000,109.944,other,0,-1,9,1
5098,110,125.621,131.141,123.364,107.442,106.413,103.713,98.000,103.333,110.000,131.361,other,0,-1,10,1
5099,120,144.437,148.199,138.058,107.616,106.615,104.026,110.000,103.333,135.000,148.500,other,0,-1,11,1
5100,142,158.908,159.136,149.552,107.573,106.592,104.293,120.000,102.708,192.000,174.389,other,0,-1,12,1
5101,202,169.818,168.010,164.004,107.023,106.044,104.454,142.000,100.625,184.000,191.778,other,0,-1,13,1
5102,191,191.510,190.557,196.812,107.457,106.516,104.821,202.000,101.375,164.000,190.222,other,0,-1,14,1
5103,196,178.636,179.907,184.167,108.022,107.123,105.215,191.000,102.500,148.000,183.056,other,0,-1,15,1
5104,159,169.284,172.278,176.758,108.892,108.044,105.672,196.000,104.500,189.000,168.806,other,0,-1,16,1
5105,145,146.321,144.498,143.893,108.631,107.796,105.894,159.000,103.250,161.000,158.750,other,0,-1,17,1
5106,140,128.096,124.742,125.104,108.573,107.759,106.158,145.000,102.583,142.000,131.639,other,0,-1,18,1
5107,106,109.376,107.094,112.517,108.718,107.930,106.464,140.000,102.500,98.000,103.944,other,0,-1,19,1
5108,78,93.028,86.753,91.361,109.008,108.252,106.800,106.000,102.833,63.000,92.389,other,0,-1,20,1
5109,83,79.952,71.995,75.530,109.399,108.679,107.158,78.000,103.458,74.000,77.389,other,0,-1,21,1
5110,74,68.708,66.552,69.839,109.703,109.016,107.498,83.000,103.833,64.000,64.944,other,0,-1,22,1
5111,66,62.952,62.854,61.246,110.022,109.368,107.840,74.000,104.250,59.000,62.889,other,0,-1,23,1
5112,51,60.861,61.552,54.700,110.298,109.674,108.174,66.000,104.542,72.000,59.639,other,0,-1,0,2
5113,63,57.864,58.211,53.870,109.870,109.292,108.161,51.000,103.667,57.000,64.167,other,0,-1,1,2
5114,63,61.972,63.558,55.003,109.834,109.314,108.231,63.000,103.917,62.000,56.194,other,0,-1,2,2
5115,58,64.727,64.886,55.454,109.725,109.261,108.285,63.000,103.958,62.000,60.528,other,0,-1,3,2
5116,62,65.592,64.068,56.569,109.544,109.133,108.324,58.000,103.792,54.000,62.444,other,0,-1,4,2
5117,40,69.371,66.583,61.226,109.536,109.186,108.399,62.000,104.125,66.000,62.833,other,0,-1,5,2
5118,69,71.727,64.159,61.975,109.036,108.728,108.371,40.000,103.042,55.000,70.472,other,0,-1,6,2
5119,66,83.339,76.276,76.355,109.116,108.870,108.465,69.000,103.625,82.000,78.639,other,0,-1,7,2
5120,110,97.223,86.677,85.040,108.761,108.562,108.467,66.000,102.958,89.000,89.639,other,0,-1,8,2
5121,100,117.131,107.133,111.185,108.942,108.810,108.582,110.000,103.833,98.000,104.833,other,0,-1,9,2
5122,101,133.920,126.056,119.988,108.847,108.772,108.639,100.000,103.917,110.000,127.694,other,0,-1,10,2
5123,178,149.906,146.241,131.719,108.594,108.569,108.663,101.000,103.542,120.000,145.361,other,0,-1,11,2
5124,124,173.701,167.870,175.589,109.311,109.371,108.890,178.000,105.958,142.000,159.222,other,0,-1,12,2
5125,215,167.065,165.294,154.410,108.927,109.033,108.886,124.000,105.208,202.000,182.222,other,0,-1,13,2
5126,156,189.672,193.720,198.343,108.992,109.160,108.977,215.000,105.750,191.000,185.000,other,0,-1,14,2
5127,191,165.067,167.734,161.846,108.361,108.568,108.922,156.000,104.292,196.000,172.750,other,0,-1,15,2
5128,181,161.925,172.518,169.020,108.166,108.425,108.958,191.000,104.083,159.000,158.694,other,0,-1,16,2
5129,144,146.984,156.952,151.604,108.361,108.687,109.075,181.000,105.000,145.000,148.139,other,0,-1,17,2
5130,135,128.962,129.745,122.299,108.223,108.604,109.123,144.000,104.958,140.000,124.722,other,0,-1,18,2
5131,101,110.948,112.525,108.215,108.027,108.461,109.159,135.000,104.750,106.000,108.833,other,0,-1,19,2
5132,97,95.923,90.785,86.797,107.832,108.319,109.195,101.000,104.542,78.000,89.361,other,0,-1,20,2
5133,98,80.069,79.112,77.594,107.984,108.536,109.304,97.000,105.333,83.000,75.500,other,0,-1,21,2
5134,62,68.485,73.405,70.412,108.078,108.693,109.400,98.000,105.958,74.000,67.139,other,0,-1,22,2
5135,53,61.497,59.920,54.791,107.781,108.445,109.415,62.000,105.458,66.000,62.722,other,0,-1,23,2
5136,56,56.809,56.273,48.232,107.469,108.182,109.427,53.000,104.917,51.000,61.389,other,0,-1,0,3
5137,62,55.403,59.541,58.456,107.214,107.971,109.193,56.000,105.125,63.000,64.194,other,0,-1,1,3
5138,49,57.716,62.765,58.230,106.871,107.669,108.942,62.000,105.083,63.000,65.056,other,0,-1,2,3
5139,78,57.206,59.264,55.815,106.341,107.173,108.651,49.000,104.500,58.000,61.583,other,0,-1,3,3
5140,45,67.999,70.995,63.343,106.303,107.187,108.462,78.000,105.333,62.000,61.250,other,0,-1,4,3
5141,60,62.822,60.330,59.753,105.729,106.645,108.162,45.000,104.625,40.000,63.500,other,0,-1,5,3
5142,64,70.342,66.961,68.236,105.691,106.659,107.974,60.000,105.458,69.000,67.778,other,0,-1,6,3
5143,85,79.981,73.136,76.555,105.291,106.297,107.710,64.000,105.250,66.000,79.889,other,0,-1,7,3
5144,71,94.407,86.674,92.298,105.239,106.296,107.519,85.000,106.042,110.000,92.417,other,0,-1,8,3
5145,95,112.564,101.908,99.303,104.346,105.425,107.153,71.000,104.417,100.000,115.000,other,0,-1,9,3
5146,135,130.441,125.224,120.006,103.946,105.063,106.889,95.000,104.208,101.000,126.583,other,0,-1,10,3
5147,124,148.729,148.798,147.198,104.111,105.287,106.743,135.000,105.625,178.000,145.861,other,0,-1,11,3
5148,149,159.538,160.328,152.167,103.001,104.191,106.331,124.000,103.375,124.000,168.111,other,0,-1,12,3
5149,149,168.508,169.599,166.958,103.035,104.279,106.158,149.000,104.417,215.000,177.472,other,0,-1,13,3
5150,171,168.304,167.672,165.822,101.751,103.003,105.710,149.000,101.667,156.000,176.694,other,0,-1,14,3
5151,218,166.961,169.908,170.138,101.641,102.942,105.506,171.000,102.292,191.000,173.972,other,0,-1,15,3
5152,177,169.449,185.541,183.822,101.704,103.060,105.339,218.000,103.417,181.000,162.111,other,0,-1,16,3
5153,136,141.457,152.875,152.554,101.319,102.713,105.079,177.000,103.250,144.000,150.028,other,0,-1,17,3
5154,123,120.952,124.584,122.370,100.875,102.307,104.806,136.000,102.917,135.000,132.389,other,0,-1,18,3
5155,127,102.529,106.934,105.919,100.374,101.841,104.521,123.000,102.417,101.000,108.528,other,0,-1,19,3
5156,85,83.637,97.118,96.983,100.423,101.944,104.351,127.000,103.500,97.000,100.083,other,0,-1,20,3
5157,99,71.553,73.274,74.895,99.921,101.478,104.066,85.000,103.000,98.000,85.306,other,0,-1,21,3
5158,93,58.078,71.333,71.529,99.608,101.206,103.820,99.000,103.042,62.000,74.778,other,0,-1,22,3
5159,60,51.658,65.378,64.058,99.729,101.385,103.665,93.000,104.333,53.000,70.444,other,0,-1,23,3
5160,55,46.379,51.527,52.516,99.503,101.203,103.438,60.000,104.625,56.000,60.917,other,0,-1,0,4
5161,53,44.719,53.130,47.918,99.203,100.899,103.074,55.000,104.583,62.000,56.972,other,0,-1,1,4
5162,42,46.082,53.792,46.728,98.788,100.474,102.685,53.000,104.208,49.000,51.583,other,0,-1,2,4
5163,46,45.944,51.006,45.293,98.401,100.080,102.303,42.000,103.917,78.000,54.556,other,0,-1,3,4
5164,62,49.251,53.360,48.069,97.652,99.311,101.845,46.000,102.583,45.000,57.139,other,0,-1,4,4
5165,62,56.218,60.292,55.488,97.613,99.277,101.536,62.000,103.292,60.000,54.694,other,0,-1,5,4
5166,76,59.885,62.194,61.710,97.357,99.017,101.180,62.000,103.375,64.000,65.167,other,0,-1,6,4
5167,79,69.221,71.512,74.294,97.245,98.908,100.856,76.000,103.875,85.000,74.667,other,0,-1,7,4
5168,92,80.859,81.650,86.300,96.873,98.528,100.476,79.000,103.625,71.000,86.667,other,0,-1,8,4
5169,88,97.925,100.719,104.067,96.892,98.554,100.179,92.000,104.500,95.000,109.861,other,0,-1,9,4
5170,119,116.906,120.080,115.917,96.505,98.159,99.796,88.000,104.208,135.000,125.222,other,0,-1,10,4
5171,184,136.023,145.316,141.945,95.988,97.630,99.387,119.000,103.542,124.000,147.361,other,0,-1,11,4
5172,133,166.333,182.988,182.617,96.572,98.240,99.207,184.000,106.042,149.000,161.111,other,0,-1,12,4
5173,161,161.022,160.401,161.779,96.055,97.711,98.798,133.000,105.375,149.000,174.694,other,0,-1,13,4
5174,145,169.146,167.959,174.109,95.943,97.602,98.473,161.000,105.875,171.000,178.167,other,0,-1,14,4
5175,192,161.794,154.971,159.891,95.281,96.922,98.033,145.000,104.792,218.000,172.583,other,0,-1,15,4
5176,157,157.875,165.866,172.328,94.619,96.243,97.593,192.000,103.708,177.000,165.472,other,0,-1,16,4
5177,146,131.633,137.669,141.868,94.044,95.654,97.172,157.000,102.875,136.000,138.861,other,0,-1,17,4
5178,121,109.648,119.962,123.165,93.904,95.515,96.841,146.000,103.292,123.000,121.333,other,0,-1,18,4
5179,81,90.038,98.372,100.685,93.589,95.195,96.474,121.000,103.208,127.000,101.944,other,0,-1,19,4
5180,70,76.231,76.089,78.002,92.638,94.216,95.973,81.000,101.292,85.000,84.222,other,0,-1,20,4
5181,68,61.319,62.321,67.793,92.135,93.702,95.567,70.000,100.667,99.000,70.889,other,0,-1,21,4
5182,53,48.330,53.679,61.505,91.401,92.948,95.112,68.000,99.375,93.000,63.889,other,0,-1,22,4
5183,41,40.608,45.104,53.777,90.536,92.059,94.630,53.000,97.708,60.000,57.111,other,0,-1,23,4
5184,40,35.773,39.826,48.147,89.975,91.485,94.211,41.000,96.917,55.000,38.722,other,0,-1,0,5
5185,34,34.357,40.979,31.869,89.730,91.185,93.964,40.000,96.292,53.000,42.139,other,0,-1,1,5
5186,32,34.974,40.561,31.264,89.427,90.826,93.705,34.000,95.500,42.000,43.389,other,0,-1,2,5
5187,36,36.866,41.331,32.373,89.254,90.602,93.473,32.000,95.083,46.000,43.528,other,0,-1,3,5
5188,38,40.449,44.006,35.931,89.081,90.377,93.241,36.000,94.667,62.000,42.111,other,0,-1,4,5
5189,39,43.722,46.134,40.654,88.705,89.943,92.967,38.000,93.667,62.000,43.028,other,0,-1,5,5
5190,53,47.955,49.165,46.761,88.344,89.524,92.696,39.000,92.708,76.000,55.167,other,0,-1,6,5
5191,381,56.797,58.887,58.572,87.982,89.105,92.424,53.000,91.750,79.000,63.917,inside,1,0,7,5
5192,388,279.054,305.977,278.525,92.329,93.558,93.136,381.000,104.333,92.000,81.722,inside,1,1,8,5
5193,510,282.004,325.941,297.590,96.589,97.921,93.830,388.000,116.667,88.000,98.167,inside,1,2,9,5
5194,564,332.863,385.109,373.459,102.674,104.172,94.905,510.000,134.250,119.000,102.556,inside,1,3,10,5
5195,124,353.378,409.411,398.081,109.092,110.769,96.050,564.000,152.792,184.000,122.722,after,1,4,11,5
5196,137,142.978,145.530,136.495,108.195,109.795,95.666,124.000,150.292,133.000,141.028,after,1,5,12,5
5197,133,154.871,154.532,147.702,108.225,109.780,95.477,137.000,150.458,161.000,161.333,after,1,6,13,5
5198,182,158.098,152.949,145.118,107.791,109.286,95.190,133.000,149.292,145.000,179.778,after,1,7,14,5
5199,162,162.473,169.538,171.230,108.299,109.767,95.101,182.000,150.833,192.000,180.472,after,1,8,15,5
5200,124,146.850,152.089,150.159,107.836,109.242,94.808,162.000,149.583,157.000,165.833,after,1,9,16,5
5201,138,127.591,132.179,119.222,107.330,108.673,94.507,124.000,148.208,146.000,148.556,after,1,10,17,5
5202,115,109.056,121.582,114.468,107.186,108.479,94.281,138.000,147.875,121.000,114.861,after,1,11,18,5
5203,105,91.739,103.918,94.983,107.071,108.315,94.061,115.000,147.625,81.000,90.528,after,1,12,19,5
5204,67,75.997,88.685,84.598,107.391,108.600,93.932,105.000,148.625,70.000,74.972,after,1,13,20,5
5205,54,65.377,73.619,69.475,107.319,108.481,93.721,67.000,148.500,68.000,60.444,after,1,14,21,5
5206,48,55.461,62.078,63.937,107.088,108.196,93.477,54.000,147.917,53.000,52.389,after,1,15,22,5
5207,49,48.765,54.073,60.691,106.988,108.047,93.260,48.000,147.708,41.000,44.139,after,1,16,23,5
5208,39,46.544,50.636,59.135,107.075,108.092,93.083,49.000,148.042,40.000,32.472,after,1,17,0,6
5209,31,48.702,49.244,43.472,107.311,108.274,93.190,39.000,148.000,34.000,34.500,after,1,18,1,6
5210,18,49.273,48.002,42.369,107.518,108.426,93.290,31.000,147.875,32.000,33.361,after,1,19,2,6
5211,26,48.178,45.717,40.661,107.565,108.412,93.357,18.000,147.292,36.000,35.222,after,1,20,3,6
5212,32,52.223,49.110,44.624,107.671,108.459,93.437,26.000,146.875,38.000,34.028,after,1,21,4,6
5213,20,55.599,52.976,49.544,107.834,108.566,93.528,32.000,146.625,39.000,36.611,after,1,22,5,6
5214,34,56.233,54.415,50.624,107.809,108.477,93.580,20.000,145.833,53.000,38.694,after,1,23,6,6
5215,51,64.102,64.165,60.205,107.784,108.389,93.633,34.000,145.042,381.000,47.194,after,1,24,7,6
5216,64,74.661,76.060,72.133,103.254,103.639,92.744,51.000,131.292,388.000,59.167,after,1,25,8,6
5217,73,88.312,88.857,84.118,98.811,98.978,91.873,64.000,117.792,510.000,78.778,after,1,26,9,6
5218,104,103.466,99.666,94.843,92.731,92.624,90.661,73.000,99.583,564.000,101.278,after,1,27,10,6
5219,94,118.911,120.880,117.493,86.317,85.924,89.379,104.000,80.417,124.000,121.778,other,0,-1,11,6
5220,160,132.222,123.124,116.249,86.133,85.671,89.398,94.000,79.167,137.000,140.833,other,0,-1,12,6
5221,119,155.090,160.461,161.149,86.716,86.213,89.577,160.000,80.125,133.000,148.472,other,0,-1,13,6
5222,179,149.061,141.626,132.986,86.764,86.199,89.645,119.000,79.542,182.000,156.639,other,0,-1,14,6
5223,110,156.355,163.935,169.557,86.971,86.351,89.745,179.000,79.417,162.000,153.306,other,0,-1,15,6
5224,110,135.770,131.259,117.216,86.468,85.768,89.697,110.000,77.250,124.000,133.083,other,0,-1,16,6
5225,126,121.116,119.921,107.317,86.515,85.755,89.765,110.000,76.667,138.000,123.667,other,0,-1,17,6
5226,73,102.572,107.535,101.927,86.592,85.771,89.838,126.000,76.167,115.000,102.583,other,0,-1,18,6
5227,81,89.943,84.717,69.195,86.234,85.338,89.821,73.000,74.417,105.000,79.889,other,0,-1,19,6
5228,57,70.984,70.070,62.162,86.136,85.175,89.858,81.000,73.417,67.000,59.111,other,0,-1,20,6
5229,45,58.708,56.076,50.455,86.242,85.222,89.937,57.000,73.000,54.000,47.306,other,0,-1,21,6
5230,35,48.023,47.075,44.927,86.361,85.284,90.020,45.000,72.625,48.000,35.306,other,0,-1,22,6
5231,33,40.907,41.891,41.505,86.423,85.285,90.090,35.000,72.083,49.000,32.556,other,0,-1,23,6
5232,59,37.626,41.067,40.366,86.442,85.242,90.151,33.000,71.417,39.000,61.343,other,0,-1,0,0
5233,67,45.460,52.194,49.700,87.072,85.861,90.550,59.000,72.250,31.000,59.743,other,0,-1,1,0
5234,51,53.959,61.414,52.958,87.934,86.721,90.997,67.000,73.750,18.000,61.829,other,0,-1,2,0
5235,56,49.938,56.458,52.046,88.752,87.535,91.436,51.000,75.125,26.000,63.543,other,0,-1,3,0
5236,70,54.572,61.100,57.381,89.527,88.304,91.865,56.000,76.375,32.000,60.000,other,0,-1,4,0
5237,66,62.879,70.456,66.982,90.417,89.193,92.318,70.000,77.958,20.000,77.171,other,0,-1,5,0
5238,66,60.602,70.713,72.826,91.424,90.202,92.796,66.000,79.875,34.000,77.686,other,0,-1,6,0
5239,83,63.390,76.247,80.689,92.227,91.002,93.231,66.000,81.208,51.000,91.543,other,0,-1,7,0
5240,80,76.576,93.819,95.619,93.031,91.801,93.666,83.000,82.542,64.000,101.114,other,0,-1,8,0
5241,103,89.699,105.903,102.795,93.603,92.360,94.053,80.000,83.208,73.000,122.829,other,0,-1,9,0
5242,125,111.533,128.283,121.218,94.378,93.130,94.482,103.000,84.458,104.000,137.200,other,0,-1,10,0
5243,163,133.907,146.994,139.364,95.022,93.764,94.884,125.000,85.333,94.000,150.314,other,0,-1,11,0
5244,191,161.084,170.650,166.541,96.362,95.118,95.431,163.000,88.208,160.000,163.229,other,0,-1,12,0
5245,193,182.140,187.545,186.825,97.151,95.902,95.863,191.000,89.500,119.000,172.800,other,0,-1,13,0
5246,160,181.251,184.475,187.217,98.564,97.331,96.426,193.000,92.583,179.000,172.257,other,0,-1,14,0
5247,171,164.536,161.639,161.332,98.629,97.366,96.707,160.000,91.792,110.000,183.343,other,0,-1,15,0
5248,171,155.635,155.633,160.661,99.852,98.600,97.229,171.000,94.333,110.000,162.143,other,0,-1,16,0
5249,154,139.454,140.758,149.858,101.076,99.834,97.752,171.000,96.875,126.000,148.800,other,0,-1,17,0
5250,140,118.956,118.437,127.699,101.822,100.573,98.175,154.000,98.042,73.000,128.829,other,0,-1,18,0
5251,94,99.863,98.549,107.645,103.133,101.897,98.717,140.000,100.833,81.000,110.171,other,0,-1,19,0
5252,98,84.576,77.898,80.808,103.661,102.411,99.094,94.000,101.375,57.000,85.143,other,0,-1,20,0
5253,67,70.637,68.919,74.069,104.595,103.346,99.557,98.000,103.083,45.000,75.143,other,0,-1,21,0
5254,66,61.257,58.406,61.232,105.254,103.995,99.962,67.000,104.000,35.000,65.229,other,0,-1,22,0
5255,46,56.431,57.044,57.767,106.044,104.779,100.394,66.000,105.292,33.000,63.543,other,0,-1,23,0
5256,39,52.681,52.544,51.862,106.572,105.294,100.772,46.000,105.833,59.000,61.694,other,0,-1,0,1
5257,56,51.308,50.832,50.227,106.456,105.196,101.023,39.000,105.000,67.000,62.000,other,0,-1,1,1
5258,75,57.265,58.689,52.985,106.471,105.233,101.303,56.000,104.542,51.000,62.222,other,0,-1,2,1
5259,58,68.943,68.957,58.450,106.993,105.794,101.687,75.000,105.542,56.000,61.389,other,0,-1,3,1
5260,60,62.969,63.140,58.183,107.195,106.026,102.006,58.000,105.625,70.000,63.583,other,0,-1,4,1
5261,70,64.911,65.559,63.622,107.225,106.078,102.288,60.000,105.208,66.000,65.139,other,0,-1,5,1
5262,59,70.199,72.233,73.020,107.456,106.340,102.612,70.000,105.375,66.000,66.417,other,0,-1,6,1
5263,84,73.845,75.340,78.408,107.529,106.437,102.904,59.000,105.083,83.000,77.639,other,0,-1,7,1
5264,90,89.016,93.467,96.184,107.717,106.654,103.219,84.000,105.125,80.000,91.833,other,0,-1,8,1
5265,101,106.021,111.210,109.323,108.036,107.006,103.561,90.000,105.542,103.000,109.944,other,0,-1,9,1
5266,122,126.021,131.528,124.607,108.181,107.178,103.868,101.000,105.458,125.000,131.361,other,0,-1,10,1
5267,185,146.201,150.093,143.881,108.312,107.335,104.171,122.000,105.333,163.000,148.500,other,0,-1,11,1
5268,182,180.711,178.578,184.821,108.804,107.866,104.550,185.000,106.250,191.000,174.389,other,0,-1,12,1
5269,200,182.356,181.548,186.557,108.848,107.933,104.835,182.000,105.875,193.000,191.778,other,0,-1,13,1
5270,157,189.173,189.397,195.717,109.123,108.240,105.168,200.000,106.167,160.000,190.222,other,0,-1,14,1
5271,153,169.883,166.455,164.774,109.254,108.397,105.472,157.000,106.042,171.000,183.056,other,0,-1,15,1
5272,157,160.108,156.013,152.773,109.167,108.329,105.730,153.000,105.292,171.000,168.806,other,0,-1,16,1
5273,154,146.459,143.999,142.967,109.138,108.321,106.000,157.000,104.708,154.000,158.750,other,0,-1,17,1
5274,107,128.850,127.244,129.391,109.312,108.523,106.312,154.000,104.708,140.000,131.639,other,0,-1,18,1
5275,122,113.037,102.446,100.447,109.008,108.230,106.524,107.000,103.333,94.000,103.944,other,0,-1,19,1
5276,122,93.503,90.473,97.624,109.587,108.852,106.921,122.000,104.500,98.000,92.389,other,0,-1,20,1
5277,79,80.584,82.227,89.810,110.109,109.414,107.306,122.000,105.500,67.000,77.389,other,0,-1,21,1
5278,75,70.193,67.378,70.103,110.457,109.795,107.655,79.000,106.000,66.000,64.944,other,0,-1,22,1
5279,63,64.259,64.975,62.873,110.761,110.132,107.995,75.000,106.375,46.000,62.889,other,0,-1,23,1
5280,54,61.323,62.464,55.707,111.181,110.589,108.358,63.000,107.083,39.000,59.639,other,0,-1,0,2
5281,52,59.031,60.616,57.202,111.275,110.746,108.455,54.000,107.708,56.000,64.167,other,0,-1,1,2
5282,51,59.873,61.157,55.595,111.094,110.618,108.494,52.000,107.542,75.000,56.194,other,0,-1,2,2
5283,60,61.718,61.920,55.548,110.623,110.191,108.472,51.000,106.542,58.000,60.528,other,0,-1,3,2
5284,63,66.308,65.861,59.041,110.529,110.153,108.529,60.000,106.625,60.000,62.444,other,0,-1,4,2
5285,65,69.578,67.798,63.186,110.449,110.130,108.590,63.000,106.750,70.000,62.833,other,0,-1,5,2
5286,69,74.171,70.560,69.007,110.253,109.987,108.625,65.000,106.542,59.000,70.472,other,0,-1,6,2
5287,92,82.958,76.765,77.399,110.275,110.069,108.707,69.000,106.958,84.000,78.639,other,0,-1,7,2
5288,77,97.896,90.627,93.670,110.267,110.122,108.782,92.000,107.292,90.000,89.639,other,0,-1,8,2
5289,127,114.666,105.006,99.908,109.956,109.859,108.794,77.000,106.750,101.000,104.833,other,0,-1,9,2
5290,123,135.044,127.061,130.806,110.209,110.181,108.924,127.000,107.833,122.000,127.694,other,0,-1,10,2
5291,126,150.193,146.091,140.812,110.100,110.128,108.978,123.000,107.875,185.000,145.361,other,0,-1,11,2
5292,146,161.699,159.921,150.810,109.122,109.176,108.850,126.000,105.417,182.000,159.222,other,0,-1,12,2
5293,165,168.932,168.746,164.226,108.477,108.568,108.792,146.000,103.917,200.000,182.222,other,0,-1,13,2
5294,206,171.209,174.192,172.196,107.847,107.976,108.738,165.000,102.458,157.000,185.000,other,0,-1,14,2
5295,224,177.291,186.862,187.106,108.434,108.643,108.937,206.000,104.500,153.000,172.750,other,0,-1,15,2
5296,138,174.838,190.335,186.608,109.339,109.639,109.203,224.000,107.458,157.000,158.694,other,0,-1,16,2
5297,164,144.735,142.834,131.381,108.940,109.287,109.196,138.000,106.667,154.000,148.139,other,0,-1,17,2
5298,130,129.074,136.812,131.282,108.962,109.369,109.278,164.000,107.083,107.000,124.722,other,0,-1,18,2
5299,131,111.207,111.372,105.929,109.172,109.646,109.398,130.000,108.042,122.000,108.833,other,0,-1,19,2
5300,89,93.146,99.116,97.032,109.179,109.713,109.477,131.000,108.417,122.000,89.361,other,0,-1,20,2
5301,78,80.620,77.245,74.493,108.578,109.150,109.428,89.000,107.042,79.000,75.500,other,0,-1,21,2
5302,67,68.963,67.404,64.072,108.440,109.068,109.476,78.000,107.000,75.000,67.139,other,0,-1,22,2
5303,69,61.192,60.867,55.085,108.201,108.880,109.503,67.000,106.667,63.000,62.722,other,0,-1,23,2
5304,47,57.864,60.626,50.732,108.164,108.902,109.572,69.000,106.917,54.000,61.389,other,0,-1,0,3
5305,64,54.566,56.544,55.807,107.735,108.511,109.302,47.000,106.625,52.000,64.194,other,0,-1,1,3
5306,57,58.278,63.328,57.705,107.581,108.404,109.090,64.000,107.125,51.000,65.056,other,0,-1,2,3
5307,67,58.976,61.871,56.556,107.341,108.208,108.859,57.000,107.375,60.000,61.583,other,0,-1,3,3
5308,59,64.288,66.393,60.351,107.114,108.026,108.632,67.000,107.667,63.000,61.250,other,0,-1,4,3
5309,51,65.074,64.365,62.222,106.729,107.680,108.371,59.000,107.500,65.000,63.500,other,0,-1,5,3
5310,57,69.667,64.693,65.742,106.198,107.183,108.080,51.000,106.917,69.000,67.778,other,0,-1,6,3
5311,62,80.039,71.830,74.477,105.697,106.717,107.795,57.000,106.417,92.000,79.889,other,0,-1,7,3
5312,89,94.853,83.478,85.227,104.934,105.981,107.456,62.000,105.167,77.000,92.417,other,0,-1,8,3
5313,110,112.070,102.836,105.322,104.780,105.874,107.243,89.000,105.667,127.000,115.000,other,0,-1,9,3
5314,128,131.007,125.776,125.705,104.207,105.333,106.943,110.000,104.958,123.000,126.583,other,0,-1,10,3
5315,161,148.577,147.956,144.848,103.951,105.122,106.710,128.000,105.167,126.000,145.861,other,0,-1,11,3
5316,144,165.235,167.761,167.605,104.131,105.360,106.567,161.000,106.625,146.000,168.111,other,0,-1,12,3
5317,160,168.056,168.607,165.251,103.774,105.043,106.312,144.000,106.542,165.000,177.472,other,0,-1,13,3
5318,196,170.727,171.759,171.342,103.374,104.682,106.049,160.000,106.333,206.000,176.694,other,0,-1,14,3
5319,204,173.358,181.341,182.239,102.901,104.246,105.770,196.000,105.917,224.000,173.972,other,0,-1,15,3
5320,170,163.461,177.321,176.916,102.284,103.659,105.460,204.000,105.083,138.000,162.111,other,0,-1,16,3
5321,126,140.901,149.799,149.567,102.420,103.853,105.309,170.000,106.417,164.000,150.028,other,0,-1,17,3
5322,113,121.926,121.762,118.573,101.542,102.997,104.945,126.000,104.833,130.000,132.389,other,0,-1,18,3
5323,106,104.146,104.091,102.705,100.968,102.455,104.645,113.000,104.125,131.000,108.528,other,0,-1,19,3
5324,82,86.307,89.220,90.674,100.278,101.794,104.321,106.000,103.083,89.000,100.083,other,0,-1,20,3
5325,76,72.752,72.229,75.259,99.849,101.403,104.051,82.000,102.792,78.000,85.306,other,0,-1,21,3
5326,64,60.019,62.793,67.031,99.492,101.086,103.796,76.000,102.708,67.000,74.778,other,0,-1,22,3
5327,51,51.783,54.549,58.928,99.121,100.755,103.538,64.000,102.583,69.000,70.444,other,0,-1,23,3
5328,46,46.860,48.409,52.296,98.532,100.199,103.235,51.000,101.833,47.000,60.917,other,0,-1,0,4
5329,60,44.131,49.343,47.819,98.233,99.894,102.871,46.000,101.792,64.000,56.972,other,0,-1,1,4
5330,52,48.246,55.779,49.453,97.889,99.545,102.498,60.000,101.625,57.000,51.583,other,0,-1,2,4
5331,55,48.646,53.992,48.451,97.532,99.181,102.122,52.000,101.417,67.000,54.556,other,0,-1,3,4
5332,46,51.882,56.135,51.039,97.072,98.711,101.724,55.000,100.917,59.000,57.139,other,0,-1,4,4
5333,76,52.711,54.174,52.851,96.599,98.227,101.324,46.000,100.375,51.000,54.694,other,0,-1,5,4
5334,58,63.693,67.124,66.107,96.676,98.313,101.038,76.000,101.417,57.000,65.167,other,0,-1,6,4
5335,76,67.504,66.040,69.370,96.405,98.038,100.680,58.000,101.458,62.000,74.667,other,0,-1,7,4
5336,68,80.944,80.849,85.426,96.322,97.959,100.361,76.000,102.042,89.000,86.667,other,0,-1,8,4
5337,88,98.730,95.688,94.753,95.733,97.354,99.937,68.000,101.167,110.000,109.861,other,0,-1,9,4
5338,108,117.195,120.266,115.692,95.129,96.735,99.509,88.000,100.250,128.000,125.222,other,0,-1,10,4
5339,146,135.329,142.568,136.718,94.554,96.146,99.087,108.000,99.417,161.000,147.361,other,0,-1,11,4
5340,149,153.899,164.078,163.560,94.051,95.632,98.681,146.000,98.792,144.000,161.111,other,0,-1,12,4
5341,210,163.567,166.450,169.320,93.838,95.417,98.335,149.000,99.000,160.000,174.694,other,0,-1,13,4
5342,213,185.381,195.746,199.501,94.277,95.878,98.125,210.000,101.083,196.000,178.167,other,0,-1,14,4
5343,157,179.961,189.628,195.189,94.238,95.843,97.815,213.000,101.792,204.000,172.583,other,0,-1,15,4
5344,145,151.526,149.818,155.607,93.272,94.849,97.312,157.000,99.833,170.000,165.472,other,0,-1,16,4
5345,150,131.786,133.149,136.643,92.625,94.185,96.875,145.000,98.792,126.000,138.861,other,0,-1,17,4
5346,123,110.312,120.569,124.888,92.687,94.255,96.587,150.000,99.792,113.000,121.333,other,0,-1,18,4
5347,99,90.372,97.685,101.217,92.546,94.116,96.256,123.000,100.208,106.000,101.944,other,0,-1,19,4
5348,82,73.823,78.157,83.037,92.160,93.722,95.873,99.000,99.917,82.000,84.222,other,0,-1,20,4
5349,87,59.385,63.229,70.660,91.874,93.432,95.512,82.000,99.917,76.000,70.889,other,0,-1,21,4
5350,63,46.694,58.014,65.846,91.748,93.308,95.185,87.000,100.375,64.000,63.889,other,0,-1,22,4
5351,79,39.702,46.721,56.127,91.449,93.003,94.820,63.000,100.333,51.000,57.111,other,0,-1,23,4
5352,39,38.535,51.914,55.886,91.569,93.134,94.544,79.000,101.500,46.000,38.722,other,0,-1,0,5
5353,33,33.512,39.830,33.038,91.439,92.954,94.321,39.000,101.208,60.000,42.139,other,0,-1,1,5
5354,37,34.142,39.491,32.405,91.020,92.475,94.038,33.000,100.083,52.000,43.389,other,0,-1,2,5
5355,51,37.650,42.543,34.487,90.775,92.176,93.791,37.000,99.458,55.000,43.528,other,0,-1,3,5
5356,34,45.221,49.551,40.155,90.689,92.041,93.577,51.000,99.292,46.000,42.111,other,0,-1,4,5
5357,32,42.354,44.152,40.616,90.487,91.787,93.339,34.000,98.792,76.000,43.028,other,0,-1,5,5
5358,36,46.601,46.373,45.562,89.821,91.053,93.004,32.000,96.958,58.000,55.167,other,0,-1,6,5
5359,66,55.181,53.282,53.635,89.474,90.649,92.736,36.000,96.042,76.000,63.917,other,0,-1,7,5
5360,75,68.661,71.523,72.981,89.301,90.425,92.504,66.000,95.625,68.000,81.722,other,0,-1,8,5
5361,75,84.549,87.303,87.292,89.375,90.455,92.323,75.000,95.917,88.000,98.167,other,0,-1,9,5
5362,115,103.450,101.380,97.688,89.158,90.186,92.082,75.000,95.375,108.000,102.556,other,0,-1,10,5
5363,142,123.364,130.803,129.105,89.232,90.216,91.902,115.000,95.667,146.000,122.722,other,0,-1,11,5
5364,125,142.576,152.076,153.378,89.146,90.082,91.688,142.000,95.500,149.000,141.028,other,0,-1,12,5
5365,144,149.722,145.797,146.637,88.770,89.648,91.414,125.000,94.500,210.000,161.333,other,0,-1,13,5
5366,152,155.306,153.136,157.729,87.786,88.584,91.013,144.000,91.750,213.000,179.778,other,0,-1,14,5
5367,171,151.639,151.638,156.783,86.874,87.595,90.626,152.000,89.208,157.000,180.472,other,0,-1,15,5
5368,139,142.111,150.612,157.501,87.049,87.730,90.467,171.000,89.792,145.000,165.833,other,0,-1,16,5
5369,118,119.785,126.181,124.788,86.934,87.566,90.247,139.000,89.542,150.000,148.556,other,0,-1,17,5
5370,126,100.503,106.292,99.408,86.442,87.012,89.949,118.000,88.208,123.000,114.861,other,0,-1,18,5
5371,79,80.569,92.490,88.198,86.457,86.983,89.756,126.000,88.333,99.000,90.528,other,0,-1,19,5
5372,65,67.464,69.565,62.697,86.139,86.608,89.494,79.000,87.500,82.000,74.972,other,0,-1,20,5
5373,66,53.651,55.703,52.769,85.865,86.279,89.241,65.000,86.792,87.000,60.444,other,0,-1,21,5
5374,48,41.809,48.482,48.457,85.533,85.890,88.976,66.000,85.917,63.000,52.389,other,0,-1,22,5
5375,60,35.202,40.978,42.021,85.287,85.590,88.729,48.000,85.292,79.000,44.139,other,0,-1,23,5
5376,30,33.848,44.736,41.889,84.984,85.231,88.469,60.000,84.500,39.000,32.472,other,0,-1,0,6
5377,24,31.061,36.119,30.689,85.104,85.293,88.552,30.000,84.125,33.000,34.500,other,0,-1,1,6
5378,30,31.786,36.429,31.071,85.224,85.355,88.634,24.000,83.750,37.000,33.361,other,0,-1,2,6
5379,29,35.984,40.672,34.673,85.373,85.446,88.723,30.000,83.458,51.000,35.222,other,0,-1,3,6
5380,30,38.168,41.840,38.008,85.304,85.313,88.766,29.000,82.542,34.000,34.028,other,0,-1,4,6
5381,39,40.858,43.884,42.990,85.497,85.450,88.863,30.000,82.375,32.000,36.611,other,0,-1,5,6
5382,39,46.486,50.099,51.428,85.848,85.751,88.994,39.000,82.667,36.000,38.694,other,0,-1,6,6
5383,45,52.301,55.500,58.331,86.142,85.993,89.113,39.000,82.792,66.000,47.194,other,0,-1,7,6
5384,48,63.847,66.309,67.795,86.088,85.874,89.159,45.000,81.917,75.000,59.167,other,0,-1,8,6
5385,78,80.140,78.384,76.318,85.947,85.666,89.187,48.000,80.792,75.000,78.778,other,0,-1,9,6
5386,119,98.980,100.163,97.017,86.241,85.908,89.306,78.000,80.917,115.000,101.278,other,0,-1,10,6
5387,96,121.738,129.282,126.304,86.549,86.164,89.428,119.000,81.083,142.000,121.778,other,0,-1,11,6
5388,169,132.285,124.094,117.221,86.133,85.671,89.398,96.000,79.167,125.000,140.833,other,0,-1,12,6
5389,130,158.834,166.298,167.367,87.021,86.528,89.641,169.000,81.000,144.000,148.472,other,0,-1,13,6
5390,166,150.590,145.613,139.871,87.068,86.514,89.708,130.000,80.417,152.000,156.639,other,0,-1,14,6
5391,158,152.749,157.198,160.257,87.521,86.921,89.860,166.000,81.000,171.000,153.306,other,0,-1,15,6
5392,115,139.049,144.607,146.511,87.583,86.922,89.930,158.000,80.458,139.000,133.083,other,0,-1,16,6
5393,87,121.480,120.302,110.002,87.486,86.759,89.967,115.000,79.458,118.000,123.667,other,0,-1,17,6
5394,88,106.577,101.477,85.427,87.287,86.491,89.983,87.000,78.167,126.000,102.583,other,0,-1,18,6
5395,480,88.305,85.205,74.368,86.987,86.118,89.978,88.000,76.583,79.000,79.889,inside,1,0,19,6
5396,313,325.568,232.864,283.503,93.046,92.326,91.301,480.000,93.292,65.000,59.111,inside,1,1,20,6
5397,227,231.593,178.410,135.056,96.889,96.240,92.161,313.000,103.625,66.000,47.306,inside,1,2,21,6
5398,48,151.025,149.391,87.419,99.471,98.850,92.757,227.000,110.333,48.000,35.306,after,1,3,22,6
5399,30,41.079,55.229,46.991,99.722,99.047,92.867,48.000,110.333,60.000,32.556,after,1,4,23,6
5400,56,37.467,51.327,43.980,99.537,98.794,92.886,30.000,109.083,30.000,61.343,after,1,5,0,0
5401,60,44.517,66.054,51.239,100.254,99.503,93.303,56.000,110.167,24.000,59.743,after,1,6,1,0
5402,64,50.596,73.190,52.887,101.116,100.362,93.750,60.000,111.667,30.000,61.829,after,1,7,2,0
5403,59,56.797,77.995,55.781,101.949,101.192,94.192,64.000,113.083,29.000,63.543,after,1,8,3,0
5404,55,56.391,74.968,58.418,102.723,101.961,94.621,59.000,114.333,30.000,60.000,after,1,9,4,0
5405,58,55.175,71.724,62.443,103.426,102.655,95.035,55.000,115.375,39.000,77.171,after,1,10,5,0
5406,67,57.422,73.406,69.344,104.041,103.260,95.431,58.000,116.167,39.000,77.686,after,1,11,6,0
5407,82,64.203,81.096,79.560,104.787,103.999,95.854,67.000,117.333,45.000,91.543,after,1,12,7,0
5408,88,77.099,96.020,93.773,105.663,104.873,96.304,82.000,118.875,48.000,101.114,after,1,13,8,0
5409,96,91.984,110.425,106.138,106.583,105.792,96.763,88.000,120.542,78.000,122.829,after,1,14,9,0
5410,134,110.960,126.059,119.246,107.184,106.382,97.156,96.000,121.292,119.000,137.200,after,1,15,10,0
5411,154,139.321,151.732,147.440,107.741,106.926,97.540,134.000,121.917,96.000,150.314,after,1,16,11,0
5412,158,160.182,165.898,165.513,108.922,108.115,98.054,154.000,124.333,169.000,163.229,after,1,17,12,0
5413,149,167.731,168.864,170.577,109.102,108.270,98.359,158.000,123.875,130.000,172.800,after,1,18,13,0
5414,180,165.668,163.283,163.305,109.718,108.874,98.755,149.000,124.667,166.000,172.257,after,1,19,14,0
5415,166,170.728,171.383,177.257,110.261,109.404,99.136,180.000,125.250,158.000,183.343,after,1,20,15,0
5416,154,153.735,155.151,158.444,110.717,109.843,99.498,166.000,125.583,115.000,162.143,after,1,21,16,0
5417,164,135.616,137.370,138.757,111.622,110.747,99.955,154.000,127.208,87.000,148.800,after,1,22,17,0
5418,118,119.001,123.651,128.798,113.078,112.221,100.526,164.000,130.417,88.000,128.829,after,1,23,18,0
5419,106,98.006,97.663,95.512,113.853,112.990,100.955,118.000,131.667,480.000,110.171,after,1,24,19,0
5420,107,82.508,81.290,86.078,108.775,107.703,100.162,106.000,116.083,313.000,85.143,after,1,25,20,0
5421,80,70.512,72.222,78.774,106.131,104.935,99.877,107.000,107.500,227.000,75.143,after,1,26,21,0
5422,76,61.152,62.065,64.416,104.342,103.051,99.771,80.000,101.375,48.000,65.229,other,0,-1,22,0
5423,67,57.809,61.010,60.240,105.088,103.790,100.194,76.000,102.542,30.000,63.543,other,0,-1,23,0
5424,75,57.111,60.355,56.873,105.964,104.664,100.645,67.000,104.083,56.000,61.694,other,0,-1,0,1
5425,74,60.212,64.520,58.243,106.413,105.151,101.014,75.000,104.875,60.000,62.000,other,0,-1,1,1
5426,70,64.345,67.327,57.788,106.790,105.563,101.369,74.000,105.458,64.000,62.222,other,0,-1,2,1
5427,58,66.100,67.755,58.546,107.050,105.854,101.700,70.000,105.708,59.000,61.389,other,0,-1,3,1
5428,57,62.675,64.049,59.337,107.210,106.041,102.009,58.000,105.667,55.000,63.583,other,0,-1,4,1
5429,69,63.595,65.263,64.143,107.413,106.273,102.327,57.000,105.750,58.000,65.139,other,0,-1,5,1
5430,60,69.639,72.649,73.977,107.746,106.640,102.673,69.000,106.208,67.000,66.417,other,0,-1,6,1
5431,76,73.569,76.256,79.769,107.819,106.737,102.964,60.000,105.917,82.000,77.639,other,0,-1,7,1
5432,71,87.553,92.095,94.329,107.906,106.849,103.258,76.000,105.667,88.000,91.833,other,0,-1,8,1
5433,109,104.732,108.815,102.706,107.833,106.796,103.519,71.000,104.958,96.000,109.944,other,0,-1,9,1
5434,111,126.775,133.011,128.597,108.196,107.193,103.871,109.000,105.500,134.000,131.361,other,0,-1,10,1
5435,150,144.291,148.500,138.761,108.036,107.050,104.114,111.000,104.542,154.000,148.500,other,0,-1,11,1
5436,177,165.298,166.109,165.496,108.152,107.192,104.414,150.000,104.375,158.000,174.389,other,0,-1,12,1
5437,178,180.707,179.554,183.785,108.602,107.678,104.784,177.000,105.167,149.000,191.778,other,0,-1,13,1
5438,191,179.986,179.378,182.973,109.196,108.315,105.184,178.000,106.375,180.000,190.222,other,0,-1,14,1
5439,195,178.321,179.854,184.397,109.529,108.682,105.529,191.000,106.833,166.000,183.056,other,0,-1,15,1
5440,142,168.494,171.829,176.468,110.123,109.319,105.929,195.000,108.042,154.000,168.806,other,0,-1,16,1
5441,167,145.807,139.938,135.826,110.123,109.341,106.205,142.000,107.542,164.000,158.750,other,0,-1,17,1
5442,120,129.593,130.768,135.964,110.340,109.587,106.527,167.000,107.667,118.000,131.639,other,0,-1,18,1
5443,101,110.717,103.546,105.239,110.543,109.819,106.845,120.000,107.750,106.000,103.944,other,0,-1,19,1
5444,92,94.290,86.314,90.719,110.645,109.946,107.142,101.000,107.542,107.000,92.389,other,0,-1,20,1
5445,95,79.717,74.324,80.753,110.601,109.923,107.409,92.000,106.917,80.000,77.389,other,0,-1,21,1
5446,59,69.969,70.089,74.521,110.993,110.350,107.767,95.000,107.542,76.000,64.944,other,0,-1,22,1
5447,62,62.560,59.452,58.764,110.920,110.297,108.028,59.000,106.833,67.000,62.889,other,0,-1,23,1
5448,66,60.548,60.671,54.619,111.022,110.424,108.325,62.000,106.625,75.000,59.639,other,0,-1,0,2
5449,74,60.608,63.405,57.743,110.768,110.221,108.349,66.000,106.250,74.000,64.167,other,0,-1,1,2
5450,61,65.600,68.093,58.086,110.645,110.154,108.400,74.000,106.250,70.000,56.194,other,0,-1,2,2
5451,54,64.138,64.392,55.928,110.391,109.951,108.424,61.000,105.875,58.000,60.528,other,0,-1,3,2
5452,59,64.564,62.949,56.566,110.210,109.823,108.463,54.000,105.708,57.000,62.444,other,0,-1,4,2
5453,47,68.580,65.808,61.250,110.116,109.785,108.520,59.000,105.792,69.000,62.833,other,0,-1,5,2
5454,60,72.146,65.679,64.034,109.674,109.388,108.504,47.000,104.875,60.000,70.472,other,0,-1,6,2
5455,82,82.619,74.659,74.398,109.550,109.320,108.556,60.000,104.875,76.000,78.639,other,0,-1,7,2
5456,105,97.446,88.675,90.143,109.514,109.342,108.625,82.000,105.125,71.000,89.639,other,0,-1,8,2
5457,94,115.953,106.572,109.553,109.883,109.784,108.779,105.000,106.542,109.000,104.833,other,0,-1,9,2
5458,123,133.610,126.328,117.714,109.543,109.491,108.784,94.000,105.917,111.000,127.694,other,0,-1,10,2
5459,142,150.958,146.046,140.935,109.593,109.603,108.872,123.000,106.417,150.000,145.361,other,0,-1,11,2
5460,177,164.127,161.467,158.307,109.354,109.416,108.899,142.000,106.083,177.000,159.222,other,0,-1,12,2
5461,155,176.219,176.270,179.588,109.231,109.348,108.950,177.000,106.083,178.000,182.222,other,0,-1,13,2
5462,162,169.854,171.627,167.640,108.774,108.935,108.931,155.000,105.125,191.000,185.000,other,0,-1,14,2
5463,215,165.639,169.550,164.617,108.231,108.433,108.895,162.000,103.917,195.000,172.750,other,0,-1,15,2
5464,182,169.734,184.910,181.568,108.397,108.665,109.006,215.000,104.750,142.000,158.694,other,0,-1,16,2
5465,167,147.360,157.473,152.129,108.853,109.197,109.178,182.000,106.417,167.000,148.139,other,0,-1,17,2
5466,132,129.135,137.934,132.588,108.730,109.129,109.229,167.000,106.417,120.000,124.722,other,0,-1,18,2
5467,112,111.100,111.840,106.684,108.781,109.241,109.317,132.000,106.917,101.000,108.833,other,0,-1,19,2
5468,113,94.538,93.402,89.980,108.817,109.338,109.401,112.000,107.375,92.000,89.361,other,0,-1,20,2
5469,77,78.954,84.128,81.867,108.998,109.585,109.516,113.000,108.250,95.000,75.500,other,0,-1,21,2
5470,54,69.224,67.573,63.369,108.614,109.247,109.512,77.000,107.500,59.000,67.139,other,0,-1,22,2
5471,74,61.894,58.394,51.755,108.418,109.105,109.548,54.000,107.292,62.000,62.722,other,0,-1,23,2
5472,72,58.533,62.811,51.342,108.468,109.217,109.635,74.000,107.792,66.000,61.389,other,0,-1,0,3
5473,51,57.943,65.406,60.367,108.228,109.020,109.405,72.000,108.042,74.000,64.194,other,0,-1,1,3
5474,62,55.632,59.086,54.957,107.567,108.389,109.087,51.000,107.083,61.000,65.056,other,0,-1,2,3
5475,63,60.137,64.014,57.202,107.254,108.118,108.841,62.000,107.125,54.000,61.583,other,0,-1,3,3
5476,77,62.906,65.117,59.240,107.056,107.966,108.620,63.000,107.500,59.000,61.250,other,0,-1,4,3
5477,65,69.869,71.014,66.052,106.989,107.950,108.426,77.000,108.250,47.000,63.500,other,0,-1,5,3
5478,76,71.097,68.456,68.967,106.922,107.933,108.231,65.000,109.000,60.000,67.778,other,0,-1,6,3
5479,73,80.995,75.931,79.613,106.827,107.886,108.031,76.000,109.667,82.000,79.889,other,0,-1,7,3
5480,86,94.418,84.788,88.589,106.368,107.465,107.755,73.000,109.292,105.000,92.417,other,0,-1,8,3
5481,117,112.045,102.568,104.372,105.766,106.894,107.449,86.000,108.500,94.000,115.000,other,0,-1,9,3
5482,114,131.346,126.231,128.291,105.771,106.952,107.270,117.000,109.458,123.000,126.583,other,0,-1,10,3
5483,168,147.542,146.772,139.311,105.313,106.531,106.994,114.000,109.083,142.000,145.861,other,0,-1,11,3
5484,129,167.251,169.281,170.297,105.362,106.634,106.824,168.000,110.167,177.000,168.111,other,0,-1,12,3
5485,175,165.994,164.579,158.789,104.339,105.628,106.430,129.000,108.167,155.000,177.472,other,0,-1,13,3
5486,183,174.219,176.786,177.652,104.301,105.641,106.242,175.000,109.000,162.000,176.694,other,0,-1,14,3
5487,160,170.320,175.120,176.235,104.277,105.670,106.057,183.000,109.875,215.000,173.972,other,0,-1,15,3
5488,226,154.748,157.377,156.074,103.153,104.559,105.642,160.000,107.583,182.000,162.111,other,0,-1,16,3
5489,161,155.752,182.878,176.707,103.463,104.932,105.526,226.000,109.417,167.000,150.028,other,0,-1,17,3
5490,142,121.395,133.824,133.294,103.048,104.556,105.260,161.000,109.167,132.000,132.389,other,0,-1,18,3
5491,71,101.757,113.885,113.510,102.865,104.419,105.041,142.000,109.583,112.000,108.528,other,0,-1,19,3
5492,96,90.696,82.862,79.192,101.944,103.518,104.669,71.000,107.875,113.000,100.083,other,0,-1,20,3
5493,79,70.747,76.597,78.397,101.370,102.977,104.368,96.000,107.167,77.000,85.306,other,0,-1,21,3
5494,72,59.549,64.128,66.650,101.071,102.720,104.126,79.000,107.250,54.000,74.778,other,0,-1,22,3
5495,70,51.347,57.514,59.397,101.004,102.704,103.932,72.000,108.000,74.000,70.444,other,0,-1,23,3
5496,49,47.422,54.685,54.702,100.618,102.357,103.671,70.000,107.833,72.000,60.917,other,0,-1,0,4
5497,50,44.351,50.933,46.892,100.000,101.723,103.240,49.000,106.875,51.000,56.972,other,0,-1,1,4
5498,53,45.876,52.529,46.198,99.700,101.419,102.876,50.000,106.833,62.000,51.583,other,0,-1,2,4
5499,52,48.982,54.881,47.303,99.284,100.995,102.488,53.000,106.458,63.000,54.556,other,0,-1,3,4
5500,52,51.165,55.445,49.278,98.840,100.540,102.093,52.000,106.000,77.000,57.139,other,0,-1,4,4
5501,58,53.927,56.529,53.222,98.192,99.876,101.657,52.000,104.958,65.000,54.694,other,0,-1,5,4
5502,56,59.438,60.839,60.689,97.806,99.482,101.274,58.000,104.667,76.000,65.167,other,0,-1,6,4
5503,68,67.383,65.672,68.364,97.231,98.893,100.853,56.000,103.833,73.000,74.667,other,0,-1,7,4
5504,75,80.854,78.930,82.592,96.873,98.528,100.476,68.000,103.625,86.000,86.667,other,0,-1,8,4
5505,116,98.247,96.938,97.606,96.428,98.074,100.082,75.000,103.167,117.000,109.861,other,0,-1,9,4
5506,122,118.197,127.389,128.292,96.128,97.770,99.718,116.000,103.125,114.000,125.222,other,0,-1,10,4
5507,98,136.576,146.605,143.638,95.959,97.600,99.381,122.000,103.458,168.000,147.361,other,0,-1,11,4
5508,192,147.947,148.788,142.256,94.660,96.261,98.808,98.000,100.542,129.000,161.111,other,0,-1,12,4
5509,155,177.216,188.634,191.614,95.287,96.916,98.637,192.000,103.167,175.000,174.694,other,0,-1,13,4
5510,200,167.933,165.374,171.794,94.712,96.327,98.216,155.000,102.333,183.000,178.167,other,0,-1,14,4
5511,172,175.420,181.060,188.294,94.673,96.293,97.906,200.000,103.042,160.000,172.583,other,0,-1,15,4
5512,133,153.823,156.002,163.422,94.561,96.183,97.581,172.000,103.542,226.000,165.472,other,0,-1,16,4
5513,123,130.645,129.811,131.250,92.929,94.500,96.939,133.000,99.667,161.000,138.861,other,0,-1,17,4
5514,116,110.520,112.908,113.587,92.093,93.641,96.463,123.000,98.083,142.000,121.333,other,0,-1,18,4
5515,119,90.745,96.345,98.863,91.431,92.962,96.023,116.000,97.000,71.000,101.944,other,0,-1,19,4
5516,75,71.435,84.811,89.531,91.841,93.392,95.807,119.000,99.000,96.000,84.222,other,0,-1,20,4
5517,82,60.203,62.423,69.194,91.251,92.788,95.382,75.000,98.125,79.000,70.889,other,0,-1,21,4
5518,61,46.825,57.068,65.024,91.010,92.543,95.030,82.000,98.250,72.000,63.889,other,0,-1,22,4
5519,62,39.752,46.778,55.985,90.565,92.089,94.636,61.000,97.792,70.000,57.111,other,0,-1,23,4
5520,38,36.065,45.791,52.829,90.164,91.680,94.250,62.000,97.458,49.000,38.722,other,0,-1,0,5
5521,37,33.562,40.027,32.922,89.976,91.440,94.016,38.000,97.000,50.000,42.139,other,0,-1,1,5
5522,53,35.229,41.437,33.172,89.760,91.171,93.775,37.000,96.458,53.000,43.389,other,0,-1,2,5
5523,36,43.325,49.703,37.757,89.732,91.096,93.573,53.000,96.458,52.000,43.528,other,0,-1,3,5
5524,53,40.113,43.858,37.143,89.472,90.782,93.323,36.000,95.792,52.000,42.111,other,0,-1,4,5
5525,36,48.309,51.904,45.376,89.458,90.723,93.124,53.000,95.833,58.000,43.028,other,0,-1,5,5
5526,45,47.165,47.986,46.782,89.111,90.319,92.856,36.000,94.917,56.000,55.167,other,0,-1,6,5
5527,55,55.651,56.175,56.554,88.924,90.079,92.621,45.000,94.458,68.000,63.917,other,0,-1,7,5
5528,77,67.926,68.291,68.758,88.708,89.810,92.380,55.000,93.917,75.000,81.722,other,0,-1,8,5
5529,84,84.344,88.288,88.059,88.708,89.765,92.184,77.000,94.000,116.000,98.167,other,0,-1,9,5
5530,123,102.856,104.895,101.865,88.217,89.211,91.886,84.000,92.667,122.000,102.556,other,0,-1,10,5
5531,120,123.934,135.034,133.340,88.203,89.152,91.687,123.000,92.708,98.000,122.722,other,0,-1,11,5
5532,129,138.764,140.481,138.901,88.494,89.407,91.552,120.000,93.625,192.000,141.028,other,0,-1,12,5
5533,165,149.246,147.570,148.283,87.553,88.388,91.160,129.000,91.000,155.000,161.333,other,0,-1,13,5
5534,160,159.774,163.454,170.612,87.670,88.464,90.988,165.000,91.417,200.000,179.778,other,0,-1,14,5
5535,153,153.414,155.124,161.510,87.062,87.790,90.666,160.000,89.750,172.000,180.472,other,0,-1,15,5
5536,149,139.544,143.212,146.664,86.759,87.431,90.407,153.000,88.958,133.000,165.833,other,0,-1,16,5
5537,135,120.657,129.289,129.929,86.962,87.596,90.253,149.000,89.625,123.000,148.556,other,0,-1,17,5
5538,94,99.932,110.172,106.808,87.108,87.702,90.088,135.000,90.125,116.000,114.861,other,0,-1,18,5
5539,106,83.542,86.316,77.046,86.761,87.297,89.820,94.000,89.208,119.000,90.528,other,0,-1,19,5
5540,60,64.412,74.063,70.351,86.545,87.028,89.579,106.000,88.667,75.000,74.972,other,0,-1,20,5
5541,49,54.260,54.803,51.828,86.300,86.729,89.332,60.000,88.042,82.000,60.444,other,0,-1,21,5
5542,40,43.059,44.822,45.355,85.793,86.160,89.030,49.000,86.667,61.000,52.389,other,0,-1,22,5
5543,35,35.355,38.825,40.765,85.461,85.770,88.765,40.000,85.792,62.000,44.139,other,0,-1,23,5
5544,29,31.188,36.490,37.823,85.042,85.291,88.482,35.000,84.667,38.000,32.472,other,0,-1,0,6
5545,30,30.865,35.383,30.135,85.162,85.353,88.564,29.000,84.292,37.000,34.500,other,0,-1,1,6
5546,26,33.253,38.186,31.800,85.311,85.445,88.652,30.000,84.000,53.000,33.361,other,0,-1,2,6
5547,33,34.813,38.723,33.377,85.170,85.236,88.680,26.000,82.875,36.000,35.222,other,0,-1,3,6
5548,37,39.545,43.084,38.475,85.377,85.388,88.781,33.000,82.750,53.000,34.028,other,0,-1,4,6
5549,27,43.147,46.305,44.335,85.395,85.345,88.842,37.000,82.083,36.000,36.611,other,0,-1,5,6
5550,38,43.851,45.573,47.520,85.515,85.406,88.925,27.000,81.708,45.000,38.694,other,0,-1,6,6
5551,47,52.224,54.850,57.582,85.664,85.498,89.013,38.000,81.417,55.000,47.194,other,0,-1,7,6
5552,48,64.032,66.720,68.225,85.798,85.575,89.099,47.000,81.083,77.000,59.167,other,0,-1,8,6
5553,63,80.255,78.214,76.097,85.628,85.336,89.121,48.000,79.875,84.000,78.778,other,0,-1,9,6
5554,110,98.776,93.906,89.625,85.575,85.218,89.167,63.000,79.000,123.000,101.278,other,0,-1,10,6
5555,109,119.851,123.922,120.833,85.636,85.220,89.237,110.000,78.458,120.000,121.778,other,0,-1,11,6
5556,140,134.170,129.620,124.918,85.727,85.252,89.313,109.000,78.000,129.000,140.833,other,0,-1,12,6
5557,131,149.260,148.977,147.079,86.137,85.613,89.456,140.000,78.458,165.000,148.472,other,0,-1,13,6
5558,131,150.284,146.014,140.472,85.895,85.300,89.463,131.000,77.042,160.000,156.639,other,0,-1,14,6
5559,168,146.318,143.666,136.643,85.725,85.062,89.485,131.000,75.833,153.000,153.306,other,0,-1,15,6
5560,114,140.211,148.928,152.977,86.193,85.483,89.640,168.000,76.458,149.000,133.083,other,0,-1,16,6
5561,95,120.500,120.537,109.231,85.936,85.155,89.644,114.000,75.000,135.000,123.667,other,0,-1,17,6
5562,96,104.840,102.816,88.314,85.607,84.752,89.632,95.000,73.333,94.000,102.583,other,0,-1,18,6
5563,83,86.375,86.553,76.280,85.886,84.979,89.748,96.000,73.417,106.000,79.889,other,0,-1,19,6
5564,69,70.450,70.211,62.220,85.803,84.830,89.788,83.000,72.458,60.000,59.111,other,0,-1,20,6
5565,65,57.122,57.450,52.457,86.184,85.162,89.925,69.000,72.833,49.000,47.306,other,0,-1,21,6
5566,42,46.969,50.748,48.299,86.666,85.598,90.083,65.000,73.500,40.000,35.306,other,0,-1,22,6
5567,31,40.799,43.564,42.546,86.945,85.825,90.199,42.000,73.583,35.000,32.556,other,0,-1,23,6
5568,63,37.367,40.790,40.020,87.137,85.962,90.296,31.000,73.417,29.000,61.343,other,0,-1,0,0
5569,61,46.857,54.397,50.890,87.970,86.791,90.738,63.000,74.833,30.000,59.743,other,0,-1,1,0
5570,54,50.753,58.546,51.879,88.759,87.575,91.170,61.000,76.125,26.000,61.829,other,0,-1,2,0
5571,59,51.203,58.257,53.032,89.505,88.314,91.593,54.000,77.292,33.000,63.543,other,0,-1,3,0
5572,56,56.024,62.970,58.401,90.222,89.024,92.010,59.000,78.375,37.000,60.000,other,0,-1,4,0
5573,71,55.216,63.042,63.105,90.837,89.628,92.406,56.000,79.167,27.000,77.171,other,0,-1,5,0
5574,69,62.998,73.514,74.526,91.815,90.607,92.877,71.000,81.000,38.000,77.686,other,0,-1,6,0
5575,70,64.310,77.727,81.807,92.604,91.391,93.310,69.000,82.292,47.000,91.543,other,0,-1,7,0
5576,85,73.047,88.179,90.506,93.278,92.056,93.718,70.000,83.250,48.000,101.114,other,0,-1,8,0
5577,120,90.457,107.858,105.041,94.154,92.930,94.168,85.000,84.792,63.000,122.829,other,0,-1,9,0
5578,133,116.536,136.160,129.991,95.320,94.104,94.679,120.000,87.167,110.000,137.200,other,0,-1,10,0
5579,122,136.612,150.924,144.025,95.993,94.768,95.087,133.000,88.125,109.000,150.314,other,0,-1,11,0
5580,148,147.515,151.098,142.415,96.521,95.283,95.464,122.000,88.667,140.000,163.229,other,0,-1,12,0
5581,216,162.603,164.196,159.591,96.978,95.722,95.827,148.000,89.000,131.000,172.800,other,0,-1,13,0
5582,131,198.090,200.551,203.123,98.549,97.316,96.423,216.000,92.542,131.000,172.257,other,0,-1,14,0
5583,140,160.899,152.481,143.975,98.889,97.636,96.761,131.000,92.542,168.000,183.343,other,0,-1,15,0
5584,172,151.541,146.557,142.118,98.824,97.535,97.015,140.000,91.375,114.000,162.143,other,0,-1,16,0
5585,173,138.849,142.460,150.505,100.004,98.724,97.529,172.000,93.792,95.000,148.800,other,0,-1,17,0
5586,141,120.971,125.131,137.297,101.474,100.213,98.103,173.000,97.042,96.000,128.829,other,0,-1,18,0
5587,111,99.027,100.151,107.869,102.466,101.207,98.577,141.000,98.917,83.000,110.171,other,0,-1,19,0
5588,74,82.499,81.431,85.629,103.212,101.947,99.001,111.000,100.083,69.000,85.143,other,0,-1,20,0
5589,82,70.541,66.534,67.608,103.625,102.341,99.354,74.000,100.292,65.000,75.143,other,0,-1,21,0
5590,50,61.187,62.876,63.957,104.211,102.916,99.744,82.000,101.000,42.000,65.229,other,0,-1,22,0
5591,66,54.352,54.212,53.471,104.667,103.355,100.107,50.000,101.333,31.000,63.543,other,0,-1,23,0
5592,74,56.741,60.299,55.100,105.515,104.199,100.551,66.000,102.792,63.000,61.694,other,0,-1,0,1
5593,40,59.814,64.345,56.507,105.848,104.566,100.896,74.000,103.250,61.000,62.000,other,0,-1,1,1
5594,66,52.469,54.260,49.342,105.718,104.453,101.145,40.000,102.375,54.000,62.222,other,0,-1,2,1
5595,58,64.171,66.087,55.988,106.065,104.835,101.494,66.000,102.875,59.000,61.389,other,0,-1,3,1
5596,53,62.676,64.167,57.696,106.225,105.022,101.803,58.000,102.833,56.000,63.583,other,0,-1,4,1
5597,41,62.301,63.891,61.686,106.355,105.179,102.106,53.000,102.708,71.000,65.139,other,0,-1,5,1
5598,82,63.483,63.875,65.393,106.095,104.931,102.328,41.000,101.458,69.000,66.417,other,0,-1,6,1
5599,84,78.198,82.854,85.179,106.457,105.328,102.680,82.000,102.000,70.000,77.639,other,0,-1,7,1
5600,95,88.703,94.053,96.182,106.834,105.740,103.034,84.000,102.583,85.000,91.833,other,0,-1,8,1
5601,110,106.306,112.641,111.338,107.153,106.091,103.377,95.000,103.000,120.000,109.944,other,0,-1,9,1
5602,118,126.905,133.277,128.652,107.182,106.143,103.659,110.000,102.583,133.000,131.361,other,0,-1,10,1
5603,139,145.275,149.679,141.941,107.138,106.120,103.926,118.000,101.958,122.000,148.500,other,0,-1,11,1
5604,140,162.177,163.312,159.509,107.558,106.577,104.290,139.000,102.667,148.000,174.389,other,0,-1,12,1
5605,180,169.323,167.578,163.036,107.616,106.659,104.578,140.000,102.333,216.000,191.778,other,0,-1,13,1
5606,180,180.722,180.518,183.957,107.269,106.321,104.781,180.000,100.833,131.000,190.222,other,0,-1,14,1
5607,154,174.706,175.352,177.821,108.153,107.258,105.242,180.000,102.875,140.000,183.056,other,0,-1,15,1
5608,143,159.606,156.956,153.296,108.529,107.670,105.597,154.000,103.458,172.000,168.806,other,0,-1,16,1
5609,135,145.105,141.237,135.850,108.283,107.437,105.821,143.000,102.250,173.000,158.750,other,0,-1,17,1
5610,117,128.077,123.898,120.874,107.907,107.069,106.019,135.000,100.667,141.000,131.639,other,0,-1,18,1
5611,128,110.479,104.532,104.212,107.733,106.911,106.258,117.000,99.667,111.000,103.944,other,0,-1,19,1
5612,71,92.415,92.366,99.975,108.153,107.368,106.622,128.000,100.375,74.000,92.389,other,0,-1,20,1
5613,75,81.444,72.984,74.811,108.284,107.525,106.925,71.000,100.250,82.000,77.389,other,0,-1,21,1
5614,72,69.154,66.470,68.901,108.356,107.622,107.216,75.000,99.958,50.000,64.944,other,0,-1,22,1
5615,59,63.097,63.863,62.201,108.849,108.153,107.595,72.000,100.875,66.000,62.889,other,0,-1,23,1
5616,70,59.924,60.814,54.298,108.921,108.250,107.886,59.000,100.583,74.000,59.639,other,0,-1,0,2
5617,65,61.340,65.635,59.020,108.740,108.123,107.925,70.000,100.417,40.000,64.167,other,0,-1,1,2
5618,82,62.547,65.334,56.894,108.979,108.430,108.052,65.000,101.458,66.000,56.194,other,0,-1,2,2
5619,62,72.322,73.626,60.726,109.088,108.602,108.152,82.000,102.125,58.000,60.528,other,0,-1,3,2
5620,56,66.670,66.282,58.659,109.022,108.594,108.215,62.000,102.292,53.000,62.444,other,0,-1,4,2
5621,59,67.653,65.369,61.089,108.942,108.571,108.275,56.000,102.417,41.000,62.833,other,0,-1,5,2
5622,62,73.018,68.856,67.245,109.080,108.773,108.380,59.000,103.167,82.000,70.472,other,0,-1,6,2
5623,76,82.180,75.320,75.258,108.667,108.405,108.371,62.000,102.333,84.000,78.639,other,0,-1,7,2
5624,74,96.512,87.998,88.495,108.428,108.218,108.398,76.000,102.000,95.000,89.639,other,0,-1,8,2
5625,96,114.426,104.860,98.667,108.000,107.835,108.385,74.000,101.125,110.000,104.833,other,0,-1,9,2
5626,124,132.818,126.055,118.169,107.674,107.557,108.394,96.000,100.542,118.000,127.694,other,0,-1,10,2
5627,145,150.315,145.748,140.855,107.638,107.580,108.463,124.000,100.792,139.000,145.361,other,0,-1,11,2
5628,165,163.839,161.499,159.023,107.601,107.602,108.533,145.000,101.042,140.000,159.222,other,0,-1,12,2
5629,173,172.093,172.900,172.943,107.840,107.909,108.659,165.000,102.083,180.000,182.222,other,0,-1,13,2
5630,175,172.519,176.763,175.874,107.615,107.736,108.689,173.000,101.792,180.000,185.000,other,0,-1,14,2
5631,166,167.269,173.834,170.681,107.420,107.593,108.725,175.000,101.583,154.000,172.750,other,0,-1,15,2
5632,185,157.329,162.617,156.208,107.470,107.705,108.812,166.000,102.083,143.000,158.694,other,0,-1,16,2
5633,127,147.165,158.847,153.596,107.955,108.267,108.991,185.000,103.833,135.000,148.139,other,0,-1,17,2
5634,136,129.606,125.599,115.248,107.716,108.079,109.017,127.000,103.500,117.000,124.722,other,0,-1,18,2
5635,120,110.689,112.994,108.772,107.868,108.296,109.126,136.000,104.292,128.000,108.833,other,0,-1,19,2
5636,87,93.713,95.505,93.730,107.629,108.109,109.153,120.000,103.958,71.000,89.361,other,0,-1,20,2
5637,68,81.106,77.084,74.750,107.737,108.281,109.252,87.000,104.625,75.000,75.500,other,0,-1,21,2
5638,72,70.075,65.643,62.392,107.513,108.108,109.282,68.000,104.333,72.000,67.139,other,0,-1,22,2
5639,64,61.181,62.752,57.260,107.389,108.040,109.333,72.000,104.333,59.000,62.722,other,0,-1,23,2
5640,79,57.219,59.644,50.702,107.339,108.047,109.400,64.000,104.542,70.000,61.389,other,0,-1,0,3
5641,56,59.395,68.282,63.225,107.141,107.896,109.178,79.000,104.917,65.000,64.194,other,0,-1,1,3
5642,59,56.276,60.795,57.270,106.683,107.475,108.902,56.000,104.542,82.000,65.056,other,0,-1,2,3
5643,55,59.128,62.895,57.852,106.022,106.843,108.584,59.000,103.583,62.000,61.583,other,0,-1,3,3
5644,66,60.664,62.231,58.657,105.593,106.452,108.314,55.000,103.292,56.000,61.250,other,0,-1,4,3
5645,63,66.258,66.845,64.361,105.410,106.316,108.096,66.000,103.708,59.000,63.500,other,0,-1,5,3
5646,66,70.443,67.781,69.007,105.141,106.089,107.859,63.000,103.875,62.000,67.778,other,0,-1,6,3
5647,64,79.780,73.515,77.121,104.871,105.863,107.623,66.000,104.042,76.000,79.889,other,0,-1,7,3
5648,95,94.326,83.626,85.888,104.369,105.396,107.338,64.000,103.542,74.000,92.417,other,0,-1,8,3
5649,111,111.404,103.306,107.164,104.346,105.425,107.153,95.000,104.417,96.000,115.000,other,0,-1,9,3
5650,122,130.218,125.679,125.534,104.236,105.363,106.949,111.000,105.042,124.000,126.583,other,0,-1,10,3
5651,126,147.268,147.259,141.663,103.879,105.047,106.695,122.000,104.958,145.000,145.861,other,0,-1,11,3
5652,171,159.418,160.553,152.370,103.276,104.475,106.388,126.000,104.167,165.000,168.111,other,0,-1,12,3
5653,178,172.537,175.988,175.587,103.035,104.279,106.158,171.000,104.417,173.000,177.472,other,0,-1,13,3
5654,175,173.907,178.026,178.325,102.780,104.067,105.924,178.000,104.625,175.000,176.694,other,0,-1,14,3
5655,157,167.457,171.696,171.758,102.452,103.781,105.676,175.000,104.625,166.000,173.972,other,0,-1,15,3
5656,183,154.249,156.331,154.526,101.994,103.360,105.400,157.000,104.250,185.000,162.111,other,0,-1,16,3
5657,119,141.771,155.803,155.242,101.637,103.043,105.145,183.000,104.167,127.000,150.028,other,0,-1,17,3
5658,147,122.244,120.321,115.822,101.194,102.637,104.872,119.000,103.833,136.000,132.389,other,0,-1,18,3
5659,94,101.354,115.997,115.910,101.026,102.515,104.657,147.000,104.292,120.000,108.528,other,0,-1,19,3
5660,96,87.870,86.503,87.050,100.321,101.839,104.330,94.000,103.208,87.000,100.083,other,0,-1,20,3
5661,85,70.814,76.651,79.590,100.124,101.688,104.108,96.000,103.583,68.000,85.306,other,0,-1,21,3
5662,63,59.062,66.259,69.741,100.043,101.656,103.911,85.000,104.292,72.000,74.778,other,0,-1,22,3
5663,81,51.669,54.928,59.171,99.584,101.235,103.635,63.000,103.917,64.000,70.444,other,0,-1,23,3
5664,50,48.618,59.021,59.024,99.503,101.203,103.438,81.000,104.625,79.000,60.917,other,0,-1,0,4
5665,44,44.388,51.568,48.979,98.798,100.479,102.989,50.000,103.417,56.000,56.972,other,0,-1,1,4
5666,57,44.648,50.713,46.968,98.338,100.010,102.592,44.000,102.917,59.000,51.583,other,0,-1,2,4
5667,51,49.996,56.784,49.756,98.024,99.690,102.224,57.000,102.833,55.000,54.556,other,0,-1,3,4
5668,60,50.758,55.301,50.541,97.681,99.341,101.851,51.000,102.667,66.000,57.139,other,0,-1,4,4
5669,62,55.804,59.582,56.206,97.309,98.962,101.472,60.000,102.417,63.000,54.694,other,0,-1,5,4
5670,64,60.030,62.224,62.555,97.009,98.657,101.108,62.000,102.375,66.000,65.167,other,0,-1,6,4
5671,69,67.696,67.780,71.164,96.695,98.338,100.741,64.000,102.292,64.000,74.667,other,0,-1,7,4
5672,78,80.681,79.133,83.016,96.482,98.124,100.395,69.000,102.500,95.000,86.667,other,0,-1,8,4
5673,102,97.930,97.468,98.409,95.950,97.579,99.982,78.000,101.792,111.000,109.861,other,0,-1,9,4
5674,162,116.930,123.297,121.447,95.534,97.155,99.594,102.000,101.417,122.000,125.222,other,0,-1,10,4
5675,125,144.146,162.481,161.814,95.829,97.465,99.354,162.000,103.083,126.000,147.361,other,0,-1,11,4
5676,194,150.821,156.631,153.001,95.529,97.161,98.989,125.000,103.042,171.000,161.111,other,0,-1,12,4
5677,135,176.719,189.938,191.256,95.577,97.216,98.698,194.000,104.000,178.000,174.694,other,0,-1,13,4
5678,171,164.456,157.886,160.759,94.668,96.282,98.207,135.000,102.208,175.000,178.167,other,0,-1,14,4
5679,176,166.016,165.493,171.860,94.325,95.933,97.833,171.000,102.042,157.000,172.583,other,0,-1,15,4
5680,146,154.020,157.855,164.258,94.315,95.928,97.530,176.000,102.833,183.000,165.472,other,0,-1,16,4
5681,141,131.268,133.819,136.767,93.494,95.084,97.057,146.000,101.292,119.000,138.861,other,0,-1,17,4
5682,111,110.040,118.177,121.126,93.527,95.125,96.762,141.000,102.208,147.000,121.333,other,0,-1,18,4
5683,81,91.633,95.662,97.427,92.720,94.296,96.292,111.000,100.708,94.000,101.944,other,0,-1,19,4
5684,87,76.923,75.909,78.533,92.247,93.811,95.892,81.000,100.167,96.000,84.222,other,0,-1,20,4
5685,70,59.444,65.959,72.850,91.831,93.387,95.503,87.000,99.792,85.000,70.889,other,0,-1,21,4
5686,60,48.584,54.103,62.879,91.328,92.873,95.097,70.000,99.167,63.000,63.889,other,0,-1,22,4
5687,49,40.636,47.062,56.279,90.999,92.539,94.727,60.000,99.042,81.000,57.111,other,0,-1,23,4
5688,42,36.124,42.029,50.783,90.251,91.769,94.269,49.000,97.708,50.000,38.722,other,0,-1,0,5
5689,35,35.108,41.780,33.397,90.107,91.575,94.043,42.000,97.375,44.000,42.139,other,0,-1,1,5
5690,33,35.560,41.043,32.620,89.948,91.366,93.814,35.000,97.000,57.000,43.389,other,0,-1,2,5
5691,47,37.447,41.798,33.640,89.572,90.932,93.540,33.000,96.000,51.000,43.528,other,0,-1,3,5
5692,42,44.239,48.424,39.282,89.486,90.797,93.326,47.000,95.833,60.000,42.111,other,0,-1,4,5
5693,43,45.060,47.679,42.475,89.197,90.453,93.070,42.000,95.083,62.000,43.028,other,0,-1,5,5
5694,42,48.971,50.535,48.548,88.894,90.094,92.811,43.000,94.292,64.000,55.167,other,0,-1,6,5
5695,42,56.001,55.604,55.504,88.547,89.689,92.542,42.000,93.375,69.000,63.917,other,0,-1,7,5
5696,82,68.757,65.080,63.897,88.128,89.210,92.259,42.000,92.250,78.000,81.722,other,0,-1,8,5
5697,93,84.844,90.319,90.300,88.158,89.196,92.069,82.000,92.417,102.000,98.167,other,0,-1,9,5
5698,115,103.418,108.758,106.418,87.999,88.987,91.840,93.000,92.042,162.000,102.556,other,0,-1,10,5
5699,140,122.742,130.802,128.422,87.290,88.208,91.497,115.000,90.083,125.000,122.722,other,0,-1,11,5
5700,95,141.627,150.888,151.200,87.480,88.358,91.340,140.000,90.708,194.000,141.028,other,0,-1,12,5
5701,161,144.547,134.827,128.073,86.017,86.799,90.839,95.000,86.583,135.000,161.333,other,0,-1,13,5
5702,182,158.392,161.311,167.823,86.366,87.115,90.716,161.000,87.667,171.000,179.778,other,0,-1,14,5
5703,177,158.872,166.258,175.544,86.497,87.205,90.548,182.000,88.125,176.000,180.472,other,0,-1,15,5
5704,133,143.632,153.354,161.129,86.484,87.146,90.349,177.000,88.167,146.000,165.833,other,0,-1,16,5
5705,132,119.822,124.395,121.784,86.267,86.877,90.108,133.000,87.625,141.000,148.556,other,0,-1,17,5
5706,89,99.856,109.175,105.407,86.109,86.667,89.879,132.000,87.250,111.000,114.861,other,0,-1,18,5
5707,107,83.660,85.402,75.345,85.762,86.263,89.611,89.000,86.333,81.000,90.528,other,0,-1,19,5
5708,79,64.045,73.936,70.472,86.110,86.578,89.488,107.000,87.417,87.000,74.972,other,0,-1,20,5
5709,71,51.639,57.503,55.841,85.966,86.384,89.262,79.000,87.083,70.000,60.444,other,0,-1,21,5
5710,47,41.362,49.136,49.479,85.953,86.325,89.063,71.000,87.125,60.000,52.389,other,0,-1,22,5
5711,46,34.963,40.147,41.971,85.736,86.055,88.822,47.000,86.583,49.000,44.139,other,0,-1,23,5
5712,37,31.846,39.453,39.706,85.665,85.936,88.612,46.000,86.458,42.000,32.472,other,0,-1,0,6
5713,42,32.468,37.840,32.365,85.843,86.057,88.706,37.000,86.250,35.000,34.500,other,0,-1,1,6
5714,43,36.968,42.850,35.085,86.194,86.359,88.837,42.000,86.542,33.000,33.361,other,0,-1,2,6
5715,27,40.781,45.787,38.094,86.589,86.705,88.977,43.000,86.958,47.000,35.222,other,0,-1,3,6
5716,32,37.561,40.621,38.153,86.550,86.602,89.026,27.000,86.125,42.000,34.028,other,0,-1,4,6
5717,25,41.468,44.260,44.010,86.655,86.649,89.105,32.000,85.708,43.000,36.611,other,0,-1,5,6
5718,41,43.433,44.856,47.805,86.645,86.576,89.161,25.000,84.958,42.000,38.694,other,0,-1,6,6
5719,44,52.555,55.814,59.274,86.881,86.757,89.267,41.000,84.917,42.000,47.194,other,0,-1,7,6
5720,66,63.755,65.825,67.666,87.160,86.984,89.383,44.000,85.000,82.000,59.167,other,0,-1,8,6
5721,71,80.260,84.554,84.199,87.178,86.940,89.444,66.000,84.333,93.000,78.778,other,0,-1,9,6
5722,130,98.574,97.167,93.721,87.110,86.807,89.487,71.000,83.417,115.000,101.278,other,0,-1,10,6
5723,113,124.952,136.067,133.287,87.578,87.229,89.642,130.000,84.042,140.000,121.778,other,0,-1,11,6
5724,118,134.606,131.826,127.501,87.437,87.021,89.670,113.000,82.917,95.000,140.833,other,0,-1,12,6
5725,142,145.677,138.818,132.848,88.020,87.562,89.850,118.000,83.875,161.000,148.472,other,0,-1,13,6
5726,157,152.481,150.663,147.958,87.995,87.474,89.902,142.000,83.083,182.000,156.639,other,0,-1,14,6
5727,175,150.453,153.500,154.061,87.883,87.295,89.936,157.000,82.042,177.000,153.306,other,0,-1,15,6
5728,128,142.210,152.140,157.960,88.105,87.462,90.039,175.000,81.958,133.000,133.083,other,0,-1,16,6
5729,86,120.404,123.461,116.961,88.283,87.584,90.134,128.000,81.750,132.000,123.667,other,0,-1,17,6
5730,104,105.698,102.044,85.123,87.866,87.091,90.104,86.000,79.833,89.000,102.583,other,0,-1,18,6
5731,76,85.530,87.546,79.449,88.334,87.512,90.259,104.000,80.458,107.000,79.889,other,0,-1,19,6
5732,59,71.320,69.570,60.862,88.135,87.244,90.275,76.000,79.167,79.000,59.111,other,0,-1,20,6
5733,28,58.290,56.122,50.804,88.096,87.141,90.324,59.000,78.333,71.000,47.306,other,0,-1,21,6
5734,36,49.818,44.851,41.707,87.723,86.693,90.304,28.000,76.542,47.000,35.306,other,0,-1,22,6
5735,31,41.128,41.543,41.245,87.814,86.724,90.380,36.000,76.083,46.000,32.556,other,0,-1,23,6
5736,54,37.797,39.854,39.586,87.847,86.696,90.445,31.000,75.458,37.000,61.343,other,0,-1,0,0
5737,63,43.984,48.945,48.054,88.434,87.270,90.834,54.000,76.167,42.000,59.743,other,0,-1,1,0
5738,50,52.137,57.988,51.283,89.078,87.905,91.236,63.000,77.042,43.000,61.829,other,0,-1,2,0
5739,49,49.734,54.795,50.951,89.520,88.329,91.596,50.000,77.333,27.000,63.543,other,0,-1,3,0
5740,62,51.439,56.471,54.763,90.178,88.979,92.001,49.000,78.250,32.000,60.000,other,0,-1,4,0
5741,73,58.515,64.960,63.799,90.953,89.748,92.430,62.000,79.500,25.000,77.171,other,0,-1,5,0
5742,61,64.340,73.576,74.357,91.989,90.787,92.914,73.000,81.500,41.000,77.686,other,0,-1,6,0
5743,104,62.086,73.414,78.342,92.619,91.406,93.313,61.000,82.333,44.000,91.543,other,0,-1,7,0
5744,95,86.570,104.312,104.082,93.828,92.625,93.832,104.000,84.833,66.000,101.114,other,0,-1,8,0
5745,121,93.076,111.923,109.172,94.588,93.380,94.259,95.000,86.042,71.000,122.829,other,0,-1,9,0
5746,117,117.130,136.556,130.271,95.653,94.449,94.748,121.000,88.125,130.000,137.200,other,0,-1,10,0
5747,146,132.193,143.604,134.949,95.805,94.574,95.047,117.000,87.583,113.000,150.314,other,0,-1,11,0
5748,193,154.127,161.681,156.157,96.623,95.388,95.486,146.000,88.958,118.000,163.229,other,0,-1,12,0
5749,184,183.694,188.820,188.204,98.050,96.832,96.051,193.000,92.083,142.000,172.800,other,0,-1,13,0
5750,167,177.127,179.313,181.250,98.998,97.781,96.516,184.000,93.833,157.000,172.257,other,0,-1,14,0
5751,171,166.189,164.647,165.745,99.483,98.250,96.885,167.000,94.250,175.000,183.343,other,0,-1,15,0
5752,180,155.586,156.111,160.559,99.765,98.510,97.211,171.000,94.083,128.000,162.143,other,0,-1,16,0
5753,132,141.203,144.541,155.125,100.859,99.609,97.707,180.000,96.250,86.000,148.800,other,0,-1,17,0
5754,126,118.434,114.536,116.630,101.865,100.618,98.185,132.000,98.167,104.000,128.829,other,0,-1,18,0
5755,105,99.717,96.668,102.194,102.524,101.267,98.590,126.000,99.083,76.000,110.171,other,0,-1,19,0
5756,100,83.569,79.577,84.282,103.285,102.022,99.016,105.000,100.292,59.000,85.143,other,0,-1,20,0
5757,64,70.637,69.527,74.792,104.219,102.956,99.478,100.000,102.000,28.000,75.143,other,0,-1,21,0
5758,62,61.144,57.996,60.975,105.080,103.815,99.925,64.000,103.500,36.000,65.229,other,0,-1,22,0
5759,54,55.892,55.903,57.280,105.797,104.524,100.342,62.000,104.583,31.000,63.543,other,0,-1,23,0
5760,54,54.162,54.808,53.943,106.471,105.189,100.750,54.000,105.542,54.000,61.694,other,0,-1,0,1
5761,48,54.100,55.400,53.717,106.645,105.391,101.063,54.000,105.542,63.000,62.000,other,0,-1,1,1
5762,78,54.982,55.689,52.124,106.601,105.368,101.330,48.000,104.917,50.000,62.222,other,0,-1,2,1
5763,59,70.829,70.343,59.798,107.181,105.989,101.727,78.000,106.083,49.000,61.389,other,0,-1,3,1
5764,45,63.589,63.521,59.077,107.500,106.341,102.069,59.000,106.500,62.000,63.583,other,0,-1,4,1
5765,74,60.655,60.339,60.852,107.427,106.288,102.330,45.000,105.792,73.000,65.139,other,0,-1,5,1
5766,63,71.761,73.809,74.650,107.616,106.505,102.646,74.000,105.833,61.000,66.417,other,0,-1,6,1
5767,93,74.407,76.521,80.028,107.819,106.737,102.964,63.000,105.917,104.000,77.639,other,0,-1,7,1
5768,89,90.985,96.129,99.713,107.833,106.774,103.243,93.000,105.458,95.000,91.833,other,0,-1,8,1
5769,94,105.867,111.157,109.123,107.920,106.886,103.537,89.000,105.208,121.000,109.944,other,0,-1,9,1
5770,136,125.367,130.683,121.617,107.703,106.683,103.768,94.000,104.083,117.000,131.361,other,0,-1,10,1
5771,152,149.120,153.006,150.875,108.152,107.170,104.138,136.000,104.875,146.000,148.500,other,0,-1,11,1
5772,123,165.569,166.626,166.393,108.413,107.462,104.468,152.000,105.125,193.000,174.389,other,0,-1,12,1
5773,137,166.699,163.589,153.839,107.573,106.614,104.569,123.000,102.208,184.000,191.778,other,0,-1,13,1
5774,155,169.911,166.343,159.679,107.066,106.111,104.739,137.000,100.250,167.000,190.222,other,0,-1,14,1
5775,178,168.531,166.787,163.524,107.066,106.133,105.015,155.000,99.750,171.000,183.056,other,0,-1,15,1
5776,175,163.072,165.570,166.426,107.342,106.440,105.348,178.000,100.042,180.000,168.806,other,0,-1,16,1
5777,137,147.574,151.144,152.332,107.443,106.567,105.646,175.000,99.833,132.000,158.750,other,0,-1,17,1
5778,122,127.410,125.001,121.500,107.689,106.844,105.973,137.000,100.042,126.000,131.639,other,0,-1,18,1
5779,102,109.439,106.068,105.398,107.805,106.986,106.273,122.000,99.875,105.000,103.944,other,0,-1,19,1
5780,95,93.224,88.715,90.214,107.936,107.143,106.577,102.000,99.750,100.000,92.389,other,0,-1,20,1
5781,94,78.858,76.936,80.579,108.037,107.270,106.874,95.000,99.542,64.000,77.389,other,0,-1,21,1
5782,87,69.403,71.679,73.172,108.646,107.922,107.277,94.000,100.792,62.000,64.944,other,0,-1,22,1
5783,67,65.132,69.259,64.956,109.182,108.498,107.665,87.000,101.833,54.000,62.889,other,0,-1,23,1
5784,59,61.215,64.120,55.452,109.544,108.895,108.017,67.000,102.375,54.000,59.639,other,0,-1,0,2
5785,54,58.915,62.368,55.588,109.493,108.902,108.083,59.000,102.583,48.000,64.167,other,0,-1,1,2
5786,63,59.566,61.929,53.568,109.457,108.924,108.152,54.000,102.833,78.000,56.194,other,0,-1,2,2
5787,56,64.469,66.226,55.718,109.116,108.632,108.158,63.000,102.208,59.000,60.528,other,0,-1,3,2
5788,36,64.691,64.578,56.465,108.950,108.519,108.200,56.000,102.083,45.000,62.444,other,0,-1,4,2
5789,55,64.497,60.507,56.195,108.696,108.316,108.223,36.000,101.708,74.000,62.833,other,0,-1,5,2
5790,50,72.139,68.122,65.587,108.298,107.964,108.217,55.000,100.917,63.000,70.472,other,0,-1,6,2
5791,68,81.734,73.653,71.679,107.986,107.701,108.229,50.000,100.375,93.000,78.639,other,0,-1,7,2
5792,85,96.256,87.177,85.725,107.500,107.258,108.204,68.000,99.333,89.000,89.639,other,0,-1,8,2
5793,95,114.151,104.982,102.245,107.319,107.131,108.243,85.000,99.167,94.000,104.833,other,0,-1,9,2
5794,116,132.898,126.046,117.863,107.210,107.078,108.297,95.000,99.208,136.000,127.694,other,0,-1,10,2
5795,164,149.967,145.568,137.703,106.797,106.710,108.288,116.000,98.375,152.000,145.361,other,0,-1,11,2
5796,196,169.134,164.191,168.468,106.848,106.822,108.375,164.000,98.875,123.000,159.222,other,0,-1,12,2
5797,163,183.468,182.180,189.090,107.782,107.849,108.647,196.000,101.917,137.000,182.222,other,0,-1,13,2
5798,137,170.878,173.894,171.602,108.035,108.171,108.777,163.000,103.000,155.000,185.000,other,0,-1,14,2
5799,208,162.824,162.618,152.634,107.651,107.833,108.774,137.000,102.250,178.000,172.750,other,0,-1,15,2
5800,168,166.612,180.909,177.924,107.963,108.215,108.915,208.000,103.500,175.000,158.694,other,0,-1,16,2
5801,132,145.365,151.476,145.248,107.738,108.042,108.945,168.000,103.208,137.000,148.139,other,0,-1,17,2
5802,115,129.517,126.415,117.328,107.542,107.900,108.981,132.000,103.000,122.000,124.722,other,0,-1,18,2
5803,98,112.924,107.518,100.795,107.318,107.727,109.011,115.000,102.708,102.000,108.833,other,0,-1,19,2
5804,85,96.684,90.213,86.457,107.136,107.599,109.050,98.000,102.542,95.000,89.361,other,0,-1,20,2
5805,83,81.805,76.520,74.835,106.868,107.381,109.071,85.000,102.125,94.000,75.500,other,0,-1,21,2
5806,58,69.071,68.889,67.137,106.586,107.149,109.089,83.000,101.667,87.000,67.139,other,0,-1,22,2
5807,44,61.978,59.001,54.659,106.042,106.646,109.052,58.000,100.458,67.000,62.722,other,0,-1,23,2
5808,84,57.022,54.086,47.165,105.586,106.234,109.033,44.000,99.500,59.000,61.389,other,0,-1,0,3
5809,60,60.744,69.956,65.009,105.620,106.322,108.860,84.000,100.542,54.000,64.194,other,0,-1,1,3
5810,62,57.122,61.868,58.743,105.379,106.125,108.630,60.000,100.792,63.000,65.056,other,0,-1,2,3
5811,63,59.870,63.699,59.124,105.037,105.824,108.378,62.000,100.750,56.000,61.583,other,0,-1,3,3
5812,61,62.570,64.828,60.897,104.811,105.643,108.151,63.000,101.042,36.000,61.250,other,0,-1,4,3
5813,60,65.043,64.983,63.798,104.845,105.731,107.978,61.000,102.083,55.000,63.500,other,0,-1,5,3
5814,60,70.038,66.883,68.700,104.590,105.519,107.744,60.000,102.292,50.000,67.778,other,0,-1,6,3
5815,114,79.640,72.329,75.811,104.407,105.383,107.526,60.000,102.708,68.000,79.889,other,0,-1,7,3
5816,86,98.298,94.017,101.783,104.746,105.786,107.416,114.000,104.625,85.000,92.417,other,0,-1,8,3
5817,96,111.389,102.532,104.088,104.433,105.515,107.171,86.000,104.667,95.000,115.000,other,0,-1,9,3
5818,148,129.994,125.133,119.813,104.120,105.243,106.925,96.000,104.708,116.000,126.583,other,0,-1,10,3
5819,148,149.630,150.540,151.428,104.255,105.436,106.773,148.000,106.042,164.000,145.861,other,0,-1,11,3
5820,171,161.525,164.393,160.510,103.696,104.910,106.476,148.000,105.375,196.000,168.111,other,0,-1,12,3
5821,160,171.992,175.933,174.745,103.006,104.249,106.152,171.000,104.333,163.000,177.472,other,0,-1,13,3
5822,185,169.813,171.397,169.568,102.635,103.918,105.894,160.000,104.208,137.000,176.694,other,0,-1,14,3
5823,194,169.529,176.074,176.139,103.003,104.351,105.791,185.000,106.208,208.000,173.972,other,0,-1,15,3
5824,135,159.988,171.955,171.510,102.472,103.854,105.500,194.000,105.625,168.000,162.111,other,0,-1,16,3
5825,124,139.139,138.210,133.749,101.666,103.073,105.151,135.000,104.250,132.000,150.028,other,0,-1,17,3
5826,154,122.380,121.594,118.064,101.223,102.667,104.878,124.000,103.917,115.000,132.389,other,0,-1,18,3
5827,123,101.313,119.439,119.261,101.460,102.965,104.748,154.000,105.542,98.000,108.528,other,0,-1,19,3
5828,81,84.628,95.658,97.279,101.495,103.053,104.575,123.000,106.583,85.000,100.083,other,0,-1,20,3
5829,62,73.311,72.646,75.994,101.109,102.707,104.314,81.000,106.417,83.000,85.306,other,0,-1,21,3
5830,56,62.107,59.965,64.778,100.477,102.106,104.002,62.000,105.542,58.000,74.778,other,0,-1,22,3
5831,55,52.660,53.164,58.414,100.120,101.789,103.747,56.000,105.458,44.000,70.444,other,0,-1,23,3
5832,55,47.098,50.330,54.367,99.952,101.668,103.532,55.000,105.917,84.000,60.917,other,0,-1,0,4
5833,59,45.549,53.303,50.594,99.247,100.944,103.083,55.000,104.708,60.000,56.972,other,0,-1,1,4
5834,61,48.307,56.282,50.387,98.947,100.639,102.719,59.000,104.667,62.000,51.583,other,0,-1,2,4
5835,47,51.652,58.395,51.188,98.647,100.335,102.355,61.000,104.625,63.000,54.556,other,0,-1,3,4
5836,74,50.161,53.836,50.300,98.130,99.806,101.945,47.000,103.958,61.000,57.139,other,0,-1,4,4
5837,48,60.943,65.331,59.998,98.033,99.711,101.623,74.000,104.500,60.000,54.694,other,0,-1,5,4
5838,71,58.333,57.948,59.422,97.574,99.242,101.226,48.000,104.000,60.000,65.167,other,0,-1,6,4
5839,83,68.705,69.932,73.533,97.448,99.117,100.898,71.000,104.458,114.000,74.667,other,0,-1,7,4
5840,79,81.201,82.835,87.945,96.713,98.363,100.443,83.000,103.167,86.000,86.667,other,0,-1,8,4
5841,127,98.102,97.745,98.829,96.327,97.969,100.061,79.000,102.875,96.000,109.861,other,0,-1,9,4
5842,147,118.900,131.053,132.415,96.490,98.144,99.793,127.000,104.167,148.000,125.222,other,0,-1,10,4
5843,139,139.721,155.629,154.207,96.191,97.840,99.429,147.000,104.125,148.000,147.361,other,0,-1,11,4
5844,181,152.554,161.470,159.302,95.775,97.416,99.041,139.000,103.750,171.000,161.111,other,0,-1,12,4
5845,142,171.453,182.142,184.165,95.635,97.276,98.710,181.000,104.167,160.000,174.694,other,0,-1,13,4
5846,205,165.649,160.380,163.898,95.088,96.717,98.294,142.000,103.417,185.000,178.167,other,0,-1,14,4
5847,157,176.166,184.181,189.509,95.093,96.727,97.994,205.000,104.250,194.000,172.583,other,0,-1,15,4
5848,146,151.155,149.986,154.704,94.272,95.883,97.521,157.000,102.708,135.000,165.472,other,0,-1,16,4
5849,128,131.541,133.899,136.905,94.146,95.759,97.193,146.000,103.167,124.000,138.861,other,0,-1,17,4
5850,110,110.731,114.555,115.915,93.918,95.530,96.844,128.000,103.333,154.000,121.333,other,0,-1,18,4
5851,105,92.089,95.483,97.333,92.995,94.581,96.350,110.000,101.500,123.000,101.944,other,0,-1,19,4
5852,89,73.765,80.924,86.016,92.449,94.021,95.934,105.000,100.750,81.000,84.222,other,0,-1,20,4
5853,104,59.434,66.372,73.797,92.280,93.852,95.597,89.000,101.083,62.000,70.889,other,0,-1,21,4
5854,65,47.673,66.026,71.558,92.603,94.192,95.363,104.000,102.833,56.000,63.889,other,0,-1,22,4
5855,53,40.687,48.643,57.940,92.448,94.038,95.029,65.000,103.208,55.000,57.111,other,0,-1,23,4
5856,45,36.436,43.452,52.262,92.134,93.718,94.662,53.000,103.125,55.000,38.722,other,0,-1,0,5
5857,33,35.919,43.168,34.873,91.961,93.494,94.430,45.000,102.708,59.000,42.139,other,0,-1,1,5
5858,31,35.420,40.619,33.195,91.556,93.030,94.150,33.000,101.625,61.000,43.389,other,0,-1,2,5
5859,51,37.249,41.343,34.130,91.093,92.506,93.857,31.000,100.375,47.000,43.528,other,0,-1,3,5
5860,36,46.059,50.463,40.953,91.123,92.491,93.668,51.000,100.542,74.000,42.111,other,0,-1,4,5
5861,51,43.775,45.720,41.693,90.545,91.847,93.351,36.000,98.958,48.000,43.028,other,0,-1,5,5
5862,65,51.105,53.586,51.359,90.560,91.818,93.158,51.000,99.083,71.000,55.167,other,0,-1,6,5
5863,70,59.630,63.536,63.606,90.445,91.653,92.939,65.000,98.833,83.000,63.917,other,0,-1,7,5
5864,76,69.530,73.686,74.888,90.229,91.384,92.698,70.000,98.292,79.000,81.722,other,0,-1,8,5
5865,101,84.892,88.216,87.727,90.157,91.265,92.487,76.000,98.167,127.000,98.167,other,0,-1,9,5
5866,111,104.034,112.523,110.804,89.752,90.800,92.207,101.000,97.083,147.000,102.556,other,0,-1,10,5
5867,145,122.585,128.932,126.113,89.203,90.186,91.896,111.000,95.583,139.000,122.722,other,0,-1,11,5
5868,148,142.917,153.879,154.426,89.261,90.202,91.712,145.000,95.833,181.000,141.028,other,0,-1,12,5
5869,141,152.822,156.910,160.103,88.755,89.633,91.411,148.000,94.458,142.000,161.333,other,0,-1,13,5
5870,167,155.232,152.033,155.255,88.713,89.543,91.206,141.000,94.417,205.000,179.778,other,0,-1,14,5
5871,186,154.995,158.580,165.708,88.134,88.899,90.890,167.000,92.833,157.000,180.472,other,0,-1,15,5
5872,156,146.291,158.190,166.654,88.526,89.260,90.776,186.000,94.042,146.000,165.833,other,0,-1,16,5
5873,145,121.614,131.736,133.887,88.643,89.335,90.604,156.000,94.458,128.000,148.556,other,0,-1,17,5
5874,113,100.360,112.981,111.559,88.861,89.515,90.454,145.000,95.167,110.000,114.861,other,0,-1,18,5
5875,79,81.811,89.571,83.580,88.876,89.486,90.261,113.000,95.292,105.000,90.528,other,0,-1,19,5
5876,73,67.736,69.467,62.781,88.472,89.022,89.981,79.000,94.208,89.000,74.972,other,0,-1,20,5
5877,72,52.980,56.768,54.542,88.212,88.708,89.731,73.000,93.542,104.000,60.444,other,0,-1,21,5
5878,49,41.979,49.554,49.580,87.720,88.153,89.432,72.000,92.208,65.000,52.389,other,0,-1,22,5
5879,37,35.568,40.833,42.080,87.460,87.839,89.182,49.000,91.542,53.000,44.139,other,0,-1,23,5
5880,34,31.716,36.962,37.936,87.200,87.525,88.932,37.000,90.875,45.000,32.472,other,0,-1,0,6
5881,32,32.255,36.834,30.892,87.291,87.557,89.009,34.000,90.417,33.000,34.500,other,0,-1,1,6
5882,33,34.233,38.721,32.102,87.527,87.738,89.115,32.000,90.375,31.000,33.361,other,0,-1,2,6
5883,27,37.436,41.288,34.867,87.806,87.965,89.231,33.000,90.458,51.000,35.222,other,0,-1,3,6
5884,30,38.021,40.572,37.148,87.709,87.801,89.268,27.000,89.458,36.000,34.028,other,0,-1,4,6
5885,39,41.343,43.469,42.617,87.872,87.908,89.360,30.000,89.208,51.000,36.611,other,0,-1,5,6
5886,32,46.988,49.720,51.083,87.949,87.925,89.433,39.000,88.708,65.000,38.694,other,0,-1,6,6
5887,41,52.006,52.981,55.788,87.721,87.627,89.443,32.000,87.333,70.000,47.194,other,0,-1,7,6
5888,76,64.196,64.756,66.150,87.551,87.389,89.465,41.000,86.125,76.000,59.167,other,0,-1,8,6
5889,98,81.685,88.537,88.546,87.801,87.585,89.574,76.000,86.125,101.000,78.778,other,0,-1,9,6
5890,97,101.568,109.603,107.567,88.008,87.737,89.675,98.000,86.000,111.000,101.278,other,0,-1,10,6
5891,96,118.654,117.350,113.634,88.056,87.723,89.742,97.000,85.417,145.000,121.778,other,0,-1,11,6
5892,126,132.601,124.024,117.563,87.596,87.185,89.704,96.000,83.375,148.000,140.833,other,0,-1,12,6
5893,155,145.994,142.568,138.188,87.528,87.052,89.747,126.000,82.458,141.000,148.472,other,0,-1,13,6
5894,138,155.160,156.743,157.114,87.981,87.459,89.899,155.000,83.042,167.000,156.639,other,0,-1,14,6
5895,179,147.085,146.171,141.514,87.811,87.221,89.921,138.000,81.833,186.000,153.306,other,0,-1,15,6
5896,133,143.244,154.025,160.686,87.960,87.312,90.009,179.000,81.542,156.000,133.083,other,0,-1,16,6
5897,131,119.953,124.770,119.516,87.877,87.164,90.049,133.000,80.583,145.000,123.667,other,0,-1,17,6
5898,78,101.814,108.513,104.120,87.924,87.151,90.116,131.000,80.000,113.000,102.583,other,0,-1,18,6
5899,79,87.731,85.139,70.341,87.668,86.823,90.120,78.000,78.542,79.000,79.889,other,0,-1,19,6
5900,77,70.189,69.768,60.939,87.918,87.019,90.230,79.000,78.542,73.000,59.111,other,0,-1,20,6
5901,41,56.026,58.319,53.866,88.226,87.276,90.352,77.000,78.708,72.000,47.306,other,0,-1,21,6
5902,40,47.688,46.215,43.224,88.027,87.008,90.367,41.000,77.417,49.000,35.306,other,0,-1,22,6
5903,32,40.556,42.449,41.244,88.147,87.069,90.450,40.000,77.042,37.000,32.556,other,0,-1,23,6
5904,60,37.403,40.282,39.137,88.325,87.191,90.544,32.000,76.833,34.000,61.343,other,0,-1,0,0
5905,60,46.010,51.799,48.849,89.042,87.900,90.961,60.000,77.917,32.000,59.743,other,0,-1,1,0
5906,66,50.634,56.718,50.235,89.788,88.639,91.385,60.000,79.083,33.000,61.829,other,0,-1,2,0
5907,67,57.949,63.464,54.570,90.606,89.454,91.823,66.000,80.458,27.000,63.543,other,0,-1,3,0
5908,56,60.942,66.310,59.346,91.526,90.373,92.282,67.000,82.125,30.000,60.000,other,0,-1,4,0
5909,65,55.564,62.193,62.128,92.242,91.082,92.699,56.000,83.208,39.000,77.171,other,0,-1,5,0
5910,68,60.279,69.577,71.781,92.959,91.791,93.116,65.000,84.292,32.000,77.686,other,0,-1,6,0
5911,81,64.265,76.703,80.849,93.821,92.651,93.564,68.000,85.792,41.000,91.543,other,0,-1,7,0
5912,99,76.216,92.568,94.457,94.741,93.570,94.023,81.000,87.458,76.000,101.114,other,0,-1,8,0
5913,105,94.321,113.707,111.134,95.414,94.234,94.431,99.000,88.417,98.000,122.829,other,0,-1,9,0
5914,123,112.241,129.034,122.229,95.856,94.659,94.791,105.000,88.708,97.000,137.200,other,0,-1,10,0
5915,150,133.751,146.050,138.435,96.572,95.368,95.208,123.000,89.792,96.000,150.314,other,0,-1,11,0
5916,189,155.863,163.516,158.831,97.695,96.497,95.709,150.000,92.042,126.000,163.229,other,0,-1,12,0
5917,179,181.503,186.091,185.832,98.948,97.761,96.238,189.000,94.667,155.000,172.800,other,0,-1,13,0
5918,183,175.243,176.569,178.215,99.636,98.440,96.649,179.000,95.667,138.000,172.257,other,0,-1,14,0
5919,176,170.794,171.784,176.317,100.628,99.435,97.124,183.000,97.542,179.000,183.343,other,0,-1,15,0
5920,179,156.749,157.788,163.844,100.924,99.709,97.453,176.000,97.417,133.000,162.143,other,0,-1,16,0
5921,160,141.081,143.807,154.572,101.931,100.718,97.931,179.000,99.333,131.000,148.800,other,0,-1,17,0
5922,126,119.376,120.051,130.595,102.691,101.473,98.357,160.000,100.542,78.000,128.829,other,0,-1,18,0
5923,99,99.484,96.170,101.931,103.727,102.512,98.841,126.000,102.542,79.000,110.171,other,0,-1,19,0
5924,101,83.683,78.362,82.226,104.357,103.131,99.240,99.000,103.375,77.000,85.143,other,0,-1,20,0
5925,62,70.510,69.258,74.781,105.045,103.810,99.651,101.000,104.375,41.000,75.143,other,0,-1,21,0
5926,68,60.982,57.194,60.047,105.689,104.445,100.052,62.000,105.250,40.000,65.229,other,0,-1,22,0
5927,73,56.579,57.156,57.998,106.435,105.184,100.476,68.000,106.417,32.000,63.543,other,0,-1,23,0
5928,81,59.387,61.163,57.629,107.369,106.118,100.938,73.000,108.125,60.000,61.694,other,0,-1,0,1
5929,66,63.091,65.829,59.152,107.847,106.635,101.314,81.000,109.000,60.000,62.000,other,0,-1,1,1
5930,65,61.092,62.557,55.657,108.108,106.927,101.644,66.000,109.250,66.000,62.222,other,0,-1,2,1
5931,60,64.047,64.344,56.984,108.267,107.114,101.954,65.000,109.208,67.000,61.389,other,0,-1,3,1
5932,70,63.852,63.808,59.247,108.340,107.211,102.245,60.000,108.917,56.000,63.583,other,0,-1,4,1
5933,42,69.094,69.509,66.785,108.717,107.622,102.600,70.000,109.500,65.000,65.139,other,0,-1,5,1
5934,65,64.135,63.396,66.613,108.557,107.479,102.842,42.000,108.542,68.000,66.417,other,0,-1,6,1
5935,72,74.728,76.883,80.860,108.688,107.636,103.146,65.000,108.417,81.000,77.639,other,0,-1,7,1
5936,76,87.661,90.610,92.702,108.731,107.703,103.431,72.000,108.042,99.000,91.833,other,0,-1,8,1
5937,131,105.344,108.870,104.395,108.572,107.560,103.673,76.000,107.083,105.000,109.944,other,0,-1,9,1
5938,97,132.562,137.435,138.703,109.123,108.152,104.064,131.000,108.167,123.000,131.361,other,0,-1,10,1
5939,137,143.603,146.584,132.133,108.920,107.964,104.298,97.000,107.083,150.000,148.500,other,0,-1,11,1
5940,154,162.181,162.605,158.553,108.906,107.971,104.571,137.000,106.542,189.000,174.389,other,0,-1,12,1
5941,192,172.989,171.361,170.781,108.573,107.649,104.778,154.000,105.083,179.000,191.778,other,0,-1,13,1
5942,160,186.189,185.543,191.105,108.935,108.045,105.129,192.000,105.625,183.000,190.222,other,0,-1,14,1
5943,206,170.082,167.729,166.560,108.776,107.902,105.372,160.000,104.667,176.000,183.056,other,0,-1,15,1
5944,1091,173.155,177.542,182.765,109.384,108.554,105.775,206.000,105.917,179.000,168.806,inside,1,0,16,1
5945,900,421.791,381.077,460.764,122.769,122.428,108.846,1091.000,143.917,160.000,158.750,inside,1,1,17,1
5946,920,412.832,370.923,441.188,133.663,133.723,111.397,900.000,174.750,126.000,131.639,inside,1,2,18,1
5947,807,408.097,368.379,439.823,145.339,145.827,114.112,920.000,207.833,99.000,103.944,inside,1,3,19,1
5948,702,396.848,363.001,409.130,155.769,156.643,116.566,807.000,237.333,101.000,92.389,inside,1,4,20,1
5949,480,382.684,346.692,342.785,164.649,165.854,118.696,702.000,262.375,62.000,77.389,inside,1,5,21,1
5950,55,338.664,267.714,155.809,170.878,172.322,120.273,480.000,279.792,68.000,64.944,after,1,6,22,1
5951,69,60.051,77.665,34.719,170.864,172.329,120.546,55.000,279.250,73.000,62.889,after,1,7,23,1
5952,46,62.264,84.572,33.655,170.980,172.471,120.846,69.000,279.083,81.000,59.639,after,1,8,0,2
5953,72,58.573,77.600,31.472,170.350,171.879,120.792,46.000,277.625,66.000,64.167,after,1,9,1,2
5954,54,68.707,87.524,33.281,170.313,171.901,120.861,72.000,277.875,65.000,56.194,after,1,10,2,2
5955,58,65.769,81.658,33.818,170.031,171.668,120.879,54.000,277.417,60.000,60.528,after,1,11,3,2
5956,47,71.124,81.951,37.166,169.878,171.571,120.924,58.000,277.333,70.000,62.444,after,1,12,4,2
5957,81,72.488,76.493,41.255,169.422,171.158,120.905,47.000,276.375,42.000,62.833,after,1,13,5,2
5958,75,94.274,86.154,53.339,169.864,171.675,121.074,81.000,278.000,65.000,70.472,after,1,14,6,2
5959,109,103.285,84.694,64.914,169.885,171.757,121.155,75.000,278.417,72.000,78.639,after,1,15,7,2
5960,118,141.636,99.367,90.887,170.298,172.244,121.318,109.000,279.958,76.000,89.639,after,1,16,8,2
5961,108,167.376,111.797,116.894,170.783,172.806,121.497,118.000,281.708,131.000,104.833,after,1,17,9,2
5962,109,171.928,128.062,136.782,170.327,172.393,121.478,108.000,280.750,97.000,127.694,after,1,18,10,2
5963,171,178.730,147.531,157.863,170.377,172.505,121.565,109.000,281.250,137.000,145.361,after,1,19,11,2
5964,165,246.490,169.191,202.333,170.746,172.947,121.719,171.000,282.667,154.000,159.222,after,1,20,12,2
5965,147,228.738,175.233,205.678,170.782,173.044,121.804,165.000,283.125,192.000,182.222,after,1,21,13,2
5966,188,193.723,170.622,193.227,170.007,172.302,121.719,147.000,281.250,160.000,185.000,after,1,22,14,2
5967,173,225.543,180.607,203.016,170.290,172.654,121.854,188.000,282.417,206.000,172.750,after,1,23,15,2
5968,186,189.918,165.858,175.583,169.688,172.091,121.806,173.000,281.042,1091.000,158.694,after,1,24,16,2
5969,149,172.495,161.100,157.122,156.455,158.457,119.119,186.000,243.333,900.000,148.139,after,1,25,17,2
5970,135,131.182,134.830,121.197,145.453,147.131,116.898,149.000,212.042,920.000,124.722,after,1,26,18,2
5971,111,111.282,117.985,106.387,133.958,135.295,114.574,135.000,179.333,807.000,108.833,after,1,27,19,2
5972,104,94.714,97.918,93.771,123.752,124.794,112.520,111.000,150.333,702.000,89.361,after,1,28,20,2
5973,75,79.622,84.233,83.956,114.966,115.761,110.762,104.000,125.417,480.000,75.500,after,1,29,21,2
5974,70,69.672,67.747,64.129,108.976,109.622,109.588,75.000,108.542,55.000,67.139,other,0,-1,22,2
5975,51,61.588,62.731,56.800,109.070,109.779,109.684,70.000,109.167,69.000,62.722,other,0,-1,23,2
5976,70,57.065,56.467,47.852,108.686,109.442,109.681,51.000,108.417,46.000,61.389,other,0,-1,0,3
5977,68,57.927,64.935,61.468,108.706,109.515,109.505,70.000,109.417,72.000,64.194,other,0,-1,1,3
5978,68,59.672,65.466,59.648,108.320,109.169,109.244,68.000,109.250,54.000,65.056,other,0,-1,2,3
5979,62,62.413,66.573,59.774,108.195,109.092,109.038,68.000,109.833,58.000,61.583,other,0,-1,3,3
5980,55,63.062,64.942,60.255,107.925,108.866,108.801,62.000,110.000,47.000,61.250,other,0,-1,4,3
5981,63,64.504,63.494,62.165,107.714,108.699,108.577,55.000,110.333,81.000,63.500,other,0,-1,5,3
5982,70,70.873,68.001,69.214,107.125,108.143,108.274,63.000,109.583,75.000,67.778,other,0,-1,6,3
5983,65,80.310,74.555,78.409,106.725,107.781,108.010,70.000,109.375,109.000,79.889,other,0,-1,7,3
5984,83,94.477,83.830,86.318,105.760,106.835,107.628,65.000,107.542,118.000,92.417,other,0,-1,8,3
5985,114,111.786,102.336,103.235,104.925,106.024,107.274,83.000,106.083,108.000,115.000,other,0,-1,9,3
5986,124,130.640,125.954,126.895,104.685,105.828,107.043,114.000,106.333,109.000,126.583,other,0,-1,10,3
5987,151,147.684,147.517,142.752,104.574,105.766,106.840,124.000,106.958,171.000,145.861,other,0,-1,11,3
5988,163,162.941,164.980,162.801,103.957,105.180,106.531,151.000,106.125,165.000,168.111,other,0,-1,12,3
5989,149,171.077,173.524,172.526,103.600,104.864,106.276,163.000,106.042,147.000,177.472,other,0,-1,13,3
5990,178,168.581,168.021,166.025,103.301,104.607,106.033,149.000,106.125,188.000,176.694,other,0,-1,14,3
5991,164,168.371,172.903,173.281,102.829,104.171,105.754,178.000,105.708,173.000,173.972,other,0,-1,15,3
5992,210,155.095,158.788,157.774,102.371,103.749,105.479,164.000,105.333,186.000,162.111,other,0,-1,16,3
5993,145,148.552,171.476,168.484,102.391,103.823,105.303,210.000,106.333,149.000,150.028,other,0,-1,17,3
5994,117,121.052,127.527,126.360,102.005,103.476,105.042,145.000,106.167,135.000,132.389,other,0,-1,18,3
5995,119,103.501,105.415,104.126,101.417,102.920,104.739,117.000,105.417,111.000,108.528,other,0,-1,19,3
5996,122,84.656,94.027,94.876,101.205,102.754,104.514,119.000,105.750,104.000,100.083,other,0,-1,20,3
5997,88,68.913,87.813,86.877,101.138,102.737,104.320,122.000,106.500,75.000,85.306,other,0,-1,21,3
5998,68,58.895,67.505,69.615,100.999,102.645,104.111,88.000,107.042,70.000,74.778,other,0,-1,22,3
5999,71,51.486,56.642,59.223,100.642,102.329,103.856,68.000,106.958,51.000,70.444,other,0,-1,23,3
6000,75,47.447,55.617,55.756,100.604,102.342,103.668,71.000,107.792,70.000,60.917,other,0,-1,0,4
6001,53,49.657,61.681,52.637,100.391,102.128,103.322,75.000,108.000,68.000,56.972,other,0,-1,1,4
6002,51,46.476,54.300,47.588,99.888,101.614,102.915,53.000,107.375,68.000,51.583,other,0,-1,2,4
6003,59,48.355,54.725,47.707,99.357,101.070,102.503,51.000,106.667,62.000,54.556,other,0,-1,3,4
6004,46,53.098,58.677,51.410,99.028,100.735,102.133,59.000,106.542,55.000,57.139,other,0,-1,4,4
6005,55,52.661,54.897,52.510,98.612,100.311,101.744,46.000,106.167,63.000,54.694,other,0,-1,5,4
6006,61,58.856,60.131,60.368,98.211,99.902,101.359,55.000,105.833,70.000,65.167,other,0,-1,6,4
6007,94,67.521,67.072,70.077,97.796,99.477,100.971,61.000,105.458,65.000,74.667,other,0,-1,7,4
6008,109,82.550,86.435,91.838,97.930,99.623,100.697,94.000,106.667,83.000,86.667,other,0,-1,8,4
6009,109,99.313,105.930,111.030,98.022,99.723,100.415,109.000,107.750,114.000,109.861,other,0,-1,9,4
6010,127,117.491,125.132,124.787,97.664,99.359,100.038,109.000,107.542,124.000,125.222,other,0,-1,10,4
6011,141,136.946,147.959,145.324,97.422,99.114,99.686,127.000,107.667,151.000,147.361,other,0,-1,11,4
6012,147,153.190,161.994,160.975,96.992,98.675,99.295,141.000,107.250,163.000,161.111,other,0,-1,12,4
6013,161,163.191,165.448,168.019,96.475,98.146,98.885,147.000,106.583,149.000,174.694,other,0,-1,13,4
6014,153,169.014,167.813,173.765,96.363,98.036,98.561,161.000,107.083,178.000,178.167,other,0,-1,14,4
6015,198,162.733,157.838,163.417,95.716,97.372,98.124,153.000,106.042,164.000,172.583,other,0,-1,15,4
6016,174,160.343,169.295,175.826,95.923,97.592,97.866,198.000,107.458,210.000,165.472,other,0,-1,16,4
6017,125,133.797,144.668,150.125,95.116,96.763,97.396,174.000,105.958,145.000,138.861,other,0,-1,17,4
6018,136,109.877,114.054,114.539,94.541,96.174,96.974,125.000,105.125,117.000,121.333,other,0,-1,18,4
6019,116,88.975,103.114,106.268,94.531,96.170,96.670,136.000,105.917,119.000,101.944,other,0,-1,19,4
6020,116,71.625,84.688,88.428,94.202,95.835,96.300,116.000,105.792,122.000,84.222,other,0,-1,20,4
6021,69,56.804,76.307,79.789,93.830,95.456,95.921,116.000,105.542,88.000,70.889,other,0,-1,21,4
6022,70,47.990,54.209,61.264,93.269,94.882,95.502,69.000,104.750,68.000,63.889,other,0,-1,22,4
6023,69,40.009,50.548,56.751,93.013,94.622,95.147,70.000,104.833,71.000,57.111,other,0,-1,23,4
6024,36,37.236,49.230,52.970,92.699,94.303,94.780,69.000,104.750,75.000,38.722,other,0,-1,0,5
6025,33,33.789,40.399,31.117,92.106,93.644,94.460,36.000,103.125,53.000,42.139,other,0,-1,1,5
6026,36,34.877,40.952,31.024,91.788,93.270,94.198,33.000,102.292,51.000,43.389,other,0,-1,2,5
6027,43,38.054,43.491,33.070,91.542,92.970,93.951,36.000,101.667,59.000,43.528,other,0,-1,3,5
6028,43,42.795,47.347,37.384,91.283,92.656,93.701,43.000,101.000,46.000,42.111,other,0,-1,4,5
6029,39,45.263,48.519,41.904,91.211,92.537,93.490,43.000,100.875,55.000,43.028,other,0,-1,5,5
6030,44,48.017,49.589,46.871,90.951,92.222,93.240,39.000,100.208,61.000,55.167,other,0,-1,6,5
6031,61,55.809,56.457,55.811,90.677,91.893,92.987,44.000,99.500,94.000,63.917,other,0,-1,7,5
6032,62,68.250,70.549,70.906,90.171,91.324,92.685,61.000,98.125,109.000,81.722,other,0,-1,8,5
6033,86,84.149,83.322,81.495,89.462,90.545,92.342,62.000,96.167,109.000,98.167,other,0,-1,9,5
6034,99,102.612,105.770,103.381,89.100,90.126,92.070,86.000,95.208,127.000,102.556,other,0,-1,10,5
6035,130,120.955,123.206,120.154,88.667,89.632,91.784,99.000,94.042,141.000,122.722,other,0,-1,11,5
6036,132,139.364,145.375,146.138,88.479,89.392,91.549,130.000,93.583,147.000,141.028,other,0,-1,12,5
6037,157,149.247,148.868,151.336,88.234,89.093,91.302,132.000,92.958,161.000,161.333,other,0,-1,13,5
6038,165,157.538,159.239,166.522,88.148,88.959,91.088,157.000,92.792,153.000,179.778,other,0,-1,14,5
6039,171,154.505,157.325,165.767,88.293,89.064,90.923,165.000,93.292,198.000,180.472,other,0,-1,15,5
6040,128,142.234,150.487,157.933,87.874,88.585,90.640,171.000,92.167,174.000,165.833,other,0,-1,16,5
6041,163,119.736,123.069,119.364,87.180,87.821,90.299,128.000,90.250,125.000,148.556,other,0,-1,17,5
6042,123,100.851,118.762,119.801,87.702,88.316,90.212,163.000,91.833,136.000,114.861,other,0,-1,18,5
6043,63,80.352,91.396,86.695,87.486,88.047,89.971,123.000,91.292,116.000,90.528,other,0,-1,19,5
6044,64,69.303,67.261,58.232,86.690,87.178,89.609,63.000,89.083,116.000,74.972,other,0,-1,20,5
6045,52,53.251,54.854,52.034,85.908,86.324,89.250,64.000,86.917,69.000,60.444,other,0,-1,21,5
6046,39,42.316,44.945,45.209,85.634,85.995,88.997,52.000,86.208,70.000,52.389,other,0,-1,22,5
6047,36,34.976,38.243,39.845,85.157,85.456,88.701,39.000,84.917,69.000,44.139,other,0,-1,23,5
6048,31,30.838,36.416,37.178,84.651,84.886,88.400,36.000,83.542,36.000,32.472,other,0,-1,0,6
6049,33,30.832,35.671,29.598,84.829,85.008,88.494,31.000,83.333,33.000,34.500,other,0,-1,1,6
6050,29,33.719,38.980,31.536,85.079,85.205,88.604,33.000,83.333,36.000,33.361,other,0,-1,2,6
6051,38,35.356,39.580,33.277,85.228,85.296,88.693,29.000,83.042,43.000,35.222,other,0,-1,3,6
6052,27,41.114,44.903,39.015,85.406,85.418,88.787,38.000,82.833,43.000,34.028,other,0,-1,4,6
6053,31,39.751,42.182,41.242,85.424,85.375,88.848,27.000,82.167,39.000,36.611,other,0,-1,5,6
6054,40,44.316,46.617,48.229,85.558,85.451,88.934,31.000,81.833,44.000,38.694,other,0,-1,6,6
6055,51,52.224,55.251,57.960,85.751,85.588,89.031,40.000,81.667,61.000,47.194,other,0,-1,7,6
6056,63,64.033,67.796,69.585,85.856,85.635,89.111,51.000,81.250,62.000,59.167,other,0,-1,8,6
6057,86,80.090,83.241,82.430,86.121,85.846,89.223,63.000,81.292,86.000,78.778,other,0,-1,9,6
6058,81,99.548,103.634,100.991,86.371,86.043,89.333,86.000,81.292,99.000,101.278,other,0,-1,10,6
6059,128,117.018,110.039,104.642,86.361,85.969,89.388,81.000,80.542,130.000,121.778,other,0,-1,11,6
6060,156,137.544,139.549,136.850,86.582,86.136,89.492,128.000,80.458,132.000,140.833,other,0,-1,12,6
6061,133,153.980,157.960,158.133,87.180,86.692,89.674,156.000,81.458,157.000,148.472,other,0,-1,13,6
6062,179,151.066,146.780,141.875,87.083,86.529,89.711,133.000,80.458,165.000,156.639,other,0,-1,14,6
6063,142,156.716,163.781,169.460,87.536,86.936,89.863,179.000,81.042,171.000,153.306,other,0,-1,15,6
6064,111,137.320,139.122,136.228,87.366,86.698,89.885,142.000,79.833,128.000,133.083,other,0,-1,16,6
6065,115,121.505,119.619,107.811,87.370,86.639,89.943,111.000,79.125,163.000,123.667,other,0,-1,17,6
6066,112,103.931,105.064,97.038,86.925,86.116,89.908,115.000,77.125,123.000,102.583,other,0,-1,18,6
6067,63,85.500,88.046,82.209,87.016,86.148,89.984,112.000,76.667,63.000,79.889,other,0,-1,19,6
6068,62,73.888,68.101,57.364,87.266,86.345,90.094,63.000,76.667,64.000,59.111,other,0,-1,20,6
6069,53,58.291,56.026,51.185,87.487,86.511,90.197,62.000,76.583,52.000,47.306,other,0,-1,21,6
6070,46,47.653,47.802,46.123,87.752,86.723,90.310,53.000,76.625,39.000,35.306,other,0,-1,22,6
6071,48,41.185,43.820,43.268,88.104,87.024,90.441,46.000,76.917,36.000,32.556,other,0,-1,23,6
6072,61,39.832,45.115,43.008,88.528,87.401,90.587,48.000,77.417,31.000,61.343,other,0,-1,0,0
6073,55,46.442,52.704,50.400,89.303,88.170,91.016,61.000,78.667,33.000,59.743,other,0,-1,1,0
6074,62,48.361,54.705,50.372,89.962,88.819,91.421,55.000,79.583,29.000,61.829,other,0,-1,2,0
6075,78,55.708,61.736,54.789,90.780,89.634,91.859,62.000,80.958,38.000,63.543,other,0,-1,3,0
6076,67,68.142,73.388,63.495,91.699,90.553,92.319,78.000,82.625,27.000,60.000,other,0,-1,4,0
6077,65,61.409,68.400,66.308,92.619,91.472,92.778,67.000,84.292,31.000,77.171,other,0,-1,5,0
6078,76,60.397,69.857,72.706,93.452,92.301,93.219,65.000,85.708,40.000,77.686,other,0,-1,6,0
6079,50,67.552,80.767,84.481,94.313,93.160,93.667,76.000,87.208,51.000,91.543,other,0,-1,7,0
6080,74,71.293,80.722,83.242,94.639,93.465,94.002,50.000,87.167,63.000,101.114,other,0,-1,8,0
6081,109,89.370,103.124,100.435,95.139,93.949,94.374,74.000,87.625,86.000,122.829,other,0,-1,9,0
6082,128,113.261,130.342,124.422,95.812,94.614,94.782,109.000,88.583,81.000,137.200,other,0,-1,10,0
6083,155,135.239,147.969,141.266,96.833,95.638,95.262,128.000,90.542,128.000,150.314,other,0,-1,11,0
6084,181,157.719,165.919,161.852,97.564,96.362,95.682,155.000,91.667,156.000,163.229,other,0,-1,12,0
6085,171,176.398,180.988,180.508,98.267,97.057,96.096,181.000,92.708,133.000,172.800,other,0,-1,13,0
6086,165,172.087,172.274,172.969,99.158,97.946,96.550,171.000,94.292,179.000,172.257,other,0,-1,14,0
6087,180,165.325,163.747,164.678,99.295,98.055,96.846,165.000,93.708,142.000,183.343,other,0,-1,15,0
6088,170,157.399,159.631,166.468,100.186,98.945,97.299,180.000,95.292,111.000,162.143,other,0,-1,16,0
6089,159,138.976,140.678,149.372,101.380,100.149,97.816,170.000,97.750,115.000,148.800,other,0,-1,17,0
6090,127,118.972,119.955,130.172,102.358,101.128,98.287,159.000,99.583,112.000,128.829,other,0,-1,18,0
6091,142,99.297,96.482,102.883,102.915,101.672,98.671,127.000,100.208,63.000,110.171,other,0,-1,19,0
6092,103,85.378,86.579,96.380,104.400,103.176,99.249,142.000,103.500,62.000,85.143,other,0,-1,20,0
6093,84,70.445,70.477,75.261,105.334,104.110,99.711,103.000,105.208,53.000,75.143,other,0,-1,21,0
6094,94,61.666,62.797,65.047,106.123,104.894,100.143,84.000,106.500,46.000,65.229,other,0,-1,22,0
6095,59,63.067,67.649,64.336,107.159,105.934,100.627,94.000,108.500,48.000,63.543,other,0,-1,23,0
6096,60,54.967,57.572,54.952,107.659,106.418,100.999,59.000,108.958,61.000,61.694,other,0,-1,0,1
6097,81,55.233,58.566,54.704,107.818,106.605,101.308,60.000,108.917,55.000,62.000,other,0,-1,1,1
6098,74,67.951,70.710,58.903,108.369,107.197,101.699,81.000,110.000,62.000,62.222,other,0,-1,2,1
6099,66,68.215,69.701,59.071,108.716,107.578,102.047,74.000,110.500,78.000,61.389,other,0,-1,3,1
6100,55,66.184,67.446,60.702,108.716,107.600,102.323,66.000,110.000,67.000,63.583,other,0,-1,4,1
6101,67,63.007,64.479,63.287,108.717,107.622,102.600,55.000,109.500,65.000,65.139,other,0,-1,5,1
6102,61,69.056,71.786,73.002,108.919,107.854,102.918,67.000,109.583,76.000,66.417,other,0,-1,6,1
6103,93,73.884,76.253,79.684,108.876,107.831,103.185,61.000,108.958,50.000,77.639,other,0,-1,7,1
6104,89,91.175,96.482,100.050,109.673,108.678,103.627,93.000,110.750,74.000,91.833,other,0,-1,8,1
6105,110,106.038,111.421,109.527,110.064,109.105,103.985,89.000,111.375,109.000,109.944,other,0,-1,9,1
6106,102,127.396,133.222,129.138,110.253,109.321,104.300,110.000,111.417,128.000,131.361,other,0,-1,10,1
6107,136,143.778,147.409,134.728,110.050,109.134,104.534,102.000,110.333,155.000,148.500,other,0,-1,11,1
6108,210,162.000,162.604,158.367,109.949,109.051,104.789,136.000,109.542,181.000,174.389,other,0,-1,12,1
6109,177,202.185,195.381,203.483,110.543,109.687,105.189,210.000,110.750,171.000,191.778,other,0,-1,13,1
6110,210,180.141,179.070,182.746,110.804,109.979,105.519,177.000,111.000,165.000,190.222,other,0,-1,14,1
6111,207,187.941,189.549,195.952,111.629,110.856,105.968,210.000,112.875,180.000,183.056,other,0,-1,15,1
6112,149,174.011,177.810,183.580,112.194,111.462,106.362,207.000,114.000,170.000,168.806,other,0,-1,16,1
6113,157,146.416,141.484,139.234,112.064,111.349,106.611,149.000,113.125,159.000,158.750,other,0,-1,17,1
6114,140,129.224,127.481,130.976,112.209,111.521,106.917,157.000,113.042,127.000,131.639,other,0,-1,18,1
6115,102,110.175,106.911,112.648,112.571,111.918,107.269,140.000,113.583,142.000,103.944,other,0,-1,19,1
6116,76,94.400,85.969,90.963,112.166,111.520,107.460,102.000,111.917,103.000,92.389,other,0,-1,20,1
6117,79,81.270,71.507,76.144,111.949,111.317,107.691,76.000,110.792,84.000,77.389,other,0,-1,21,1
6118,54,69.508,65.406,69.947,112.050,111.444,107.988,79.000,110.583,94.000,64.944,other,0,-1,22,1
6119,90,62.606,57.571,56.941,111.645,111.047,108.179,54.000,108.917,59.000,62.889,other,0,-1,23,1
6120,44,68.607,70.171,60.756,112.268,111.713,108.585,90.000,110.208,60.000,59.639,other,0,-1,0,2
6121,55,57.861,56.030,53.767,111.913,111.406,108.588,44.000,109.542,81.000,64.167,other,0,-1,1,2
6122,62,60.503,60.465,54.509,111.413,110.948,108.560,55.000,108.458,74.000,56.194,other,0,-1,2,2
6123,78,64.866,64.226,56.104,111.116,110.700,108.575,62.000,107.958,66.000,60.528,other,0,-1,3,2
6124,73,73.378,71.451,61.361,111.166,110.812,108.662,78.000,108.458,55.000,62.444,other,0,-1,4,2
6125,75,73.252,70.239,64.266,111.304,111.015,108.768,73.000,109.208,67.000,62.833,other,0,-1,5,2
6126,64,77.200,72.801,70.587,111.296,111.067,108.843,75.000,109.542,61.000,70.472,other,0,-1,6,2
6127,64,83.376,75.306,75.522,111.216,111.044,108.903,64.000,109.667,93.000,78.639,other,0,-1,7,2
6128,101,97.702,86.555,84.793,110.673,110.541,108.867,64.000,108.458,89.000,89.639,other,0,-1,8,2
6129,96,116.041,106.156,108.148,110.723,110.653,108.954,101.000,108.958,110.000,104.833,other,0,-1,9,2
6130,121,134.048,126.317,118.571,110.397,110.376,108.963,96.000,108.375,102.000,127.694,other,0,-1,10,2
6131,165,151.153,146.158,140.198,110.549,110.593,109.071,121.000,109.167,136.000,145.361,other,0,-1,11,2
6132,178,168.901,165.260,169.261,110.846,110.960,109.210,165.000,110.375,210.000,159.222,other,0,-1,12,2
6133,181,176.605,176.724,180.139,110.259,110.412,109.164,178.000,109.042,177.000,182.222,other,0,-1,13,2
6134,178,175.534,179.773,180.702,110.194,110.404,109.228,181.000,109.208,210.000,185.000,other,0,-1,14,2
6135,190,168.764,175.088,172.767,109.607,109.857,109.182,178.000,107.875,207.000,172.750,other,0,-1,15,2
6136,188,161.579,172.129,168.536,109.238,109.534,109.182,190.000,107.167,149.000,158.694,other,0,-1,16,2
6137,181,148.156,160.214,155.247,109.679,110.051,109.351,188.000,108.792,157.000,148.139,other,0,-1,17,2
6138,111,130.478,144.297,139.279,109.904,110.343,109.474,181.000,109.792,140.000,124.722,other,0,-1,18,2
6139,118,113.587,106.787,98.949,109.360,109.841,109.438,111.000,108.583,102.000,108.833,other,0,-1,19,2
6140,72,94.466,94.578,92.670,109.469,110.013,109.537,118.000,109.250,76.000,89.361,other,0,-1,20,2
6141,69,83.754,74.235,69.921,109.287,109.885,109.576,72.000,109.083,79.000,75.500,other,0,-1,21,2
6142,69,70.485,65.413,62.118,109.019,109.667,109.597,69.000,108.667,54.000,67.139,other,0,-1,22,2
6143,62,61.709,61.459,56.147,109.113,109.824,109.693,69.000,109.292,90.000,62.722,other,0,-1,23,2
6144,52,57.569,58.441,49.527,108.584,109.337,109.660,62.000,108.125,44.000,61.389,other,0,-1,0,3
6145,71,55.337,58.023,57.507,108.373,109.170,109.435,52.000,108.458,55.000,64.194,other,0,-1,1,3
6146,69,60.318,65.915,59.813,108.277,109.124,109.235,71.000,109.125,62.000,65.056,other,0,-1,2,3
6147,65,62.503,66.315,59.552,108.050,108.942,109.008,69.000,109.417,78.000,61.583,other,0,-1,3,3
6148,52,63.721,65.507,60.460,107.534,108.461,108.720,65.000,108.875,73.000,61.250,other,0,-1,4,3
6149,70,63.942,62.173,61.119,106.902,107.860,108.407,52.000,108.000,75.000,63.500,other,0,-1,5,3
6150,61,71.999,69.759,70.570,106.502,107.498,108.144,70.000,107.792,64.000,67.778,other,0,-1,6,3
6151,77,80.179,72.573,75.776,106.131,107.167,107.886,61.000,107.667,64.000,79.889,other,0,-1,7,3
6152,79,94.479,85.415,89.928,105.992,107.075,107.677,77.000,108.208,101.000,92.417,other,0,-1,8,3
6153,126,112.396,102.327,102.081,105.345,106.459,107.361,79.000,107.292,96.000,115.000,other,0,-1,9,3
6154,134,131.805,127.637,131.665,105.452,106.622,107.203,126.000,108.542,121.000,126.583,other,0,-1,10,3
6155,141,148.815,148.933,146.962,105.313,106.531,106.994,134.000,109.083,165.000,145.861,other,0,-1,11,3
6156,187,161.627,163.427,159.049,104.638,105.885,106.673,141.000,108.083,178.000,168.111,other,0,-1,12,3
6157,183,177.585,182.502,183.372,104.440,105.733,106.451,187.000,108.458,181.000,177.472,other,0,-1,13,3
6158,189,175.668,180.601,181.314,104.142,105.477,106.209,183.000,108.542,178.000,176.694,other,0,-1,14,3
6159,171,171.227,178.214,179.009,103.973,105.355,105.993,189.000,109.000,190.000,173.972,other,0,-1,15,3
6160,124,156.519,161.678,161.398,103.370,104.784,105.687,171.000,108.208,188.000,162.111,other,0,-1,16,3
6161,117,139.575,135.463,129.354,102.116,103.538,105.245,124.000,105.542,181.000,150.028,other,0,-1,17,3
6162,140,123.425,119.812,115.391,100.861,102.292,104.803,117.000,102.875,111.000,132.389,other,0,-1,18,3
6163,98,102.120,112.848,113.856,100.953,102.440,104.642,140.000,104.083,118.000,108.528,other,0,-1,19,3
6164,81,88.239,87.296,89.552,100.336,101.854,104.333,98.000,103.250,72.000,100.083,other,0,-1,20,3
6165,105,73.749,72.288,76.967,100.138,101.703,104.111,81.000,103.625,69.000,85.306,other,0,-1,21,3
6166,76,58.873,74.376,77.059,100.332,101.956,103.972,105.000,105.125,69.000,74.778,other,0,-1,22,3
6167,62,51.804,58.955,64.370,100.106,101.774,103.744,76.000,105.417,62.000,70.444,other,0,-1,23,3
6168,61,47.358,52.281,57.436,99.778,101.488,103.495,62.000,105.417,52.000,60.917,other,0,-1,0,4
6169,38,46.668,55.575,53.394,99.623,101.333,103.162,61.000,105.792,71.000,56.972,other,0,-1,1,4
6170,48,44.348,48.657,48.225,98.860,100.549,102.701,38.000,104.417,69.000,51.583,other,0,-1,2,4
6171,55,48.006,53.258,50.161,98.270,99.945,102.276,48.000,103.542,65.000,54.556,other,0,-1,3,4
6172,59,52.184,56.792,53.178,97.840,99.506,101.885,55.000,103.125,52.000,57.139,other,0,-1,4,4
6173,51,55.820,59.187,57.492,97.656,99.321,101.545,59.000,103.417,70.000,54.694,other,0,-1,5,4
6174,71,58.666,58.725,60.874,97.096,98.747,101.126,51.000,102.625,61.000,65.167,other,0,-1,6,4
6175,89,68.639,69.878,73.928,96.955,98.608,100.795,71.000,103.042,77.000,74.667,other,0,-1,7,4
6176,110,81.705,84.698,90.240,96.844,98.498,100.470,89.000,103.542,79.000,86.667,other,0,-1,8,4
6177,86,98.938,106.310,111.064,97.008,98.674,100.203,110.000,104.833,126.000,109.861,other,0,-1,9,4
6178,109,117.422,119.893,114.182,96.143,97.785,99.721,86.000,103.167,134.000,125.222,other,0,-1,10,4
6179,155,135.314,142.803,136.146,95.495,97.120,99.284,109.000,102.125,141.000,147.361,other,0,-1,11,4
6180,159,155.074,167.996,166.715,95.413,97.041,98.965,155.000,102.708,187.000,161.111,other,0,-1,12,4
6181,200,165.024,170.728,172.777,94.722,96.332,98.519,159.000,101.542,183.000,174.694,other,0,-1,13,4
6182,180,179.904,188.863,192.673,94.683,96.297,98.210,200.000,102.250,189.000,178.167,other,0,-1,14,4
6183,174,167.832,169.866,176.317,94.267,95.873,97.821,180.000,101.875,171.000,172.583,other,0,-1,15,4
6184,207,153.505,156.947,163.121,94.025,95.629,97.469,174.000,102.000,124.000,165.472,other,0,-1,16,4
6185,148,142.238,162.365,167.092,94.942,96.583,97.359,207.000,105.458,117.000,138.861,other,0,-1,17,4
6186,130,110.301,120.177,124.241,95.106,96.759,97.092,148.000,106.750,140.000,121.333,other,0,-1,18,4
6187,92,89.827,100.211,103.839,94.676,96.320,96.701,130.000,106.333,98.000,101.944,other,0,-1,19,4
6188,105,74.686,77.150,80.766,94.304,95.940,96.321,92.000,106.083,81.000,84.222,other,0,-1,20,4
6189,60,57.352,70.840,76.295,94.366,96.011,96.033,105.000,107.083,105.000,70.889,other,0,-1,21,4
6190,45,48.995,50.806,59.115,93.429,95.047,95.535,60.000,105.208,76.000,63.889,other,0,-1,22,4
6191,52,40.953,42.377,51.645,92.694,94.293,95.081,45.000,103.917,62.000,57.111,other,0,-1,23,4
6192,21,35.744,42.156,49.550,92.264,93.853,94.689,52.000,103.500,61.000,38.722,other,0,-1,0,5
6193,35,31.893,34.514,28.496,91.657,93.179,94.366,21.000,101.833,38.000,42.139,other,0,-1,1,5
6194,44,35.051,40.167,30.993,91.585,93.060,94.156,35.000,101.708,48.000,43.389,other,0,-1,2,5
6195,44,40.335,45.173,34.158,91.499,92.925,93.942,44.000,101.542,55.000,43.528,other,0,-1,3,5
6196,37,43.031,46.454,37.161,91.312,92.686,93.707,44.000,101.083,59.000,42.111,other,0,-1,4,5
6197,46,43.525,45.221,40.036,90.965,92.282,93.439,37.000,100.167,51.000,43.028,other,0,-1,5,5
6198,45,49.507,50.999,48.392,90.864,92.132,93.222,46.000,99.958,71.000,55.167,other,0,-1,6,5
6199,58,56.032,55.974,55.831,90.459,91.668,92.942,45.000,98.875,89.000,63.917,other,0,-1,7,5
6200,67,68.375,69.008,69.601,89.982,91.129,92.646,58.000,97.583,110.000,81.722,other,0,-1,8,5
6201,95,84.487,84.492,83.722,89.331,90.410,92.314,67.000,95.792,86.000,98.167,other,0,-1,9,5
6202,121,103.724,109.485,108.313,89.434,90.471,92.140,95.000,96.167,109.000,102.556,other,0,-1,10,5
6203,118,124.328,134.017,133.261,89.579,90.576,91.975,121.000,96.667,155.000,122.722,other,0,-1,11,5
6204,132,138.464,139.537,139.095,89.015,89.947,91.661,118.000,95.125,159.000,141.028,other,0,-1,12,5
6205,165,150.133,148.924,151.672,88.596,89.468,91.378,132.000,94.000,200.000,161.333,other,0,-1,13,5
6206,167,160.005,163.440,171.815,88.061,88.869,91.070,165.000,92.542,180.000,179.778,other,0,-1,14,5
6207,143,155.131,158.304,167.001,87.844,88.599,90.829,167.000,92.000,174.000,180.472,other,0,-1,15,5
6208,168,138.161,139.485,141.658,87.367,88.060,90.534,143.000,90.708,207.000,165.833,other,0,-1,16,5
6209,138,122.605,136.047,140.244,86.774,87.401,90.214,168.000,89.083,148.000,148.556,other,0,-1,17,5
6210,87,99.897,110.742,108.049,86.601,87.177,89.982,138.000,88.667,130.000,114.861,other,0,-1,18,5
6211,89,84.407,85.193,74.642,85.950,86.458,89.650,87.000,86.875,92.000,90.528,other,0,-1,19,5
6212,71,66.142,70.574,65.307,85.879,86.338,89.440,89.000,86.750,105.000,74.972,other,0,-1,20,5
6213,60,52.848,56.057,53.986,85.358,85.754,89.135,71.000,85.333,60.000,60.444,other,0,-1,21,5
6214,43,42.115,46.599,47.228,85.330,85.680,88.933,60.000,85.333,45.000,52.389,other,0,-1,22,5
6215,40,35.262,39.267,41.127,85.273,85.576,88.726,43.000,85.250,52.000,44.139,other,0,-1,23,5
6216,34,31.474,37.667,38.499,85.071,85.321,88.488,40.000,84.750,21.000,32.472,other,0,-1,0,6
6217,25,31.862,36.834,31.187,85.509,85.713,88.637,34.000,85.292,35.000,34.500,other,0,-1,1,6
6218,25,32.055,36.191,31.049,85.615,85.759,88.716,25.000,84.875,44.000,33.361,other,0,-1,2,6
6219,31,34.570,38.167,33.391,85.590,85.671,88.768,25.000,84.083,44.000,35.222,other,0,-1,3,6
6220,28,38.902,42.094,38.220,85.652,85.673,88.839,31.000,83.542,37.000,34.028,other,0,-1,4,6
6221,142,40.376,42.670,42.243,85.772,85.734,88.921,28.000,83.167,46.000,36.611,inside,1,0,5,6
6222,155,128.667,118.419,91.914,87.413,87.370,89.321,142.000,87.167,45.000,38.694,inside,1,1,6,6
6223,219,140.422,133.139,110.468,89.256,89.216,89.763,155.000,91.750,58.000,47.194,inside,1,2,7,6
6224,266,204.544,203.759,165.669,91.839,91.826,90.360,219.000,98.458,67.000,59.167,inside,1,3,8,6
6225,96,239.645,259.773,214.423,94.972,95.006,91.072,266.000,106.750,95.000,78.778,after,1,4,9,6
6226,87,101.988,112.484,106.711,95.237,95.217,91.184,96.000,106.792,121.000,101.278,after,1,5,10,6
6227,116,118.076,116.764,107.812,94.995,94.904,91.191,87.000,105.375,118.000,121.778,after,1,6,11,6
6228,140,136.017,137.014,128.804,95.216,95.071,91.295,116.000,105.292,132.000,140.833,after,1,7,12,6
6229,127,150.102,152.926,146.397,95.582,95.387,91.429,140.000,105.625,165.000,148.472,after,1,8,13,6
6230,128,150.402,149.649,137.329,95.282,95.014,91.423,127.000,104.042,167.000,156.639,after,1,9,14,6
6231,151,146.550,148.992,134.544,94.967,94.626,91.415,128.000,102.417,143.000,153.306,after,1,10,15,6
6232,123,138.192,149.120,142.259,95.333,94.943,91.549,151.000,102.750,168.000,133.083,after,1,11,16,6
6233,111,121.090,130.918,115.263,94.932,94.465,91.522,123.000,100.875,138.000,123.667,after,1,12,17,6
6234,86,104.167,114.267,97.151,94.791,94.256,91.550,111.000,99.750,87.000,102.583,after,1,13,18,6
6235,95,88.396,95.270,75.331,95.027,94.438,91.657,86.000,99.708,89.000,79.889,after,1,14,19,6
6236,57,70.179,79.774,68.215,95.364,94.724,91.785,95.000,99.958,71.000,59.111,after,1,15,20,6
6237,47,59.301,63.565,52.179,95.411,94.711,91.852,57.000,99.375,60.000,47.306,after,1,16,21,6
6238,36,48.518,53.243,46.759,95.473,94.713,91.922,47.000,98.833,43.000,35.306,after,1,17,22,6
6239,34,41.552,46.666,42.927,95.622,94.804,92.011,36.000,98.542,40.000,32.556,after,1,18,23,6
6240,42,38.570,44.793,41.698,95.785,94.911,92.102,34.000,98.292,34.000,61.343,after,1,19,0,0
6241,62,42.078,47.841,47.015,96.242,95.351,92.465,42.000,98.625,25.000,59.743,after,1,20,1,0
6242,57,55.148,60.419,52.643,97.118,96.225,92.915,62.000,100.167,25.000,61.829,after,1,21,2,0
6243,62,56.755,61.170,54.169,97.921,97.024,93.351,57.000,101.500,31.000,63.543,after,1,22,3,0
6244,61,62.072,65.944,59.623,98.711,97.808,93.783,62.000,102.792,28.000,60.000,after,1,23,4,0
6245,58,61.775,67.294,64.964,99.529,98.623,94.221,61.000,104.167,142.000,77.171,after,1,24,5,0
6246,64,59.929,68.766,70.558,98.652,97.683,94.305,58.000,100.667,155.000,77.686,after,1,25,6,0
6247,90,64.666,77.334,80.018,97.674,96.638,94.368,64.000,96.875,219.000,91.543,after,1,26,7,0
6248,77,80.056,98.381,98.321,96.146,95.024,94.317,90.000,91.500,266.000,101.114,after,1,27,8,0
6249,113,89.295,105.059,101.227,93.748,92.510,94.083,77.000,83.625,96.000,122.829,other,0,-1,9,0
6250,112,114.022,132.800,126.116,94.335,93.085,94.473,113.000,84.333,87.000,137.200,other,0,-1,10,0
6251,165,130.840,141.509,132.332,95.037,93.779,94.887,112.000,85.375,116.000,150.314,other,0,-1,11,0
6252,192,162.391,171.923,167.910,96.087,94.833,95.374,165.000,87.417,140.000,163.229,other,0,-1,12,0
6253,171,183.127,188.186,187.662,97.180,95.932,95.869,192.000,89.583,127.000,172.800,other,0,-1,13,0
6254,189,171.872,172.416,172.857,98.158,96.911,96.341,171.000,91.417,128.000,172.257,other,0,-1,14,0
6255,200,172.680,174.793,180.127,99.382,98.145,96.864,189.000,93.958,151.000,183.343,other,0,-1,15,0
6256,164,164.755,168.778,179.203,100.432,99.199,97.350,200.000,96.000,123.000,162.143,other,0,-1,16,0
6257,1049,138.502,138.012,145.494,101.366,100.134,97.813,164.000,97.708,111.000,148.800,inside,1,0,17,0
6258,755,406.628,449.186,460.954,115.294,114.515,100.989,1049.000,136.792,86.000,128.829,inside,1,1,18,0
6259,666,388.767,386.377,424.389,125.326,124.863,103.351,755.000,164.667,95.000,110.171,inside,1,2,19,0
6260,578,374.136,284.229,374.412,133.937,133.742,105.417,666.000,188.458,57.000,85.143,inside,1,3,20,0
6261,450,355.231,247.844,271.424,141.825,141.872,107.332,578.000,210.167,47.000,75.143,inside,1,4,21,0
6262,424,318.811,232.057,142.034,148.003,148.233,108.889,450.000,226.958,36.000,65.229,inside,1,5,22,0
6263,69,308.210,238.979,117.256,153.964,154.369,110.401,424.000,243.125,34.000,63.543,after,1,6,23,0
6264,58,57.598,94.480,39.064,154.811,155.213,110.846,69.000,244.583,42.000,61.694,after,1,7,0,1
6265,73,55.283,88.762,36.999,155.217,155.655,111.206,58.000,245.250,62.000,62.000,after,1,8,1,1
6266,76,65.285,96.167,38.941,155.550,156.022,111.552,73.000,245.708,57.000,62.222,after,1,9,2,1
6267,68,71.194,97.730,41.624,155.999,156.509,111.922,76.000,246.500,62.000,61.389,after,1,10,3,1
6268,48,69.488,93.140,45.039,156.260,156.801,112.252,68.000,246.750,61.000,63.583,after,1,11,4,1
6269,41,63.162,82.510,48.814,156.246,156.808,112.525,48.000,246.208,58.000,65.139,after,1,12,5,1
6270,82,65.909,78.040,55.778,156.173,156.755,112.786,41.000,245.500,64.000,66.417,after,1,13,6,1
6271,81,87.013,93.233,74.076,156.608,157.226,113.153,82.000,246.250,90.000,77.639,after,1,14,7,1
6272,83,98.302,98.548,88.352,156.652,157.293,113.438,81.000,245.875,77.000,91.833,after,1,15,8,1
6273,76,114.873,112.530,105.359,156.912,157.585,113.768,83.000,246.125,113.000,109.944,after,1,16,9,1
6274,116,127.843,129.641,119.162,156.550,157.232,113.969,76.000,244.583,112.000,131.361,after,1,17,10,1
6275,162,159.935,149.593,151.871,156.782,157.494,114.293,116.000,244.750,165.000,148.500,after,1,18,11,1
6276,190,206.984,170.451,188.082,156.913,157.651,114.597,162.000,244.625,192.000,174.389,after,1,19,12,1
6277,195,236.883,185.882,209.642,157.058,157.823,114.903,190.000,244.542,171.000,191.778,after,1,20,13,1
6278,189,230.478,187.395,209.749,157.579,158.385,115.288,195.000,245.542,189.000,190.222,after,1,21,14,1
6279,159,207.157,178.962,195.081,157.753,158.587,115.600,189.000,245.542,200.000,183.056,after,1,22,15,1
6280,167,165.960,157.749,160.466,157.333,158.174,115.788,159.000,243.833,164.000,168.806,after,1,23,16,1
6281,155,154.703,147.311,143.401,157.551,158.421,116.110,167.000,243.958,1049.000,158.750,after,1,24,17,1
6282,118,129.954,130.337,123.699,144.774,145.221,113.718,155.000,206.708,755.000,131.639,after,1,25,18,1
6283,107,110.220,106.265,105.380,135.720,135.873,112.103,118.000,180.167,666.000,103.944,after,1,26,19,1
6284,70,93.728,90.121,102.615,127.796,127.695,110.724,107.000,156.875,578.000,92.389,after,1,27,20,1
6285,93,82.260,72.631,90.270,120.611,120.282,109.500,70.000,135.708,450.000,77.389,after,1,28,21,1
6286,469,69.966,70.593,86.008,115.614,115.132,108.732,93.000,120.833,424.000,64.944,inside,1,0,22,1
6287,471,333.974,292.893,239.551,116.440,116.009,109.180,469.000,122.708,69.000,62.889,inside,1,1,23,1
6288,447,341.284,298.455,238.351,122.437,122.237,110.709,471.000,139.458,58.000,59.639,inside,1,2,0,2
6289,380,355.787,279.098,229.000,127.949,128.001,111.937,447.000,155.667,73.000,64.167,inside,1,3,1,2
6290,60,350.721,253.678,191.755,132.273,132.535,112.917,380.000,168.458,76.000,56.194,after,1,4,2,2
6291,57,64.369,68.519,72.067,131.918,132.227,112.919,60.000,167.792,68.000,60.528,after,1,5,3,2
6292,53,65.966,67.738,72.995,131.635,131.995,112.937,57.000,167.333,48.000,62.444,after,1,6,4,2
6293,48,67.946,66.962,74.736,131.584,132.002,113.003,53.000,167.542,41.000,62.833,after,1,7,5,2
6294,57,72.782,68.005,77.240,131.562,132.039,113.076,48.000,167.833,82.000,70.472,after,1,8,6,2
6295,86,83.149,75.673,84.443,131.077,131.596,113.051,57.000,166.792,81.000,78.639,after,1,9,7,2
6296,97,99.263,90.430,99.643,131.026,131.604,113.117,86.000,167.000,83.000,89.639,after,1,10,8,2
6297,108,116.682,106.265,111.759,131.105,131.746,113.211,97.000,167.583,76.000,104.833,after,1,11,9,2
6298,104,135.072,126.248,125.388,131.446,132.158,113.358,108.000,168.917,116.000,127.694,after,1,12,10,2
6299,168,150.240,146.286,133.004,131.149,131.910,113.373,104.000,168.417,162.000,145.361,after,1,13,11,2
6300,126,174.394,164.838,169.598,131.112,131.932,113.442,168.000,168.667,190.000,159.222,after,1,14,12,2
6301,163,167.076,165.451,153.663,130.062,130.905,113.300,126.000,166.000,195.000,182.222,after,1,15,13,2
6302,156,172.169,173.599,170.425,129.475,130.357,113.254,163.000,164.667,189.000,185.000,after,1,16,14,2
6303,199,164.847,167.998,161.434,128.874,129.795,113.205,156.000,163.292,159.000,172.750,after,1,17,15,2
6304,162,167.481,177.421,174.578,129.330,130.327,113.377,199.000,164.958,167.000,158.694,after,1,18,16,2
6305,921,145.246,151.526,145.927,129.134,130.184,113.413,162.000,164.750,155.000,148.139,inside,1,0,17,2
6306,781,538.436,356.705,432.405,140.107,141.599,115.782,921.000,196.667,118.000,124.722,inside,1,1,18,2
6307,668,529.710,354.468,394.895,149.588,151.470,117.839,781.000,224.292,107.000,108.833,inside,1,2,19,2
6308,663,511.501,365.935,347.215,157.592,159.812,119.587,668.000,247.667,70.000,89.361,inside,1,3,20,2
6309,402,503.611,392.907,327.745,166.059,168.634,121.432,663.000,272.375,93.000,75.500,inside,1,4,21,2
6310,513,378.780,334.767,174.463,170.412,173.199,122.418,402.000,285.250,469.000,67.139,inside,1,5,22,2
6311,79,441.759,365.837,221.939,170.926,173.790,122.602,513.000,287.083,471.000,62.722,after,1,6,23,2
6312,61,60.453,93.457,34.289,165.124,167.846,121.467,79.000,270.750,447.000,61.389,after,1,7,0,3
6313,52,56.575,85.771,36.149,159.204,161.773,120.051,61.000,254.667,380.000,64.194,after,1,8,1,3
6314,77,56.445,82.640,34.565,154.125,156.570,118.810,52.000,241.000,60.000,65.056,after,1,9,2,3
6315,58,67.371,92.180,39.848,154.044,156.538,118.613,77.000,241.708,57.000,61.583,after,1,10,3,3
6316,62,63.732,81.164,41.700,153.731,156.267,118.367,58.000,241.750,53.000,61.250,after,1,11,4,3
6317,47,69.032,78.965,49.198,153.533,156.115,118.145,62.000,242.125,48.000,63.500,after,1,12,5,3
6318,67,72.461,71.872,55.968,153.191,155.814,117.894,47.000,242.083,57.000,67.778,after,1,13,6,3
6319,85,87.158,78.377,72.633,153.008,155.677,117.675,67.000,242.500,86.000,79.889,after,1,14,7,3
6320,104,107.018,88.685,93.311,152.666,155.376,117.424,85.000,242.458,97.000,92.417,after,1,15,8,3
6321,101,132.059,105.141,117.931,152.440,155.194,117.196,104.000,242.750,108.000,115.000,after,1,16,9,3
6322,146,145.508,125.483,135.385,152.011,154.803,116.926,101.000,242.458,104.000,126.583,after,1,17,10,3
6323,142,187.929,150.484,170.062,152.292,155.146,116.805,146.000,244.208,168.000,145.861,after,1,18,11,3
6324,164,186.774,163.451,179.809,151.587,154.470,116.478,142.000,243.125,126.000,168.111,after,1,19,12,3
6325,161,203.124,174.482,194.523,151.810,154.753,116.344,164.000,244.708,163.000,177.472,after,1,20,13,3
6326,167,190.829,172.351,191.014,151.453,154.437,116.089,161.000,244.625,156.000,176.694,after,1,21,14,3
6327,217,183.677,169.241,185.592,151.285,154.315,115.874,167.000,245.083,199.000,173.972,after,1,22,15,3
6328,165,219.838,186.725,197.877,151.218,154.299,115.680,217.000,245.833,162.000,162.111,after,1,23,16,3
6329,136,150.153,149.035,154.775,150.934,154.057,115.440,165.000,245.958,921.000,150.028,after,1,24,17,3
6330,141,120.824,126.675,123.895,139.235,142.003,112.817,136.000,213.250,781.000,132.389,after,1,25,18,3
6331,111,102.297,118.066,113.701,129.636,132.122,110.632,141.000,186.583,668.000,108.528,after,1,26,19,3
6332,109,85.554,96.250,94.103,121.239,123.486,108.698,111.000,163.375,663.000,100.083,after,1,27,20,3
6333,76,69.789,86.747,85.416,112.886,114.895,106.773,109.000,140.292,402.000,85.306,after,1,28,21,3
6334,60,60.114,66.343,68.907,107.836,109.721,105.539,76.000,126.708,513.000,74.778,after,1,29,22,3
6335,62,52.174,54.203,58.019,100.946,102.644,103.920,60.000,107.833,79.000,70.444,other,0,-1,23,3
6336,57,47.147,52.279,54.379,100.372,102.103,103.619,62.000,107.125,61.000,60.917,other,0,-1,0,4
6337,54,45.800,53.945,49.664,100.029,101.753,103.246,57.000,106.958,52.000,56.972,other,0,-1,1,4
6338,46,46.996,54.257,48.227,99.773,101.494,102.891,54.000,107.042,77.000,51.583,other,0,-1,2,4
6339,66,47.456,52.493,47.176,99.038,100.740,102.436,46.000,105.750,58.000,54.556,other,0,-1,3,4
6340,66,55.800,61.265,53.227,98.869,100.570,102.099,66.000,106.083,62.000,57.139,other,0,-1,4,4
6341,62,57.923,61.936,57.315,98.641,100.341,101.750,66.000,106.250,47.000,54.694,other,0,-1,5,4
6342,68,60.352,62.288,62.435,98.573,100.276,101.435,62.000,106.875,67.000,65.167,other,0,-1,6,4
6343,59,68.399,69.046,72.363,98.303,100.002,101.076,68.000,106.917,85.000,74.667,other,0,-1,7,4
6344,88,81.271,77.128,79.811,97.641,99.323,100.637,59.000,105.833,104.000,86.667,other,0,-1,8,4
6345,108,98.007,99.799,102.534,97.123,98.794,100.227,88.000,105.167,101.000,109.861,other,0,-1,9,4
6346,116,117.501,124.995,124.432,96.940,98.609,99.887,108.000,105.458,146.000,125.222,other,0,-1,10,4
6347,141,135.887,144.694,140.527,96.220,97.870,99.435,116.000,104.208,142.000,147.361,other,0,-1,11,4
6348,163,153.216,162.132,161.336,95.920,97.566,99.071,141.000,104.167,164.000,161.111,other,0,-1,12,4
6349,158,166.818,172.658,176.238,95.620,97.261,98.707,163.000,104.125,161.000,174.694,other,0,-1,13,4
6350,166,168.415,166.602,172.658,95.291,96.927,98.337,158.000,104.000,167.000,178.167,other,0,-1,14,4
6351,136,165.443,163.215,170.295,94.991,96.623,97.973,166.000,103.958,217.000,172.583,other,0,-1,15,4
6352,118,148.442,142.902,144.870,93.533,95.119,97.366,136.000,100.583,165.000,165.472,other,0,-1,16,4
6353,122,130.363,126.483,124.253,92.567,94.125,96.863,118.000,98.625,136.000,138.861,other,0,-1,17,4
6354,113,110.502,113.228,113.138,92.078,93.626,96.460,122.000,98.042,141.000,121.333,other,0,-1,18,4
6355,115,91.225,96.459,98.191,91.387,92.917,96.014,113.000,96.875,111.000,101.944,other,0,-1,19,4
6356,95,71.973,84.461,89.084,91.160,92.687,95.665,115.000,97.042,109.000,84.222,other,0,-1,20,4
6357,82,58.127,68.772,75.408,90.672,92.188,95.261,95.000,96.458,76.000,70.889,other,0,-1,21,4
6358,83,47.141,58.300,66.243,90.474,91.988,94.918,82.000,96.708,60.000,63.889,other,0,-1,22,4
6359,67,40.440,55.821,61.900,90.521,92.044,94.627,83.000,97.667,62.000,57.111,other,0,-1,23,4
6360,39,36.735,49.054,55.135,90.309,91.829,94.281,67.000,97.875,57.000,38.722,other,0,-1,0,5
6361,48,34.066,42.130,34.000,90.020,91.485,94.025,39.000,97.125,54.000,42.139,other,0,-1,1,5
6362,34,38.412,47.511,36.110,89.905,91.321,93.805,48.000,96.875,46.000,43.389,other,0,-1,2,5
6363,51,37.202,43.439,34.974,89.703,91.067,93.567,34.000,96.375,66.000,43.528,other,0,-1,3,5
6364,45,45.398,51.442,41.256,89.457,90.767,93.320,51.000,95.750,66.000,42.111,other,0,-1,4,5
6365,41,45.541,49.783,44.138,89.125,90.378,93.055,45.000,94.875,62.000,43.028,other,0,-1,5,5
6366,51,48.139,50.516,48.721,88.793,89.989,92.789,41.000,94.000,68.000,55.167,other,0,-1,6,5
6367,55,56.353,58.754,58.902,88.518,89.659,92.536,51.000,93.292,59.000,63.917,other,0,-1,7,5
6368,74,67.991,68.827,68.938,88.432,89.525,92.322,55.000,93.125,88.000,81.722,other,0,-1,8,5
6369,131,84.129,87.464,86.564,88.201,89.241,92.078,74.000,92.542,108.000,98.167,other,0,-1,9,5
6370,105,109.407,129.140,127.511,88.506,89.511,91.946,131.000,93.500,116.000,102.556,other,0,-1,10,5
6371,118,121.760,126.086,121.986,88.319,89.272,91.711,105.000,93.042,141.000,122.722,other,0,-1,11,5
6372,143,137.725,139.589,136.759,87.958,88.853,91.440,118.000,92.083,163.000,141.028,other,0,-1,12,5
6373,196,151.186,154.267,156.086,87.640,88.478,91.178,143.000,91.250,158.000,161.333,other,0,-1,13,5
6374,200,170.956,182.974,190.499,88.162,88.974,91.091,196.000,92.833,166.000,179.778,other,0,-1,14,5
6375,158,165.777,177.484,187.198,88.627,89.409,90.992,200.000,94.250,136.000,180.472,other,0,-1,15,5
6376,127,141.203,144.948,149.931,88.917,89.664,90.857,158.000,95.167,118.000,165.833,other,0,-1,16,5
6377,133,121.478,122.681,119.132,89.020,89.725,90.683,127.000,95.542,122.000,148.556,other,0,-1,17,5
6378,113,101.070,109.182,106.324,89.151,89.815,90.514,133.000,96.000,113.000,114.861,other,0,-1,18,5
6379,100,82.413,88.916,84.069,89.123,89.741,90.313,113.000,96.000,115.000,90.528,other,0,-1,19,5
6380,68,65.570,72.142,69.312,88.877,89.442,90.066,100.000,95.375,95.000,74.972,other,0,-1,20,5
6381,67,53.649,55.161,54.515,88.458,88.962,89.782,68.000,94.250,82.000,60.444,other,0,-1,21,5
6382,52,42.093,47.741,49.936,88.213,88.663,89.535,67.000,93.625,83.000,52.389,other,0,-1,22,5
6383,59,35.487,40.961,44.143,87.735,88.124,89.240,52.000,92.333,67.000,44.139,other,0,-1,23,5
6384,27,34.134,43.455,43.229,87.591,87.930,89.014,59.000,92.000,39.000,32.472,other,0,-1,0,6
6385,35,30.929,33.976,31.345,87.668,87.946,89.087,27.000,91.500,48.000,34.500,other,0,-1,1,6
6386,25,35.152,39.410,34.204,87.730,87.948,89.158,35.000,90.958,34.000,33.361,other,0,-1,2,6
6387,43,35.001,37.698,34.609,87.850,88.010,89.240,25.000,90.583,51.000,35.222,other,0,-1,3,6
6388,32,43.985,46.899,42.119,87.984,88.086,89.326,43.000,90.250,45.000,34.028,other,0,-1,4,6
6389,33,42.001,43.770,44.172,88.046,88.088,89.396,32.000,89.708,41.000,36.611,other,0,-1,5,6
6390,39,45.559,47.062,50.174,88.180,88.165,89.481,33.000,89.375,51.000,38.694,other,0,-1,6,6
6391,48,52.904,54.693,58.679,88.257,88.181,89.555,39.000,88.875,55.000,47.194,other,0,-1,7,6
6392,56,64.706,66.617,69.195,88.406,88.273,89.643,48.000,88.583,74.000,59.167,other,0,-1,8,6
6393,473,80.888,80.491,79.886,88.395,88.200,89.698,56.000,87.833,131.000,78.778,inside,1,0,9,6
6394,719,358.303,403.063,362.534,93.600,93.523,90.843,473.000,102.083,105.000,101.278,inside,1,1,10,6
6395,826,388.790,462.776,432.364,102.745,102.924,92.810,719.000,127.667,118.000,121.778,inside,1,2,11,6
6396,894,396.059,477.444,445.898,113.251,113.734,95.061,826.000,157.167,143.000,140.833,inside,1,3,12,6
6397,858,399.468,484.420,452.559,124.380,125.189,97.443,894.000,188.458,196.000,148.472,inside,1,4,13,6
6398,159,399.373,483.119,451.134,134.221,135.310,99.555,858.000,216.042,200.000,156.639,after,1,5,14,6
6399,156,182.512,139.872,157.348,133.877,134.892,99.541,159.000,214.333,158.000,153.306,after,1,6,15,6
6400,128,175.743,126.400,148.711,134.098,135.058,99.644,156.000,214.250,127.000,133.083,after,1,7,16,6
6401,132,171.241,104.416,124.022,134.363,135.270,99.757,128.000,214.292,133.000,123.667,after,1,8,17,6
6402,109,150.006,90.324,117.539,134.599,135.451,99.864,132.000,214.250,113.000,102.583,after,1,9,18,6
6403,74,137.365,73.794,102.912,134.791,135.588,99.961,109.000,214.083,100.000,79.889,after,1,10,19,6
6404,58,130.088,60.743,93.465,134.665,135.395,99.992,74.000,213.000,68.000,59.111,after,1,11,20,6
6405,46,113.161,51.774,94.166,134.770,135.441,100.072,58.000,212.583,67.000,47.306,after,1,12,21,6
6406,31,96.455,45.282,97.198,134.716,135.323,100.118,46.000,211.708,52.000,35.306,after,1,13,22,6
6407,36,85.220,40.699,99.145,134.662,135.205,100.164,31.000,210.833,59.000,32.556,after,1,14,23,6
6408,57,74.039,38.902,101.613,134.579,135.057,100.204,36.000,209.875,27.000,61.343,after,1,15,0,0
6409,73,69.325,41.684,98.538,135.354,135.826,100.633,57.000,211.125,35.000,59.743,after,1,16,1,0
6410,53,72.966,49.839,98.601,136.245,136.715,101.086,73.000,212.708,25.000,61.829,after,1,17,2,0
6411,68,70.357,46.215,91.566,136.991,137.455,101.509,53.000,213.875,43.000,63.543,after,1,18,3,0
6412,56,74.423,54.551,90.614,137.693,138.149,101.924,68.000,214.917,32.000,60.000,after,1,19,4,0
6413,80,73.297,53.022,85.519,138.381,138.828,102.335,56.000,215.917,33.000,77.171,after,1,20,5,0
6414,62,79.234,66.590,91.794,139.402,139.852,102.815,80.000,217.875,39.000,77.686,after,1,21,6,0
6415,74,83.490,65.758,89.057,140.075,140.517,103.223,62.000,218.833,48.000,91.543,after,1,22,7,0
6416,92,95.217,79.743,97.824,140.792,141.226,103.640,74.000,219.917,56.000,101.114,after,1,23,8,0
6417,86,110.793,99.389,111.448,141.654,142.085,104.087,92.000,221.417,473.000,122.829,after,1,24,9,0
6418,108,135.637,108.508,115.051,136.388,136.603,103.255,86.000,205.292,719.000,137.200,after,1,25,10,0
6419,149,150.148,126.096,131.379,127.877,127.763,101.745,108.000,179.833,826.000,150.314,after,1,26,11,0
6420,144,161.995,153.833,158.866,118.410,117.934,100.035,149.000,151.625,894.000,163.229,after,1,27,12,0
6421,185,168.377,156.702,157.631,107.886,107.010,98.105,144.000,120.375,858.000,172.800,after,1,28,13,0
6422,165,177.877,180.094,182.131,98.477,97.241,96.407,185.000,92.333,159.000,172.257,other,0,-1,14,0
6423,138,165.145,164.034,164.632,98.904,97.651,96.764,165.000,92.583,156.000,183.343,other,0,-1,15,0
6424,193,151.007,145.770,140.840,98.983,97.700,97.048,138.000,91.833,128.000,162.143,other,0,-1,16,0
6425,156,144.939,150.528,163.013,100.265,98.994,97.583,193.000,94.542,132.000,148.800,other,0,-1,17,0
6426,131,117.937,119.898,128.277,100.953,99.674,97.994,156.000,95.542,109.000,128.829,other,0,-1,18,0
6427,144,98.341,97.767,103.875,101.612,100.323,98.399,131.000,96.458,74.000,110.171,other,0,-1,19,0
6428,99,85.193,87.641,96.464,102.966,101.692,98.949,144.000,99.375,58.000,85.143,other,0,-1,20,0
6429,74,69.354,70.104,73.380,103.900,102.626,99.412,99.000,101.083,46.000,75.143,other,0,-1,21,0
6430,72,60.051,60.794,61.832,104.646,103.365,99.835,74.000,102.250,31.000,65.229,other,0,-1,22,0
6431,66,56.333,60.040,58.242,105.580,104.300,100.297,72.000,103.958,36.000,63.543,other,0,-1,23,0
6432,84,56.219,60.413,55.368,106.355,105.069,100.726,66.000,105.208,57.000,61.694,other,0,-1,0,1
6433,69,64.024,69.036,58.956,106.920,105.675,101.120,84.000,106.333,73.000,62.000,other,0,-1,1,1
6434,68,61.904,65.551,55.386,107.036,105.817,101.420,69.000,106.167,53.000,62.222,other,0,-1,2,1
6435,46,65.101,67.285,56.882,107.427,106.244,101.778,68.000,106.792,68.000,61.389,other,0,-1,3,1
6436,74,58.247,59.761,55.638,107.282,106.116,102.024,46.000,105.875,56.000,63.583,other,0,-1,4,1
6437,56,70.733,72.439,67.120,107.717,106.588,102.391,74.000,106.625,80.000,65.139,other,0,-1,5,1
6438,64,65.862,68.212,69.560,107.543,106.430,102.631,56.000,105.625,62.000,66.417,other,0,-1,6,1
6439,60,74.059,77.261,80.127,107.746,106.662,102.949,64.000,105.708,74.000,77.639,other,0,-1,7,1
6440,102,86.503,88.783,88.431,107.717,106.654,103.219,60.000,105.125,92.000,91.833,other,0,-1,8,1
6441,115,107.879,113.959,114.447,108.036,107.006,103.561,102.000,105.542,86.000,109.944,other,0,-1,9,1
6442,126,128.206,134.145,131.244,108.630,107.642,103.962,115.000,106.750,108.000,131.361,other,0,-1,10,1
6443,136,147.100,151.085,146.223,109.065,108.114,104.328,126.000,107.500,149.000,148.500,other,0,-1,11,1
6444,150,161.805,162.629,158.260,109.051,108.121,104.601,136.000,106.958,144.000,174.389,other,0,-1,12,1
6445,138,171.854,170.316,168.855,109.311,108.413,104.932,150.000,107.208,185.000,191.778,other,0,-1,13,1
6446,194,170.093,166.533,160.680,108.804,107.910,105.102,138.000,105.250,165.000,190.222,other,0,-1,14,1
6447,151,180.100,181.706,186.265,109.398,108.547,105.502,194.000,106.458,138.000,183.056,other,0,-1,15,1
6448,197,159.122,156.282,151.968,109.761,108.944,105.854,151.000,107.000,193.000,168.806,other,0,-1,16,1
6449,177,153.912,159.894,164.412,109.993,109.206,106.178,197.000,107.167,156.000,158.750,other,0,-1,17,1
6450,132,130.961,135.389,140.155,110.471,109.722,106.554,177.000,108.042,131.000,131.639,other,0,-1,18,1
6451,120,109.264,107.074,108.769,110.659,109.939,106.869,132.000,108.083,144.000,103.944,other,0,-1,19,1
6452,89,92.357,90.858,95.838,110.485,109.781,107.109,120.000,107.083,99.000,92.389,other,0,-1,20,1
6453,67,79.337,75.458,78.187,110.515,109.833,107.391,89.000,106.667,74.000,77.389,other,0,-1,21,1
6454,85,69.327,65.365,64.907,110.587,109.930,107.682,67.000,106.375,72.000,64.944,other,0,-1,22,1
6455,55,64.911,68.105,63.005,110.949,110.327,108.034,85.000,106.917,66.000,62.889,other,0,-1,23,1
6456,78,59.359,59.994,51.024,110.964,110.364,108.313,55.000,106.458,84.000,59.639,other,0,-1,0,2
6457,75,63.460,68.897,57.916,110.754,110.206,108.346,78.000,106.208,69.000,64.167,other,0,-1,1,2
6458,44,65.786,69.407,56.133,110.717,110.228,108.415,75.000,106.458,68.000,56.194,other,0,-1,2,2
6459,60,59.788,59.618,50.757,110.246,109.801,108.394,44.000,105.458,46.000,60.528,other,0,-1,3,2
6460,57,65.994,65.756,55.978,110.326,109.943,108.487,60.000,106.042,74.000,62.444,other,0,-1,4,2
6461,60,67.828,65.841,59.318,109.956,109.620,108.487,57.000,105.333,56.000,62.833,other,0,-1,5,2
6462,75,73.190,69.228,65.856,109.891,109.613,108.550,60.000,105.500,64.000,70.472,other,0,-1,6,2
6463,75,83.728,78.088,77.632,109.927,109.710,108.634,75.000,105.958,60.000,78.639,other,0,-1,7,2
6464,108,97.024,88.015,87.650,110.021,109.867,108.731,75.000,106.583,102.000,89.639,other,0,-1,8,2
6465,113,116.639,106.944,110.508,109.985,109.889,108.800,108.000,106.833,115.000,104.833,other,0,-1,9,2
6466,177,134.729,126.046,125.213,109.832,109.791,108.845,113.000,106.750,126.000,127.694,other,0,-1,10,2
6467,123,166.692,152.974,165.583,110.448,110.488,109.050,177.000,108.875,136.000,145.361,other,0,-1,11,2
6468,132,162.103,159.686,149.874,110.136,110.225,109.062,123.000,108.333,150.000,159.222,other,0,-1,12,2
6469,161,167.673,166.381,158.114,109.752,109.888,109.059,132.000,107.583,138.000,182.222,other,0,-1,13,2
6470,191,171.403,173.246,170.836,109.962,110.165,109.179,161.000,108.542,194.000,185.000,other,0,-1,14,2
6471,212,172.762,180.181,179.579,109.795,110.052,109.221,191.000,108.417,151.000,172.750,other,0,-1,15,2
6472,188,169.893,183.323,180.397,110.556,110.898,109.457,212.000,110.958,197.000,158.694,other,0,-1,16,2
6473,142,148.805,160.490,155.257,110.302,110.696,109.481,188.000,110.583,177.000,148.139,other,0,-1,17,2
6474,153,129.012,129.799,121.583,109.672,110.103,109.426,142.000,109.125,132.000,124.722,other,0,-1,18,2
6475,108,110.472,119.469,115.568,109.853,110.350,109.540,153.000,110.000,120.000,108.833,other,0,-1,19,2
6476,119,94.940,92.998,88.886,109.556,110.103,109.555,108.000,109.500,89.000,89.361,other,0,-1,20,2
6477,88,78.989,86.610,84.220,109.867,110.484,109.697,119.000,110.750,67.000,75.500,other,0,-1,21,2
6478,68,68.748,70.853,66.882,110.048,110.732,109.812,88.000,111.625,85.000,67.139,other,0,-1,22,2
6479,68,61.524,61.925,55.231,109.678,110.409,109.811,68.000,110.917,55.000,62.722,other,0,-1,23,2
6480,67,58.043,61.045,50.491,109.743,110.536,109.902,68.000,111.458,78.000,61.389,other,0,-1,0,3
6481,70,57.245,63.657,59.530,109.256,110.085,109.620,67.000,111.000,75.000,64.194,other,0,-1,1,3
6482,59,60.014,66.124,58.786,108.856,109.723,109.356,70.000,110.792,44.000,65.056,other,0,-1,2,3
6483,52,59.602,63.027,56.855,108.746,109.662,109.153,59.000,111.417,60.000,61.583,other,0,-1,3,3
6484,59,60.501,61.403,57.245,108.302,109.255,108.880,52.000,111.083,57.000,61.250,other,0,-1,4,3
6485,64,65.097,64.688,62.221,108.003,108.999,108.637,59.000,111.167,60.000,63.500,other,0,-1,5,3
6486,74,71.022,68.279,68.893,107.734,108.772,108.401,64.000,111.333,75.000,67.778,other,0,-1,6,3
6487,71,80.799,75.511,79.170,107.391,108.471,108.149,74.000,111.292,75.000,79.889,other,0,-1,7,3
6488,106,94.565,84.577,88.092,107.006,108.125,107.888,71.000,111.125,108.000,92.417,other,0,-1,8,3
6489,98,112.681,104.839,111.320,106.649,107.808,107.634,106.000,111.042,113.000,115.000,other,0,-1,9,3
6490,104,130.849,125.110,121.375,106.104,107.297,107.340,98.000,110.417,177.000,126.583,other,0,-1,10,3
6491,148,147.161,146.172,135.822,104.719,105.916,106.870,104.000,107.375,123.000,145.861,other,0,-1,11,3
6492,172,163.361,164.185,162.346,104.754,106.004,106.697,148.000,108.417,132.000,168.111,other,0,-1,12,3
6493,179,174.029,176.594,177.353,105.005,106.318,106.569,172.000,110.083,161.000,177.472,other,0,-1,13,3
6494,169,175.310,178.738,180.163,104.938,106.301,106.375,179.000,110.833,191.000,176.694,other,0,-1,14,3
6495,124,167.140,169.478,170.001,104.292,105.685,106.060,169.000,109.917,212.000,173.972,other,0,-1,15,3
6496,172,151.834,147.178,140.338,102.689,104.079,105.545,124.000,106.250,188.000,162.111,other,0,-1,16,3
6497,131,140.268,150.737,150.063,102.130,103.553,105.248,172.000,105.583,142.000,150.028,other,0,-1,17,3
6498,154,121.478,123.385,120.674,101.643,103.102,104.966,131.000,105.125,153.000,132.389,other,0,-1,18,3
6499,121,100.968,119.721,119.024,101.330,102.830,104.721,154.000,105.167,108.000,108.528,other,0,-1,19,3
6500,77,84.427,95.228,96.365,101.190,102.739,104.511,121.000,105.708,119.000,100.083,other,0,-1,20,3
6501,78,73.606,71.945,74.703,100.254,101.823,104.136,77.000,103.958,88.000,85.306,other,0,-1,21,3
6502,72,59.708,64.464,68.499,99.782,101.386,103.857,78.000,103.542,68.000,74.778,other,0,-1,22,3
6503,58,51.278,58.244,61.765,99.512,101.160,103.620,72.000,103.708,68.000,70.444,other,0,-1,23,3
6504,67,46.681,51.709,54.753,99.039,100.723,103.341,58.000,103.292,67.000,60.917,other,0,-1,0,4
6505,48,47.448,58.656,52.694,98.754,100.434,102.980,67.000,103.292,70.000,56.972,other,0,-1,1,4
6506,54,45.342,52.761,48.186,98.150,99.815,102.552,48.000,102.375,59.000,51.583,other,0,-1,2,4
6507,61,49.116,56.163,49.628,97.792,99.451,102.176,54.000,102.167,52.000,54.556,other,0,-1,3,4
6508,75,53.774,59.710,52.977,97.637,99.296,101.842,61.000,102.542,59.000,57.139,other,0,-1,4,4
6509,63,61.153,66.165,60.096,97.584,99.247,101.529,75.000,103.208,64.000,54.694,other,0,-1,5,4
6510,59,60.226,62.807,63.077,97.284,98.942,101.165,63.000,103.167,74.000,65.167,other,0,-1,6,4
6511,81,67.280,66.542,69.836,96.781,98.428,100.759,59.000,102.542,71.000,74.667,other,0,-1,7,4
6512,69,80.815,82.234,87.151,96.641,98.288,100.428,81.000,102.958,106.000,86.667,other,0,-1,8,4
6513,110,98.293,95.746,94.909,95.820,97.444,99.955,69.000,101.417,98.000,109.861,other,0,-1,9,4
6514,133,117.000,125.324,124.662,95.708,97.335,99.630,110.000,101.917,104.000,125.222,other,0,-1,10,4
6515,147,137.060,149.985,147.347,95.843,97.480,99.357,133.000,103.125,148.000,147.361,other,0,-1,11,4
6516,166,153.615,164.426,162.956,95.543,97.176,98.992,147.000,103.083,172.000,161.111,other,0,-1,12,4
6517,141,166.830,174.007,176.406,95.171,96.797,98.613,166.000,102.833,179.000,174.694,other,0,-1,13,4
6518,160,164.731,159.753,163.024,94.335,95.938,98.137,141.000,101.250,169.000,178.167,other,0,-1,14,4
6519,144,163.462,160.533,165.926,93.919,95.513,97.749,160.000,100.875,124.000,172.583,other,0,-1,15,4
6520,178,149.042,145.388,148.447,93.924,95.524,97.448,144.000,101.708,172.000,165.472,other,0,-1,16,4
6521,204,134.136,146.460,151.726,93.725,95.324,97.105,178.000,101.958,131.000,138.861,other,0,-1,17,4
6522,111,118.740,148.610,150.030,94.498,96.129,96.965,204.000,105.000,154.000,121.333,other,0,-1,18,4
6523,83,90.814,95.931,96.929,93.589,95.195,96.474,111.000,103.208,121.000,101.944,other,0,-1,19,4
6524,64,75.863,76.511,78.212,92.754,94.336,95.998,83.000,101.625,77.000,84.222,other,0,-1,20,4
6525,75,62.276,61.425,65.790,92.280,93.852,95.597,64.000,101.083,78.000,70.889,other,0,-1,21,4
6526,57,47.686,55.825,62.427,91.951,93.518,95.227,75.000,100.958,72.000,63.889,other,0,-1,22,4
6527,54,40.405,46.595,53.797,91.449,93.003,94.820,57.000,100.333,58.000,57.111,other,0,-1,23,4
6528,39,35.921,43.997,49.688,91.105,92.654,94.447,54.000,100.167,67.000,38.722,other,0,-1,0,5
6529,35,34.271,41.352,30.582,90.672,92.160,94.161,39.000,99.000,48.000,42.139,other,0,-1,1,5
6530,30,35.240,41.595,30.342,90.455,91.890,93.920,35.000,98.458,54.000,43.389,other,0,-1,2,5
6531,38,36.439,41.262,30.960,90.079,91.456,93.645,30.000,97.458,61.000,43.528,other,0,-1,3,5
6532,27,41.035,45.263,35.410,89.718,91.037,93.374,38.000,96.500,75.000,42.111,other,0,-1,4,5
6533,42,41.408,42.959,37.311,88.995,90.243,93.027,27.000,94.500,63.000,43.028,other,0,-1,5,5
6534,41,48.494,50.418,46.970,88.662,89.854,92.762,42.000,93.625,59.000,55.167,other,0,-1,6,5
6535,59,55.597,55.483,54.332,88.373,89.510,92.506,41.000,92.875,81.000,63.917,other,0,-1,7,5
6536,71,68.133,69.777,69.784,88.027,89.105,92.238,59.000,91.958,69.000,81.722,other,0,-1,8,5
6537,85,84.211,86.276,85.264,88.028,89.061,92.042,71.000,92.042,110.000,98.167,other,0,-1,9,5
6538,100,102.701,105.384,102.654,87.637,88.612,91.765,85.000,91.000,133.000,102.556,other,0,-1,10,5
6539,131,121.033,123.644,120.445,87.131,88.043,91.463,100.000,89.625,147.000,122.722,other,0,-1,11,5
6540,149,139.428,145.879,146.387,86.871,87.728,91.213,131.000,88.958,166.000,141.028,other,0,-1,12,5
6541,132,152.559,157.264,161.673,86.597,87.399,90.960,149.000,88.250,141.000,161.333,other,0,-1,13,5
6542,168,152.575,148.173,150.593,86.438,87.190,90.731,132.000,87.875,160.000,179.778,other,0,-1,14,5
6543,147,154.955,158.769,167.233,86.526,87.235,90.554,168.000,88.208,144.000,180.472,other,0,-1,15,5
6544,169,138.291,140.775,143.824,86.542,87.206,90.361,147.000,88.333,178.000,165.833,other,0,-1,16,5
6545,115,122.550,136.309,140.789,86.383,86.996,90.132,169.000,87.958,204.000,148.556,other,0,-1,17,5
6546,104,100.799,105.376,98.045,85.066,85.588,89.661,115.000,84.250,111.000,114.861,other,0,-1,18,5
6547,78,82.407,87.547,80.195,84.936,85.408,89.439,104.000,83.958,83.000,90.528,other,0,-1,19,5
6548,74,67.578,68.960,62.309,84.836,85.259,89.222,78.000,83.750,64.000,74.972,other,0,-1,20,5
6549,57,52.432,56.698,54.631,84.952,85.335,89.050,74.000,84.167,75.000,60.444,other,0,-1,21,5
6550,55,42.248,46.108,46.621,84.664,84.990,88.794,57.000,83.417,57.000,52.389,other,0,-1,22,5
6551,48,35.056,42.372,43.146,84.606,84.886,88.586,55.000,83.333,54.000,44.139,other,0,-1,23,5
6552,23,31.976,40.238,39.811,84.491,84.722,88.367,48.000,83.083,39.000,32.472,other,0,-1,0,6
6553,27,29.767,33.498,29.395,84.510,84.678,88.428,23.000,82.417,35.000,34.500,other,0,-1,1,6
6554,21,32.319,37.029,31.528,84.644,84.755,88.513,27.000,82.083,30.000,33.361,other,0,-1,2,6
6555,29,33.295,36.857,32.746,84.764,84.817,88.596,21.000,81.708,38.000,35.222,other,0,-1,3,6
6556,41,38.035,41.437,37.921,84.884,84.878,88.678,29.000,81.333,27.000,34.028,other,0,-1,4,6
6557,32,44.460,48.001,45.822,85.337,85.285,88.830,41.000,81.917,42.000,36.611,other,0,-1,5,6
6558,36,44.663,47.249,49.317,85.443,85.331,88.910,32.000,81.500,41.000,38.694,other,0,-1,6,6
6559,38,51.833,54.246,57.265,85.620,85.453,89.004,36.000,81.292,59.000,47.194,other,0,-1,7,6
6560,50,63.666,63.993,65.150,85.566,85.335,89.050,38.000,80.417,71.000,59.167,other,0,-1,8,6
6561,64,80.071,78.795,77.062,85.513,85.217,89.096,50.000,79.542,85.000,78.778,other,0,-1,9,6
6562,90,98.631,94.237,90.148,85.459,85.098,89.142,64.000,78.667,100.000,101.278,other,0,-1,10,6
6563,103,117.486,113.825,109.421,85.564,85.145,89.222,90.000,78.250,131.000,121.778,other,0,-1,11,6
6564,148,133.124,126.834,121.285,85.409,84.922,89.247,103.000,77.083,149.000,140.833,other,0,-1,12,6
6565,161,150.865,153.379,152.499,85.644,85.103,89.353,148.000,77.042,132.000,148.472,other,0,-1,13,6
6566,156,156.765,159.442,160.980,86.315,85.735,89.551,161.000,78.250,168.000,156.639,other,0,-1,14,6
6567,121,150.330,152.488,153.278,86.391,85.751,89.624,156.000,77.750,147.000,153.306,other,0,-1,15,6
6568,141,136.145,133.084,123.473,86.265,85.558,89.655,121.000,76.667,169.000,133.083,other,0,-1,16,6
6569,118,120.914,125.998,123.952,86.110,85.335,89.680,141.000,75.500,115.000,123.667,other,0,-1,17,6
6570,110,102.990,105.186,98.142,86.403,85.577,89.799,118.000,75.625,104.000,102.583,other,0,-1,18,6
6571,91,84.860,87.399,80.986,86.741,85.863,89.927,110.000,75.875,78.000,79.889,other,0,-1,19,6
6572,61,69.256,70.335,63.928,87.179,86.255,90.076,91.000,76.417,74.000,59.111,other,0,-1,20,6
6573,44,57.587,55.703,50.319,87.241,86.256,90.146,61.000,75.875,57.000,47.306,other,0,-1,21,6
6574,31,47.506,46.329,43.731,87.303,86.258,90.216,44.000,75.333,55.000,35.306,other,0,-1,22,6
6575,41,40.435,40.706,39.705,87.206,86.095,90.253,31.000,74.333,48.000,32.556,other,0,-1,23,6
6576,47,38.023,43.115,40.490,87.355,86.186,90.342,41.000,74.042,23.000,61.343,other,0,-1,0,0
6577,64,41.110,46.956,45.678,88.042,86.866,90.753,47.000,75.042,27.000,59.743,other,0,-1,1,0
6578,79,52.117,59.502,50.625,88.919,87.740,91.203,64.000,76.583,21.000,61.829,other,0,-1,2,0
6579,70,65.888,71.965,57.467,90.099,88.929,91.717,79.000,79.000,29.000,63.543,other,0,-1,3,0
6580,63,62.508,68.767,59.774,91.033,89.863,92.179,70.000,80.708,41.000,60.000,other,0,-1,4,0
6581,64,58.771,66.340,63.722,91.692,90.513,92.584,63.000,81.625,32.000,77.171,other,0,-1,5,0
6582,64,59.538,69.393,71.132,92.496,91.312,93.020,64.000,82.958,36.000,77.686,other,0,-1,6,0
6583,56,62.663,74.949,79.165,93.242,92.051,93.443,64.000,84.125,38.000,91.543,other,0,-1,7,0
6584,88,71.205,82.486,84.638,93.842,92.640,93.836,56.000,84.875,50.000,101.114,other,0,-1,8,0
6585,82,91.196,108.528,106.008,94.733,93.530,94.289,88.000,86.458,64.000,122.829,other,0,-1,9,0
6586,135,108.918,119.884,111.142,95.334,94.119,94.682,82.000,87.208,90.000,137.200,other,0,-1,10,0
6587,134,137.621,151.421,145.144,96.326,95.113,95.156,135.000,89.083,103.000,150.314,other,0,-1,11,0
6588,148,150.584,155.526,149.348,97.115,95.897,95.588,134.000,90.375,148.000,163.229,other,0,-1,12,0
6589,195,162.944,163.686,159.660,97.456,96.217,95.927,148.000,90.375,161.000,172.800,other,0,-1,13,0
6590,144,183.143,186.038,188.825,98.288,97.046,96.368,195.000,91.792,156.000,172.257,other,0,-1,14,0
6591,131,161.432,156.241,151.656,98.455,97.186,96.670,144.000,91.292,121.000,183.343,other,0,-1,15,0
6592,181,150.733,143.854,136.882,98.940,97.655,97.039,131.000,91.708,141.000,162.143,other,0,-1,16,0
6593,143,140.783,145.596,155.693,99.859,98.575,97.498,181.000,93.375,118.000,148.800,other,0,-1,17,0
6594,125,117.186,117.094,121.895,100.562,99.269,97.912,143.000,94.417,110.000,128.829,other,0,-1,18,0
6595,142,98.630,97.096,101.804,101.119,99.813,98.296,125.000,95.042,91.000,110.171,other,0,-1,19,0
6596,86,84.802,87.518,96.444,102.198,100.897,98.789,142.000,97.167,61.000,85.143,other,0,-1,20,0
6597,74,69.627,68.058,70.783,102.901,101.592,99.203,86.000,98.208,44.000,75.143,other,0,-1,21,0
6598,76,60.371,61.083,62.614,103.675,102.361,99.632,74.000,99.458,31.000,65.229,other,0,-1,22,0
6599,64,57.341,61.648,60.011,104.667,103.355,100.107,76.000,101.333,41.000,63.543,other,0,-1,23,0
6600,73,55.750,59.978,55.767,105.341,104.019,100.514,64.000,102.292,47.000,61.694,other,0,-1,0,1
6601,73,59.100,64.395,57.488,105.891,104.611,100.905,73.000,103.375,64.000,62.000,other,0,-1,1,1
6602,57,63.595,67.603,57.194,106.196,104.948,101.245,73.000,103.750,79.000,62.222,other,0,-1,2,1
6603,52,59.960,62.748,55.301,106.051,104.820,101.491,57.000,102.833,70.000,61.389,other,0,-1,3,1
6604,64,60.086,62.146,57.465,105.964,104.752,101.749,52.000,102.083,63.000,63.583,other,0,-1,4,1
6605,55,65.860,68.327,65.190,106.153,104.969,102.064,64.000,102.125,64.000,65.139,other,0,-1,5,1
6606,50,65.445,68.012,69.719,106.196,105.036,102.349,55.000,101.750,64.000,66.417,other,0,-1,6,1
6607,94,72.378,73.839,76.402,106.167,105.028,102.619,50.000,101.167,56.000,77.639,other,0,-1,7,1
6608,79,90.931,96.967,100.275,106.892,105.800,103.046,94.000,102.750,88.000,91.833,other,0,-1,8,1
6609,92,104.652,109.903,105.453,106.935,105.867,103.332,79.000,102.375,82.000,109.944,other,0,-1,9,1
6610,104,124.711,130.751,120.964,107.254,106.218,103.674,92.000,102.792,135.000,131.361,other,0,-1,10,1
6611,138,143.237,147.598,135.355,106.979,105.955,103.893,104.000,101.500,134.000,148.500,other,0,-1,11,1
6612,156,161.805,162.981,159.067,107.211,106.217,104.217,138.000,101.667,148.000,174.389,other,0,-1,12,1
6613,183,173.000,172.037,171.911,107.501,106.539,104.554,156.000,102.000,195.000,191.778,other,0,-1,13,1
6614,164,181.879,181.630,185.823,107.501,106.561,104.830,183.000,101.500,144.000,190.222,other,0,-1,14,1
6615,214,170.460,169.172,168.802,107.964,107.063,105.203,164.000,102.333,131.000,183.056,other,0,-1,15,1
6616,175,177.556,181.920,187.448,109.341,108.509,105.766,214.000,105.792,181.000,168.806,other,0,-1,16,1
6617,175,148.357,149.803,152.313,109.428,108.621,106.060,175.000,105.542,143.000,158.750,other,0,-1,17,1
6618,120,130.813,133.515,138.945,110.065,109.303,106.469,175.000,106.875,125.000,131.639,other,0,-1,18,1
6619,110,109.898,103.608,103.960,110.167,109.430,106.766,120.000,106.667,142.000,103.944,other,0,-1,19,1
6620,86,92.759,87.515,92.377,109.877,109.152,106.982,110.000,105.333,86.000,92.389,other,0,-1,20,1
6621,80,79.346,73.305,77.378,110.051,109.354,107.294,86.000,105.333,74.000,77.389,other,0,-1,21,1
6622,72,68.714,66.184,68.533,110.312,109.645,107.625,80.000,105.583,76.000,64.944,other,0,-1,22,1
6623,57,62.769,62.566,59.907,110.428,109.787,107.925,72.000,105.417,64.000,62.889,other,0,-1,23,1
6624,45,59.287,58.995,51.681,110.500,109.884,108.216,57.000,105.125,73.000,59.639,other,0,-1,0,2
6625,62,57.258,56.726,51.648,109.971,109.397,108.183,45.000,103.958,73.000,64.167,other,0,-1,1,2
6626,64,61.634,63.298,53.619,109.689,109.164,108.200,62.000,103.500,57.000,56.194,other,0,-1,2,2
6627,60,64.988,65.348,54.540,109.667,109.201,108.273,64.000,103.792,52.000,60.528,other,0,-1,3,2
6628,62,66.133,64.869,56.007,109.660,109.253,108.348,60.000,104.125,64.000,62.444,other,0,-1,4,2
6629,53,69.288,66.670,60.383,109.507,109.156,108.393,62.000,104.042,55.000,62.833,other,0,-1,5,2
6630,56,72.563,66.937,64.210,109.355,109.058,108.438,53.000,103.958,50.000,70.472,other,0,-1,6,2
6631,35,82.549,73.986,72.543,109.319,109.080,108.507,56.000,104.208,94.000,78.639,inside,-1,0,7,2
6632,37,99.341,85.378,76.060,108.341,108.128,108.380,35.000,101.750,79.000,89.639,inside,-1,1,8,2
6633,95,117.867,106.533,86.689,107.609,107.430,108.304,37.000,100.000,92.000,104.833,after,-1,2,9,2
6634,137,133.919,126.088,118.074,107.529,107.408,108.364,95.000,100.125,104.000,127.694,after,-1,3,10,2
6635,147,153.559,146.633,147.402,107.884,107.834,108.515,137.000,101.500,138.000,145.361,after,-1,4,11,2
6636,182,165.660,162.141,161.201,107.891,107.902,108.593,147.000,101.875,156.000,159.222,after,-1,5,12,2
6637,168,178.598,177.984,182.806,108.144,108.224,108.723,182.000,102.958,183.000,182.222,after,-1,6,13,2
6638,228,172.807,175.398,174.723,107.804,107.931,108.728,168.000,102.333,164.000,185.000,after,-1,7,14,2
6639,144,189.112,198.976,199.742,108.608,108.823,108.973,228.000,105.000,214.000,172.750,after,-1,8,15,2
6640,152,156.512,155.499,146.020,107.470,107.705,108.812,144.000,102.083,175.000,158.694,after,-1,9,16,2
6641,122,144.988,145.589,137.528,107.014,107.293,108.794,152.000,101.125,175.000,148.139,after,-1,10,17,2
6642,145,130.565,123.505,113.060,106.123,106.430,108.685,122.000,98.917,120.000,124.722,after,-1,11,18,2
6643,96,110.366,114.960,112.321,106.362,106.737,108.811,145.000,99.958,110.000,108.833,after,-1,12,19,2
6644,97,97.088,88.841,85.561,106.035,106.460,108.820,96.000,99.375,86.000,89.361,after,-1,13,20,2
6645,72,80.276,78.280,78.311,106.071,106.557,108.904,97.000,99.833,80.000,75.500,after,-1,14,21,2
6646,52,69.964,65.459,64.246,105.832,106.369,108.931,72.000,99.500,72.000,67.139,after,-1,15,22,2
6647,56,62.284,57.018,53.707,105.419,106.002,108.922,52.000,98.667,57.000,62.722,after,-1,16,23,2
6648,59,56.823,56.508,50.095,105.281,105.919,108.970,56.000,98.625,45.000,61.389,after,-1,17,0,3
6649,61,55.487,60.159,60.473,105.157,105.842,108.764,59.000,99.208,62.000,64.194,after,-1,18,1,3
6650,83,57.047,62.086,59.429,104.814,105.541,108.512,61.000,99.167,64.000,65.056,after,-1,19,2,3
6651,61,66.906,72.451,63.781,104.762,105.539,108.321,83.000,99.958,60.000,61.583,after,-1,20,3,3
6652,59,61.822,63.975,60.844,104.449,105.268,108.075,61.000,100.000,62.000,61.250,after,-1,21,4,3
6653,84,64.441,64.163,63.546,104.078,104.936,107.817,59.000,99.875,53.000,63.500,after,-1,22,5,3
6654,45,74.855,74.394,74.707,104.199,105.115,107.663,84.000,101.167,56.000,67.778,after,-1,23,6,3
6655,64,80.268,69.855,72.002,103.712,104.663,107.381,45.000,100.708,35.000,79.889,after,-1,24,7,3
6656,101,94.429,83.622,86.042,103.804,104.812,107.220,64.000,101.917,37.000,92.417,after,-1,25,8,3
6657,135,111.342,104.171,109.220,104.404,105.485,107.165,101.000,104.583,95.000,115.000,other,0,-1,9,3
6658,103,131.799,128.833,134.384,104.656,105.798,107.037,135.000,106.250,137.000,126.583,other,0,-1,10,3
6659,170,146.588,146.601,134.073,103.835,105.002,106.686,103.000,104.833,147.000,145.861,other,0,-1,11,3
6660,158,165.633,170.007,169.890,103.841,105.060,106.506,170.000,105.792,182.000,168.111,other,0,-1,12,3
6661,199,169.099,172.199,169.442,103.166,104.414,106.185,158.000,104.792,168.000,177.472,other,0,-1,13,3
6662,181,179.167,187.663,187.564,103.287,104.592,106.030,199.000,106.083,228.000,176.694,other,0,-1,14,3
6663,190,167.842,174.314,173.780,102.278,103.601,105.640,181.000,104.125,144.000,173.972,other,0,-1,15,3
6664,199,159.015,170.034,169.762,102.617,104.004,105.530,190.000,106.042,152.000,162.111,other,0,-1,16,3
6665,163,145.074,164.609,163.245,102.970,104.422,105.424,199.000,108.000,122.000,150.028,other,0,-1,17,3
6666,144,121.848,134.447,134.342,103.236,104.751,105.299,163.000,109.708,145.000,132.389,other,0,-1,18,3
6667,127,102.217,114.241,114.579,102.894,104.449,105.047,144.000,109.667,96.000,108.528,other,0,-1,19,3
6668,83,84.624,96.720,97.569,103.016,104.627,104.892,127.000,110.958,97.000,100.083,other,0,-1,20,3
6669,95,73.031,72.446,75.143,102.485,104.131,104.601,83.000,110.375,72.000,85.306,other,0,-1,21,3
6670,73,59.112,69.412,71.395,102.491,104.190,104.422,95.000,111.333,52.000,74.778,other,0,-1,22,3
6671,68,51.844,57.630,60.439,102.467,104.218,104.237,73.000,112.208,56.000,70.444,other,0,-1,23,3
6672,56,47.713,54.022,55.250,102.313,104.111,104.025,68.000,112.708,59.000,60.917,other,0,-1,0,4
6673,80,45.775,53.447,49.239,101.985,103.777,103.655,56.000,112.583,61.000,56.972,other,0,-1,1,4
6674,57,55.623,65.320,52.954,101.974,103.772,103.351,80.000,113.375,83.000,51.583,other,0,-1,2,4
6675,48,50.447,56.610,49.059,101.313,103.093,102.911,57.000,112.292,61.000,54.556,other,0,-1,3,4
6676,60,50.499,54.109,49.359,100.839,102.609,102.511,48.000,111.750,59.000,57.139,other,0,-1,4,4
6677,81,56.287,59.542,55.755,100.568,102.335,102.153,60.000,111.792,84.000,54.694,other,0,-1,5,4
6678,70,65.839,69.561,67.344,100.239,102.000,101.782,81.000,111.667,45.000,65.167,other,0,-1,6,4
6679,69,69.017,69.684,73.003,100.316,102.086,101.497,70.000,112.708,64.000,74.667,other,0,-1,7,4
6680,88,81.434,79.322,83.367,100.103,101.871,101.151,69.000,112.917,101.000,86.667,other,0,-1,8,4
6681,109,98.561,99.977,102.951,99.630,101.387,100.750,88.000,112.375,135.000,109.861,other,0,-1,9,4
6682,96,118.112,125.500,125.530,98.968,100.708,100.311,109.000,111.292,103.000,125.222,other,0,-1,10,4
6683,160,135.538,139.949,132.414,98.581,100.314,99.928,96.000,111.000,170.000,147.361,other,0,-1,11,4
6684,133,158.095,170.470,171.538,98.151,99.874,99.537,160.000,110.583,158.000,161.111,other,0,-1,12,4
6685,173,161.460,160.402,162.803,97.503,99.210,99.100,133.000,109.542,199.000,174.694,other,0,-1,13,4
6686,226,172.444,173.445,180.640,96.841,98.531,98.660,173.000,108.458,181.000,178.167,other,0,-1,14,4
6687,139,189.168,198.701,202.525,97.208,98.916,98.435,226.000,110.333,190.000,172.583,other,0,-1,15,4
6688,159,149.017,143.829,147.447,96.184,97.862,97.920,139.000,108.208,199.000,165.472,other,0,-1,16,4
6689,125,132.086,138.351,143.144,95.319,96.973,97.438,159.000,106.542,163.000,138.861,other,0,-1,17,4
6690,141,110.252,113.674,114.519,94.483,96.114,96.962,125.000,104.958,144.000,121.333,other,0,-1,18,4
6691,115,88.926,104.483,108.163,94.154,95.780,96.592,141.000,104.833,127.000,101.944,other,0,-1,19,4
6692,81,71.744,83.728,88.193,93.695,95.311,96.194,115.000,104.333,83.000,84.222,other,0,-1,20,4
6693,58,59.310,64.087,70.516,93.381,94.991,95.827,81.000,104.250,95.000,70.889,other,0,-1,21,4
6694,42,48.945,50.766,59.408,92.560,94.147,95.354,58.000,102.708,73.000,63.889,other,0,-1,22,4
6695,79,40.928,42.072,51.924,91.825,93.393,94.899,42.000,101.417,68.000,57.111,other,0,-1,23,4
6696,38,38.625,52.411,55.691,91.699,93.269,94.571,79.000,101.875,56.000,38.722,other,0,-1,0,5
6697,48,33.532,40.109,32.361,91.410,92.924,94.315,38.000,101.125,80.000,42.139,other,0,-1,1,5
6698,39,38.263,45.751,34.505,90.919,92.370,94.017,48.000,99.792,57.000,43.389,other,0,-1,2,5
6699,36,38.433,43.815,34.421,90.630,92.026,93.760,39.000,99.042,48.000,43.528,other,0,-1,3,5
6700,41,40.161,43.887,36.577,90.428,91.772,93.522,36.000,98.542,60.000,42.111,other,0,-1,4,5
6701,54,44.304,47.075,41.891,90.125,91.412,93.263,41.000,97.750,81.000,43.028,other,0,-1,5,5
6702,57,51.344,54.307,51.367,89.705,90.933,92.980,54.000,96.625,70.000,55.167,other,0,-1,6,5
6703,56,57.337,60.109,60.224,89.489,90.664,92.739,57.000,96.083,69.000,63.917,other,0,-1,7,5
6704,52,67.976,68.628,69.047,89.272,90.395,92.498,56.000,95.542,88.000,81.722,other,0,-1,8,5
6705,68,84.848,80.263,77.165,88.723,89.780,92.187,52.000,94.042,109.000,98.167,other,0,-1,9,5
6706,134,103.002,98.965,94.164,88.101,89.091,91.862,68.000,92.333,96.000,102.556,other,0,-1,10,5
6707,149,126.323,141.381,140.450,88.623,89.587,91.775,134.000,93.917,160.000,122.722,other,0,-1,11,5
6708,167,144.005,156.219,157.594,88.436,89.347,91.540,149.000,93.458,133.000,141.028,other,0,-1,12,5
6709,179,158.426,167.923,173.310,88.900,89.783,91.441,167.000,94.875,173.000,161.333,other,0,-1,13,5
6710,145,164.533,171.602,180.437,88.959,89.798,91.258,179.000,95.125,226.000,179.778,other,0,-1,14,5
6711,172,151.892,148.640,152.657,87.757,88.509,90.811,145.000,91.750,139.000,180.472,other,0,-1,15,5
6712,164,143.252,150.735,158.344,88.207,88.930,90.709,172.000,93.125,159.000,165.833,other,0,-1,16,5
6713,101,122.921,134.010,138.263,88.252,88.930,90.523,164.000,93.333,125.000,148.556,other,0,-1,17,5
6714,122,103.607,102.255,92.854,87.876,88.496,90.248,101.000,92.333,141.000,114.861,other,0,-1,18,5
6715,72,82.213,90.521,87.185,87.573,88.137,89.989,122.000,91.542,115.000,90.528,other,0,-1,19,5
6716,84,70.332,67.542,61.683,86.922,87.418,89.657,72.000,89.750,81.000,74.972,other,0,-1,20,5
6717,55,52.741,58.053,58.036,86.937,87.388,89.465,84.000,89.875,58.000,60.444,other,0,-1,21,5
6718,57,43.669,45.288,47.573,86.865,87.269,89.254,55.000,89.750,42.000,52.389,other,0,-1,22,5
6719,43,36.021,42.636,44.952,87.055,87.419,89.098,57.000,90.375,79.000,44.139,other,0,-1,23,5
6720,31,32.331,38.382,40.455,86.505,86.805,88.787,43.000,88.875,38.000,32.472,other,0,-1,0,6
6721,29,31.734,35.632,31.762,86.654,86.897,88.876,31.000,88.583,48.000,34.500,other,0,-1,1,6
6722,34,33.394,37.414,32.796,86.629,86.809,88.928,29.000,87.792,39.000,33.361,other,0,-1,2,6
6723,26,37.648,41.522,36.228,86.807,86.930,89.022,34.000,87.583,36.000,35.222,other,0,-1,3,6
6724,22,37.660,39.992,37.980,86.912,86.977,89.102,26.000,87.167,41.000,34.028,other,0,-1,4,6
6725,35,39.340,40.373,41.506,86.887,86.889,89.154,22.000,86.375,54.000,36.611,other,0,-1,5,6
6726,47,46.027,47.905,50.583,86.862,86.800,89.206,35.000,85.583,57.000,38.694,other,0,-1,6,6
6727,53,54.291,57.557,61.218,86.968,86.847,89.285,47.000,85.167,56.000,47.194,other,0,-1,7,6
6728,63,65.231,68.299,70.982,87.174,86.999,89.386,53.000,85.042,52.000,59.167,other,0,-1,8,6
6729,69,81.326,83.046,82.808,87.584,87.360,89.529,63.000,85.500,68.000,78.778,other,0,-1,9,6
6730,110,100.287,96.110,92.694,87.849,87.572,89.642,69.000,85.542,134.000,101.278,other,0,-1,10,6
6731,112,120.865,123.814,120.948,87.751,87.409,89.679,110.000,84.542,149.000,121.778,other,0,-1,11,6
6732,146,135.489,131.014,126.808,87.466,87.051,89.676,112.000,83.000,167.000,140.833,other,0,-1,12,6
6733,131,151.017,152.283,151.207,87.412,86.932,89.722,146.000,82.125,179.000,148.472,other,0,-1,13,6
6734,175,150.431,146.238,140.503,86.967,86.409,89.687,131.000,80.125,145.000,156.639,other,0,-1,14,6
6735,142,155.269,161.821,166.625,87.652,87.056,89.887,175.000,81.375,172.000,153.306,other,0,-1,15,6
6736,156,137.153,139.368,136.265,87.467,86.802,89.906,142.000,80.125,164.000,133.083,other,0,-1,16,6
6737,114,121.966,130.798,132.808,87.602,86.879,89.992,156.000,79.792,101.000,123.667,other,0,-1,17,6
6738,120,103.077,105.062,96.346,88.040,87.271,90.141,114.000,80.333,122.000,102.583,other,0,-1,18,6
6739,93,84.318,89.422,84.673,88.262,87.437,90.244,120.000,80.250,72.000,79.889,other,0,-1,19,6
6740,51,69.214,71.075,64.330,88.816,87.949,90.417,93.000,81.125,84.000,59.111,other,0,-1,20,6
6741,45,59.052,55.203,48.079,88.588,87.650,90.427,51.000,79.750,55.000,47.306,other,0,-1,21,6
6742,28,47.800,46.750,43.553,88.694,87.697,90.507,45.000,79.333,57.000,35.306,other,0,-1,22,6
6743,43,41.030,40.317,38.779,88.524,87.459,90.529,28.000,78.125,43.000,32.556,other,0,-1,23,6
6744,67,38.886,43.563,40.345,88.774,87.656,90.638,43.000,78.125,31.000,61.343,other,0,-1,0,0
6745,65,48.907,55.384,49.452,89.636,88.515,91.086,67.000,79.625,29.000,59.743,other,0,-1,1,0
6746,67,53.125,59.702,50.524,90.498,89.374,91.533,65.000,81.125,34.000,61.829,other,0,-1,2,0
6747,77,58.559,64.396,53.988,91.316,90.188,91.971,67.000,82.500,26.000,63.543,other,0,-1,3,0
6748,63,67.516,72.565,61.348,92.395,91.272,92.464,77.000,84.625,22.000,60.000,other,0,-1,4,0
6749,76,59.212,66.117,63.496,93.329,92.206,92.926,63.000,86.333,35.000,77.171,other,0,-1,5,0
6750,73,66.286,75.737,74.921,94.263,93.141,93.389,76.000,88.042,47.000,77.686,other,0,-1,6,0
6751,87,66.306,79.237,82.308,94.980,93.850,93.806,73.000,89.125,53.000,91.543,other,0,-1,7,0
6752,109,78.459,95.450,96.736,95.813,94.679,94.247,87.000,90.542,63.000,101.114,other,0,-1,8,0
6753,95,98.450,118.751,115.841,96.819,95.688,94.724,109.000,92.458,69.000,122.829,other,0,-1,9,0
6754,129,110.640,125.184,117.394,97.536,96.398,95.142,95.000,93.542,110.000,137.200,other,0,-1,10,0
6755,158,135.813,148.956,141.874,98.151,97.002,95.537,129.000,94.333,112.000,150.314,other,0,-1,11,0
6756,149,159.531,167.965,163.831,99.158,98.011,96.015,158.000,96.250,146.000,163.229,other,0,-1,12,0
6757,154,163.549,164.603,160.360,99.542,98.376,96.362,149.000,96.375,131.000,172.800,other,0,-1,13,0
6758,201,167.352,165.385,162.307,100.215,99.040,96.770,154.000,97.333,175.000,172.257,other,0,-1,14,0
6759,192,178.806,182.619,188.376,100.932,99.749,97.188,201.000,98.417,142.000,183.343,other,0,-1,15,0
6760,190,161.705,165.826,174.212,101.996,100.818,97.677,192.000,100.500,156.000,162.143,other,0,-1,16,0
6761,121,144.329,149.080,161.343,102.829,101.648,98.118,190.000,101.917,114.000,148.800,other,0,-1,17,0
6762,107,117.712,113.306,111.705,103.271,102.072,98.478,121.000,102.208,120.000,128.829,other,0,-1,18,0
6763,111,99.849,94.681,95.468,103.423,102.197,98.777,107.000,101.667,93.000,110.171,other,0,-1,19,0
6764,113,82.608,80.402,86.880,104.023,102.786,99.170,111.000,102.417,51.000,85.143,other,0,-1,20,0
6765,81,71.303,72.258,79.068,105.262,104.035,99.696,113.000,105.000,45.000,75.143,other,0,-1,21,0
6766,44,61.150,61.225,65.421,106.123,104.894,100.143,81.000,106.500,28.000,65.229,other,0,-1,22,0
6767,77,54.113,51.368,54.255,106.695,105.454,100.530,44.000,107.167,43.000,63.543,other,0,-1,23,0
6768,52,60.761,62.615,59.534,107.528,106.283,100.971,77.000,108.583,67.000,61.694,other,0,-1,0,1
6769,63,53.370,54.250,53.717,107.485,106.260,101.238,52.000,107.958,65.000,62.000,other,0,-1,1,1
6770,18,59.886,60.943,55.572,107.630,106.432,101.545,63.000,107.875,67.000,62.222,inside,-1,0,2,1
6771,18,50.746,47.951,48.463,107.094,105.899,101.709,18.000,105.833,77.000,61.389,inside,-1,1,3,1
6772,28,53.005,49.789,51.098,106.413,105.217,101.842,18.000,103.375,63.000,63.583,inside,-1,2,4,1
6773,71,57.408,54.985,57.278,106.080,104.894,102.049,28.000,101.917,76.000,65.139,after,-1,3,5,1
6774,62,70.434,72.182,73.691,106.182,105.021,102.346,71.000,101.708,73.000,66.417,after,-1,4,6,1
6775,76,74.057,75.836,79.548,106.196,105.058,102.625,62.000,101.250,87.000,77.639,after,-1,5,7,1
6776,95,87.805,91.329,93.514,106.211,105.095,102.904,76.000,100.792,109.000,91.833,after,-1,6,8,1
6777,92,106.595,111.931,111.225,106.182,105.087,103.174,95.000,100.208,95.000,109.944,after,-1,7,9,1
6778,114,125.277,130.301,120.616,106.312,105.244,103.477,92.000,100.083,129.000,131.361,after,-1,8,10,1
6779,130,145.038,148.638,139.932,106.269,105.221,103.744,114.000,99.458,158.000,148.500,after,-1,9,11,1
6780,175,160.595,160.981,154.794,106.037,105.003,103.972,130.000,98.292,149.000,174.389,after,-1,10,12,1
6781,201,179.861,178.487,182.697,106.588,105.595,104.363,175.000,99.375,154.000,191.778,after,-1,11,13,1
6782,170,190.207,189.603,196.508,107.443,106.501,104.818,201.000,101.333,201.000,190.222,after,-1,12,14,1
6783,163,172.198,170.689,172.037,107.168,106.238,105.036,170.000,100.042,192.000,183.056,after,-1,13,15,1
6784,192,160.863,158.805,157.952,106.921,106.006,105.261,163.000,98.833,190.000,168.806,after,-1,14,16,1
6785,125,151.668,156.168,161.089,107.124,106.237,105.579,192.000,98.917,121.000,158.750,after,-1,15,17,1
6786,133,128.992,120.628,115.939,107.356,106.499,105.904,125.000,99.083,107.000,131.639,after,-1,16,18,1
6787,105,109.774,105.474,108.977,107.907,107.091,106.295,133.000,100.167,111.000,103.944,after,-1,17,19,1
6788,88,93.700,86.638,90.716,107.994,107.203,106.589,105.000,99.917,113.000,92.389,after,-1,18,20,1
6789,84,79.791,73.503,78.262,107.806,107.030,106.825,88.000,98.875,81.000,77.389,after,-1,19,21,1
6790,66,69.202,67.061,69.996,108.023,107.277,107.147,84.000,99.000,44.000,64.944,after,-1,20,22,1
6791,54,62.643,61.080,59.653,108.516,107.809,107.526,66.000,99.917,77.000,62.889,after,-1,21,23,1
6792,64,59.216,58.252,51.931,108.356,107.666,107.768,54.000,98.958,52.000,59.639,after,-1,22,0,2
6793,62,60.063,62.704,56.807,108.407,107.778,107.856,64.000,99.458,63.000,64.167,after,-1,23,1,2
6794,60,61.693,63.480,55.227,108.269,107.695,107.904,62.000,99.417,18.000,56.194,after,-1,24,2,2
6795,66,63.723,64.071,55.374,108.754,108.257,108.082,60.000,101.167,18.000,60.528,after,-1,25,3,2
6796,64,68.100,67.224,58.711,109.326,108.909,108.278,66.000,103.167,28.000,62.444,after,-1,26,4,2
6797,43,69.919,67.496,62.213,109.725,109.380,108.438,64.000,104.667,71.000,62.833,other,0,-1,5,2
6798,60,71.867,64.936,63.051,109.196,108.893,108.405,43.000,103.500,62.000,70.472,other,0,-1,6,2
6799,98,82.521,74.687,74.304,109.043,108.795,108.450,60.000,103.417,76.000,78.639,other,0,-1,7,2
6800,89,99.467,91.670,95.145,109.239,109.057,108.567,98.000,104.333,95.000,89.639,other,0,-1,8,2
6801,111,114.836,105.187,103.768,109.029,108.899,108.600,89.000,104.083,92.000,104.833,other,0,-1,9,2
6802,773,134.030,126.093,124.256,109.181,109.116,108.709,111.000,104.875,114.000,127.694,inside,1,0,10,2
6803,1014,412.188,365.038,403.097,118.604,118.928,110.753,773.000,132.333,130.000,145.361,inside,1,1,11,2
6804,1126,420.085,383.510,441.817,131.286,132.112,113.479,1014.000,169.167,175.000,159.222,inside,1,2,12,2
6805,1291,422.702,389.801,453.163,144.939,146.300,116.407,1126.000,208.792,201.000,182.222,inside,1,3,13,2
6806,1023,423.930,395.287,463.547,160.606,162.573,119.755,1291.000,254.208,170.000,185.000,inside,1,4,14,2
6807,1238,421.649,386.321,447.128,172.839,175.292,122.387,1023.000,289.750,163.000,172.750,inside,1,5,15,2
6808,204,421.355,392.286,460.968,188.288,191.340,125.690,1238.000,334.542,192.000,158.694,after,1,6,16,2
6809,175,167.496,157.344,172.029,188.339,191.452,125.777,204.000,335.042,125.000,148.139,after,1,7,17,2
6810,141,160.230,118.039,145.878,188.940,192.133,125.980,175.000,337.125,133.000,124.722,after,1,8,18,2
6811,115,150.775,86.180,125.816,188.933,192.186,126.055,141.000,337.458,105.000,108.833,after,1,9,19,2
6812,89,136.513,66.289,115.142,188.954,192.268,126.136,115.000,337.875,88.000,89.361,after,1,10,20,2
6813,79,122.079,53.139,108.356,188.845,192.215,126.190,89.000,337.917,84.000,75.500,after,1,11,21,2
6814,61,106.859,45.586,105.239,188.650,192.072,126.226,79.000,337.708,66.000,67.139,after,1,12,22,2
6815,58,97.162,40.316,101.779,188.454,191.929,126.262,61.000,337.500,54.000,62.722,after,1,13,23,2
6816,47,90.565,38.052,100.032,188.389,191.922,126.325,58.000,337.667,64.000,61.389,after,1,14,0,3
6817,60,87.732,41.002,108.406,187.815,191.380,126.025,47.000,336.958,62.000,64.194,after,1,15,1,3
6818,59,87.798,44.578,108.380,187.458,191.064,125.771,60.000,336.875,60.000,65.056,after,1,16,2,3
6819,40,89.400,47.474,107.288,187.116,190.762,125.519,59.000,336.833,66.000,61.583,after,1,17,3,3
6820,58,92.203,47.740,104.447,186.411,190.086,125.192,40.000,335.750,64.000,61.250,after,1,18,4,3
6821,48,97.837,56.809,105.201,185.997,189.710,124.925,58.000,335.500,43.000,63.500,after,1,19,5,3
6822,75,106.642,62.045,102.844,185.742,189.498,124.691,48.000,335.708,60.000,67.778,after,1,20,6,3
6823,82,116.162,78.780,107.196,185.631,189.437,124.488,75.000,336.333,98.000,79.889,after,1,21,7,3
6824,86,129.919,95.771,112.039,185.072,188.911,124.191,82.000,335.667,89.000,92.417,after,1,22,8,3
6825,98,147.262,119.171,120.889,184.701,188.579,123.933,86.000,335.542,111.000,115.000,after,1,23,9,3
6826,137,164.099,149.303,136.984,184.185,188.098,123.645,98.000,335.000,773.000,126.583,after,1,24,10,3
6827,145,173.491,179.199,168.551,174.644,178.277,121.473,137.000,308.500,1014.000,145.861,after,1,25,11,3
6828,161,188.784,187.216,184.892,161.728,164.964,118.595,145.000,272.292,1126.000,168.111,after,1,26,12,3
6829,138,198.319,187.691,195.581,147.421,150.211,115.427,161.000,232.083,1291.000,177.472,after,1,27,13,3
6830,168,185.635,169.193,178.283,130.391,132.640,111.690,138.000,184.042,1023.000,176.694,after,1,28,14,3
6831,171,182.388,171.097,177.822,117.677,119.536,108.855,168.000,148.417,1238.000,173.972,after,1,29,15,3
6832,116,156.419,161.444,161.290,101.893,103.255,105.379,171.000,103.958,204.000,162.111,other,0,-1,16,3
6833,151,138.202,133.914,125.772,100.290,101.649,104.864,116.000,100.292,175.000,150.028,other,0,-1,17,3
6834,152,120.452,129.825,128.873,99.615,101.003,104.543,151.000,99.292,141.000,132.389,other,0,-1,18,3
6835,118,100.754,118.693,118.101,99.447,100.881,104.327,152.000,99.750,115.000,108.528,other,0,-1,19,3
6836,74,84.512,94.105,95.219,99.162,100.640,104.088,118.000,99.875,89.000,100.083,other,0,-1,20,3
6837,61,73.879,71.582,73.664,98.617,100.129,103.794,74.000,99.250,79.000,85.306,other,0,-1,21,3
6838,57,61.775,60.302,64.055,98.029,99.572,103.491,61.000,98.500,61.000,74.778,other,0,-1,22,3
6839,46,52.103,54.007,58.062,97.643,99.226,103.230,57.000,98.333,58.000,70.444,other,0,-1,23,3
6840,53,46.801,48.521,51.912,97.142,98.760,102.945,46.000,97.833,47.000,60.917,other,0,-1,0,4
6841,55,44.826,53.256,49.587,96.943,98.560,102.602,53.000,98.083,60.000,56.972,other,0,-1,1,4
6842,39,46.846,55.323,48.993,96.586,98.196,102.226,55.000,97.875,59.000,51.583,other,0,-1,2,4
6843,38,45.709,50.654,46.369,96.011,97.607,101.804,39.000,97.042,40.000,54.556,other,0,-1,3,4
6844,49,47.943,51.230,47.907,95.696,97.287,101.437,38.000,96.958,58.000,57.139,other,0,-1,4,4
6845,66,53.019,55.948,53.639,95.281,96.863,101.048,49.000,96.583,48.000,54.694,other,0,-1,5,4
6846,65,60.663,63.809,63.508,95.256,96.843,100.742,66.000,97.333,75.000,65.167,other,0,-1,6,4
6847,56,67.468,68.142,71.315,94.826,96.404,100.350,65.000,96.917,82.000,74.667,other,0,-1,7,4
6848,89,80.880,76.465,78.495,94.164,95.725,99.911,56.000,95.833,86.000,86.667,other,0,-1,8,4
6849,80,97.256,99.815,102.377,93.922,95.481,99.559,89.000,95.958,98.000,109.861,other,0,-1,9,4
6850,129,116.838,118.523,111.836,93.376,94.921,99.143,80.000,95.208,137.000,125.222,other,0,-1,10,4
6851,126,136.303,148.440,145.543,92.975,94.512,98.758,129.000,94.875,145.000,147.361,other,0,-1,11,4
6852,185,150.176,156.502,153.191,92.414,93.938,98.339,126.000,94.083,161.000,161.111,other,0,-1,12,4
6853,176,172.905,184.038,186.231,92.477,94.008,98.050,185.000,95.083,138.000,174.694,other,0,-1,13,4
6854,177,171.927,175.182,180.977,92.742,94.289,97.804,176.000,96.667,168.000,178.167,other,0,-1,14,4
6855,192,167.269,168.385,175.436,92.587,94.134,97.470,177.000,97.042,171.000,172.583,other,0,-1,15,4
6856,189,157.605,165.882,172.809,92.606,94.159,97.173,192.000,97.917,116.000,165.472,other,0,-1,16,4
6857,162,137.113,151.650,158.054,93.378,94.964,97.033,189.000,100.958,151.000,138.861,other,0,-1,17,4
6858,122,110.698,125.186,130.172,93.252,94.840,96.705,162.000,101.417,152.000,121.333,other,0,-1,18,4
6859,78,90.165,97.380,100.517,92.532,94.101,96.253,122.000,100.167,118.000,101.944,other,0,-1,19,4
6860,95,76.480,74.074,76.355,91.667,93.212,95.771,78.000,98.500,74.000,84.222,other,0,-1,20,4
6861,97,57.906,66.773,73.105,91.686,93.237,95.473,95.000,99.375,61.000,70.889,other,0,-1,21,4
6862,74,46.764,61.744,67.074,91.922,93.488,95.221,97.000,100.875,57.000,63.889,other,0,-1,22,4
6863,59,39.912,50.407,56.971,91.883,93.453,94.911,74.000,101.583,46.000,57.111,other,0,-1,23,4
6864,41,35.931,44.363,50.537,91.786,93.359,94.589,59.000,102.125,53.000,38.722,other,0,-1,0,5
6865,43,34.099,40.563,31.696,91.584,93.104,94.351,41.000,101.625,55.000,42.139,other,0,-1,1,5
6866,51,36.777,43.192,32.536,91.382,92.850,94.113,43.000,101.125,39.000,43.389,other,0,-1,2,5
6867,41,42.542,48.250,35.795,91.528,92.955,93.948,51.000,101.625,38.000,43.528,other,0,-1,3,5
6868,45,41.676,45.401,36.870,91.543,92.926,93.755,41.000,101.750,49.000,42.111,other,0,-1,4,5
6869,48,45.524,48.275,42.300,91.457,92.792,93.542,45.000,101.583,66.000,43.028,other,0,-1,5,5
6870,52,49.701,51.772,49.292,91.168,92.447,93.285,48.000,100.833,65.000,55.167,other,0,-1,6,5
6871,55,56.612,58.172,58.385,90.952,92.178,93.044,52.000,100.292,56.000,63.917,other,0,-1,7,5
6872,67,68.107,68.173,68.713,90.909,92.089,92.840,55.000,100.250,89.000,81.722,other,0,-1,8,5
6873,77,84.383,84.609,83.842,90.563,91.684,92.572,67.000,99.333,80.000,98.167,other,0,-1,9,5
6874,94,103.157,102.207,99.005,90.491,91.565,92.361,77.000,99.208,129.000,102.556,other,0,-1,10,5
6875,99,121.349,121.031,117.557,89.956,90.966,92.053,94.000,97.750,126.000,122.722,other,0,-1,11,5
6876,117,136.232,131.284,127.809,89.537,90.487,91.770,99.000,96.625,185.000,141.028,other,0,-1,12,5
6877,142,146.842,142.477,142.395,88.524,89.393,91.363,117.000,93.792,176.000,161.333,other,0,-1,13,5
6878,171,153.895,152.289,157.118,88.003,88.809,91.058,142.000,92.375,177.000,179.778,other,0,-1,14,5
6879,164,155.503,160.418,169.372,87.888,88.644,90.838,171.000,92.125,192.000,180.472,other,0,-1,15,5
6880,170,140.105,147.674,153.655,87.454,88.150,90.552,164.000,90.958,189.000,165.833,other,0,-1,16,5
6881,135,122.024,137.230,141.327,87.151,87.791,90.293,170.000,90.167,162.000,148.556,other,0,-1,17,5
6882,100,98.382,110.301,106.442,86.732,87.312,90.009,135.000,89.042,122.000,114.861,other,0,-1,18,5
6883,91,80.760,87.187,78.292,86.385,86.908,89.741,100.000,88.125,78.000,90.528,other,0,-1,19,5
6884,90,63.879,71.065,64.929,86.545,87.028,89.579,91.000,88.667,95.000,74.972,other,0,-1,20,5
6885,53,49.486,60.133,57.202,86.444,86.879,89.362,90.000,88.458,97.000,60.444,other,0,-1,21,5
6886,36,40.812,45.227,44.560,85.779,86.145,89.027,53.000,86.625,74.000,52.389,other,0,-1,22,5
6887,57,33.830,37.635,38.481,85.200,85.501,88.710,36.000,85.042,59.000,44.139,other,0,-1,23,5
6888,28,32.129,43.108,39.738,85.143,85.396,88.503,57.000,84.958,41.000,32.472,other,0,-1,0,6
6889,26,29.329,34.788,29.258,85.205,85.398,88.573,28.000,84.417,43.000,34.500,other,0,-1,1,6
6890,19,31.017,36.469,30.358,85.209,85.340,88.631,26.000,83.708,51.000,33.361,other,0,-1,2,6
6891,28,31.778,35.924,31.368,84.996,85.056,88.644,19.000,82.375,41.000,35.222,other,0,-1,3,6
6892,38,36.850,40.837,36.755,85.058,85.058,88.714,28.000,81.833,45.000,34.028,other,0,-1,4,6
6893,27,42.599,46.505,44.124,85.207,85.150,88.803,38.000,81.542,48.000,36.611,other,0,-1,5,6
6894,42,42.714,45.309,47.164,85.153,85.032,88.849,27.000,80.667,52.000,38.694,other,0,-1,6,6
6895,29,51.739,55.958,58.636,85.258,85.078,88.928,42.000,80.250,55.000,47.194,other,0,-1,7,6
6896,65,62.477,61.438,61.614,85.132,84.885,88.959,29.000,79.167,67.000,59.167,other,0,-1,8,6
6897,92,79.202,83.953,83.315,85.353,85.052,89.063,65.000,79.083,77.000,78.778,other,0,-1,9,6
6898,92,99.486,106.604,104.206,85.821,85.473,89.218,92.000,79.708,94.000,101.278,other,0,-1,10,6
6899,122,116.821,115.068,110.759,86.042,85.640,89.322,92.000,79.625,99.000,121.778,other,0,-1,11,6
6900,149,135.963,136.319,133.282,86.626,86.181,89.501,122.000,80.583,117.000,140.833,other,0,-1,12,6
6901,123,151.699,153.866,153.596,87.339,86.857,89.707,149.000,81.917,142.000,148.472,other,0,-1,13,6
6902,165,149.504,142.959,135.658,87.314,86.769,89.760,123.000,81.125,171.000,156.639,other,0,-1,14,6
6903,137,152.338,156.754,159.726,87.478,86.876,89.851,165.000,80.875,164.000,153.306,other,0,-1,15,6
6904,120,136.460,137.753,133.183,87.337,86.668,89.879,137.000,79.750,170.000,133.083,other,0,-1,16,6
6905,106,120.983,121.664,112.490,86.863,86.115,89.837,120.000,77.667,135.000,123.667,other,0,-1,17,6
6906,80,104.370,104.186,93.062,86.693,85.876,89.859,106.000,76.458,100.000,102.583,other,0,-1,18,6
6907,98,89.170,85.157,71.389,86.654,85.773,89.908,80.000,75.625,91.000,79.889,other,0,-1,19,6
6908,73,69.453,72.169,66.669,87.005,86.075,90.039,98.000,75.917,90.000,59.111,other,0,-1,20,6
6909,51,57.289,58.090,53.693,87.009,86.016,90.097,73.000,75.208,53.000,47.306,other,0,-1,21,6
6910,37,47.959,48.167,45.989,87.231,86.183,90.201,51.000,75.125,36.000,35.306,other,0,-1,22,6
6911,26,41.285,42.517,41.961,87.495,86.395,90.314,37.000,75.167,57.000,32.556,other,0,-1,23,6
6912,83,37.544,39.517,39.295,87.297,86.126,90.330,26.000,73.875,28.000,61.343,other,0,-1,0,0
6913,64,56.890,64.851,55.411,88.433,87.270,90.834,83.000,76.167,26.000,59.743,other,0,-1,1,0
6914,51,52.545,60.322,52.639,89.324,88.160,91.288,64.000,77.750,19.000,61.829,other,0,-1,2,0
6915,59,50.099,56.879,52.405,90.128,88.959,91.723,51.000,79.083,28.000,63.543,other,0,-1,3,0
6916,69,56.264,63.099,58.471,90.917,89.743,92.155,59.000,80.375,38.000,60.000,other,0,-1,4,0
6917,69,62.360,70.228,66.918,91.706,90.527,92.587,69.000,81.667,27.000,77.171,other,0,-1,5,0
6918,68,62.171,72.548,73.973,92.655,91.477,93.053,69.000,83.417,42.000,77.686,other,0,-1,6,0
6919,58,64.186,77.322,81.530,93.372,92.186,93.470,68.000,84.500,29.000,91.543,other,0,-1,7,0
6920,108,71.684,83.791,86.072,94.132,92.940,93.896,58.000,85.708,65.000,101.114,other,0,-1,8,0
6921,111,97.531,118.378,115.657,95.095,93.904,94.364,108.000,87.500,92.000,122.829,other,0,-1,9,0
6922,112,113.662,131.841,125.402,95.711,94.509,94.760,111.000,88.292,92.000,137.200,other,0,-1,10,0
6923,154,131.138,141.435,132.530,96.341,95.128,95.159,112.000,89.125,122.000,150.314,other,0,-1,11,0
6924,177,157.128,165.748,161.238,97.144,95.927,95.594,154.000,90.458,149.000,163.229,other,0,-1,12,0
6925,189,174.100,178.892,177.907,97.890,96.667,96.018,177.000,91.625,123.000,172.800,other,0,-1,13,0
6926,194,179.504,182.317,184.799,99.186,97.976,96.556,189.000,94.375,165.000,172.257,other,0,-1,14,0
6927,185,174.795,177.824,183.601,99.947,98.730,96.982,194.000,95.583,137.000,183.343,other,0,-1,15,0
6928,146,159.105,161.604,169.659,100.982,99.769,97.465,185.000,97.583,120.000,162.143,other,0,-1,16,0
6929,155,137.108,133.400,135.797,101.699,100.478,97.882,146.000,98.667,106.000,148.800,other,0,-1,17,0
6930,108,118.856,118.674,128.217,102.749,101.533,98.369,155.000,100.708,80.000,128.829,other,0,-1,18,0
6931,109,100.617,93.705,95.658,103.495,102.272,98.792,108.000,101.875,98.000,110.171,other,0,-1,19,0
6932,102,83.179,79.353,86.200,103.994,102.756,99.164,109.000,102.333,73.000,85.143,other,0,-1,20,0
6933,73,70.514,69.224,76.114,104.755,103.511,99.590,102.000,103.542,51.000,75.143,other,0,-1,21,0
6934,77,60.975,58.953,63.634,105.414,104.160,99.995,73.000,104.458,37.000,65.229,other,0,-1,22,0
6935,63,58.236,59.767,61.496,106.333,105.079,100.454,77.000,106.125,26.000,63.543,other,0,-1,23,0
6936,62,56.130,57.313,57.090,107.209,105.953,100.905,63.000,107.667,83.000,61.694,other,0,-1,0,1
6937,62,56.014,57.806,56.210,107.079,105.840,101.154,62.000,106.792,64.000,62.000,other,0,-1,1,1
6938,45,59.404,60.645,55.836,107.224,106.012,101.460,62.000,106.708,51.000,62.222,other,0,-1,2,1
6939,66,56.414,56.186,53.924,107.311,106.124,101.754,45.000,106.458,59.000,61.389,other,0,-1,3,1
6940,66,66.428,66.102,61.400,107.587,106.431,102.088,66.000,106.750,69.000,63.583,other,0,-1,4,1
6941,56,67.250,67.628,66.433,107.717,106.588,102.391,66.000,106.625,69.000,65.139,other,0,-1,5,1
6942,70,66.343,67.148,70.574,107.703,106.595,102.664,56.000,106.083,68.000,66.417,other,0,-1,6,1
6943,84,75.552,78.161,82.621,107.906,106.827,102.982,70.000,106.167,58.000,77.639,other,0,-1,7,1
6944,93,89.193,93.457,96.982,108.456,107.419,103.373,84.000,107.250,108.000,91.833,other,0,-1,8,1
6945,95,106.457,111.707,111.010,108.413,107.396,103.640,93.000,106.625,111.000,109.944,other,0,-1,9,1
6946,107,125.584,130.699,122.265,108.355,107.358,103.904,95.000,105.958,112.000,131.361,other,0,-1,10,1
6947,144,144.307,147.754,136.744,108.456,107.485,104.201,107.000,105.750,154.000,148.500,other,0,-1,11,1
6948,165,163.575,164.365,162.192,108.486,107.537,104.483,144.000,105.333,177.000,174.389,other,0,-1,12,1
6949,232,175.933,174.978,176.878,108.486,107.559,104.759,165.000,104.833,189.000,191.778,other,0,-1,13,1
6950,172,213.466,208.168,215.024,109.282,108.405,105.202,232.000,106.625,194.000,190.222,other,0,-1,14,1
6951,139,172.606,171.718,173.285,109.138,108.277,105.448,172.000,105.708,185.000,183.056,other,0,-1,15,1
6952,177,159.059,152.385,145.574,108.645,107.789,105.621,139.000,103.792,146.000,168.806,other,0,-1,16,1
6953,131,148.477,150.515,153.597,109.268,108.456,106.027,177.000,105.083,155.000,158.750,other,0,-1,17,1
6954,140,129.026,121.989,119.492,109.095,108.298,106.267,131.000,104.083,108.000,131.639,other,0,-1,18,1
6955,67,109.831,107.401,112.968,109.732,108.980,106.676,140.000,105.417,109.000,103.944,other,0,-1,19,1
6956,111,99.369,83.663,80.605,109.298,108.552,106.861,67.000,103.667,102.000,92.389,other,0,-1,20,1
6957,72,79.395,78.314,86.935,109.602,108.889,107.201,111.000,104.042,73.000,77.389,other,0,-1,21,1
6958,54,69.538,64.759,68.748,109.761,109.076,107.510,72.000,104.000,77.000,64.944,other,0,-1,22,1
6959,52,62.495,58.354,57.918,109.602,108.933,107.753,54.000,103.042,63.000,62.889,other,0,-1,23,1
6960,66,59.137,57.719,52.713,109.617,108.970,108.032,52.000,102.583,62.000,59.639,other,0,-1,0,2
6961,75,60.677,63.410,58.565,109.551,108.962,108.095,66.000,102.750,62.000,64.167,other,0,-1,1,2
6962,72,66.126,68.522,59.101,109.616,109.089,108.185,75.000,103.292,45.000,56.194,other,0,-1,2,2
6963,54,68.217,68.686,58.901,109.884,109.426,108.318,72.000,104.417,66.000,60.528,other,0,-1,3,2
6964,54,64.686,62.967,57.239,109.587,109.178,108.333,54.000,103.917,66.000,62.444,other,0,-1,4,2
6965,67,67.558,64.289,60.719,109.290,108.931,108.348,54.000,103.417,56.000,62.833,other,0,-1,5,2
6966,64,74.762,70.599,69.073,109.326,109.028,108.432,67.000,103.875,70.000,70.472,other,0,-1,6,2
6967,86,82.748,75.395,75.747,109.116,108.870,108.465,64.000,103.625,84.000,78.639,other,0,-1,7,2
6968,115,97.564,89.314,91.550,109.022,108.832,108.522,86.000,103.708,93.000,89.639,other,0,-1,8,2
6969,110,117.111,107.953,113.195,109.217,109.094,108.640,115.000,104.625,95.000,104.833,other,0,-1,9,2
6970,101,133.586,126.113,123.761,109.311,109.251,108.736,110.000,105.250,107.000,127.694,other,0,-1,10,2
6971,140,149.496,146.368,131.283,109.101,109.094,108.769,101.000,105.000,144.000,145.361,other,0,-1,11,2
6972,159,163.231,161.171,156.833,108.919,108.966,108.808,140.000,104.833,165.000,159.222,other,0,-1,12,2
6973,174,171.034,171.590,170.101,108.709,108.808,108.841,159.000,104.583,232.000,182.222,other,0,-1,13,2
6974,147,173.013,177.015,176.273,107.746,107.871,108.716,174.000,102.167,172.000,185.000,other,0,-1,14,2
6975,174,163.229,165.295,156.809,107.260,107.428,108.692,147.000,101.125,139.000,172.750,other,0,-1,15,2
6976,162,158.477,165.676,160.166,107.644,107.885,108.849,174.000,102.583,177.000,158.694,other,0,-1,16,2
6977,136,144.608,150.011,142.402,107.303,107.593,108.854,162.000,101.958,131.000,148.139,other,0,-1,17,2
6978,114,128.714,128.393,119.194,107.253,107.600,108.921,136.000,102.167,140.000,124.722,other,0,-1,18,2
6979,113,112.385,108.441,100.762,106.753,107.142,108.893,114.000,101.083,67.000,108.833,other,0,-1,19,2
6980,114,94.122,94.490,91.693,107.296,107.764,109.083,113.000,103.000,111.000,89.361,other,0,-1,20,2
6981,91,78.563,85.217,83.923,107.216,107.741,109.143,114.000,103.125,72.000,75.500,other,0,-1,21,2
6982,70,68.223,72.118,69.237,107.368,107.958,109.252,91.000,103.917,54.000,67.139,other,0,-1,22,2
6983,64,61.064,62.961,57.572,107.476,108.130,109.351,70.000,104.583,52.000,62.722,other,0,-1,23,2
6984,66,57.189,60.372,51.546,107.527,108.242,109.439,64.000,105.083,66.000,61.389,other,0,-1,0,3
6985,66,56.658,63.787,61.190,107.199,107.956,109.190,66.000,105.083,75.000,64.194,other,0,-1,1,3
6986,50,58.628,65.013,59.770,106.741,107.535,108.914,66.000,104.708,72.000,65.056,other,0,-1,2,3
6987,54,57.265,60.175,56.650,106.095,106.918,108.599,50.000,103.792,54.000,61.583,other,0,-1,3,3
6988,75,60.555,62.268,58.959,105.767,106.632,108.350,54.000,103.792,54.000,61.250,other,0,-1,4,3
6989,92,69.089,70.478,66.924,105.744,106.660,108.165,75.000,104.667,67.000,63.500,other,0,-1,5,3
6990,79,78.196,77.922,76.854,105.778,106.749,107.992,92.000,105.708,64.000,67.778,other,0,-1,6,3
6991,75,80.883,76.671,81.027,105.668,106.687,107.789,79.000,106.333,86.000,79.889,other,0,-1,7,3
6992,95,93.692,84.927,89.292,105.181,106.236,107.507,75.000,105.875,115.000,92.417,other,0,-1,8,3
6993,100,111.120,103.083,107.016,104.563,105.649,107.198,95.000,105.042,110.000,115.000,other,0,-1,9,3
6994,109,129.720,124.823,121.170,104.091,105.213,106.919,100.000,104.625,101.000,126.583,other,0,-1,10,3
6995,131,146.314,146.139,136.179,103.879,105.047,106.695,109.000,104.958,140.000,145.861,other,0,-1,11,3
6996,166,159.503,160.797,153.659,103.421,104.625,106.419,131.000,104.583,159.000,168.111,other,0,-1,12,3
6997,185,171.043,173.816,172.642,103.195,104.444,106.191,166.000,104.875,174.000,177.472,other,0,-1,13,3
6998,183,175.532,180.433,180.725,103.026,104.322,105.976,185.000,105.333,147.000,176.694,other,0,-1,14,3
6999,184,169.081,174.898,175.190,103.220,104.576,105.836,183.000,106.833,174.000,173.972,other,0,-1,15,3
7000,202,158.182,167.002,166.939,103.037,104.439,105.618,184.000,107.250,162.000,162.111,other,0,-1,16,3
7001,124,146.298,166.416,164.630,103.289,104.752,105.490,202.000,108.917,136.000,150.028,other,0,-1,17,3
7002,123,122.031,121.467,117.833,102.787,104.286,105.205,124.000,108.417,114.000,132.389,other,0,-1,18,3
7003,100,103.113,106.962,106.357,102.590,104.134,104.984,123.000,108.792,113.000,108.528,other,0,-1,19,3
7004,98,86.879,87.764,88.518,102.074,103.653,104.696,100.000,108.250,114.000,100.083,other,0,-1,20,3
7005,71,70.514,76.984,79.524,101.515,103.127,104.399,98.000,107.583,91.000,85.306,other,0,-1,21,3
7006,54,60.231,61.422,65.412,100.897,102.541,104.090,71.000,106.750,70.000,74.778,other,0,-1,22,3
7007,81,52.132,51.937,56.343,100.338,102.014,103.793,54.000,106.083,64.000,70.444,other,0,-1,23,3
7008,65,48.738,58.212,58.036,100.256,101.983,103.595,81.000,106.792,66.000,60.917,other,0,-1,0,4
7009,57,46.952,56.293,50.898,99.957,101.678,103.231,65.000,106.750,66.000,56.972,other,0,-1,1,4
7010,49,47.374,54.731,48.561,99.541,101.254,102.843,57.000,106.375,50.000,51.583,other,0,-1,2,4
7011,51,47.834,52.997,47.598,99.241,100.950,102.479,49.000,106.333,54.000,54.556,other,0,-1,3,4
7012,68,50.871,54.751,50.002,98.912,100.615,102.108,51.000,106.208,75.000,57.139,other,0,-1,4,4
7013,54,58.683,62.360,57.641,98.526,100.221,101.726,68.000,105.917,92.000,54.694,other,0,-1,5,4
7014,66,58.799,59.366,60.207,97.690,99.362,101.250,54.000,104.333,79.000,65.167,other,0,-1,6,4
7015,77,68.047,68.211,71.573,97.216,98.878,100.850,66.000,103.792,75.000,74.667,other,0,-1,7,4
7016,80,81.017,81.102,85.754,96.960,98.618,100.494,77.000,103.875,95.000,86.667,other,0,-1,8,4
7017,121,98.100,97.956,99.395,96.457,98.104,100.088,80.000,103.250,100.000,109.861,other,0,-1,9,4
7018,146,118.630,129.044,130.193,96.476,98.129,99.790,121.000,104.125,109.000,125.222,other,0,-1,10,4
7019,163,140.029,155.397,154.370,96.727,98.395,99.541,146.000,105.667,131.000,147.361,other,0,-1,11,4
7020,144,157.826,172.161,171.705,96.905,98.585,99.277,163.000,107.000,166.000,161.111,other,0,-1,12,4
7021,175,163.020,164.780,166.615,96.301,97.966,98.849,144.000,106.083,185.000,174.694,other,0,-1,13,4
7022,175,172.322,174.818,180.594,95.871,97.527,98.458,175.000,105.667,183.000,178.167,other,0,-1,14,4
7023,159,167.366,167.524,174.372,95.469,97.117,98.072,175.000,105.333,184.000,172.583,other,0,-1,15,4
7024,150,151.503,150.736,155.928,94.822,96.453,97.636,159.000,104.292,202.000,165.472,other,0,-1,16,4
7025,154,131.696,135.197,138.540,93.783,95.384,97.117,150.000,102.125,124.000,138.861,other,0,-1,17,4
7026,98,110.291,122.719,126.804,93.933,95.545,96.847,154.000,103.375,123.000,121.333,other,0,-1,18,4
7027,120,93.405,93.179,93.141,93.285,94.880,96.410,98.000,102.333,100.000,101.944,other,0,-1,19,4
7028,83,72.075,85.744,90.605,93.290,94.891,96.109,120.000,103.167,98.000,84.222,other,0,-1,20,4
7029,70,60.180,65.063,71.959,92.787,94.377,95.703,83.000,102.542,71.000,70.889,other,0,-1,21,4
7030,54,48.798,54.297,63.036,92.487,94.072,95.339,70.000,102.500,54.000,63.889,other,0,-1,22,4
7031,61,41.193,45.685,55.233,92.202,93.783,94.978,54.000,102.500,81.000,57.111,other,0,-1,23,4
7032,34,36.875,46.086,53.209,91.627,93.194,94.556,61.000,101.667,65.000,38.722,other,0,-1,0,5
7033,42,34.212,39.491,32.115,91.150,92.654,94.261,34.000,100.375,57.000,42.139,other,0,-1,1,5
7034,52,37.482,43.941,33.861,90.904,92.355,94.014,42.000,99.750,49.000,43.389,other,0,-1,2,5
7035,53,43.696,49.728,37.416,90.920,92.326,93.821,52.000,99.875,51.000,43.528,other,0,-1,3,5
7036,53,46.828,51.338,40.738,90.920,92.281,93.625,53.000,99.958,68.000,42.111,other,0,-1,4,5
7037,39,48.962,52.344,45.348,90.675,91.982,93.378,53.000,99.333,54.000,43.028,other,0,-1,5,5
7038,51,48.477,49.460,47.592,90.430,91.683,93.131,39.000,98.708,66.000,55.167,other,0,-1,6,5
7039,61,57.023,58.495,58.554,90.184,91.383,92.884,51.000,98.083,77.000,63.917,other,0,-1,7,5
7040,71,68.776,70.536,71.147,89.924,91.069,92.634,61.000,97.417,80.000,81.722,other,0,-1,8,5
7041,79,84.784,86.379,85.407,89.766,90.860,92.405,71.000,97.042,121.000,98.167,other,0,-1,9,5
7042,120,103.306,103.130,99.393,89.129,90.156,92.076,79.000,95.292,146.000,102.556,other,0,-1,10,5
7043,122,123.543,133.463,131.571,88.725,89.692,91.796,120.000,94.208,163.000,122.722,other,0,-1,11,5
7044,147,138.298,141.414,140.180,88.103,89.003,91.470,122.000,92.500,144.000,141.028,other,0,-1,12,5
7045,166,152.537,156.290,159.719,88.118,88.973,91.278,147.000,92.625,175.000,161.333,other,0,-1,13,5
7046,182,159.989,164.027,171.286,87.959,88.764,91.049,166.000,92.250,175.000,179.778,other,0,-1,14,5
7047,171,159.113,166.298,175.750,88.033,88.794,90.868,182.000,92.542,159.000,180.472,other,0,-1,15,5
7048,151,142.724,150.486,157.748,88.178,88.900,90.703,171.000,93.042,150.000,165.833,other,0,-1,16,5
7049,131,121.172,129.587,131.238,88.165,88.840,90.504,151.000,93.083,154.000,148.556,other,0,-1,17,5
7050,91,100.510,108.652,105.160,87.804,88.421,90.233,131.000,92.125,98.000,114.861,other,0,-1,18,5
7051,92,84.179,85.223,76.174,87.674,88.242,90.010,91.000,91.833,120.000,90.528,other,0,-1,19,5
7052,55,65.942,70.507,66.478,87.240,87.748,89.724,92.000,90.667,83.000,74.972,other,0,-1,20,5
7053,59,55.007,53.235,51.013,86.807,87.253,89.438,55.000,89.500,70.000,60.444,other,0,-1,21,5
7054,44,42.150,45.721,47.513,86.619,87.014,89.203,59.000,89.042,54.000,52.389,other,0,-1,22,5
7055,56,35.158,38.769,41.820,86.446,86.790,88.971,44.000,88.625,61.000,44.139,other,0,-1,23,5
7056,22,33.162,41.998,41.693,86.346,86.640,88.754,56.000,88.417,34.000,32.472,other,0,-1,0,6
7057,34,29.694,32.152,29.641,86.422,86.657,88.827,22.000,87.917,42.000,34.500,other,0,-1,1,6
7058,30,34.323,38.575,33.230,86.556,86.734,88.913,34.000,87.583,52.000,33.361,other,0,-1,2,6
7059,27,35.989,39.219,34.871,86.488,86.601,88.956,30.000,86.667,53.000,35.222,other,0,-1,3,6
7060,30,37.581,39.740,37.697,86.362,86.407,88.987,27.000,85.583,53.000,34.028,other,0,-1,4,6
7061,31,40.946,42.678,43.049,86.279,86.259,89.027,30.000,84.625,39.000,36.611,other,0,-1,5,6
7062,36,44.691,46.127,49.102,86.413,86.336,89.112,31.000,84.292,51.000,38.694,other,0,-1,6,6
7063,48,52.105,53.536,57.303,86.446,86.307,89.177,36.000,83.667,61.000,47.194,other,0,-1,7,6
7064,60,64.269,66.422,68.874,86.508,86.309,89.247,48.000,83.125,71.000,59.167,other,0,-1,8,6
7065,75,80.477,81.751,81.343,86.599,86.341,89.323,60.000,82.667,79.000,78.778,other,0,-1,9,6
7066,100,99.428,98.400,95.501,86.791,86.477,89.421,75.000,82.500,120.000,101.278,other,0,-1,10,6
7067,133,119.014,118.496,115.056,86.752,86.374,89.470,100.000,81.667,122.000,121.778,other,0,-1,11,6
7068,117,139.273,142.098,140.032,87.162,86.736,89.613,133.000,82.125,147.000,140.833,other,0,-1,12,6
7069,117,145.703,138.199,132.046,86.977,86.483,89.632,117.000,80.875,166.000,148.472,other,0,-1,13,6
7070,166,148.712,141.061,131.458,86.518,85.945,89.593,117.000,78.833,182.000,156.639,other,0,-1,14,6
7071,164,152.310,157.525,160.084,86.536,85.901,89.654,166.000,78.167,171.000,153.306,other,0,-1,15,6
7072,131,139.518,147.346,150.343,86.685,85.993,89.743,164.000,77.875,151.000,133.083,other,0,-1,16,6
7073,96,120.173,124.166,118.378,86.646,85.890,89.792,131.000,77.042,131.000,123.667,other,0,-1,17,6
7074,107,104.311,103.073,88.819,86.389,85.562,89.796,96.000,75.583,91.000,102.583,other,0,-1,18,6
7075,60,84.940,87.898,80.079,86.871,85.998,89.954,107.000,76.250,92.000,79.889,other,0,-1,19,6
7076,52,73.246,68.528,56.386,86.658,85.715,89.967,60.000,74.917,55.000,59.111,other,0,-1,20,6
7077,50,58.888,55.505,48.814,86.864,85.867,90.067,52.000,74.792,59.000,47.306,other,0,-1,21,6
7078,47,47.470,47.509,45.073,86.984,85.928,90.150,50.000,74.417,44.000,35.306,other,0,-1,22,6
7079,35,41.032,44.054,42.859,87.278,86.170,90.268,47.000,74.542,56.000,32.556,other,0,-1,23,6
7080,55,37.879,41.088,40.009,87.224,86.051,90.314,35.000,73.667,22.000,61.343,other,0,-1,0,0
7081,65,44.080,49.659,48.457,88.042,86.866,90.753,55.000,75.042,34.000,59.743,other,0,-1,1,0
7082,63,52.966,59.369,52.081,88.832,87.650,91.185,65.000,76.333,30.000,61.829,other,0,-1,2,0
7083,58,56.082,61.896,54.556,89.650,88.464,91.623,63.000,77.708,27.000,63.543,other,0,-1,3,0
7084,50,55.669,61.432,57.633,90.439,89.249,92.055,58.000,79.000,30.000,60.000,other,0,-1,4,0
7085,58,52.738,59.315,61.045,91.069,89.868,92.454,50.000,79.833,31.000,77.171,other,0,-1,5,0
7086,65,57.108,66.186,70.104,91.800,90.592,92.874,58.000,80.958,36.000,77.686,other,0,-1,6,0
7087,71,63.077,75.343,80.206,92.561,91.346,93.300,65.000,82.167,48.000,91.543,other,0,-1,7,0
7088,74,73.385,88.200,90.768,93.234,92.011,93.708,71.000,83.125,60.000,101.114,other,0,-1,8,0
7089,105,89.043,103.384,100.212,93.777,92.540,94.089,74.000,83.708,75.000,122.829,other,0,-1,9,0
7090,145,112.075,128.799,122.229,94.552,93.310,94.518,105.000,84.958,100.000,137.200,other,0,-1,10,0
7091,163,141.766,156.860,150.792,95.544,94.304,94.993,145.000,86.833,133.000,150.314,other,0,-1,11,0
7092,170,161.458,170.499,166.635,96.319,95.073,95.422,163.000,88.083,117.000,163.229,other,0,-1,12,0
7093,151,170.742,174.450,173.241,97.427,96.187,95.921,170.000,90.292,117.000,172.800,other,0,-1,13,0
7094,165,166.885,163.254,160.163,98.259,97.016,96.362,151.000,91.708,166.000,172.257,other,0,-1,14,0
7095,209,165.369,163.690,164.536,98.585,97.321,96.697,165.000,91.667,164.000,183.343,other,0,-1,15,0
7096,182,169.157,174.336,185.281,99.577,98.315,97.172,209.000,93.542,131.000,162.143,other,0,-1,16,0
7097,157,141.600,144.862,156.352,100.656,99.399,97.665,182.000,95.667,96.000,148.800,other,0,-1,17,0
7098,128,118.782,119.181,128.747,101.880,100.633,98.188,157.000,98.208,107.000,128.829,other,0,-1,18,0
7099,113,99.224,96.500,102.688,102.524,101.267,98.590,128.000,99.083,60.000,110.171,other,0,-1,19,0
7100,82,82.950,80.385,86.108,103.632,102.381,99.088,113.000,101.292,52.000,85.143,other,0,-1,20,0
7101,74,70.502,66.373,69.373,104.407,103.151,99.517,82.000,102.542,50.000,75.143,other,0,-1,21,0
7102,54,61.174,59.748,62.077,105.095,103.830,99.928,74.000,103.542,47.000,65.229,other,0,-1,22,0
7103,41,55.135,53.805,54.216,105.537,104.255,100.288,54.000,103.833,35.000,63.543,other,0,-1,23,0
7104,62,51.997,50.935,49.681,105.964,104.664,100.645,41.000,104.083,55.000,61.694,other,0,-1,0,1
7105,73,55.911,58.013,53.447,106.239,104.971,100.978,62.000,104.375,65.000,62.000,other,0,-1,1,1
7106,61,63.843,65.395,55.385,106.529,105.293,101.315,73.000,104.708,63.000,62.222,other,0,-1,2,1
7107,54,61.933,62.536,54.506,106.674,105.465,101.621,61.000,104.625,58.000,61.389,other,0,-1,3,1
7108,82,61.186,61.381,56.421,106.790,105.607,101.921,54.000,104.458,50.000,63.583,other,0,-1,4,1
7109,71,74.690,74.715,68.307,107.427,106.288,102.330,82.000,105.792,58.000,65.139,other,0,-1,5,1
7110,77,70.448,72.612,72.834,107.790,106.685,102.682,71.000,106.333,65.000,66.417,other,0,-1,6,1
7111,66,77.122,80.677,83.487,108.137,107.067,103.031,77.000,106.833,71.000,77.639,other,0,-1,7,1
7112,87,87.177,89.702,89.954,108.239,107.194,103.328,66.000,106.625,74.000,91.833,other,0,-1,8,1
7113,111,105.859,110.901,108.143,108.601,107.590,103.679,87.000,107.167,105.000,109.944,other,0,-1,9,1
7114,152,127.560,133.290,129.136,108.862,107.882,104.010,111.000,107.417,145.000,131.361,other,0,-1,10,1
7115,132,155.207,157.382,159.222,109.137,108.189,104.343,152.000,107.708,163.000,148.500,other,0,-1,11,1
7116,192,161.196,161.735,155.855,108.862,107.926,104.562,132.000,106.417,170.000,174.389,other,0,-1,12,1
7117,188,188.477,186.127,192.386,109.355,108.458,104.941,192.000,107.333,151.000,191.778,other,0,-1,13,1
7118,202,184.135,183.706,188.727,110.065,109.215,105.365,188.000,108.875,165.000,190.222,other,0,-1,14,1
7119,217,183.193,185.082,190.807,110.775,109.971,105.789,202.000,110.417,209.000,183.056,other,0,-1,15,1
7120,139,178.375,183.278,189.199,111.064,110.293,106.126,217.000,110.750,182.000,168.806,other,0,-1,16,1
7121,135,146.414,139.168,134.061,110.616,109.850,106.308,139.000,108.958,157.000,158.750,other,0,-1,17,1
7122,135,129.370,122.464,120.928,110.471,109.722,106.554,135.000,108.042,128.000,131.639,other,0,-1,18,1
7123,118,110.504,105.934,110.794,110.746,110.029,106.887,135.000,108.333,113.000,103.944,other,0,-1,19,1
7124,95,93.642,88.685,95.928,110.992,110.306,107.215,118.000,108.542,82.000,92.389,other,0,-1,20,1
7125,58,80.174,74.618,81.036,111.355,110.703,107.567,95.000,109.083,74.000,77.389,other,0,-1,21,1
7126,63,71.099,62.161,64.064,111.297,110.665,107.831,58.000,108.417,54.000,64.944,other,0,-1,22,1
7127,67,63.303,59.899,59.281,111.601,111.002,108.170,63.000,108.792,41.000,62.889,other,0,-1,23,1
7128,42,62.063,61.733,55.888,112.152,111.593,108.561,67.000,109.875,62.000,59.639,other,0,-1,0,2
7129,63,58.040,55.684,54.088,111.739,111.226,108.552,42.000,109.042,73.000,64.167,other,0,-1,1,2
7130,58,62.565,63.425,56.679,111.471,111.008,108.572,63.000,108.625,61.000,56.194,other,0,-1,2,2
7131,44,63.700,62.953,56.031,111.304,110.895,108.614,58.000,108.500,54.000,60.528,other,0,-1,3,2
7132,65,62.917,59.595,55.245,111.036,110.678,108.635,44.000,108.083,82.000,62.444,other,0,-1,4,2
7133,63,70.432,67.517,62.867,110.666,110.355,108.635,65.000,107.375,71.000,62.833,other,0,-1,5,2
7134,53,74.259,69.342,67.912,110.427,110.167,108.662,63.000,107.042,77.000,70.472,other,0,-1,6,2
7135,86,82.907,73.499,72.729,109.956,109.740,108.640,53.000,106.042,66.000,78.639,other,0,-1,7,2
7136,65,97.936,89.341,91.439,110.122,109.972,108.752,86.000,106.875,87.000,89.639,other,0,-1,8,2
7137,114,116.102,105.066,95.795,109.680,109.574,108.736,65.000,105.958,111.000,104.833,other,0,-1,9,2
7138,125,134.440,126.343,125.545,109.601,109.551,108.796,114.000,106.083,152.000,127.694,other,0,-1,10,2
7139,148,151.276,146.209,141.886,109.086,109.079,108.766,125.000,104.958,132.000,145.361,other,0,-1,11,2
7140,193,165.015,162.450,161.265,109.195,109.251,108.865,148.000,105.625,192.000,159.222,other,0,-1,12,2
7141,192,181.647,181.634,187.836,109.086,109.198,108.919,193.000,105.667,188.000,182.222,other,0,-1,13,2
7142,180,178.456,183.922,186.443,109.021,109.190,108.983,192.000,105.833,202.000,185.000,other,0,-1,14,2
7143,203,168.951,175.820,173.878,108.579,108.793,108.967,180.000,104.917,217.000,172.750,other,0,-1,15,2
7144,204,164.598,178.284,175.252,108.252,108.515,108.976,203.000,104.333,139.000,158.694,other,0,-1,16,2
7145,184,151.718,168.458,163.224,109.071,109.421,109.224,204.000,107.042,135.000,148.139,other,0,-1,17,2
7146,123,131.238,145.343,140.194,109.657,110.088,109.423,184.000,109.083,135.000,124.722,other,0,-1,18,2
7147,91,112.571,108.579,102.694,109.360,109.841,109.438,123.000,108.583,118.000,108.833,other,0,-1,19,2
7148,96,97.887,88.258,82.552,108.846,109.368,109.407,91.000,107.458,95.000,89.361,other,0,-1,20,2
7149,71,80.746,77.871,76.117,108.737,109.315,109.461,96.000,107.500,58.000,75.500,other,0,-1,21,2
7150,78,70.360,65.160,61.839,108.802,109.442,109.551,71.000,108.042,63.000,67.139,other,0,-1,22,2
7151,71,61.903,63.388,57.395,108.896,109.599,109.648,78.000,108.667,67.000,62.722,other,0,-1,23,2
7152,61,58.499,60.724,50.876,108.831,109.592,109.711,71.000,108.833,42.000,61.389,other,0,-1,0,3
7153,67,56.372,60.582,58.694,108.778,109.590,109.520,61.000,109.625,63.000,64.194,other,0,-1,1,3
7154,49,59.202,64.044,58.499,108.508,109.363,109.283,67.000,109.792,58.000,65.056,other,0,-1,2,3
7155,57,57.532,58.804,55.233,108.050,108.942,109.008,49.000,109.417,44.000,61.583,other,0,-1,3,3
7156,49,61.661,62.444,58.451,107.911,108.851,108.798,57.000,109.958,65.000,61.250,other,0,-1,4,3
7157,70,63.672,61.188,60.200,107.352,108.324,108.501,49.000,109.292,63.000,63.500,other,0,-1,5,3
7158,65,72.201,69.705,70.352,107.125,108.143,108.274,70.000,109.583,53.000,67.778,other,0,-1,6,3
7159,78,80.581,73.360,76.762,106.971,108.036,108.061,65.000,110.083,86.000,79.889,other,0,-1,7,3
7160,76,94.837,85.633,90.232,106.528,107.630,107.788,78.000,109.750,65.000,92.417,other,0,-1,8,3
7161,115,112.988,102.333,101.314,106.359,107.508,107.573,76.000,110.208,114.000,115.000,other,0,-1,9,3
7162,148,131.499,126.624,127.911,106.046,107.237,107.327,115.000,110.250,125.000,126.583,other,0,-1,10,3
7163,141,151.320,151.383,153.187,106.052,107.295,107.148,148.000,111.208,148.000,145.861,other,0,-1,11,3
7164,188,162.054,163.838,159.762,105.623,106.904,106.879,141.000,110.917,193.000,168.111,other,0,-1,12,3
7165,160,178.403,183.281,184.605,105.223,106.543,106.615,188.000,110.708,192.000,177.472,other,0,-1,13,3
7166,226,171.071,171.938,171.585,104.431,105.776,106.269,160.000,109.375,180.000,176.694,other,0,-1,14,3
7167,141,186.133,198.811,197.613,104.770,106.180,106.160,226.000,111.292,203.000,173.972,other,0,-1,15,3
7168,153,153.648,151.586,148.177,103.544,104.964,105.724,141.000,108.708,204.000,162.111,other,0,-1,16,3
7169,151,139.679,143.416,141.782,102.478,103.913,105.321,153.000,106.583,184.000,150.028,other,0,-1,17,3
7170,99,121.339,129.529,129.207,101.672,103.132,104.972,151.000,105.208,123.000,132.389,other,0,-1,18,3
7171,103,106.717,101.229,98.508,100.997,102.485,104.651,99.000,104.208,91.000,108.528,other,0,-1,19,3
7172,79,87.402,88.525,90.836,100.843,102.379,104.439,103.000,104.708,96.000,100.083,other,0,-1,20,3
7173,67,73.996,71.694,75.972,100.269,101.838,104.139,79.000,104.000,71.000,85.306,other,0,-1,21,3
7174,60,61.723,60.670,66.694,99.883,101.491,103.878,67.000,103.833,78.000,74.778,other,0,-1,22,3
7175,57,52.569,53.685,60.087,99.295,100.935,103.575,60.000,103.083,71.000,70.444,other,0,-1,23,3
7176,50,47.277,50.280,55.601,98.764,100.439,103.284,57.000,102.500,61.000,60.917,other,0,-1,0,4
7177,62,44.994,50.908,50.562,98.320,99.984,102.889,50.000,102.042,67.000,56.972,other,0,-1,1,4
7178,47,49.136,56.841,51.783,97.962,99.620,102.513,62.000,101.833,49.000,51.583,other,0,-1,2,4
7179,42,47.789,52.352,49.291,97.648,99.301,102.146,47.000,101.750,57.000,54.556,other,0,-1,3,4
7180,64,49.175,51.644,49.979,97.145,98.786,101.739,42.000,101.125,49.000,57.139,other,0,-1,4,4
7181,60,57.275,60.761,58.132,97.077,98.722,101.424,64.000,101.750,70.000,54.694,other,0,-1,5,4
7182,68,59.956,61.319,62.775,96.647,98.283,101.032,60.000,101.333,65.000,65.167,other,0,-1,6,4
7183,59,68.362,68.846,72.815,96.405,98.038,100.680,68.000,101.458,78.000,74.667,other,0,-1,7,4
7184,81,81.474,77.040,79.883,95.844,97.464,100.262,59.000,100.667,76.000,86.667,other,0,-1,8,4
7185,105,98.161,98.214,99.501,95.631,97.250,99.916,81.000,100.875,115.000,109.861,other,0,-1,9,4
7186,126,117.133,124.292,122.478,95.201,96.810,99.524,105.000,100.458,148.000,125.222,other,0,-1,10,4
7187,136,136.396,147.951,144.245,94.597,96.191,99.096,126.000,99.542,141.000,147.361,other,0,-1,11,4
7188,160,152.054,160.484,157.975,94.239,95.827,98.720,136.000,99.333,188.000,161.111,other,0,-1,12,4
7189,169,165.377,171.306,173.705,93.549,95.118,98.274,160.000,98.167,160.000,174.694,other,0,-1,13,4
7190,138,170.307,171.697,177.202,93.394,94.963,97.940,169.000,98.542,226.000,178.167,other,0,-1,14,4
7191,180,160.490,152.505,155.327,91.833,93.355,97.313,138.000,94.875,141.000,172.583,other,0,-1,15,4
7192,175,154.364,159.626,165.814,92.113,93.650,97.070,180.000,96.500,153.000,165.472,other,0,-1,16,4
7193,132,133.679,144.894,150.352,92.146,93.690,96.775,175.000,97.417,151.000,138.861,other,0,-1,17,4
7194,109,109.876,115.431,117.163,91.586,93.116,96.357,132.000,96.625,99.000,121.333,other,0,-1,18,4
7195,122,91.184,95.074,96.257,91.445,92.977,96.026,109.000,97.042,103.000,101.944,other,0,-1,19,4
7196,81,71.186,86.146,90.311,91.435,92.972,95.722,122.000,97.833,79.000,84.222,other,0,-1,20,4
7197,72,59.533,64.294,70.252,91.179,92.713,95.367,81.000,97.917,67.000,70.889,other,0,-1,21,4
7198,70,47.726,54.576,62.116,90.966,92.498,95.021,72.000,98.125,60.000,63.889,other,0,-1,22,4
7199,68,39.863,50.177,57.007,90.826,92.359,94.690,70.000,98.542,57.000,57.111,other,0,-1,23,4
7200,37,36.841,48.553,53.082,90.700,92.234,94.362,68.000,99.000,50.000,38.722,other,0,-1,0,5
7201,39,33.694,40.467,31.535,90.483,91.965,94.121,37.000,98.458,62.000,42.139,other,0,-1,1,5
7202,41,35.911,42.851,32.310,90.122,91.546,93.850,39.000,97.500,47.000,43.389,other,0,-1,2,5
7203,32,39.151,45.179,34.283,90.007,91.381,93.630,41.000,97.250,42.000,43.528,other,0,-1,3,5
7204,52,39.188,42.974,35.335,89.834,91.157,93.398,32.000,96.833,64.000,42.111,other,0,-1,4,5
7205,38,47.978,51.915,44.322,89.632,90.903,93.160,52.000,96.333,60.000,43.028,other,0,-1,5,5
7206,49,47.591,49.051,46.718,89.285,90.498,92.892,38.000,95.417,68.000,55.167,other,0,-1,6,5
7207,42,56.106,57.730,57.452,88.982,90.139,92.633,49.000,94.625,59.000,63.917,other,0,-1,7,5
7208,62,68.153,65.104,63.810,88.708,89.810,92.380,42.000,93.917,81.000,81.722,other,0,-1,8,5
7209,84,84.248,83.254,81.340,88.404,89.451,92.121,62.000,93.125,105.000,98.167,other,0,-1,9,5
7210,112,102.646,104.916,102.030,88.072,89.061,91.856,84.000,92.250,126.000,102.556,other,0,-1,10,5
7211,125,122.207,129.251,127.118,87.841,88.777,91.612,112.000,91.667,136.000,122.722,other,0,-1,11,5
7212,131,138.596,142.817,142.400,87.653,88.538,91.377,125.000,91.208,160.000,141.028,other,0,-1,12,5
7213,125,149.044,148.389,150.030,87.205,88.029,91.087,131.000,90.000,169.000,161.333,other,0,-1,13,5
7214,151,151.260,145.596,145.970,86.540,87.295,90.752,125.000,88.167,138.000,179.778,other,0,-1,14,5
7215,159,151.196,151.190,156.416,86.700,87.415,90.590,151.000,88.708,180.000,180.472,other,0,-1,15,5
7216,167,139.551,145.527,150.309,86.368,87.026,90.325,159.000,87.833,175.000,165.833,other,0,-1,16,5
7217,164,121.844,135.924,139.520,86.224,86.832,90.099,167.000,87.500,132.000,148.556,other,0,-1,17,5
7218,107,100.620,119.425,120.148,86.659,87.237,89.994,164.000,88.833,109.000,114.861,other,0,-1,18,5
7219,104,80.981,88.548,80.654,86.602,87.132,89.786,107.000,88.750,122.000,90.528,other,0,-1,19,5
7220,48,63.783,73.858,68.616,86.313,86.788,89.530,104.000,88.000,81.000,74.972,other,0,-1,20,5
7221,52,55.254,53.750,47.910,85.807,86.219,89.229,48.000,86.625,72.000,60.444,other,0,-1,21,5
7222,43,42.242,45.720,44.207,85.489,85.845,88.967,52.000,85.792,70.000,52.389,other,0,-1,22,5
7223,49,34.838,39.901,39.371,85.070,85.366,88.683,43.000,84.667,68.000,44.139,other,0,-1,23,5
7224,21,31.861,41.016,38.084,84.767,85.006,88.424,49.000,83.875,37.000,32.472,other,0,-1,0,6
7225,28,29.312,33.553,26.938,84.785,84.963,88.485,21.000,83.208,39.000,34.500,other,0,-1,1,6
7226,17,32.368,37.952,29.569,84.876,84.995,88.562,28.000,82.750,41.000,33.361,other,0,-1,2,6
7227,29,32.152,36.018,29.884,84.779,84.832,88.599,17.000,81.750,32.000,35.222,other,0,-1,3,6
7228,31,37.817,41.873,35.973,84.985,84.983,88.699,29.000,81.625,52.000,34.028,other,0,-1,4,6
7229,30,40.809,44.261,41.405,84.932,84.865,88.745,31.000,80.750,38.000,36.611,other,0,-1,5,6
7230,41,43.994,46.832,47.256,85.066,84.942,88.831,30.000,80.417,49.000,38.694,other,0,-1,6,6
7231,43,52.193,56.047,57.749,85.200,85.018,88.916,41.000,80.083,42.000,47.194,other,0,-1,7,6
7232,78,63.312,65.683,66.230,85.465,85.230,89.029,43.000,80.125,62.000,59.167,other,0,-1,8,6
7233,57,81.201,89.820,89.090,85.947,85.666,89.187,78.000,80.792,84.000,78.778,other,0,-1,9,6
7234,81,97.933,92.214,86.897,85.806,85.458,89.215,57.000,79.667,112.000,101.278,other,0,-1,10,6
7235,143,115.875,110.196,104.791,85.608,85.190,89.231,81.000,78.375,125.000,121.778,other,0,-1,11,6
7236,143,141.405,148.511,147.012,86.119,85.656,89.395,143.000,79.125,131.000,140.833,other,0,-1,12,6
7237,142,149.602,150.717,149.500,86.543,86.033,89.541,143.000,79.625,125.000,148.472,other,0,-1,13,6
7238,177,152.220,150.416,148.219,87.039,86.484,89.702,142.000,80.333,151.000,156.639,other,0,-1,14,6
7239,134,156.069,162.475,168.308,87.666,87.071,89.890,177.000,81.417,159.000,153.306,other,0,-1,15,6
7240,117,136.461,136.448,131.367,87.554,86.892,89.924,134.000,80.375,167.000,133.083,other,0,-1,16,6
7241,131,121.202,120.491,110.795,87.080,86.339,89.883,117.000,78.292,164.000,123.667,other,0,-1,17,6
7242,99,102.848,107.700,104.120,86.852,86.041,89.893,131.000,76.917,107.000,102.583,other,0,-1,18,6
7243,87,86.573,86.088,77.133,86.987,86.118,89.978,99.000,76.583,104.000,79.889,other,0,-1,19,6
7244,67,70.350,69.883,63.070,86.991,86.060,90.036,87.000,75.875,48.000,59.111,other,0,-1,20,6
7245,41,57.551,56.533,51.846,87.516,86.541,90.203,67.000,76.667,52.000,47.306,other,0,-1,21,6
7246,41,48.400,45.998,43.563,87.607,86.573,90.280,41.000,76.208,43.000,35.306,other,0,-1,22,6
7247,35,40.878,42.737,41.844,87.829,86.739,90.383,41.000,76.125,49.000,32.556,other,0,-1,23,6
7248,65,37.801,41.310,40.032,87.876,86.726,90.451,35.000,75.542,21.000,61.343,other,0,-1,0,0
7249,62,47.911,54.714,50.156,88.854,87.705,90.922,65.000,77.375,28.000,59.743,other,0,-1,1,0
7250,62,51.474,58.446,50.940,89.686,88.534,91.363,62.000,78.792,17.000,61.829,other,0,-1,2,0
7251,66,55.589,61.951,53.873,90.678,89.529,91.838,62.000,80.667,29.000,63.543,other,0,-1,3,0
7252,78,60.276,66.337,59.279,91.555,90.403,92.288,66.000,82.208,31.000,60.000,other,0,-1,4,0
7253,47,68.302,74.973,68.766,92.576,91.427,92.769,78.000,84.167,30.000,77.171,other,0,-1,5,0
7254,65,53.510,61.494,66.443,93.162,92.001,93.159,47.000,84.875,41.000,77.686,other,0,-1,6,0
7255,58,63.252,75.351,79.892,93.850,92.681,93.570,65.000,85.875,43.000,91.543,other,0,-1,7,0
7256,81,71.707,83.145,85.647,94.407,93.225,93.953,58.000,86.500,78.000,101.114,other,0,-1,8,0
7257,109,90.088,105.509,103.092,94.791,93.590,94.301,81.000,86.625,57.000,122.829,other,0,-1,9,0
7258,143,113.334,130.293,124.275,95.885,94.689,94.797,109.000,88.792,81.000,137.200,other,0,-1,10,0
7259,154,140.978,155.585,149.784,97.123,95.938,95.323,143.000,91.375,143.000,150.314,other,0,-1,11,0
7260,142,157.375,165.344,161.298,97.622,96.422,95.694,154.000,91.833,143.000,163.229,other,0,-1,12,0
7261,191,161.592,161.053,156.014,97.948,96.727,96.030,142.000,91.792,142.000,172.800,other,0,-1,13,0
7262,183,180.759,183.399,186.175,98.998,97.781,96.516,191.000,93.833,177.000,172.257,other,0,-1,14,0
7263,153,170.381,171.958,176.298,99.425,98.190,96.873,183.000,94.083,134.000,183.343,other,0,-1,15,0
7264,152,152.769,149.483,149.712,100.041,98.795,97.269,153.000,94.875,117.000,162.143,other,0,-1,16,0
7265,166,136.846,135.357,138.904,100.888,99.639,97.713,152.000,96.333,131.000,148.800,other,0,-1,17,0
7266,104,119.870,122.194,133.735,101.735,100.483,98.157,166.000,97.792,99.000,128.829,other,0,-1,18,0
7267,111,100.798,94.001,94.170,102.148,100.878,98.511,104.000,98.000,87.000,110.171,other,0,-1,19,0
7268,92,83.017,80.453,86.624,102.836,101.557,98.922,111.000,99.000,67.000,85.143,other,0,-1,20,0
7269,73,70.225,68.183,73.175,103.538,102.251,99.336,92.000,100.042,41.000,75.143,other,0,-1,21,0
7270,84,61.047,59.868,63.345,104.342,103.051,99.771,73.000,101.375,41.000,65.229,other,0,-1,22,0
7271,64,59.960,63.148,62.806,105.305,104.015,100.240,84.000,103.167,35.000,63.543,other,0,-1,23,0
7272,53,56.387,58.654,56.898,106.065,104.769,100.666,64.000,104.375,65.000,61.694,other,0,-1,0,1
7273,66,53.512,55.439,54.124,106.065,104.791,100.942,53.000,103.875,62.000,62.000,other,0,-1,1,1
7274,55,60.702,63.137,56.426,106.297,105.053,101.266,66.000,104.042,62.000,62.222,other,0,-1,2,1
7275,54,59.485,60.729,55.639,106.370,105.150,101.557,55.000,103.750,66.000,61.389,other,0,-1,3,1
7276,61,61.089,61.865,58.575,106.370,105.172,101.833,54.000,103.250,78.000,63.583,other,0,-1,4,1
7277,52,64.856,66.210,65.019,106.297,105.119,102.094,61.000,102.542,47.000,65.139,other,0,-1,5,1
7278,60,65.202,66.428,69.426,106.544,105.396,102.422,52.000,102.750,65.000,66.417,other,0,-1,6,1
7279,77,73.597,75.773,79.585,106.645,105.523,102.719,60.000,102.542,58.000,77.639,other,0,-1,7,1
7280,102,87.724,91.987,94.479,107.094,106.009,103.089,77.000,103.333,81.000,91.833,other,0,-1,8,1
7281,119,107.515,113.881,114.597,107.573,106.526,103.465,102.000,104.208,109.000,109.944,other,0,-1,9,1
7282,137,128.588,134.858,132.970,107.891,106.878,103.807,119.000,104.625,143.000,131.361,other,0,-1,10,1
7283,162,149.303,153.359,151.462,107.978,106.990,104.101,137.000,104.375,154.000,148.500,other,0,-1,11,1
7284,161,169.025,169.808,171.908,108.268,107.312,104.438,162.000,104.708,142.000,174.389,other,0,-1,12,1
7285,149,174.307,173.673,174.565,108.717,107.798,104.808,161.000,105.500,191.000,191.778,other,0,-1,13,1
7286,177,172.250,169.407,166.332,108.283,107.371,104.993,149.000,103.750,183.000,190.222,other,0,-1,14,1
7287,172,173.375,174.133,176.052,108.370,107.483,105.287,177.000,103.500,153.000,183.056,other,0,-1,15,1
7288,158,162.092,162.746,163.248,108.819,107.969,105.657,172.000,104.292,152.000,168.806,other,0,-1,16,1
7289,142,146.125,144.962,143.671,109.080,108.261,105.988,158.000,104.542,166.000,158.750,other,0,-1,17,1
7290,92,128.340,125.241,124.391,108.906,108.103,106.227,142.000,103.542,104.000,131.639,other,0,-1,18,1
7291,89,113.826,102.240,95.480,108.906,108.125,106.503,92.000,103.042,111.000,103.944,other,0,-1,19,1
7292,89,96.064,86.705,87.700,108.762,107.997,106.749,89.000,102.125,92.000,92.389,other,0,-1,20,1
7293,85,80.336,75.286,80.878,108.892,108.154,107.052,89.000,102.000,73.000,77.389,other,0,-1,21,1
7294,53,69.833,68.622,72.886,109.240,108.536,107.401,85.000,102.500,84.000,64.944,other,0,-1,22,1
7295,52,63.137,59.223,58.111,108.965,108.273,107.619,53.000,101.208,64.000,62.889,other,0,-1,23,1
7296,58,59.701,58.473,53.060,108.965,108.295,107.896,52.000,100.708,53.000,59.639,other,0,-1,0,2
7297,72,59.332,61.118,57.090,108.914,108.302,107.962,58.000,100.917,66.000,64.167,other,0,-1,1,2
7298,21,64.828,67.515,58.628,108.878,108.325,108.031,72.000,101.167,55.000,56.194,inside,-1,0,2,2
7299,34,57.731,53.181,49.508,108.262,107.747,107.979,21.000,99.750,54.000,60.528,inside,-1,1,3,2
7300,26,61.049,57.505,53.402,107.849,107.380,107.970,34.000,98.917,61.000,62.444,inside,-1,2,4,2
7301,67,64.624,57.988,55.079,107.218,106.787,107.915,26.000,97.458,52.000,62.833,after,-1,3,5,2
7302,82,74.125,70.796,69.007,107.312,106.944,108.011,67.000,98.083,60.000,70.472,after,-1,4,6,2
7303,66,84.311,79.613,80.570,107.508,107.206,108.129,82.000,99.000,77.000,78.639,after,-1,5,7,2
7304,70,96.545,86.999,85.381,107.225,106.973,108.147,66.000,98.542,102.000,89.639,after,-1,6,8,2
7305,113,114.732,104.954,97.175,106.638,106.426,108.101,70.000,97.208,119.000,104.833,after,-1,7,9,2
7306,105,133.304,126.046,124.688,106.428,106.268,108.134,113.000,96.958,137.000,127.694,after,-1,8,10,2
7307,150,149.151,146.031,132.754,105.841,105.721,108.088,105.000,95.625,162.000,145.361,after,-1,9,11,2
7308,172,164.661,162.190,161.429,105.544,105.473,108.103,150.000,95.125,161.000,159.222,after,-1,10,12,2
7309,156,173.803,174.683,176.502,105.580,105.570,108.187,172.000,95.583,149.000,182.222,after,-1,11,13,2
7310,198,169.320,171.804,167.623,105.558,105.607,108.260,156.000,95.875,177.000,185.000,after,-1,12,14,2
7311,196,173.163,183.122,182.624,105.739,105.854,108.374,198.000,96.750,172.000,172.750,after,-1,13,15,2
7312,170,162.671,174.699,171.342,105.964,106.146,108.498,196.000,97.750,158.000,158.694,after,-1,14,16,2
7313,155,145.609,152.129,145.976,106.014,106.258,108.585,170.000,98.250,142.000,148.139,after,-1,15,17,2
7314,121,128.716,132.815,126.933,106.079,106.385,108.676,155.000,98.792,92.000,124.722,after,-1,16,18,2
7315,104,112.071,108.456,102.181,106.376,106.752,108.814,121.000,100.000,89.000,108.833,after,-1,17,19,2
7316,78,95.491,90.892,87.127,106.470,106.910,108.911,104.000,100.625,89.000,89.361,after,-1,18,20,2
7317,78,82.263,74.707,71.125,106.187,106.677,108.929,78.000,100.167,85.000,75.500,after,-1,19,21,2
7318,63,69.110,66.909,63.941,105.963,106.504,108.959,78.000,99.875,53.000,67.139,after,-1,20,22,2
7319,61,61.355,59.512,54.265,105.984,106.586,109.040,63.000,100.292,52.000,62.722,after,-1,21,23,2
7320,57,57.044,57.840,49.236,105.991,106.653,109.118,61.000,100.667,58.000,61.389,after,-1,22,0,3
7321,67,55.376,59.323,58.047,105.649,106.352,108.867,57.000,100.625,72.000,64.194,after,-1,23,1,3
7322,60,58.779,64.113,58.594,105.249,105.991,108.603,67.000,100.417,21.000,65.056,after,-1,24,2,3
7323,59,59.469,62.664,57.435,105.486,106.289,108.472,60.000,102.042,34.000,61.583,after,-1,25,3,3
7324,37,61.743,63.163,58.978,105.521,106.377,108.299,59.000,103.083,26.000,61.250,after,-1,26,4,3
7325,65,62.151,58.107,57.869,105.352,106.256,108.084,37.000,103.542,67.000,63.500,other,0,-1,5,3
7326,52,70.943,68.161,69.178,104.996,105.939,107.829,65.000,103.458,82.000,67.778,other,0,-1,6,3
7327,90,79.974,70.908,73.205,104.233,105.203,107.490,52.000,102.208,66.000,79.889,other,0,-1,7,3
7328,78,94.684,87.642,93.709,104.253,105.276,107.314,90.000,103.208,70.000,92.417,other,0,-1,8,3
7329,111,112.199,102.154,101.563,104.042,105.110,107.089,78.000,103.542,113.000,115.000,other,0,-1,9,3
7330,107,130.640,125.892,125.812,103.685,104.793,106.834,111.000,103.458,105.000,126.583,other,0,-1,10,3
7331,142,147.026,146.708,136.383,103.386,104.537,106.592,107.000,103.542,150.000,145.861,other,0,-1,11,3
7332,158,161.522,163.393,159.313,102.943,104.131,106.319,142.000,103.208,172.000,168.111,other,0,-1,12,3
7333,185,170.067,172.079,170.595,102.412,103.634,106.028,158.000,102.625,156.000,177.472,other,0,-1,13,3
7334,192,176.101,181.234,182.219,102.505,103.783,105.867,185.000,103.833,198.000,176.694,other,0,-1,14,3
7335,173,171.809,179.376,180.205,102.090,103.406,105.600,192.000,103.583,196.000,173.972,other,0,-1,15,3
7336,195,156.415,162.305,162.058,101.429,102.775,105.282,173.000,102.625,170.000,162.111,other,0,-1,16,3
7337,136,144.394,162.169,161.201,101.464,102.863,105.109,195.000,103.667,155.000,150.028,other,0,-1,17,3
7338,113,121.568,124.364,122.546,100.861,102.292,104.803,136.000,102.875,121.000,132.389,other,0,-1,18,3
7339,137,104.160,103.905,102.540,100.417,101.886,104.530,113.000,102.542,104.000,108.528,other,0,-1,19,3
7340,90,83.534,101.457,101.028,100.568,102.094,104.381,137.000,103.917,78.000,100.083,other,0,-1,20,3
7341,86,71.511,74.250,77.027,100.414,101.987,104.169,90.000,104.417,78.000,85.306,other,0,-1,21,3
7342,95,58.980,65.993,69.030,100.202,101.821,103.944,86.000,104.750,63.000,74.778,other,0,-1,22,3
7343,60,52.190,66.085,65.594,100.338,102.014,103.793,95.000,106.083,61.000,70.444,other,0,-1,23,3
7344,56,46.730,51.324,53.713,99.996,101.713,103.541,60.000,106.042,57.000,60.917,other,0,-1,0,4
7345,41,45.171,53.330,49.320,99.696,101.408,103.177,56.000,106.000,67.000,56.972,other,0,-1,1,4
7346,56,44.087,49.358,45.774,99.034,100.729,102.737,41.000,104.917,60.000,51.583,other,0,-1,2,4
7347,46,49.666,56.107,48.912,98.691,100.380,102.364,56.000,104.750,59.000,54.556,other,0,-1,3,4
7348,58,49.533,53.248,48.994,98.217,99.896,101.963,46.000,104.208,37.000,57.139,other,0,-1,4,4
7349,51,55.330,58.672,55.310,98.236,99.921,101.666,58.000,105.083,65.000,54.694,other,0,-1,5,4
7350,63,58.385,58.622,59.461,97.748,99.422,101.262,51.000,104.500,52.000,65.167,other,0,-1,6,4
7351,59,67.809,67.457,70.719,97.622,99.297,100.934,63.000,104.958,90.000,74.667,other,0,-1,7,4
7352,95,81.147,77.001,79.717,96.887,98.543,100.479,59.000,103.667,78.000,86.667,other,0,-1,8,4
7353,115,98.220,101.654,105.357,96.848,98.509,100.170,95.000,104.375,111.000,109.861,other,0,-1,9,4
7354,144,118.054,127.129,127.702,96.621,98.279,99.821,115.000,104.542,107.000,125.222,other,0,-1,10,4
7355,129,139.724,154.643,153.766,96.872,98.545,99.571,144.000,106.083,142.000,147.361,other,0,-1,11,4
7356,151,151.623,158.072,155.779,96.398,98.060,99.171,129.000,105.542,158.000,161.111,other,0,-1,12,4
7357,163,164.218,167.510,170.529,96.011,97.666,98.789,151.000,105.250,185.000,174.694,other,0,-1,13,4
7358,191,169.473,168.893,175.048,95.407,97.047,98.361,163.000,104.333,192.000,178.167,other,0,-1,14,4
7359,147,171.790,175.749,182.900,95.107,96.742,97.997,191.000,104.292,173.000,172.583,other,0,-1,15,4
7360,166,149.761,146.364,150.467,94.445,96.063,97.557,147.000,103.208,195.000,165.472,other,0,-1,16,4
7361,105,132.650,141.078,146.127,93.740,95.339,97.108,166.000,102.000,136.000,138.861,other,0,-1,17,4
7362,121,111.556,109.602,106.730,93.006,94.585,96.653,105.000,100.708,113.000,121.333,other,0,-1,18,4
7363,106,90.304,98.227,100.881,92.836,94.416,96.316,121.000,101.042,137.000,101.944,other,0,-1,19,4
7364,84,73.018,81.327,85.822,92.102,93.662,95.861,106.000,99.750,90.000,84.222,other,0,-1,20,4
7365,59,59.442,65.226,71.876,91.729,93.282,95.482,84.000,99.500,86.000,70.889,other,0,-1,21,4
7366,78,49.449,51.473,60.250,91.053,92.588,95.039,59.000,98.375,95.000,63.889,other,0,-1,22,4
7367,60,40.390,52.823,59.795,90.521,92.044,94.627,78.000,97.667,60.000,57.111,other,0,-1,23,4
7368,31,36.357,45.488,52.694,90.236,91.755,94.266,60.000,97.667,56.000,38.722,other,0,-1,0,5
7369,30,33.335,38.223,31.666,89.846,91.305,93.988,31.000,96.625,41.000,42.139,other,0,-1,1,5
7370,43,34.412,39.350,31.834,89.658,91.066,93.753,30.000,96.167,56.000,43.389,other,0,-1,2,5
7371,44,40.149,45.680,35.633,89.442,90.797,93.512,43.000,95.625,46.000,43.528,other,0,-1,3,5
7372,48,43.082,47.278,38.721,89.385,90.692,93.305,44.000,95.542,58.000,42.111,other,0,-1,4,5
7373,47,46.818,50.062,44.046,89.212,90.468,93.073,48.000,95.125,51.000,43.028,other,0,-1,5,5
7374,40,49.696,51.963,49.776,89.126,90.334,92.859,47.000,94.958,63.000,55.167,other,0,-1,6,5
7375,52,55.669,55.078,54.958,88.765,89.914,92.588,40.000,94.000,59.000,63.917,other,0,-1,7,5
7376,81,68.204,67.718,67.610,88.635,89.735,92.365,52.000,93.708,95.000,81.722,other,0,-1,8,5
7377,71,84.607,89.966,89.844,88.404,89.451,92.121,81.000,93.125,115.000,98.167,other,0,-1,9,5
7378,112,103.124,100.184,95.276,87.739,88.717,91.786,71.000,91.292,144.000,102.556,other,0,-1,10,5
7379,119,122.218,129.257,126.669,87.247,88.163,91.488,112.000,89.958,129.000,122.722,other,0,-1,11,5
7380,171,137.913,139.922,138.184,87.074,87.938,91.256,119.000,89.542,151.000,141.028,other,0,-1,12,5
7381,198,159.357,170.372,175.358,87.336,88.164,91.114,171.000,90.375,163.000,161.333,other,0,-1,13,5
7382,202,172.263,184.390,192.790,87.815,88.614,91.019,198.000,91.833,191.000,179.778,other,0,-1,14,5
7383,154,166.922,178.643,189.152,87.946,88.704,90.850,202.000,92.292,147.000,180.472,other,0,-1,15,5
7384,131,141.077,142.888,147.903,88.019,88.735,90.670,154.000,92.583,166.000,165.833,other,0,-1,16,5
7385,127,122.068,123.001,121.015,87.484,88.136,90.362,131.000,91.125,105.000,148.556,other,0,-1,17,5
7386,140,101.702,106.851,103.552,87.775,88.391,90.227,127.000,92.042,121.000,114.861,other,0,-1,18,5
7387,66,81.172,94.676,93.847,88.022,88.602,90.083,140.000,92.833,106.000,90.528,other,0,-1,19,5
7388,61,70.491,66.042,60.093,87.414,87.927,89.760,66.000,91.167,84.000,74.972,other,0,-1,20,5
7389,44,54.680,53.061,52.874,87.053,87.508,89.489,61.000,90.208,59.000,60.444,other,0,-1,21,5
7390,46,43.854,42.314,45.577,86.807,87.209,89.242,44.000,89.583,78.000,52.389,other,0,-1,22,5
7391,56,35.242,38.592,42.996,86.316,86.655,88.943,46.000,88.250,60.000,44.139,other,0,-1,23,5
7392,32,33.234,41.549,42.557,86.230,86.520,88.730,56.000,88.083,31.000,32.472,other,0,-1,0,6
7393,35,31.355,34.797,31.644,86.495,86.732,88.842,32.000,88.125,30.000,34.500,other,0,-1,1,6
7394,20,34.635,38.656,33.729,86.817,87.004,88.967,35.000,88.333,43.000,33.361,other,0,-1,2,6
7395,34,33.196,35.178,33.091,86.734,86.855,89.007,20.000,87.375,44.000,35.222,other,0,-1,3,6
7396,36,39.955,42.202,39.450,86.840,86.902,89.087,34.000,86.958,48.000,34.028,other,0,-1,4,6
7397,38,42.921,44.672,44.703,86.916,86.919,89.160,36.000,86.458,47.000,36.611,other,0,-1,5,6
7398,38,46.489,48.223,51.187,87.036,86.980,89.242,38.000,86.083,40.000,38.694,other,0,-1,6,6
7399,56,52.587,53.741,58.009,87.257,87.147,89.346,38.000,86.000,52.000,47.194,other,0,-1,7,6
7400,60,65.322,68.853,72.022,87.566,87.404,89.468,56.000,86.167,81.000,59.167,other,0,-1,8,6
7401,67,80.978,81.354,81.400,87.512,87.285,89.514,60.000,85.292,71.000,78.778,other,0,-1,9,6
7402,109,100.106,94.826,91.682,87.704,87.422,89.611,67.000,85.125,112.000,101.278,other,0,-1,10,6
7403,118,120.907,122.975,120.324,87.911,87.573,89.712,109.000,85.000,119.000,121.778,other,0,-1,11,6
7404,112,137.105,133.685,130.482,88.147,87.755,89.819,118.000,84.958,171.000,140.833,other,0,-1,12,6
7405,151,145.650,136.092,128.941,87.542,87.067,89.750,112.000,82.500,198.000,148.472,other,0,-1,13,6
7406,136,154.324,154.749,153.891,87.112,86.559,89.717,151.000,80.542,202.000,156.639,other,0,-1,14,6
7407,116,146.906,145.658,139.804,86.406,85.766,89.627,136.000,77.792,154.000,153.306,other,0,-1,15,6
7408,154,135.417,133.153,120.497,86.106,85.393,89.622,116.000,76.208,131.000,133.083,other,0,-1,16,6
7409,120,121.142,130.982,131.529,86.689,85.935,89.801,154.000,77.167,127.000,123.667,other,0,-1,17,6
7410,91,102.308,107.020,99.002,86.838,86.026,89.890,120.000,76.875,140.000,102.583,other,0,-1,18,6
7411,65,86.815,86.732,74.627,86.378,85.488,89.851,91.000,74.833,66.000,79.889,other,0,-1,19,6
7412,72,72.803,69.459,57.466,86.614,85.670,89.958,65.000,74.792,61.000,59.111,other,0,-1,20,6
7413,52,56.801,58.463,52.824,87.024,86.031,90.101,72.000,75.250,44.000,47.306,other,0,-1,21,6
7414,32,47.384,48.816,45.382,87.390,86.348,90.234,52.000,75.583,46.000,35.306,other,0,-1,22,6
7415,28,40.927,41.978,40.104,87.437,86.335,90.302,32.000,75.000,56.000,32.556,other,0,-1,23,6
7416,59,37.223,40.380,38.496,87.282,86.111,90.327,28.000,73.833,32.000,61.343,other,0,-1,0,0
7417,54,45.451,52.627,48.722,88.013,86.836,90.747,59.000,74.958,35.000,59.743,other,0,-1,1,0
7418,60,47.724,54.999,48.906,88.629,87.440,91.143,54.000,75.750,20.000,61.829,other,0,-1,2,0
7419,70,54.468,61.357,53.157,89.548,88.359,91.602,60.000,77.417,34.000,63.543,other,0,-1,3,0
7420,49,62.719,69.125,60.186,90.410,89.219,92.049,70.000,78.917,36.000,60.000,other,0,-1,4,0
7421,67,52.297,59.717,60.186,90.939,89.733,92.427,49.000,79.458,38.000,77.171,other,0,-1,5,0
7422,76,61.054,71.399,72.397,91.699,90.487,92.853,67.000,80.667,38.000,77.686,other,0,-1,6,0
7423,82,67.226,81.256,83.680,92.590,91.376,93.307,76.000,82.250,56.000,91.543,other,0,-1,7,0
7424,90,76.216,93.543,94.789,93.306,92.086,93.724,82.000,83.333,60.000,101.114,other,0,-1,8,0
7425,112,91.481,110.142,106.955,94.081,92.855,94.153,90.000,84.583,67.000,122.829,other,0,-1,9,0
7426,128,113.843,132.512,125.676,95.073,93.849,94.627,112.000,86.458,109.000,137.200,other,0,-1,10,0
7427,153,134.907,148.648,141.090,95.689,94.454,95.023,128.000,87.250,118.000,150.314,other,0,-1,11,0
7428,149,156.681,165.369,160.520,96.536,95.298,95.467,153.000,88.708,112.000,163.229,other,0,-1,12,0
7429,169,163.130,164.527,160.116,97.412,96.172,95.918,149.000,90.250,151.000,172.800,other,0,-1,13,0
7430,175,171.046,172.025,171.564,98.013,96.761,96.311,169.000,91.000,136.000,172.257,other,0,-1,14,0
7431,142,167.661,168.676,170.961,98.918,97.666,96.767,175.000,92.625,116.000,183.343,other,0,-1,15,0
7432,165,151.633,147.046,143.139,99.635,98.375,97.184,142.000,93.708,154.000,162.143,other,0,-1,16,0
7433,146,137.880,140.128,146.305,100.135,98.859,97.556,165.000,94.167,120.000,148.800,other,0,-1,17,0
7434,124,117.777,118.149,123.667,100.851,99.569,97.973,146.000,95.250,91.000,128.829,other,0,-1,18,0
7435,93,99.157,97.410,101.620,101.670,100.383,98.411,124.000,96.625,65.000,110.171,other,0,-1,19,0
7436,84,83.938,79.288,80.913,102.415,101.122,98.834,93.000,97.792,72.000,85.143,other,0,-1,20,0
7437,74,70.271,67.725,70.919,102.930,101.622,99.209,84.000,98.292,52.000,75.143,other,0,-1,21,0
7438,65,60.951,60.724,63.185,103.588,102.271,99.614,74.000,99.208,32.000,65.229,other,0,-1,22,0
7439,54,55.988,57.538,58.027,104.407,103.085,100.052,65.000,100.583,28.000,63.543,other,0,-1,23,0
7440,64,53.878,55.613,54.082,105.123,103.795,100.469,54.000,101.667,59.000,61.694,other,0,-1,0,1
7441,64,56.457,59.710,55.806,105.370,104.071,100.797,64.000,101.875,54.000,62.000,other,0,-1,1,1
7442,51,60.057,62.563,55.521,105.689,104.423,101.139,64.000,102.292,60.000,62.222,other,0,-1,2,1
7443,66,58.182,59.447,54.329,105.732,104.490,101.424,51.000,101.917,70.000,61.389,other,0,-1,3,1
7444,62,66.247,67.021,60.732,105.848,104.632,101.724,66.000,101.750,49.000,63.583,other,0,-1,4,1
7445,49,65.480,66.906,64.980,106.210,105.029,102.076,62.000,102.292,67.000,65.139,other,0,-1,5,1
7446,75,64.662,65.885,68.382,106.124,104.961,102.334,49.000,101.542,76.000,66.417,other,0,-1,6,1
7447,82,76.207,80.423,83.858,106.283,105.148,102.643,75.000,101.500,82.000,77.639,other,0,-1,7,1
7448,72,88.227,93.488,96.055,106.457,105.350,102.956,82.000,101.500,90.000,91.833,other,0,-1,8,1
7449,105,104.630,108.984,102.742,106.370,105.282,103.214,72.000,100.750,112.000,109.944,other,0,-1,9,1
7450,148,125.894,132.338,126.468,106.443,105.379,103.505,105.000,100.458,128.000,131.361,other,0,-1,10,1
7451,140,152.712,156.194,156.956,106.906,105.881,103.878,148.000,101.292,153.000,148.500,other,0,-1,11,1
7452,158,162.064,163.520,159.774,106.892,105.888,104.151,140.000,100.750,149.000,174.389,other,0,-1,12,1
7453,195,173.271,172.719,172.634,107.196,106.224,104.490,158.000,101.125,169.000,191.778,other,0,-1,13,1
7454,162,186.437,187.024,192.520,107.747,106.816,104.881,195.000,102.208,175.000,190.222,other,0,-1,14,1
7455,135,170.075,168.421,167.408,107.733,106.823,105.154,162.000,101.667,142.000,183.056,other,0,-1,15,1
7456,180,158.466,151.809,143.389,107.805,106.920,105.445,135.000,101.375,165.000,168.806,other,0,-1,16,1
7457,134,148.647,152.130,155.186,108.196,107.347,105.803,180.000,102.000,146.000,158.750,other,0,-1,17,1
7458,144,128.572,123.297,120.665,108.196,107.369,106.079,134.000,101.500,124.000,131.639,other,0,-1,18,1
7459,88,109.640,109.172,114.629,108.660,107.870,106.452,144.000,102.333,93.000,103.944,other,0,-1,19,1
7460,71,96.096,86.215,86.316,108.762,107.997,106.749,88.000,102.125,84.000,92.389,other,0,-1,20,1
7461,73,82.154,72.867,74.465,108.747,108.004,107.022,71.000,101.583,74.000,77.389,other,0,-1,21,1
7462,51,69.749,66.051,68.044,108.907,108.191,107.331,73.000,101.542,65.000,64.944,other,0,-1,22,1
7463,62,62.881,58.852,56.293,108.878,108.183,107.601,51.000,100.958,54.000,62.889,other,0,-1,23,1
7464,57,60.722,61.612,54.080,109.168,108.505,107.938,62.000,101.292,64.000,59.639,other,0,-1,0,2
7465,62,59.010,61.056,56.116,108.943,108.332,107.968,57.000,101.000,64.000,64.167,other,0,-1,1,2
7466,62,61.762,64.043,55.827,108.791,108.235,108.013,62.000,100.917,51.000,56.194,other,0,-1,2,2
7467,56,64.335,65.266,56.189,108.827,108.332,108.097,62.000,101.375,66.000,60.528,other,0,-1,3,2
7468,64,64.905,64.062,56.933,108.559,108.114,108.118,56.000,100.958,62.000,62.444,other,0,-1,4,2
7469,66,69.560,67.777,62.289,108.464,108.076,108.175,64.000,101.042,49.000,62.833,other,0,-1,5,2
7470,68,74.160,70.625,68.433,108.587,108.263,108.278,66.000,101.750,75.000,70.472,other,0,-1,6,2
7471,71,82.613,76.415,76.496,108.363,108.091,108.307,68.000,101.458,82.000,78.639,other,0,-1,7,2
7472,94,96.492,87.412,86.743,108.080,107.858,108.325,71.000,101.000,72.000,89.639,other,0,-1,8,2
7473,105,114.332,105.531,105.457,108.275,108.120,108.443,94.000,101.917,105.000,104.833,other,0,-1,9,2
7474,125,133.048,125.998,121.663,108.152,108.052,108.494,105.000,101.917,148.000,127.694,other,0,-1,10,2
7475,121,150.444,145.867,141.311,107.696,107.640,108.475,125.000,100.958,140.000,145.361,other,0,-1,11,2
7476,198,161.147,159.468,148.167,107.297,107.287,108.469,121.000,100.167,158.000,159.222,other,0,-1,12,2
7477,158,183.583,182.876,189.433,107.753,107.819,108.641,198.000,101.833,195.000,182.222,other,0,-1,13,2
7478,186,169.661,172.340,168.421,107.094,107.196,108.580,158.000,100.292,162.000,185.000,other,0,-1,14,2
7479,150,169.942,178.047,176.321,107.318,107.488,108.704,186.000,101.292,135.000,172.750,other,0,-1,15,2
7480,160,156.306,157.731,148.534,107.412,107.645,108.800,150.000,101.917,180.000,158.694,other,0,-1,16,2
7481,151,144.692,148.996,141.403,106.999,107.278,108.791,160.000,101.083,134.000,148.139,other,0,-1,17,2
7482,127,128.484,132.121,125.580,107.122,107.465,108.893,151.000,101.792,144.000,124.722,other,0,-1,18,2
7483,77,111.448,110.633,105.525,106.753,107.142,108.893,127.000,101.083,88.000,108.833,other,0,-1,19,2
7484,92,99.649,87.813,79.573,106.470,106.910,108.911,77.000,100.625,71.000,89.361,other,0,-1,20,2
7485,82,80.623,78.222,76.873,106.651,107.157,109.025,92.000,101.500,73.000,75.500,other,0,-1,21,2
7486,82,68.918,68.837,66.820,106.658,107.224,109.104,82.000,101.875,51.000,67.139,other,0,-1,22,2
7487,66,61.581,65.895,60.741,106.984,107.621,109.249,82.000,103.167,62.000,62.722,other,0,-1,23,2
7488,53,57.523,60.296,52.152,106.918,107.613,109.312,66.000,103.333,57.000,61.389,other,0,-1,0,3
7489,59,55.063,58.796,59.100,106.533,107.266,109.051,53.000,103.167,62.000,64.194,other,0,-1,1,3
7490,59,57.016,61.843,58.832,106.162,106.935,108.793,59.000,103.042,62.000,65.056,other,0,-1,2,3
7491,66,59.293,62.886,58.805,105.791,106.604,108.536,59.000,102.917,56.000,61.583,other,0,-1,3,3
7492,60,63.710,66.212,61.782,105.608,106.467,108.317,66.000,103.333,64.000,61.250,other,0,-1,4,3
7493,57,64.972,64.814,63.746,105.222,106.121,108.056,60.000,103.167,66.000,63.500,other,0,-1,5,3
7494,68,69.769,66.188,68.085,104.764,105.699,107.781,57.000,102.792,68.000,67.778,other,0,-1,6,3
7495,63,79.780,73.932,77.965,104.436,105.413,107.532,68.000,102.792,71.000,79.889,other,0,-1,7,3
7496,99,94.283,83.526,85.706,103.993,105.006,107.259,63.000,102.458,94.000,92.417,other,0,-1,8,3
7497,87,111.159,103.733,108.408,103.737,104.795,107.026,99.000,102.667,105.000,115.000,other,0,-1,9,3
7498,152,130.144,125.119,116.598,103.149,104.239,106.722,87.000,101.917,125.000,126.583,other,0,-1,10,3
7499,136,150.550,151.214,153.188,103.212,104.357,106.555,152.000,103.042,121.000,145.861,other,0,-1,11,3
7500,142,159.915,162.362,155.818,103.102,104.296,106.352,136.000,103.667,198.000,168.111,other,0,-1,12,3
7501,144,166.729,167.522,162.686,101.963,103.170,105.934,142.000,101.333,158.000,177.472,other,0,-1,13,3
7502,206,167.171,166.262,162.780,101.433,102.673,105.643,144.000,100.750,186.000,176.694,other,0,-1,14,3
7503,152,175.814,186.006,185.686,101.395,102.687,105.455,206.000,101.583,150.000,173.972,other,0,-1,15,3
7504,165,153.501,154.641,152.015,101.096,102.430,105.212,152.000,101.667,160.000,162.111,other,0,-1,16,3
7505,125,139.688,147.790,146.774,100.841,102.219,104.979,165.000,101.875,151.000,150.028,other,0,-1,17,3
7506,120,121.538,121.808,118.126,100.136,101.543,104.652,125.000,100.792,127.000,132.389,other,0,-1,18,3
7507,90,103.054,106.328,105.550,99.707,101.151,104.382,120.000,100.500,77.000,108.528,other,0,-1,19,3
7508,107,88.119,85.951,85.903,99.568,101.060,104.172,90.000,101.042,92.000,100.083,other,0,-1,20,3
7509,92,69.480,81.024,83.060,99.458,100.998,103.969,107.000,101.667,82.000,85.306,other,0,-1,21,3
7510,78,58.462,69.069,71.734,99.275,100.862,103.751,92.000,102.083,82.000,74.778,other,0,-1,22,3
7511,63,51.096,59.848,62.689,98.889,100.515,103.490,78.000,101.917,66.000,70.444,other,0,-1,23,3
7512,42,46.739,52.718,55.320,98.518,100.184,103.232,63.000,101.792,53.000,60.917,other,0,-1,0,4
7513,60,43.539,49.014,47.608,98.073,99.729,102.838,42.000,101.333,59.000,56.972,other,0,-1,1,4
7514,68,48.084,56.777,49.974,97.802,99.455,102.480,60.000,101.375,59.000,51.583,other,0,-1,2,4
7515,39,53.695,61.534,52.077,97.648,99.301,102.146,68.000,101.750,66.000,54.556,other,0,-1,3,4
7516,75,48.071,51.142,48.284,96.971,98.606,101.703,39.000,100.625,60.000,57.139,other,0,-1,4,4
7517,59,60.902,65.849,59.899,96.903,98.542,101.387,75.000,101.250,57.000,54.694,other,0,-1,5,4
7518,45,59.316,61.262,61.909,96.647,98.283,101.032,59.000,101.333,68.000,65.167,other,0,-1,6,4
7519,64,67.079,63.249,65.783,96.028,97.648,100.601,45.000,100.375,63.000,74.667,other,0,-1,7,4
7520,84,80.550,78.001,81.257,95.757,97.374,100.243,64.000,100.417,99.000,86.667,other,0,-1,8,4
7521,109,97.481,98.673,100.521,95.255,96.860,99.837,84.000,99.792,87.000,109.861,other,0,-1,9,4
7522,116,116.943,125.026,124.120,95.288,96.900,99.542,109.000,100.708,152.000,125.222,other,0,-1,10,4
7523,142,135.268,144.427,139.556,94.481,96.071,99.072,116.000,99.208,136.000,147.361,other,0,-1,11,4
7524,185,152.707,162.280,160.694,94.283,95.872,98.729,142.000,99.458,142.000,161.111,other,0,-1,12,4
7525,131,172.867,184.261,186.349,94.620,96.227,98.498,185.000,101.250,144.000,174.694,other,0,-1,13,4
7526,174,164.130,156.496,158.941,94.147,95.743,98.098,131.000,100.708,206.000,178.167,other,0,-1,14,4
7527,154,166.339,166.765,173.080,93.398,94.974,97.640,174.000,99.375,152.000,172.583,other,0,-1,15,4
7528,200,150.327,148.724,153.157,93.142,94.714,97.285,154.000,99.458,165.000,165.472,other,0,-1,16,4
7529,129,139.396,158.045,162.938,93.363,94.949,97.029,200.000,100.917,125.000,138.861,other,0,-1,17,4
7530,130,109.938,114.625,116.022,93.136,94.720,96.680,129.000,101.083,120.000,121.333,other,0,-1,18,4
7531,108,89.387,100.672,103.832,92.995,94.581,96.350,130.000,101.500,90.000,101.944,other,0,-1,19,4
7532,89,72.512,81.808,85.728,92.971,94.561,96.043,108.000,102.250,107.000,84.222,other,0,-1,20,4
7533,63,58.604,66.481,72.202,92.425,94.002,95.627,89.000,101.500,92.000,70.889,other,0,-1,21,4
7534,66,48.769,52.365,59.932,91.719,93.278,95.178,63.000,100.292,78.000,63.889,other,0,-1,22,4
7535,49,39.969,48.874,55.923,91.260,92.808,94.781,66.000,99.792,63.000,57.111,other,0,-1,23,4
7536,42,35.647,42.208,49.159,90.772,92.309,94.378,49.000,99.208,42.000,38.722,other,0,-1,0,5
7537,30,34.603,42.097,31.918,90.744,92.235,94.176,42.000,99.208,60.000,42.139,other,0,-1,1,5
7538,48,34.100,39.631,30.300,90.281,91.711,93.883,30.000,97.958,68.000,43.389,other,0,-1,2,5
7539,39,41.562,47.929,35.137,89.963,91.336,93.621,48.000,97.125,39.000,43.528,other,0,-1,3,5
7540,41,41.195,45.485,36.346,89.935,91.262,93.420,39.000,97.125,75.000,42.111,other,0,-1,4,5
7541,45,44.400,47.466,41.181,89.415,90.678,93.115,41.000,95.708,59.000,43.028,other,0,-1,5,5
7542,37,49.015,51.296,48.294,89.184,90.394,92.871,45.000,95.125,45.000,55.167,other,0,-1,6,5
7543,37,55.336,54.300,53.453,89.040,90.199,92.645,37.000,94.792,64.000,63.917,other,0,-1,7,5
7544,51,68.524,63.937,61.937,88.621,89.720,92.362,37.000,93.667,84.000,81.722,other,0,-1,8,5
7545,83,84.898,80.062,76.700,88.114,89.151,92.060,51.000,92.292,109.000,98.167,other,0,-1,9,5
7546,122,102.638,104.417,101.687,87.710,88.687,91.780,83.000,91.208,116.000,102.556,other,0,-1,10,5
7547,147,123.724,134.425,133.363,87.769,88.702,91.596,122.000,91.458,142.000,122.722,other,0,-1,11,5
7548,143,143.370,154.953,156.676,87.813,88.703,91.410,147.000,91.667,185.000,141.028,other,0,-1,12,5
7549,195,151.365,154.127,157.918,87.176,87.999,91.081,143.000,89.917,131.000,161.333,other,0,-1,13,5
7550,146,171.219,182.201,191.681,88.075,88.884,91.073,195.000,92.583,174.000,179.778,other,0,-1,14,5
7551,136,151.796,148.815,153.974,87.642,88.390,90.787,146.000,91.417,154.000,180.472,other,0,-1,15,5
7552,199,138.637,136.724,137.707,87.353,88.045,90.531,136.000,90.667,200.000,165.833,other,0,-1,16,5
7553,92,130.936,150.606,158.307,87.310,87.956,90.326,199.000,90.625,129.000,148.556,other,0,-1,17,5
7554,93,103.991,100.750,89.206,86.746,87.327,90.012,92.000,89.083,130.000,114.861,other,0,-1,18,5
7555,65,85.124,85.001,76.965,86.182,86.698,89.699,93.000,87.542,108.000,90.528,other,0,-1,19,5
7556,75,71.147,66.645,59.754,85.531,85.979,89.367,65.000,85.750,89.000,74.972,other,0,-1,20,5
7557,59,53.426,56.025,55.783,85.300,85.694,89.123,75.000,85.167,63.000,60.444,other,0,-1,21,5
7558,33,43.035,45.787,48.111,85.214,85.560,88.909,59.000,85.000,66.000,52.389,other,0,-1,22,5
7559,44,36.591,36.604,40.626,84.708,84.991,88.608,33.000,83.625,49.000,44.139,other,0,-1,23,5
7560,26,32.225,38.228,40.307,84.607,84.841,88.391,44.000,83.417,42.000,32.472,other,0,-1,0,6
7561,40,30.794,33.523,30.597,84.626,84.798,88.452,26.000,82.750,30.000,34.500,other,0,-1,1,6
7562,33,36.416,41.173,34.814,85.021,85.145,88.592,40.000,83.167,48.000,33.361,other,0,-1,2,6
7563,26,37.146,40.626,35.925,85.054,85.116,88.656,33.000,82.542,39.000,35.222,other,0,-1,3,6
7564,39,37.485,39.573,37.899,85.116,85.118,88.727,26.000,82.000,41.000,34.028,other,0,-1,4,6
7565,29,43.994,46.452,45.837,85.337,85.285,88.830,39.000,81.917,45.000,36.611,other,0,-1,5,6
7566,42,44.572,45.612,48.887,85.356,85.241,88.891,29.000,81.250,37.000,38.694,other,0,-1,6,6
7567,46,53.207,55.637,59.570,85.678,85.513,89.016,42.000,81.458,37.000,47.194,other,0,-1,7,6
7568,62,64.625,65.948,68.325,86.059,85.844,89.153,46.000,81.833,51.000,59.167,other,0,-1,8,6
7569,86,81.082,82.705,82.296,86.469,86.206,89.296,62.000,82.292,83.000,78.778,other,0,-1,9,6
7570,95,100.498,103.473,100.982,86.762,86.447,89.415,86.000,82.417,122.000,101.278,other,0,-1,10,6
7571,121,119.004,116.184,112.006,86.622,86.239,89.443,95.000,81.292,147.000,121.778,other,0,-1,11,6
7572,100,136.687,135.643,131.979,86.495,86.046,89.474,121.000,80.208,143.000,140.833,other,0,-1,12,6
7573,130,143.710,131.905,121.245,86.123,85.598,89.453,100.000,78.417,195.000,148.472,other,0,-1,13,6
7574,169,149.551,146.225,139.376,85.431,84.820,89.366,130.000,75.708,146.000,156.639,other,0,-1,14,6
7575,147,152.915,159.252,161.958,86.015,85.362,89.545,169.000,76.667,136.000,153.306,other,0,-1,15,6
7576,137,136.843,141.375,139.248,86.424,85.723,89.688,147.000,77.125,199.000,133.083,other,0,-1,16,6
7577,128,120.315,126.071,121.790,85.776,84.990,89.610,137.000,74.542,92.000,123.667,other,0,-1,17,6
7578,110,101.709,108.209,102.786,86.548,85.726,89.829,128.000,76.042,93.000,102.583,other,0,-1,18,6
7579,83,84.091,88.607,80.819,87.045,86.178,89.990,110.000,76.750,65.000,79.889,other,0,-1,19,6
7580,87,69.405,70.561,61.428,87.556,86.644,90.154,83.000,77.500,75.000,59.111,other,0,-1,20,6
7581,38,55.466,60.580,55.500,87.980,87.021,90.300,87.000,78.000,59.000,47.306,other,0,-1,21,6
7582,28,47.787,46.444,42.148,87.926,86.903,90.346,38.000,77.125,33.000,35.306,other,0,-1,22,6
7583,28,40.546,40.873,38.710,88.104,87.024,90.441,28.000,76.917,44.000,32.556,other,0,-1,23,6
7584,56,36.925,40.028,37.773,88.122,86.981,90.502,28.000,76.250,26.000,61.343,other,0,-1,0,0
7585,68,44.315,50.968,47.002,88.897,87.750,90.931,56.000,77.500,40.000,59.743,other,0,-1,1,0
7586,56,54.551,61.856,50.992,89.643,88.490,91.354,68.000,78.667,33.000,61.829,other,0,-1,2,0
7587,55,52.370,58.957,51.096,90.316,89.154,91.762,56.000,79.625,26.000,63.543,other,0,-1,3,0
7588,56,54.114,60.524,55.123,91.077,89.908,92.188,55.000,80.833,39.000,60.000,other,0,-1,4,0
7589,57,55.376,62.762,61.048,91.663,90.483,92.578,56.000,81.542,29.000,77.171,other,0,-1,5,0
7590,78,56.686,66.121,68.316,92.409,91.222,93.001,57.000,82.708,42.000,77.686,other,0,-1,6,0
7591,68,68.180,81.914,83.579,93.270,92.081,93.449,78.000,84.208,46.000,91.543,other,0,-1,7,0
7592,96,72.732,87.296,88.693,93.929,92.730,93.854,68.000,85.125,62.000,101.114,other,0,-1,8,0
7593,99,93.214,112.436,109.310,94.762,93.560,94.295,96.000,86.542,86.000,122.829,other,0,-1,9,0
7594,104,110.799,126.634,119.055,95.291,94.074,94.673,99.000,87.083,95.000,137.200,other,0,-1,10,0
7595,180,129.402,138.286,128.259,95.761,94.529,95.038,104.000,87.458,121.000,150.314,other,0,-1,11,0
7596,149,172.922,181.283,177.704,96.956,95.733,95.555,180.000,89.917,100.000,163.229,other,0,-1,12,0
7597,140,163.450,164.100,160.421,98.006,96.787,96.042,149.000,91.958,130.000,172.800,other,0,-1,13,0
7598,160,164.399,159.528,153.725,98.491,97.256,96.410,140.000,92.375,169.000,172.257,other,0,-1,14,0
7599,166,163.895,162.255,161.506,98.701,97.441,96.722,160.000,92.000,147.000,183.343,other,0,-1,15,0
7600,154,153.908,154.686,157.390,99.316,98.045,97.118,166.000,92.792,137.000,162.143,other,0,-1,16,0
7601,163,136.286,136.815,139.662,99.903,98.620,97.507,154.000,93.500,128.000,148.800,other,0,-1,17,0
7602,152,118.908,122.274,131.617,100.750,99.464,97.952,163.000,94.958,110.000,128.829,other,0,-1,18,0
7603,90,100.028,102.660,112.158,101.699,100.413,98.417,152.000,96.708,83.000,110.171,other,0,-1,19,0
7604,102,83.748,79.175,78.919,102.140,100.837,98.777,90.000,97.000,87.000,85.143,other,0,-1,20,0
7605,56,70.000,71.222,74.303,102.698,101.382,99.160,102.000,97.625,38.000,75.143,other,0,-1,21,0
7606,47,60.797,58.025,57.883,103.299,101.971,99.553,56.000,98.375,28.000,65.229,other,0,-1,22,0
7607,58,54.243,53.735,52.606,103.914,102.576,99.949,47.000,99.167,28.000,63.543,other,0,-1,23,0
7608,55,54.481,57.525,53.074,104.689,103.345,100.378,58.000,100.417,56.000,61.694,other,0,-1,0,1
7609,65,53.711,56.983,52.141,104.848,103.532,100.688,55.000,100.375,68.000,62.000,other,0,-1,1,1
7610,51,60.207,63.442,53.758,104.979,103.689,100.991,65.000,100.250,56.000,62.222,other,0,-1,2,1
7611,79,57.925,59.904,52.493,105.080,103.816,101.288,51.000,100.042,55.000,61.389,other,0,-1,3,1
7612,67,72.927,73.297,62.003,105.602,104.377,101.673,79.000,101.042,56.000,63.583,other,0,-1,4,1
7613,64,67.320,69.234,64.652,105.935,104.744,102.019,67.000,101.500,57.000,65.139,other,0,-1,5,1
7614,78,67.938,70.918,70.989,106.211,105.051,102.352,64.000,101.792,78.000,66.417,other,0,-1,6,1
7615,69,76.991,81.639,83.783,106.385,105.253,102.665,78.000,101.792,68.000,77.639,other,0,-1,7,1
7616,88,86.752,90.784,90.916,106.573,105.470,102.980,69.000,101.833,96.000,91.833,other,0,-1,8,1
7617,89,105.303,111.382,108.454,106.631,105.552,103.268,88.000,101.500,99.000,109.944,other,0,-1,9,1
7618,139,124.545,130.510,119.340,106.660,105.604,103.550,89.000,101.083,104.000,131.361,other,0,-1,10,1
7619,148,149.962,153.912,152.359,107.341,106.330,103.968,139.000,102.542,180.000,148.500,other,0,-1,11,1
7620,181,164.549,165.668,164.178,107.051,106.052,104.184,148.000,101.208,149.000,174.389,other,0,-1,12,1
7621,175,182.323,181.259,185.839,107.689,106.734,104.593,181.000,102.542,140.000,191.778,other,0,-1,13,1
7622,182,178.830,178.250,181.007,108.370,107.461,105.011,175.000,104.000,160.000,190.222,other,0,-1,14,1
7623,133,175.196,175.915,178.923,108.863,107.992,105.390,182.000,104.917,166.000,183.056,other,0,-1,15,1
7624,146,158.536,151.239,142.323,108.558,107.700,105.603,133.000,103.542,154.000,168.806,other,0,-1,16,1
7625,199,145.667,141.513,137.437,108.616,107.782,105.891,146.000,103.208,163.000,158.750,other,0,-1,17,1
7626,119,136.918,144.385,151.508,109.312,108.523,106.312,199.000,104.708,152.000,131.639,other,0,-1,18,1
7627,95,110.940,104.318,104.282,109.008,108.230,106.524,119.000,103.333,90.000,103.944,other,0,-1,19,1
7628,101,95.304,86.700,87.849,109.254,108.507,106.852,95.000,103.542,102.000,92.389,other,0,-1,20,1
7629,80,79.529,77.169,82.258,109.414,108.694,107.161,101.000,103.500,56.000,77.389,other,0,-1,21,1
7630,67,69.616,67.644,69.178,109.935,109.256,107.546,80.000,104.500,47.000,64.944,other,0,-1,22,1
7631,49,63.136,62.804,59.875,110.399,109.757,107.919,67.000,105.333,58.000,62.889,other,0,-1,23,1
7632,65,59.125,58.351,51.111,110.442,109.824,108.204,49.000,104.958,55.000,59.639,other,0,-1,0,2
7633,70,60.450,64.155,57.547,110.464,109.907,108.285,65.000,105.375,65.000,64.167,other,0,-1,1,2
7634,45,64.255,67.528,57.290,110.413,109.914,108.352,70.000,105.583,51.000,56.194,other,0,-1,2,2
7635,64,60.232,59.971,52.918,110.203,109.756,108.385,45.000,105.333,79.000,60.528,other,0,-1,3,2
7636,84,67.409,67.209,58.429,109.862,109.463,108.390,64.000,104.708,67.000,62.444,other,0,-1,4,2
7637,56,77.111,75.513,66.735,109.985,109.650,108.493,84.000,105.417,64.000,62.833,other,0,-1,5,2
7638,71,72.752,68.202,66.028,109.746,109.463,108.520,56.000,105.083,78.000,70.472,other,0,-1,6,2
7639,65,83.054,77.125,77.268,109.521,109.290,108.549,71.000,104.792,69.000,78.639,other,0,-1,7,2
7640,79,96.804,86.900,85.032,109.340,109.162,108.588,65.000,104.625,88.000,89.639,other,0,-1,8,2
7641,92,114.531,104.934,100.360,109.087,108.959,108.612,79.000,104.250,89.000,104.833,other,0,-1,9,2
7642,137,133.116,126.373,116.854,109.007,108.937,108.672,92.000,104.375,139.000,127.694,other,0,-1,10,2
7643,169,152.296,146.494,146.910,108.854,108.839,108.717,137.000,104.292,148.000,145.361,other,0,-1,11,2
7644,194,169.753,165.642,170.872,109.035,109.086,108.832,169.000,105.167,181.000,159.222,other,0,-1,12,2
7645,158,182.000,181.631,187.908,109.100,109.213,108.922,194.000,105.708,175.000,182.222,other,0,-1,13,2
7646,204,169.921,172.508,168.916,108.731,108.890,108.922,158.000,105.000,182.000,185.000,other,0,-1,14,2
7647,187,175.704,186.047,186.073,108.926,109.152,109.040,204.000,105.917,133.000,172.750,other,0,-1,15,2
7648,141,161.307,170.716,167.188,109.585,109.894,109.254,187.000,108.167,146.000,158.694,other,0,-1,16,2
7649,153,145.252,143.084,132.797,109.389,109.751,109.290,141.000,107.958,199.000,148.139,other,0,-1,17,2
7650,135,128.948,132.309,126.676,108.600,108.994,109.202,153.000,106.042,119.000,124.722,other,0,-1,18,2
7651,86,111.383,112.274,108.737,108.708,109.166,109.301,135.000,106.708,95.000,108.833,other,0,-1,19,2
7652,81,99.007,88.183,82.628,108.455,108.963,109.325,86.000,106.333,101.000,89.361,other,0,-1,20,2
7653,69,82.812,75.464,73.764,108.042,108.596,109.316,81.000,105.500,80.000,75.500,other,0,-1,21,2
7654,76,70.792,65.309,63.588,107.759,108.363,109.334,69.000,105.042,67.000,67.139,other,0,-1,22,2
7655,72,61.848,63.296,59.321,107.766,108.430,109.412,76.000,105.417,49.000,62.722,other,0,-1,23,2
7656,60,58.572,61.585,53.712,107.976,108.707,109.533,72.000,106.375,65.000,61.389,other,0,-1,0,3
7657,53,56.205,60.581,60.922,107.576,108.346,109.269,60.000,106.167,70.000,64.194,other,0,-1,1,3
7658,61,56.222,59.288,58.149,107.002,107.804,108.969,53.000,105.458,45.000,65.056,other,0,-1,2,3
7659,59,60.010,63.227,59.636,106.906,107.758,108.769,61.000,106.125,64.000,61.583,other,0,-1,3,3
7660,53,61.950,63.306,60.697,106.506,107.396,108.505,59.000,105.917,84.000,61.250,other,0,-1,4,3
7661,47,63.941,62.412,62.492,105.729,106.645,108.162,53.000,104.625,56.000,63.500,other,0,-1,5,3
7662,57,69.561,63.754,65.983,105.271,106.224,107.886,47.000,104.250,71.000,67.778,other,0,-1,6,3
7663,93,79.975,71.791,75.190,104.741,105.728,107.595,57.000,103.667,65.000,79.889,other,0,-1,7,3
7664,97,94.590,88.350,95.006,104.818,105.861,107.431,93.000,104.833,79.000,92.417,other,0,-1,8,3
7665,79,111.420,103.770,107.967,104.752,105.844,107.237,97.000,105.583,92.000,115.000,other,0,-1,9,3
7666,144,131.154,125.704,114.086,104.236,105.363,106.949,79.000,105.042,137.000,126.583,other,0,-1,10,3
7667,127,149.181,150.322,150.368,104.009,105.182,106.722,144.000,105.333,169.000,145.861,other,0,-1,11,3
7668,157,159.576,161.064,152.812,103.073,104.266,106.346,127.000,103.583,194.000,168.111,other,0,-1,12,3
7669,202,169.430,171.698,169.579,102.209,103.424,105.986,157.000,102.042,158.000,177.472,other,0,-1,13,3
7670,199,181.150,189.099,189.587,102.519,103.798,105.870,202.000,103.875,204.000,176.694,other,0,-1,14,3
7671,139,173.285,182.848,183.150,102.119,103.436,105.606,199.000,103.667,187.000,173.972,other,0,-1,15,3
7672,167,153.035,150.893,146.495,101.096,102.430,105.212,139.000,101.667,141.000,162.111,other,0,-1,16,3
7673,136,140.127,148.542,147.872,101.145,102.534,105.042,167.000,102.750,153.000,150.028,other,0,-1,17,3
7674,119,121.626,124.459,122.683,100.571,101.992,104.742,136.000,102.042,135.000,132.389,other,0,-1,18,3
7675,95,103.784,105.590,105.257,100.012,101.466,104.445,119.000,101.375,86.000,108.528,other,0,-1,19,3
7676,127,88.022,86.393,87.663,99.814,101.314,104.224,95.000,101.750,81.000,100.083,other,0,-1,20,3
7677,58,68.966,90.261,89.523,100.153,101.718,104.114,127.000,103.667,69.000,85.306,other,0,-1,21,3
7678,61,62.312,58.678,63.747,99.666,101.266,103.832,58.000,103.208,76.000,74.778,other,0,-1,22,3
7679,66,51.907,54.042,59.419,99.121,100.755,103.538,61.000,102.583,72.000,70.444,other,0,-1,23,3
7680,63,47.120,53.259,56.531,98.706,100.379,103.272,66.000,102.333,60.000,60.917,other,0,-1,0,4
7681,55,46.621,56.034,52.148,98.464,100.134,102.920,63.000,102.458,53.000,56.972,other,0,-1,1,4
7682,45,46.935,54.466,49.759,98.208,99.875,102.564,55.000,102.542,61.000,51.583,other,0,-1,2,4
7683,60,46.956,51.949,48.253,97.691,99.346,102.155,45.000,101.875,59.000,54.556,other,0,-1,3,4
7684,59,53.476,58.609,53.000,97.420,99.071,101.797,60.000,101.917,53.000,57.139,other,0,-1,4,4
7685,45,55.620,59.036,56.494,97.222,98.872,101.454,59.000,102.167,47.000,54.694,other,0,-1,5,4
7686,63,57.853,56.949,58.694,96.907,98.552,101.087,45.000,102.083,57.000,65.167,other,0,-1,6,4
7687,87,67.755,67.439,71.094,96.709,98.353,100.744,63.000,102.333,93.000,74.667,other,0,-1,7,4
7688,88,81.523,84.007,89.320,96.337,97.974,100.364,87.000,102.083,97.000,86.667,other,0,-1,8,4
7689,101,97.811,99.757,102.264,95.921,97.549,99.976,88.000,101.708,79.000,109.861,other,0,-1,9,4
7690,131,117.062,123.150,120.860,95.954,97.590,99.681,101.000,102.625,144.000,125.222,other,0,-1,10,4
7691,126,137.025,149.467,146.703,95.481,97.105,99.281,131.000,102.083,127.000,147.361,other,0,-1,11,4
7692,174,150.958,156.881,153.403,95.181,96.801,98.917,126.000,102.042,157.000,161.111,other,0,-1,12,4
7693,180,169.120,178.310,180.929,95.142,96.767,98.607,174.000,102.750,202.000,174.694,other,0,-1,13,4
7694,193,173.168,177.239,182.712,94.538,96.147,98.179,180.000,101.833,199.000,178.167,other,0,-1,14,4
7695,207,171.632,176.848,183.248,94.166,95.768,97.800,193.000,101.583,139.000,172.583,other,0,-1,15,4
7696,151,162.932,174.825,180.938,94.865,96.498,97.645,207.000,104.417,167.000,165.472,other,0,-1,16,4
7697,133,131.995,135.309,139.601,94.348,95.969,97.235,151.000,103.750,136.000,138.861,other,0,-1,17,4
7698,103,110.537,115.423,117.894,94.020,95.634,96.865,133.000,103.625,119.000,121.333,other,0,-1,18,4
7699,84,92.391,93.331,94.407,93.502,95.105,96.455,103.000,102.958,95.000,101.944,other,0,-1,19,4
7700,89,75.979,75.497,78.895,93.058,94.651,96.061,84.000,102.500,127.000,84.222,other,0,-1,20,4
7701,62,58.788,65.253,72.662,92.222,93.792,95.585,89.000,100.917,58.000,70.889,other,0,-1,21,4
7702,68,48.868,50.876,60.399,91.995,93.563,95.236,62.000,101.083,61.000,63.889,other,0,-1,22,4
7703,58,40.056,48.169,57.154,91.811,93.378,94.896,68.000,101.375,66.000,57.111,other,0,-1,23,4
7704,40,36.129,43.587,51.810,91.410,92.969,94.511,58.000,101.042,63.000,38.722,other,0,-1,0,5
7705,37,34.268,39.552,33.026,91.048,92.550,94.239,40.000,100.083,55.000,42.139,other,0,-1,1,5
7706,47,35.606,40.277,32.942,90.759,92.205,93.983,37.000,99.333,45.000,43.389,other,0,-1,2,5
7707,45,41.401,45.900,36.344,90.760,92.161,93.788,47.000,99.417,60.000,43.528,other,0,-1,3,5
7708,40,43.381,46.425,38.861,90.515,91.862,93.541,45.000,98.792,59.000,42.111,other,0,-1,4,5
7709,38,44.340,45.933,42.023,90.211,91.502,93.281,40.000,98.000,45.000,43.028,other,0,-1,5,5
7710,39,47.892,48.101,47.238,90.082,91.323,93.059,38.000,97.708,63.000,55.167,other,0,-1,6,5
7711,61,55.648,54.151,54.641,89.706,90.889,92.784,39.000,96.708,87.000,63.917,other,0,-1,7,5
7712,87,68.545,69.890,71.063,89.301,90.425,92.504,61.000,95.625,88.000,81.722,other,0,-1,8,5
7713,83,85.390,92.155,92.851,89.259,90.335,92.299,87.000,95.583,101.000,98.167,other,0,-1,9,5
7714,120,103.416,104.483,101.513,88.970,89.991,92.043,83.000,94.833,131.000,102.556,other,0,-1,10,5
7715,1004,123.941,133.448,131.747,88.783,89.752,91.808,120.000,94.375,126.000,122.722,inside,1,0,11,5
7716,1041,396.046,460.152,459.025,101.473,102.839,94.263,1004.000,130.958,174.000,141.028,inside,1,1,12,5
7717,1030,398.190,464.978,461.886,114.005,115.762,96.684,1041.000,167.083,180.000,161.333,inside,1,2,13,5
7718,1285,398.472,465.419,462.137,126.290,128.430,99.054,1030.000,202.500,193.000,179.778,inside,1,3,14,5
7719,1057,400.390,475.832,471.555,142.081,144.725,102.155,1285.000,248.000,207.000,180.472,inside,1,4,15,5
7720,837,396.013,463.744,463.898,154.366,157.393,104.525,1057.000,283.417,151.000,165.833,inside,1,5,16,5
7721,105,387.022,443.752,448.491,164.275,167.603,106.399,837.000,312.000,133.000,148.556,after,1,6,17,5
7722,101,144.504,66.964,110.180,163.841,167.108,106.112,105.000,310.833,103.000,114.861,after,1,7,18,5
7723,77,112.077,48.712,97.508,163.784,167.004,105.905,101.000,310.750,84.000,90.528,after,1,8,19,5
7724,70,85.704,33.404,87.792,163.655,166.825,105.682,77.000,310.458,89.000,74.972,after,1,9,20,5
7725,56,64.876,24.070,84.931,163.351,166.465,105.423,70.000,309.667,62.000,60.444,after,1,10,21,5
7726,52,51.302,17.807,82.669,163.236,166.301,105.203,56.000,309.417,68.000,52.389,after,1,11,22,5
7727,43,45.374,14.542,81.572,162.977,165.987,104.953,52.000,308.750,58.000,44.139,after,1,12,23,5
7728,33,42.675,12.731,80.085,162.731,165.687,104.706,43.000,308.125,40.000,32.472,after,1,13,0,6
7729,27,42.031,8.248,67.936,162.880,165.779,104.794,33.000,307.833,37.000,34.500,after,1,14,1,6
7730,41,43.668,8.765,66.689,162.985,165.826,104.874,27.000,307.417,47.000,33.361,after,1,15,2,6
7731,21,52.822,11.900,66.398,163.149,165.932,104.965,41.000,307.167,45.000,35.222,after,1,16,3,6
7732,28,49.086,12.284,63.783,163.051,165.769,105.002,21.000,306.167,40.000,34.028,after,1,17,4,6
7733,42,55.599,16.423,63.394,163.128,165.786,105.075,28.000,305.667,38.000,36.611,after,1,18,5,6
7734,36,65.454,23.422,65.584,163.436,166.042,105.197,42.000,305.833,39.000,38.694,after,1,19,6,6
7735,48,72.130,29.538,67.200,163.643,166.194,105.298,36.000,305.708,61.000,47.194,after,1,20,7,6
7736,69,88.397,41.884,75.382,163.705,166.196,105.368,48.000,305.167,87.000,59.167,after,1,21,8,6
7737,83,110.146,60.503,90.619,163.694,166.122,105.423,69.000,304.417,83.000,78.778,after,1,22,9,6
7738,92,134.944,79.333,105.945,163.945,166.319,105.533,83.000,304.417,120.000,101.278,after,1,23,10,6
7739,116,161.364,94.186,118.688,163.789,166.096,105.558,92.000,303.250,1004.000,121.778,after,1,24,11,6
7740,166,168.075,114.413,138.792,151.176,152.980,102.981,116.000,266.250,1041.000,140.833,after,1,25,12,6
7741,142,180.110,151.447,175.345,138.751,140.060,100.444,166.000,229.792,1030.000,148.472,after,1,26,13,6
7742,190,161.842,137.904,156.819,126.137,126.945,97.867,142.000,192.792,1285.000,156.639,after,1,27,14,6
7743,141,170.052,163.361,182.730,110.525,110.726,94.664,190.000,147.167,1057.000,153.306,after,1,28,15,6
7744,123,134.141,135.815,137.086,97.506,97.191,92.003,141.000,109.000,837.000,133.083,after,1,29,16,6
7745,117,122.088,121.700,114.297,87.413,86.684,89.952,123.000,79.250,105.000,123.667,other,0,-1,17,6
7746,82,104.019,105.018,98.067,87.837,87.061,90.098,117.000,79.750,101.000,102.583,other,0,-1,18,6
7747,83,89.219,84.305,72.203,87.813,86.972,90.150,82.000,78.958,77.000,79.889,other,0,-1,19,6
7748,59,71.097,69.220,62.767,88.150,87.259,90.278,83.000,79.208,70.000,59.111,other,0,-1,20,6
7749,54,58.704,55.207,50.998,88.241,87.291,90.355,59.000,78.750,56.000,47.306,other,0,-1,21,6
7750,36,47.646,47.435,46.757,88.462,87.457,90.458,54.000,78.667,52.000,35.306,other,0,-1,22,6
7751,44,41.117,41.056,41.918,88.480,87.414,90.519,36.000,78.000,43.000,32.556,other,0,-1,23,6
7752,75,39.247,43.174,42.547,88.745,87.626,90.632,44.000,78.042,33.000,61.343,other,0,-1,0,0
7753,53,52.808,58.908,53.787,89.694,88.575,91.098,75.000,79.792,27.000,59.743,other,0,-1,1,0
7754,73,47.609,53.147,50.259,90.411,89.284,91.515,53.000,80.875,41.000,61.829,other,0,-1,2,0
7755,79,62.304,67.518,57.832,91.214,90.083,91.950,73.000,82.208,21.000,63.543,other,0,-1,3,0
7756,61,68.971,73.582,64.150,92.395,91.272,92.464,79.000,84.625,28.000,60.000,other,0,-1,4,0
7757,70,58.233,64.688,64.859,93.213,92.087,92.902,61.000,86.000,42.000,77.171,other,0,-1,5,0
7758,66,62.959,72.097,74.556,93.959,92.826,93.325,70.000,87.167,36.000,77.686,other,0,-1,6,0
7759,76,63.827,75.573,81.086,94.734,93.595,93.754,66.000,88.417,48.000,91.543,other,0,-1,7,0
7760,102,75.010,90.028,93.164,95.479,94.334,94.177,76.000,89.583,69.000,101.114,other,0,-1,8,0
7761,84,95.518,114.840,113.021,96.298,95.149,94.616,102.000,90.958,83.000,122.829,other,0,-1,9,0
7762,102,109.592,120.607,112.389,96.652,95.483,94.957,84.000,91.000,92.000,137.200,other,0,-1,10,0
7763,143,130.032,137.073,127.338,97.137,95.953,95.326,102.000,91.417,116.000,150.314,other,0,-1,11,0
7764,165,153.331,159.811,154.585,97.869,96.677,95.746,143.000,92.542,166.000,163.229,other,0,-1,12,0
7765,159,168.766,172.099,170.148,98.194,96.982,96.081,165.000,92.500,142.000,172.800,other,0,-1,13,0
7766,190,168.405,167.159,165.261,98.781,97.556,96.471,159.000,93.208,190.000,172.257,other,0,-1,14,0
7767,165,172.957,176.233,180.897,99.121,97.875,96.809,190.000,93.208,141.000,183.343,other,0,-1,15,0
7768,181,153.901,154.210,157.133,99.809,98.555,97.220,165.000,94.208,123.000,162.143,other,0,-1,16,0
7769,131,141.021,145.398,156.067,100.989,99.744,97.734,181.000,96.625,117.000,148.800,other,0,-1,17,0
7770,122,117.195,114.525,116.806,101.532,100.273,98.115,131.000,97.208,82.000,128.829,other,0,-1,18,0
7771,78,98.502,96.161,101.129,102.452,101.192,98.574,122.000,98.875,83.000,110.171,other,0,-1,19,0
7772,77,84.608,76.824,77.211,102.720,101.437,98.898,78.000,98.667,59.000,85.143,other,0,-1,20,0
7773,80,69.658,65.405,69.771,103.321,102.026,99.291,77.000,99.417,54.000,75.143,other,0,-1,21,0
7774,62,60.417,60.644,65.200,104.037,102.736,99.708,80.000,100.500,36.000,65.229,other,0,-1,22,0
7775,47,54.712,55.273,57.915,104.754,103.445,100.125,62.000,101.583,44.000,63.543,other,0,-1,23,0
7776,44,51.695,52.011,52.840,105.138,103.810,100.472,47.000,101.708,75.000,61.694,other,0,-1,0,1
7777,63,51.190,51.504,51.517,104.863,103.547,100.691,44.000,100.417,53.000,62.000,other,0,-1,1,1
7778,63,59.408,60.729,55.021,105.182,103.899,101.033,63.000,100.833,73.000,62.222,other,0,-1,2,1
7779,51,62.788,62.938,56.471,105.211,103.951,101.315,63.000,100.417,79.000,61.389,other,0,-1,3,1
7780,80,59.962,59.806,57.125,104.979,103.733,101.543,51.000,99.250,61.000,63.583,other,0,-1,4,1
7781,54,73.888,73.493,69.053,105.428,104.219,101.913,80.000,100.042,70.000,65.139,other,0,-1,5,1
7782,60,65.481,66.471,69.338,105.370,104.181,102.177,54.000,99.375,66.000,66.417,other,0,-1,6,1
7783,67,73.489,75.378,79.104,105.457,104.293,102.471,60.000,99.125,76.000,77.639,other,0,-1,7,1
7784,77,86.758,89.533,90.700,105.501,104.360,102.756,67.000,98.750,102.000,91.833,other,0,-1,8,1
7785,91,104.751,108.998,104.400,105.313,104.188,102.993,77.000,97.708,84.000,109.944,other,0,-1,9,1
7786,114,124.847,130.189,120.193,105.588,104.494,103.326,91.000,98.000,102.000,131.361,other,0,-1,10,1
7787,131,144.675,148.675,139.754,105.936,104.876,103.675,114.000,98.500,143.000,148.500,other,0,-1,11,1
7788,174,160.421,161.213,154.938,105.936,104.898,103.951,131.000,98.000,165.000,174.389,other,0,-1,12,1
7789,182,178.942,178.197,181.577,106.240,105.235,104.290,174.000,98.375,159.000,191.778,other,0,-1,13,1
7790,199,181.068,180.878,184.809,106.747,105.782,104.672,182.000,99.333,190.000,190.222,other,0,-1,14,1
7791,233,181.146,183.500,188.646,107.052,106.118,105.012,199.000,99.708,165.000,183.056,other,0,-1,15,1
7792,183,189.123,193.235,198.580,108.211,107.340,105.530,233.000,102.542,181.000,168.806,other,0,-1,16,1
7793,128,150.065,151.927,156.469,108.414,107.572,105.848,183.000,102.625,131.000,158.750,other,0,-1,17,1
7794,132,128.853,120.365,117.375,108.544,107.729,106.152,128.000,102.500,122.000,131.639,other,0,-1,18,1
7795,112,109.873,104.301,108.910,108.863,108.080,106.494,132.000,102.917,78.000,103.944,other,0,-1,19,1
7796,87,93.010,86.529,92.662,109.529,108.792,106.909,112.000,104.333,77.000,92.389,other,0,-1,20,1
7797,83,79.551,72.137,77.365,109.848,109.144,107.252,87.000,104.750,80.000,77.389,other,0,-1,21,1
7798,60,68.987,65.502,69.020,110.066,109.391,107.573,83.000,104.875,62.000,64.944,other,0,-1,22,1
7799,70,62.138,58.192,57.127,110.211,109.563,107.880,60.000,104.792,47.000,62.889,other,0,-1,23,1
7800,47,61.887,61.793,54.952,110.718,110.109,108.262,70.000,105.750,44.000,59.639,other,0,-1,0,2
7801,53,57.638,56.347,52.901,110.638,110.086,108.322,47.000,105.875,63.000,64.167,other,0,-1,1,2
7802,45,59.621,59.360,52.882,110.370,109.869,108.343,53.000,105.458,63.000,56.194,other,0,-1,2,2
7803,59,60.123,58.113,51.887,109.986,109.531,108.339,45.000,104.708,51.000,60.528,other,0,-1,3,2
7804,68,65.971,63.849,56.491,109.978,109.583,108.414,59.000,105.042,80.000,62.444,other,0,-1,4,2
7805,65,71.155,68.133,62.154,109.681,109.336,108.429,68.000,104.542,54.000,62.833,other,0,-1,5,2
7806,66,74.608,69.551,67.354,109.717,109.433,108.514,65.000,105.000,60.000,70.472,other,0,-1,6,2
7807,75,83.405,75.454,75.375,109.681,109.455,108.583,66.000,105.250,67.000,78.639,other,0,-1,7,2
7808,90,97.762,87.564,87.651,109.673,109.507,108.658,75.000,105.583,77.000,89.639,other,0,-1,8,2
7809,109,115.726,105.226,104.065,109.738,109.634,108.748,90.000,106.125,91.000,104.833,other,0,-1,9,2
7810,136,134.863,126.164,123.658,109.876,109.836,108.854,109.000,106.875,114.000,127.694,other,0,-1,10,2
7811,201,153.358,146.717,146.925,110.071,110.098,108.972,136.000,107.792,131.000,145.361,other,0,-1,11,2
7812,158,184.731,175.461,187.285,110.962,111.080,109.234,201.000,110.708,174.000,159.222,other,0,-1,12,2
7813,197,171.876,171.851,170.722,110.607,110.772,109.237,158.000,110.042,182.000,182.222,other,0,-1,13,2
7814,198,180.609,186.108,189.302,110.701,110.929,109.334,197.000,110.667,199.000,185.000,other,0,-1,14,2
7815,160,174.101,183.493,183.498,110.563,110.846,109.382,198.000,110.625,233.000,172.750,other,0,-1,15,2
7816,189,157.525,160.643,153.633,109.382,109.684,109.212,160.000,107.583,183.000,158.694,other,0,-1,16,2
7817,172,147.700,160.598,155.762,109.346,109.706,109.281,189.000,107.833,128.000,148.139,other,0,-1,17,2
7818,119,129.547,139.772,135.126,109.860,110.298,109.465,172.000,109.667,132.000,124.722,other,0,-1,18,2
7819,112,113.282,108.283,102.243,109.548,110.035,109.477,119.000,109.125,112.000,108.833,other,0,-1,19,2
7820,103,95.620,93.011,91.040,109.425,109.968,109.528,112.000,109.125,87.000,89.361,other,0,-1,20,2
7821,49,80.486,80.631,80.006,109.534,110.140,109.627,103.000,109.792,83.000,75.500,other,0,-1,21,2
7822,66,73.998,62.606,58.065,108.918,109.562,109.576,49.000,108.375,60.000,67.139,other,0,-1,22,2
7823,59,62.363,60.841,56.308,108.881,109.584,109.645,66.000,108.625,70.000,62.722,other,0,-1,23,2
7824,62,57.910,57.814,50.015,108.599,109.352,109.663,59.000,108.167,47.000,61.389,other,0,-1,0,3
7825,48,56.860,61.438,60.893,108.488,109.290,109.459,62.000,108.792,53.000,64.194,other,0,-1,1,3
7826,83,55.917,57.881,56.825,108.088,108.929,109.196,48.000,108.583,45.000,65.056,other,0,-1,2,3
7827,56,67.804,72.469,63.747,108.311,109.212,109.062,83.000,110.167,59.000,61.583,other,0,-1,3,3
7828,48,61.577,62.443,59.782,107.940,108.881,108.804,56.000,110.042,68.000,61.250,other,0,-1,4,3
7829,66,63.664,61.181,61.226,107.323,108.294,108.495,48.000,109.208,65.000,63.500,other,0,-1,5,3
7830,66,71.393,68.668,70.326,107.009,108.023,108.249,66.000,109.250,66.000,67.778,other,0,-1,6,3
7831,82,80.357,73.650,77.597,106.682,107.736,108.001,66.000,109.250,75.000,79.889,other,0,-1,7,3
7832,86,94.426,86.299,91.707,106.455,107.555,107.773,82.000,109.542,90.000,92.417,other,0,-1,8,3
7833,107,112.038,102.841,104.484,106.070,107.209,107.513,86.000,109.375,109.000,115.000,other,0,-1,9,3
7834,123,130.534,125.952,124.480,105.713,106.892,107.258,107.000,109.292,136.000,126.583,other,0,-1,10,3
7835,115,147.748,147.945,142.613,105.197,106.411,106.970,123.000,108.750,201.000,145.861,other,0,-1,11,3
7836,150,159.112,159.328,148.847,103.624,104.835,106.461,115.000,105.167,158.000,168.111,other,0,-1,12,3
7837,195,168.881,169.731,167.433,103.180,104.429,106.188,150.000,104.833,197.000,177.472,other,0,-1,13,3
7838,169,179.786,185.409,186.672,102.823,104.112,105.934,195.000,104.750,198.000,176.694,other,0,-1,14,3
7839,194,166.619,169.251,169.311,102.076,103.391,105.597,169.000,103.542,160.000,173.972,other,0,-1,15,3
7840,202,161.218,171.894,172.224,102.240,103.615,105.451,194.000,104.958,189.000,162.111,other,0,-1,16,3
7841,141,146.683,166.352,164.695,102.101,103.523,105.242,202.000,105.500,172.000,150.028,other,0,-1,17,3
7842,106,121.216,126.050,124.554,101.324,102.772,104.900,141.000,104.208,119.000,132.389,other,0,-1,18,3
7843,117,104.426,102.555,99.796,100.808,102.290,104.612,106.000,103.667,112.000,108.528,other,0,-1,19,3
7844,89,84.720,92.767,93.677,100.553,102.079,104.378,117.000,103.875,103.000,100.083,other,0,-1,20,3
7845,80,71.303,73.907,76.278,100.023,101.583,104.087,89.000,103.292,49.000,85.306,other,0,-1,21,3
7846,55,59.167,63.952,66.958,100.144,101.761,103.932,80.000,104.583,66.000,74.778,other,0,-1,22,3
7847,73,51.867,52.168,55.837,99.657,101.310,103.650,55.000,104.125,59.000,70.444,other,0,-1,23,3
7848,55,47.501,55.243,55.562,99.532,101.233,103.444,73.000,104.708,62.000,60.917,other,0,-1,0,4
7849,50,44.864,52.519,48.322,99.145,100.839,103.062,55.000,104.417,48.000,56.972,other,0,-1,1,4
7850,55,45.589,52.108,46.588,98.889,100.579,102.707,50.000,104.500,83.000,51.583,other,0,-1,2,4
7851,66,49.325,55.283,48.018,98.198,99.870,102.261,55.000,103.333,56.000,54.556,other,0,-1,3,4
7852,49,55.594,60.756,52.472,98.058,99.731,101.930,66.000,103.750,48.000,57.139,other,0,-1,4,4
7853,50,53.148,55.248,52.854,97.787,99.456,101.572,49.000,103.792,66.000,54.694,other,0,-1,5,4
7854,42,58.167,58.196,58.863,97.270,98.927,101.162,50.000,103.125,66.000,65.167,other,0,-1,6,4
7855,63,67.259,62.491,64.546,96.637,98.278,100.729,42.000,102.125,82.000,74.667,other,0,-1,7,4
7856,80,80.829,77.743,80.872,96.076,97.704,100.310,63.000,101.333,86.000,86.667,other,0,-1,8,4
7857,111,97.999,97.920,99.416,95.704,97.324,99.931,80.000,101.083,107.000,109.861,other,0,-1,9,4
7858,121,117.707,125.893,125.967,95.476,97.095,99.582,111.000,101.250,123.000,125.222,other,0,-1,10,4
7859,125,136.379,146.301,143.125,95.162,96.776,99.214,121.000,101.167,115.000,147.361,other,0,-1,11,4
7860,170,151.072,156.670,154.216,95.022,96.636,98.884,125.000,101.583,150.000,161.111,other,0,-1,12,4
7861,162,168.727,176.437,180.284,95.026,96.647,98.583,170.000,102.417,195.000,174.694,other,0,-1,13,4
7862,195,169.247,168.471,174.899,94.263,95.863,98.122,162.000,101.042,169.000,178.167,other,0,-1,14,4
7863,170,173.249,178.130,185.580,94.354,95.963,97.839,195.000,102.125,194.000,172.583,other,0,-1,15,4
7864,153,153.148,155.091,161.976,93.721,95.314,97.406,170.000,101.125,202.000,165.472,other,0,-1,16,4
7865,139,131.634,135.921,140.178,92.726,94.290,96.896,153.000,99.083,141.000,138.861,other,0,-1,17,4
7866,138,109.969,117.160,120.125,92.412,93.970,96.529,139.000,99.000,106.000,121.333,other,0,-1,18,4
7867,99,89.061,102.956,106.749,92.590,94.161,96.265,138.000,100.333,117.000,101.944,other,0,-1,19,4
7868,76,73.580,78.806,82.907,92.044,93.602,95.849,99.000,99.583,89.000,84.222,other,0,-1,20,4
7869,89,60.134,62.572,68.906,91.570,93.117,95.449,76.000,99.042,80.000,70.889,other,0,-1,21,4
7870,46,46.704,59.408,65.984,91.415,92.963,95.115,89.000,99.417,55.000,63.889,other,0,-1,22,4
7871,49,40.770,42.932,52.307,90.999,92.539,94.727,46.000,99.042,73.000,57.111,other,0,-1,23,4
7872,34,35.480,41.627,49.536,90.366,91.889,94.293,49.000,98.042,55.000,38.722,other,0,-1,0,5
7873,40,33.184,38.732,31.169,90.034,91.500,94.028,34.000,97.167,50.000,42.139,other,0,-1,1,5
7874,45,36.106,42.535,32.582,89.861,91.276,93.796,40.000,96.750,55.000,43.389,other,0,-1,2,5
7875,40,40.402,46.156,35.089,89.688,91.052,93.564,45.000,96.333,66.000,43.528,other,0,-1,3,5
7876,41,41.400,45.339,36.968,89.283,90.587,93.283,40.000,95.250,49.000,42.111,other,0,-1,4,5
7877,48,44.310,47.007,41.531,89.139,90.393,93.058,41.000,94.917,50.000,43.028,other,0,-1,5,5
7878,64,49.658,51.980,49.390,89.082,90.289,92.850,48.000,94.833,42.000,55.167,other,0,-1,6,5
7879,65,58.894,62.749,62.489,89.373,90.544,92.715,64.000,95.750,63.000,63.917,other,0,-1,7,5
7880,81,68.565,71.601,72.493,89.374,90.500,92.519,65.000,95.833,80.000,81.722,other,0,-1,8,5
7881,86,84.649,89.924,89.998,89.360,90.440,92.320,81.000,95.875,111.000,98.167,other,0,-1,9,5
7882,129,102.970,105.811,103.135,88.970,89.991,92.043,86.000,94.833,121.000,102.556,other,0,-1,10,5
7883,158,125.248,138.499,137.330,89.058,90.036,91.866,129.000,95.167,125.000,122.722,other,0,-1,11,5
7884,123,146.951,162.095,163.421,89.508,90.457,91.764,158.000,96.542,170.000,141.028,other,0,-1,12,5
7885,129,148.830,145.126,144.987,88.799,89.678,91.420,123.000,94.583,162.000,161.333,other,0,-1,13,5
7886,161,153.090,147.259,148.270,88.293,89.109,91.118,129.000,93.208,195.000,179.778,other,0,-1,14,5
7887,184,153.548,155.764,162.178,87.772,88.524,90.814,161.000,91.792,170.000,180.472,other,0,-1,15,5
7888,148,145.588,157.182,165.403,87.947,88.660,90.655,184.000,92.375,153.000,165.833,other,0,-1,16,5
7889,128,120.565,129.220,129.554,87.846,88.511,90.438,148.000,92.167,139.000,148.556,other,0,-1,17,5
7890,120,100.208,108.819,103.839,87.659,88.271,90.203,128.000,91.708,138.000,114.861,other,0,-1,18,5
7891,72,81.262,91.380,86.154,87.370,87.927,89.947,120.000,90.958,99.000,90.528,other,0,-1,19,5
7892,72,68.787,69.124,61.013,86.951,87.448,89.663,72.000,89.833,76.000,74.972,other,0,-1,20,5
7893,45,53.230,57.054,54.404,86.865,87.313,89.450,72.000,89.667,89.000,60.444,other,0,-1,21,5
7894,29,44.139,44.607,44.483,86.199,86.579,89.115,45.000,87.833,46.000,52.389,other,0,-1,22,5
7895,32,36.758,37.058,38.753,85.925,86.250,88.862,29.000,87.125,49.000,44.139,other,0,-1,23,5
7896,30,31.742,35.884,37.064,85.650,85.921,88.609,32.000,86.417,34.000,32.472,other,0,-1,0,6
7897,32,31.641,35.733,29.855,85.843,86.057,88.706,30.000,86.250,40.000,34.500,other,0,-1,1,6
7898,21,34.339,38.864,31.724,85.977,86.134,88.792,32.000,85.917,45.000,33.361,other,0,-1,2,6
7899,39,34.012,36.902,31.953,85.880,85.971,88.829,21.000,84.917,40.000,35.222,other,0,-1,3,6
7900,23,42.282,45.548,39.504,86.115,86.152,88.935,39.000,84.875,41.000,34.028,other,0,-1,4,6
7901,29,39.571,41.167,40.448,86.105,86.079,88.990,23.000,84.125,48.000,36.611,other,0,-1,5,6
7902,31,44.696,46.385,47.784,86.080,85.991,89.043,29.000,83.333,64.000,38.694,other,0,-1,6,6
7903,52,51.958,52.907,55.080,85.852,85.693,89.052,31.000,81.958,65.000,47.194,other,0,-1,7,6
7904,53,64.722,68.500,69.945,85.914,85.695,89.123,52.000,81.417,81.000,59.167,other,0,-1,8,6
7905,68,80.406,79.947,78.060,85.759,85.471,89.148,53.000,80.250,86.000,78.778,other,0,-1,9,6
7906,114,98.944,95.951,91.945,85.748,85.398,89.203,68.000,79.500,129.000,101.278,other,0,-1,10,6
7907,94,120.747,126.197,123.207,85.781,85.370,89.267,114.000,78.875,158.000,121.778,other,0,-1,11,6
7908,144,131.708,123.141,116.081,85.104,84.607,89.183,94.000,76.208,123.000,140.833,other,0,-1,12,6
7909,137,149.907,151.206,149.801,85.659,85.118,89.356,144.000,77.083,129.000,148.472,other,0,-1,13,6
7910,131,151.362,148.302,144.509,86.025,85.435,89.490,137.000,77.417,161.000,156.639,other,0,-1,14,6
7911,151,146.422,143.519,136.695,85.841,85.182,89.509,131.000,76.167,184.000,153.306,other,0,-1,15,6
7912,112,137.400,142.442,141.735,85.613,84.884,89.519,151.000,74.792,148.000,133.083,other,0,-1,16,6
7913,125,120.712,120.331,108.149,85.342,84.541,89.520,112.000,73.292,128.000,123.667,other,0,-1,17,6
7914,96,102.337,107.367,101.199,85.549,84.692,89.620,125.000,73.167,120.000,102.583,other,0,-1,18,6
7915,67,86.318,86.688,76.067,85.451,84.529,89.657,96.000,72.167,72.000,79.889,other,0,-1,19,6
7916,59,72.561,69.066,57.781,85.629,84.651,89.752,67.000,71.958,72.000,59.111,other,0,-1,20,6
7917,44,58.178,56.409,49.909,85.691,84.652,89.822,59.000,71.417,45.000,47.306,other,0,-1,21,6
7918,41,47.939,47.105,43.748,85.927,84.834,89.929,44.000,71.375,29.000,35.306,other,0,-1,22,6
7919,21,40.773,43.337,41.602,86.351,85.210,90.075,41.000,71.875,32.000,32.556,other,0,-1,23,6
7920,72,36.859,38.400,37.542,86.442,85.242,90.151,21.000,71.417,30.000,61.343,other,0,-1,0,0
7921,56,50.905,58.609,51.838,87.391,86.191,90.617,72.000,73.167,32.000,59.743,other,0,-1,1,0
7922,51,48.477,55.850,49.651,88.078,86.870,91.028,56.000,74.167,21.000,61.829,other,0,-1,2,0
7923,59,49.833,56.582,51.269,88.853,87.640,91.457,51.000,75.417,39.000,63.543,other,0,-1,3,0
7924,42,56.039,62.777,57.411,89.483,88.259,91.856,59.000,76.250,23.000,60.000,other,0,-1,4,0
7925,70,49.544,56.310,58.449,90.098,88.864,92.252,42.000,77.042,29.000,77.171,other,0,-1,5,0
7926,56,62.437,72.771,73.503,91.033,89.798,92.714,70.000,78.750,31.000,77.686,other,0,-1,6,0
7927,83,60.492,71.911,76.767,91.735,90.492,93.128,56.000,79.792,52.000,91.543,other,0,-1,7,0
7928,90,76.454,93.686,95.242,92.524,91.276,93.560,83.000,81.083,53.000,101.114,other,0,-1,8,0
7929,118,91.449,109.872,106.967,93.400,92.150,94.011,90.000,82.625,68.000,122.829,other,0,-1,9,0
7930,126,115.725,135.117,128.740,94.465,93.220,94.500,118.000,84.708,114.000,137.200,other,0,-1,10,0
7931,132,134.237,147.521,139.915,94.979,93.719,94.875,126.000,85.208,94.000,150.314,other,0,-1,11,0
7932,177,149.747,155.094,147.949,95.870,94.608,95.328,132.000,86.792,144.000,163.229,other,0,-1,12,0
7933,160,173.957,178.812,177.729,96.688,95.422,95.767,177.000,88.167,137.000,172.800,other,0,-1,13,0
7934,161,168.399,167.586,165.747,97.361,96.087,96.174,160.000,89.125,131.000,172.257,other,0,-1,14,0
7935,196,164.334,162.473,161.969,98.136,96.856,96.604,161.000,90.375,151.000,183.343,other,0,-1,15,0
7936,161,162.715,167.478,176.555,99.128,97.850,97.078,196.000,92.250,112.000,162.143,other,0,-1,16,0
7937,149,137.464,138.138,143.800,100.178,98.904,97.565,161.000,94.292,125.000,148.800,other,0,-1,17,0
7938,141,117.892,117.965,124.842,100.866,99.584,97.976,149.000,95.292,96.000,128.829,other,0,-1,18,0
7939,111,99.235,99.357,107.934,101.858,100.578,98.450,141.000,97.167,67.000,110.171,other,0,-1,19,0
7940,83,82.623,80.647,85.493,102.836,101.557,98.922,111.000,99.000,59.000,85.143,other,0,-1,20,0
7941,57,70.036,66.943,69.665,103.523,102.236,99.333,83.000,100.000,44.000,75.143,other,0,-1,21,0
7942,67,60.777,57.069,58.376,104.052,102.751,99.711,57.000,100.542,41.000,65.229,other,0,-1,22,0
7943,55,56.176,57.494,57.087,104.769,103.460,100.128,67.000,101.625,21.000,63.543,other,0,-1,23,0
7944,57,54.018,55.383,53.039,105.602,104.289,100.569,55.000,103.042,72.000,61.694,other,0,-1,0,1
7945,70,54.444,56.634,52.897,105.558,104.266,100.836,57.000,102.417,56.000,62.000,other,0,-1,1,1
7946,70,62.531,64.580,55.269,105.935,104.678,101.191,70.000,103.000,51.000,62.222,other,0,-1,2,1
7947,68,66.141,66.862,56.954,106.384,105.165,101.560,70.000,103.792,59.000,61.389,other,0,-1,3,1
7948,48,67.156,67.500,60.021,106.688,105.502,101.900,68.000,104.167,42.000,63.583,other,0,-1,4,1
7949,74,61.030,61.533,60.723,106.949,105.793,102.230,48.000,104.417,70.000,65.139,other,0,-1,5,1
7950,79,71.496,74.007,74.074,107.181,106.055,102.555,74.000,104.583,56.000,66.417,other,0,-1,6,1
7951,69,77.640,81.566,84.485,107.688,106.602,102.937,79.000,105.542,83.000,77.639,other,0,-1,7,1
7952,114,87.120,90.429,91.204,107.659,106.594,103.207,69.000,104.958,90.000,91.833,other,0,-1,8,1
7953,78,111.029,117.068,119.306,108.181,107.156,103.592,114.000,105.958,118.000,109.944,other,0,-1,9,1
7954,146,124.608,129.544,114.876,107.776,106.758,103.783,78.000,104.292,126.000,131.361,other,0,-1,10,1
7955,130,152.737,155.672,156.058,108.239,107.260,104.156,146.000,105.125,132.000,148.500,other,0,-1,11,1
7956,165,160.531,161.307,154.734,108.384,107.432,104.462,130.000,105.042,177.000,174.389,other,0,-1,12,1
7957,169,176.113,175.170,176.782,108.384,107.454,104.738,165.000,104.542,160.000,191.778,other,0,-1,13,1
7958,170,177.232,176.099,177.607,108.689,107.790,105.078,169.000,104.917,161.000,190.222,other,0,-1,14,1
7959,187,172.170,171.451,172.090,108.993,108.127,105.417,170.000,105.292,196.000,183.056,other,0,-1,15,1
7960,159,165.735,168.764,171.660,109.036,108.194,105.702,187.000,104.917,161.000,168.806,other,0,-1,16,1
7961,117,146.191,145.255,144.072,109.181,108.366,106.009,159.000,104.833,149.000,158.750,other,0,-1,17,1
7962,102,129.232,120.849,113.233,108.892,108.088,106.224,117.000,103.500,141.000,131.639,other,0,-1,18,1
7963,99,112.252,102.610,98.926,108.501,107.706,106.419,102.000,101.875,111.000,103.944,other,0,-1,19,1
7964,80,94.347,87.152,90.638,108.501,107.728,106.695,99.000,101.375,83.000,92.389,other,0,-1,20,1
7965,68,80.630,73.483,77.878,108.631,107.885,106.998,80.000,101.250,57.000,77.389,other,0,-1,21,1
7966,58,69.647,64.619,67.950,108.965,108.251,107.343,68.000,101.708,67.000,64.944,other,0,-1,22,1
7967,48,62.507,59.555,59.190,109.008,108.318,107.629,58.000,101.333,55.000,62.889,other,0,-1,23,1
7968,62,58.779,56.786,52.313,109.081,108.415,107.920,48.000,101.042,57.000,59.639,other,0,-1,0,2
7969,55,59.794,61.950,57.774,109.030,108.422,107.986,62.000,101.250,70.000,64.167,other,0,-1,1,2
7970,67,60.126,60.901,55.161,108.689,108.130,107.992,55.000,100.625,70.000,56.194,other,0,-1,2,2
7971,55,66.167,66.472,57.777,108.523,108.017,108.034,67.000,100.500,68.000,60.528,other,0,-1,3,2
7972,51,64.763,63.162,57.302,108.211,107.754,108.045,55.000,99.958,48.000,62.444,other,0,-1,4,2
7973,67,66.793,63.402,60.054,108.131,107.731,108.105,51.000,100.083,74.000,62.833,other,0,-1,5,2
7974,71,74.424,70.581,69.024,107.906,107.559,108.135,67.000,99.792,79.000,70.472,other,0,-1,6,2
7975,69,82.958,76.833,77.530,107.667,107.371,108.162,71.000,99.458,69.000,78.639,other,0,-1,7,2
7976,84,96.580,87.134,86.288,107.544,107.303,108.213,69.000,99.458,114.000,89.639,other,0,-1,8,2
7977,90,114.256,104.928,101.894,106.986,106.786,108.174,84.000,98.208,78.000,104.833,other,0,-1,9,2
7978,104,132.951,126.414,115.757,107.037,106.898,108.261,90.000,98.708,146.000,127.694,other,0,-1,10,2
7979,141,149.200,146.011,132.245,106.305,106.200,108.185,104.000,96.958,130.000,145.361,other,0,-1,11,2
7980,143,163.190,161.093,157.029,106.341,106.298,108.269,141.000,97.417,165.000,159.222,other,0,-1,12,2
7981,179,168.260,168.111,162.188,105.899,105.900,108.254,143.000,96.500,169.000,182.222,other,0,-1,13,2
7982,168,174.126,178.636,178.719,105.920,105.982,108.335,179.000,96.917,170.000,185.000,other,0,-1,14,2
7983,172,166.146,171.351,167.046,105.768,105.884,108.380,168.000,96.833,187.000,172.750,other,0,-1,15,2
7984,169,157.841,164.703,158.899,105.428,105.592,108.386,172.000,96.208,159.000,158.694,other,0,-1,16,2
7985,108,144.969,152.111,145.510,105.449,105.674,108.467,169.000,96.625,117.000,148.139,other,0,-1,17,2
7986,129,130.631,122.369,107.436,105.196,105.471,108.491,108.000,96.250,102.000,124.722,other,0,-1,18,2
7987,144,110.797,111.038,105.940,105.463,105.808,108.624,129.000,97.375,99.000,108.833,other,0,-1,19,2
7988,87,92.374,104.578,102.509,105.992,106.415,108.811,144.000,99.250,80.000,89.361,other,0,-1,20,2
7989,54,80.579,77.085,74.433,105.970,106.452,108.883,87.000,99.542,68.000,75.500,other,0,-1,21,2
7990,58,71.276,63.258,58.588,105.644,106.174,108.892,54.000,98.958,58.000,67.139,other,0,-1,22,2
7991,76,61.078,59.131,53.773,105.521,106.106,108.943,58.000,98.958,48.000,62.722,other,0,-1,23,2
7992,57,58.326,63.634,53.135,105.803,106.458,109.079,76.000,100.125,62.000,61.389,other,0,-1,0,3
7993,51,54.962,60.078,58.587,105.403,106.097,108.815,57.000,99.917,55.000,64.194,other,0,-1,1,3
7994,61,55.117,59.095,56.109,105.017,105.751,108.554,51.000,99.750,67.000,65.056,other,0,-1,2,3
7995,58,59.469,63.670,58.047,104.603,105.374,108.288,61.000,99.500,55.000,61.583,other,0,-1,3,3
7996,49,61.197,63.273,59.090,104.318,105.133,108.048,58.000,99.625,51.000,61.250,other,0,-1,4,3
7997,55,62.810,61.434,60.504,103.962,104.816,107.793,49.000,99.542,67.000,63.500,other,0,-1,5,3
7998,60,69.320,65.611,66.885,103.460,104.350,107.508,55.000,99.042,71.000,67.778,other,0,-1,6,3
7999,84,79.338,72.236,75.271,102.973,103.899,107.226,60.000,98.583,69.000,79.889,other,0,-1,7,3
8000,73,93.807,86.306,91.695,102.863,103.837,107.023,84.000,99.208,84.000,92.417,other,0,-1,8,3
8001,136,111.837,101.747,99.615,102.376,103.386,106.741,73.000,98.750,90.000,115.000,other,0,-1,9,3
8002,122,132.548,128.632,134.805,102.714,103.789,106.632,136.000,100.667,104.000,126.583,other,0,-1,10,3
8003,161,146.942,147.112,141.340,102.648,103.772,106.437,122.000,101.417,141.000,145.861,other,0,-1,11,3
8004,147,163.933,167.268,166.169,102.610,103.786,106.249,161.000,102.250,143.000,168.111,other,0,-1,12,3
8005,142,167.481,169.095,164.997,102.340,103.559,106.013,147.000,102.417,179.000,177.472,other,0,-1,13,3
8006,184,166.956,165.845,162.014,101.476,102.718,105.652,142.000,100.875,168.000,176.694,other,0,-1,14,3
8007,195,169.050,175.410,175.355,101.380,102.672,105.452,184.000,101.542,172.000,173.972,other,0,-1,15,3
8008,139,160.430,172.371,172.020,101.386,102.730,105.273,195.000,102.500,169.000,162.111,other,0,-1,16,3
8009,133,138.663,139.212,135.339,100.623,101.994,104.933,139.000,101.250,108.000,150.028,other,0,-1,17,3
8010,132,121.315,123.897,121.436,100.658,102.082,104.760,133.000,102.292,129.000,132.389,other,0,-1,18,3
8011,134,102.177,110.109,110.085,100.374,101.841,104.521,132.000,102.417,144.000,108.528,other,0,-1,19,3
8012,77,83.435,100.613,100.764,99.901,101.404,104.242,134.000,102.000,87.000,100.083,other,0,-1,20,3
8013,54,73.467,71.821,74.291,99.429,100.968,103.963,77.000,101.583,54.000,85.306,other,0,-1,21,3
8014,103,62.891,58.588,62.228,99.101,100.682,103.714,54.000,101.583,58.000,74.778,other,0,-1,22,3
8015,51,53.189,70.573,68.744,99.425,101.070,103.602,103.000,103.458,76.000,70.444,other,0,-1,23,3
8016,52,46.871,49.381,52.787,98.735,100.409,103.278,51.000,102.417,57.000,60.917,other,0,-1,0,4
8017,56,44.923,52.426,49.296,98.378,100.044,102.901,52.000,102.208,51.000,56.972,other,0,-1,1,4
8018,44,47.302,55.274,49.121,98.165,99.830,102.555,56.000,102.417,61.000,51.583,other,0,-1,2,4
8019,44,46.865,51.988,47.288,97.633,99.286,102.143,44.000,101.708,58.000,54.556,other,0,-1,3,4
8020,53,49.251,52.909,49.112,97.145,98.786,101.739,44.000,101.125,49.000,57.139,other,0,-1,4,4
8021,48,54.070,57.121,54.616,96.918,98.557,101.390,53.000,101.292,55.000,54.694,other,0,-1,5,4
8022,71,58.043,57.996,59.014,96.531,98.163,101.008,48.000,101.000,60.000,65.167,other,0,-1,6,4
8023,88,68.400,69.933,73.241,96.405,98.038,100.680,71.000,101.458,84.000,74.667,other,0,-1,7,4
8024,78,81.456,84.349,89.593,96.177,97.809,100.331,88.000,101.625,73.000,86.667,other,0,-1,8,4
8025,123,97.916,97.470,98.364,95.965,97.594,99.985,78.000,101.833,136.000,109.861,other,0,-1,9,4
8026,132,118.331,129.451,130.590,95.491,97.110,99.585,123.000,101.292,122.000,125.222,other,0,-1,10,4
8027,117,137.112,149.652,147.077,95.350,96.971,99.254,132.000,101.708,161.000,147.361,other,0,-1,11,4
8028,120,149.591,153.763,149.211,94.428,96.022,98.760,117.000,99.875,147.000,161.111,other,0,-1,12,4
8029,166,158.637,155.720,154.874,93.751,95.327,98.317,120.000,98.750,142.000,174.694,other,0,-1,13,4
8030,178,169.712,169.864,175.659,93.814,95.398,98.028,166.000,99.750,184.000,178.167,other,0,-1,14,4
8031,199,167.626,168.589,175.446,93.441,95.019,97.649,178.000,99.500,195.000,172.583,other,0,-1,15,4
8032,148,159.892,169.740,175.895,93.214,94.789,97.300,199.000,99.667,139.000,165.472,other,0,-1,16,4
8033,156,130.640,134.536,137.830,93.059,94.635,96.966,148.000,100.042,133.000,138.861,other,0,-1,17,4
8034,132,109.606,123.487,127.357,93.107,94.690,96.674,156.000,101.000,132.000,121.333,other,0,-1,18,4
8035,88,88.645,101.474,104.263,92.822,94.401,96.313,132.000,101.000,134.000,101.944,other,0,-1,19,4
8036,93,73.952,77.091,79.165,91.870,93.422,95.813,88.000,99.083,77.000,84.222,other,0,-1,20,4
8037,90,57.399,67.451,72.553,91.816,93.372,95.500,93.000,99.750,54.000,70.889,other,0,-1,21,4
8038,54,46.288,60.338,65.305,92.053,93.622,95.248,90.000,101.250,103.000,63.889,other,0,-1,22,4
8039,62,39.716,45.163,52.595,91.057,92.599,94.739,54.000,99.208,51.000,57.111,other,0,-1,23,4
8040,40,35.979,46.039,50.665,90.931,92.474,94.411,62.000,99.667,52.000,38.722,other,0,-1,0,5
8041,40,33.903,40.979,31.152,90.730,92.220,94.173,40.000,99.167,56.000,42.139,other,0,-1,1,5
8042,31,36.037,42.757,31.669,90.470,91.905,93.923,40.000,98.500,44.000,43.389,other,0,-1,2,5
8043,43,36.297,41.008,31.651,90.253,91.636,93.682,31.000,97.958,44.000,43.528,other,0,-1,3,5
8044,36,42.396,46.757,36.951,90.211,91.547,93.477,43.000,97.917,53.000,42.111,other,0,-1,4,5
8045,49,42.903,45.468,39.849,89.936,91.217,93.224,36.000,97.208,48.000,43.028,other,0,-1,5,5
8046,51,49.831,52.626,49.340,89.923,91.158,93.025,49.000,97.250,71.000,55.167,other,0,-1,6,5
8047,40,56.164,58.299,57.842,89.605,90.784,92.763,51.000,96.417,88.000,63.917,other,0,-1,7,5
8048,52,67.634,64.581,62.964,88.881,89.990,92.416,40.000,94.417,78.000,81.722,other,0,-1,8,5
8049,62,84.094,80.406,77.146,88.477,89.526,92.136,52.000,93.333,123.000,98.167,other,0,-1,9,5
8050,95,102.154,97.056,91.495,87.565,88.537,91.750,62.000,90.792,132.000,102.556,other,0,-1,10,5
8051,167,120.076,121.299,117.909,87.001,87.908,91.436,95.000,89.250,117.000,122.722,other,0,-1,11,5
8052,138,150.621,168.071,170.187,87.697,88.583,91.386,167.000,91.333,120.000,141.028,other,0,-1,12,5
8053,192,150.936,151.622,155.149,87.930,88.778,91.238,138.000,92.083,166.000,161.333,other,0,-1,13,5
8054,228,169.910,180.063,189.861,88.278,89.094,91.115,192.000,93.167,178.000,179.778,other,0,-1,14,5
8055,132,183.898,198.397,207.954,88.974,89.769,91.065,228.000,95.250,199.000,180.472,other,0,-1,15,5
8056,168,139.255,135.160,135.877,87.976,88.690,90.661,132.000,92.458,148.000,165.833,other,0,-1,16,5
8057,127,123.430,134.957,140.605,88.237,88.915,90.520,168.000,93.292,156.000,148.556,other,0,-1,17,5
8058,104,101.312,106.314,103.375,87.789,88.406,90.230,127.000,92.083,132.000,114.861,other,0,-1,18,5
8059,78,83.409,85.593,80.488,87.355,87.912,89.944,104.000,90.917,88.000,90.528,other,0,-1,19,5
8060,68,68.276,66.813,62.850,87.182,87.688,89.712,78.000,90.500,93.000,74.972,other,0,-1,20,5
8061,48,53.487,53.547,54.066,86.792,87.238,89.435,68.000,89.458,90.000,60.444,other,0,-1,21,5
8062,38,43.218,42.355,45.963,86.156,86.534,89.106,48.000,87.708,54.000,52.389,other,0,-1,22,5
8063,42,35.344,36.296,41.427,85.896,86.220,88.856,38.000,87.042,62.000,44.139,other,0,-1,23,5
8064,36,31.391,36.493,39.987,85.578,85.846,88.594,42.000,86.208,40.000,32.472,other,0,-1,0,6
8065,30,31.902,35.485,32.193,85.770,85.982,88.691,36.000,86.042,40.000,34.500,other,0,-1,1,6
8066,24,32.899,36.066,32.583,85.876,86.029,88.770,30.000,85.625,31.000,33.361,other,0,-1,2,6
8067,40,33.921,36.007,33.740,86.024,86.121,88.859,24.000,85.333,43.000,35.222,other,0,-1,3,6
8068,45,41.929,44.218,40.738,86.231,86.272,88.960,40.000,85.208,36.000,34.028,other,0,-1,4,6
8069,45,46.056,48.080,47.039,86.612,86.604,89.096,45.000,85.583,49.000,36.611,other,0,-1,5,6
8070,46,48.309,50.625,53.232,86.804,86.741,89.194,45.000,85.417,51.000,38.694,other,0,-1,6,6
8071,49,53.630,56.182,60.623,86.982,86.862,89.288,46.000,85.208,40.000,47.194,other,0,-1,7,6
8072,51,64.531,66.109,69.279,87.363,87.194,89.425,49.000,85.583,52.000,59.167,other,0,-1,8,6
8073,79,81.004,78.154,77.568,87.599,87.375,89.532,51.000,85.542,62.000,78.778,other,0,-1,9,6
8074,99,100.294,99.759,97.543,88.095,87.827,89.693,79.000,86.250,95.000,101.278,other,0,-1,10,6
8075,160,119.965,117.766,114.530,88.403,88.083,89.815,99.000,86.417,167.000,121.778,other,0,-1,11,6
8076,138,149.082,159.659,158.332,88.552,88.175,89.903,160.000,86.125,138.000,140.833,other,0,-1,12,6
8077,159,150.311,147.644,145.712,88.802,88.371,90.013,138.000,86.125,192.000,148.472,other,0,-1,13,6
8078,144,157.232,158.318,159.488,88.575,88.073,90.023,159.000,84.750,228.000,156.639,other,0,-1,14,6
8079,155,149.087,148.026,145.057,87.608,87.011,89.878,144.000,81.250,132.000,153.306,other,0,-1,15,6
8080,180,139.138,143.522,144.536,88.192,87.552,90.057,155.000,82.208,168.000,133.083,other,0,-1,16,6
8081,123,126.827,139.402,147.754,88.616,87.928,90.203,180.000,82.708,127.000,123.667,other,0,-1,17,6
8082,120,103.457,106.163,100.467,88.808,88.065,90.301,123.000,82.542,104.000,102.583,other,0,-1,18,6
8083,73,85.055,89.085,84.534,89.290,88.502,90.459,120.000,83.208,78.000,79.889,other,0,-1,19,6
8084,50,72.470,68.727,58.973,89.468,88.623,90.554,73.000,83.000,68.000,59.111,other,0,-1,20,6
8085,36,60.228,54.968,47.705,89.457,88.550,90.609,50.000,82.250,48.000,47.306,other,0,-1,21,6
8086,37,49.599,45.527,41.739,89.534,88.567,90.682,36.000,81.750,38.000,35.306,other,0,-1,22,6
8087,35,41.591,41.854,40.021,89.770,88.748,90.789,37.000,81.708,42.000,32.556,other,0,-1,23,6
8088,61,38.485,41.100,38.768,89.919,88.840,90.877,35.000,81.417,36.000,61.343,other,0,-1,0,0
8089,53,46.713,52.004,47.620,90.621,89.534,91.291,61.000,82.458,30.000,59.743,other,0,-1,1,0
8090,51,47.755,53.029,47.192,91.294,90.198,91.699,53.000,83.417,24.000,61.829,other,0,-1,2,0
8091,77,50.403,55.237,49.498,92.026,90.923,92.119,51.000,84.542,40.000,63.543,other,0,-1,3,0
8092,60,67.673,71.578,60.607,92.902,91.797,92.570,77.000,86.083,45.000,60.000,other,0,-1,4,0
8093,68,57.786,63.819,61.922,93.459,92.341,92.953,60.000,86.708,45.000,77.171,other,0,-1,5,0
8094,91,61.988,70.681,71.621,94.133,93.006,93.361,68.000,87.667,46.000,77.686,other,0,-1,6,0
8095,72,75.676,88.279,88.510,95.125,94.000,93.836,91.000,89.542,49.000,91.543,other,0,-1,7,0
8096,69,74.244,88.287,90.285,95.798,94.664,94.244,72.000,90.500,51.000,101.114,other,0,-1,8,0
8097,86,89.457,101.396,97.634,96.399,95.254,94.637,69.000,91.250,79.000,122.829,other,0,-1,9,0
8098,97,109.873,121.054,112.882,96.841,95.678,94.996,86.000,91.542,99.000,137.200,other,0,-1,10,0
8099,149,129.445,135.042,124.659,97.152,95.968,95.329,97.000,91.458,160.000,150.314,other,0,-1,11,0
8100,172,155.701,162.697,158.257,97.333,96.122,95.634,149.000,91.000,138.000,163.229,other,0,-1,12,0
8101,171,172.313,175.618,174.782,98.165,96.952,96.075,172.000,92.417,159.000,172.800,other,0,-1,13,0
8102,207,172.275,172.453,173.035,98.679,97.451,96.450,171.000,92.917,144.000,172.257,other,0,-1,14,0
8103,179,182.582,185.404,192.339,99.932,98.715,96.979,207.000,95.542,155.000,183.343,other,0,-1,15,0
8104,166,157.475,158.704,165.566,100.620,99.394,97.390,179.000,96.542,180.000,162.143,other,0,-1,16,0
8105,165,138.142,138.922,146.612,100.758,99.504,97.686,166.000,95.958,123.000,148.800,other,0,-1,17,0
8106,114,119.496,120.949,132.675,101.706,100.453,98.151,165.000,97.708,120.000,128.829,other,0,-1,18,0
8107,130,99.040,93.750,97.254,101.959,100.683,98.472,114.000,97.458,73.000,110.171,other,0,-1,19,0
8108,88,82.931,82.541,91.736,103.125,101.857,98.982,130.000,99.833,50.000,85.143,other,0,-1,20,0
8109,79,69.098,66.140,70.871,104.016,102.746,99.436,88.000,101.417,36.000,75.143,other,0,-1,21,0
8110,60,60.197,59.925,63.488,104.979,103.710,99.904,79.000,103.208,37.000,65.229,other,0,-1,22,0
8111,53,54.307,54.429,56.086,105.652,104.375,100.312,60.000,104.167,35.000,63.543,other,0,-1,23,0
8112,65,52.668,53.694,52.898,106.253,104.964,100.705,53.000,104.917,61.000,61.694,other,0,-1,0,1
8113,62,56.378,58.814,54.883,106.485,105.226,101.030,65.000,105.083,53.000,62.000,other,0,-1,1,1
8114,68,58.997,60.551,54.043,106.790,105.563,101.369,62.000,105.458,51.000,62.222,other,0,-1,2,1
8115,55,65.255,65.375,56.894,107.210,106.019,101.733,68.000,106.167,77.000,61.389,other,0,-1,3,1
8116,55,61.524,61.482,57.441,107.065,105.891,101.979,55.000,105.250,60.000,63.583,other,0,-1,4,1
8117,50,63.014,63.252,62.440,107.167,106.018,102.276,55.000,105.042,68.000,65.139,other,0,-1,5,1
8118,46,64.861,65.120,67.850,107.080,105.950,102.534,50.000,104.292,91.000,66.417,other,0,-1,6,1
8119,65,72.582,71.753,74.709,106.602,105.478,102.710,46.000,102.417,72.000,77.639,other,0,-1,7,1
8120,98,86.957,88.663,89.711,106.674,105.575,103.001,65.000,102.125,69.000,91.833,other,0,-1,8,1
8121,118,107.326,112.384,112.515,107.268,106.211,103.401,98.000,103.333,86.000,109.944,other,0,-1,9,1
8122,128,129.057,134.253,132.352,107.906,106.893,103.810,118.000,104.667,97.000,131.361,other,0,-1,10,1
8123,155,147.688,151.137,147.004,108.529,107.560,104.216,128.000,105.958,149.000,148.500,other,0,-1,11,1
8124,175,167.098,167.390,168.280,108.790,107.851,104.547,155.000,106.208,172.000,174.389,other,0,-1,12,1
8125,205,179.860,178.582,182.760,109.007,108.098,104.868,175.000,106.333,171.000,191.778,other,0,-1,13,1
8126,190,192.477,191.843,198.941,109.674,108.810,105.283,205.000,107.750,207.000,190.222,other,0,-1,14,1
8127,163,178.008,179.002,183.759,109.601,108.757,105.544,190.000,107.042,179.000,183.056,other,0,-1,15,1
8128,141,161.321,158.715,158.244,109.543,108.719,105.808,163.000,106.375,166.000,168.806,other,0,-1,16,1
8129,164,146.201,139.492,135.001,109.355,108.546,106.045,141.000,105.333,165.000,158.750,other,0,-1,17,1
8130,104,129.393,129.573,134.112,109.515,108.733,106.354,164.000,105.292,114.000,131.639,other,0,-1,18,1
8131,133,113.117,101.565,99.060,109.544,108.785,106.636,104.000,104.875,130.000,103.944,other,0,-1,19,1
8132,94,93.344,92.264,101.449,109.761,109.032,106.958,133.000,105.000,88.000,92.389,other,0,-1,20,1
8133,89,80.272,74.978,81.125,110.022,109.324,107.288,94.000,105.250,79.000,77.389,other,0,-1,21,1
8134,57,70.136,68.860,72.642,110.341,109.675,107.631,89.000,105.667,60.000,64.944,other,0,-1,22,1
8135,61,63.219,59.461,58.521,110.471,109.832,107.934,57.000,105.542,53.000,62.889,other,0,-1,23,1
8136,46,60.914,60.882,54.888,110.761,110.154,108.271,61.000,105.875,65.000,59.639,other,0,-1,0,2
8137,407,58.190,57.510,55.103,110.363,109.802,108.264,46.000,105.083,62.000,64.167,inside,1,0,1,2
8138,328,355.803,253.402,195.753,115.237,114.906,109.359,407.000,119.458,68.000,56.194,inside,1,1,2,2
8139,354,331.770,220.557,152.706,118.880,118.735,110.197,328.000,130.292,55.000,60.528,inside,1,2,3,2
8140,338,376.652,234.919,173.091,123.088,123.150,111.152,354.000,142.750,55.000,62.444,inside,1,3,4,2
8141,334,363.138,229.869,173.288,127.064,127.325,112.059,338.000,154.542,50.000,62.833,inside,1,4,5,2
8142,435,348.202,230.508,182.011,131.055,131.514,112.970,334.000,166.375,46.000,70.472,inside,1,5,6,2
8143,72,358.727,278.750,247.485,136.567,137.278,114.198,435.000,182.583,65.000,78.639,after,1,6,7,2
8144,72,98.951,89.462,92.896,136.545,137.315,114.270,72.000,182.875,98.000,89.639,after,1,7,8,2
8145,128,115.926,106.499,101.773,136.045,136.857,114.242,72.000,181.792,118.000,104.833,after,1,8,9,2
8146,135,139.081,127.004,132.281,136.067,136.940,114.324,128.000,182.208,128.000,127.694,after,1,9,10,2
8147,160,153.550,145.538,144.169,136.045,136.977,114.396,135.000,182.500,155.000,145.361,after,1,10,11,2
8148,163,168.969,162.029,161.921,135.994,136.984,114.462,160.000,182.708,175.000,159.222,after,1,11,12,2
8149,194,172.996,171.020,166.798,135.697,136.736,114.477,163.000,182.208,205.000,182.222,after,1,12,13,2
8150,199,181.264,182.820,181.108,135.414,136.504,114.494,194.000,181.750,190.000,185.000,after,1,13,14,2
8151,197,175.864,183.991,179.751,135.421,136.571,114.573,199.000,182.125,163.000,172.750,after,1,14,15,2
8152,160,165.079,178.233,172.207,135.791,137.013,114.727,197.000,183.542,141.000,158.694,after,1,15,16,2
8153,153,145.932,154.590,145.679,135.943,137.230,114.835,160.000,184.333,164.000,148.139,after,1,16,17,2
8154,98,129.570,140.008,134.127,135.660,136.997,114.853,153.000,183.875,104.000,124.722,after,1,17,18,2
8155,107,115.439,112.530,102.916,135.450,136.839,114.886,98.000,183.625,133.000,108.833,after,1,18,19,2
8156,69,95.959,99.616,100.211,134.950,136.382,114.858,107.000,182.542,94.000,89.361,after,1,19,20,2
8157,53,84.422,80.176,79.856,134.464,135.939,114.834,69.000,181.500,89.000,75.500,after,1,20,21,2
8158,62,72.665,67.846,68.693,133.820,135.332,114.776,53.000,180.000,57.000,67.139,after,1,21,22,2
8159,78,62.298,63.587,66.083,133.769,135.339,114.842,62.000,180.208,61.000,62.722,after,1,22,23,2
8160,56,61.934,66.648,66.372,133.892,135.526,114.945,78.000,180.917,46.000,61.389,after,1,23,0,3
8161,87,57.214,61.278,65.640,133.709,135.389,114.726,56.000,181.333,407.000,64.194,after,1,24,1,3
8162,66,74.257,73.875,70.740,128.746,130.306,113.510,87.000,168.000,328.000,65.056,after,1,25,2,3
8163,53,66.741,65.857,64.915,124.623,126.092,112.468,66.000,157.083,354.000,61.583,after,1,26,3,3
8164,65,64.067,61.852,62.594,119.934,121.293,111.309,53.000,144.542,338.000,61.250,after,1,27,4,3
8165,60,70.235,66.687,67.601,115.652,116.914,110.235,65.000,133.167,334.000,63.500,after,1,28,5,3
8166,70,72.089,67.179,70.401,111.355,112.520,109.157,60.000,121.750,435.000,67.778,after,1,29,6,3
8167,74,80.427,74.344,78.716,105.740,106.762,107.804,70.000,106.542,72.000,79.889,other,0,-1,7,3
8168,81,94.401,84.965,89.214,105.441,106.506,107.562,74.000,106.625,72.000,92.417,other,0,-1,8,3
8169,135,112.166,102.458,102.630,105.244,106.354,107.340,81.000,107.000,128.000,115.000,other,0,-1,9,3
8170,127,132.296,129.107,134.654,105.018,106.173,107.113,135.000,107.292,135.000,126.583,other,0,-1,10,3
8171,180,147.681,148.150,143.547,104.574,105.766,106.840,127.000,106.958,160.000,145.861,other,0,-1,11,3
8172,148,168.785,173.485,174.536,104.536,105.780,106.652,180.000,107.792,163.000,168.111,other,0,-1,12,3
8173,171,168.072,169.789,165.685,103.991,105.268,106.358,148.000,107.167,194.000,177.472,other,0,-1,13,3
8174,196,172.043,175.693,174.870,103.330,104.637,106.039,171.000,106.208,199.000,176.694,other,0,-1,14,3
8175,179,172.104,181.372,181.221,102.959,104.306,105.782,196.000,106.083,197.000,173.972,other,0,-1,15,3
8176,177,156.986,164.940,164.357,102.371,103.749,105.479,179.000,105.333,160.000,162.111,other,0,-1,16,3
8177,150,141.144,152.992,152.555,102.289,103.718,105.281,177.000,106.042,153.000,150.028,other,0,-1,17,3
8178,134,121.400,129.238,128.793,101.918,103.386,105.024,150.000,105.917,98.000,132.389,other,0,-1,18,3
8179,105,102.651,110.539,111.065,102.112,103.640,104.884,134.000,107.417,107.000,108.528,other,0,-1,19,3
8180,121,86.929,89.190,90.864,101.755,103.323,104.629,105.000,107.333,69.000,100.083,other,0,-1,20,3
8181,9,69.446,87.014,87.451,102.181,103.816,104.538,121.000,109.500,53.000,85.306,inside,-1,0,21,3
8182,13,71.234,54.254,52.913,101.216,102.870,104.156,9.000,107.667,62.000,74.778,inside,-1,1,22,3
8183,27,58.734,46.345,49.267,100.178,101.849,103.759,13.000,105.625,78.000,70.444,inside,-1,2,23,3
8184,67,48.868,43.746,48.171,99.112,100.798,103.356,27.000,103.500,56.000,60.917,after,-1,3,0,4
8185,39,48.055,57.165,52.008,98.986,100.674,103.028,67.000,103.958,87.000,56.972,after,-1,4,1,4
8186,51,44.599,48.494,45.915,98.005,99.665,102.522,39.000,101.958,66.000,51.583,after,-1,5,2,4
8187,45,48.840,53.797,48.386,97.503,99.151,102.116,51.000,101.333,53.000,54.556,after,-1,6,3,4
8188,57,49.866,52.670,49.109,97.101,98.741,101.730,45.000,101.000,65.000,57.139,after,-1,7,4,4
8189,51,55.389,58.053,55.286,96.700,98.332,101.345,57.000,100.667,60.000,54.694,after,-1,8,5,4
8190,60,58.787,58.552,59.587,96.285,97.908,100.957,51.000,100.292,70.000,65.167,after,-1,9,6,4
8191,76,67.872,66.613,69.881,95.854,97.468,100.565,60.000,99.875,74.000,74.667,after,-1,10,7,4
8192,82,81.126,80.890,85.425,95.598,97.209,100.210,76.000,99.958,81.000,86.667,after,-1,11,8,4
8193,114,98.282,98.481,100.173,95.327,96.935,99.852,82.000,100.000,135.000,109.861,after,-1,12,9,4
8194,136,117.811,126.936,127.112,94.738,96.331,99.427,114.000,99.125,127.000,125.222,after,-1,13,10,4
8195,141,138.021,151.628,149.780,94.583,96.176,99.093,136.000,99.500,180.000,147.361,after,-1,14,11,4
8196,149,153.147,162.378,161.308,93.732,95.302,98.614,141.000,97.875,148.000,161.111,after,-1,15,12,4
8197,171,163.725,166.691,169.414,93.462,95.028,98.256,149.000,97.917,171.000,174.694,after,-1,16,13,4
8198,138,171.297,172.795,179.031,93.176,94.738,97.895,171.000,97.917,196.000,178.167,after,-1,17,14,4
8199,175,160.661,152.603,156.316,92.051,93.579,97.358,138.000,95.500,179.000,172.583,after,-1,18,15,4
8200,186,153.636,157.318,163.620,91.707,93.230,96.985,175.000,95.333,177.000,165.472,after,-1,19,16,4
8201,128,135.812,150.204,155.866,91.553,93.076,96.651,186.000,95.708,150.000,138.861,after,-1,20,17,4
8202,78,109.915,114.413,115.573,90.949,92.456,96.224,128.000,94.792,134.000,121.333,after,-1,21,18,4
8203,96,94.931,90.249,86.117,89.852,91.328,95.693,78.000,92.458,105.000,101.944,after,-1,22,19,4
8204,91,74.196,78.537,82.401,89.436,90.903,95.305,96.000,92.083,121.000,84.222,after,-1,23,20,4
8205,82,58.571,66.409,73.212,88.716,90.164,94.853,91.000,90.833,9.000,70.889,after,-1,24,21,4
8206,53,47.247,57.159,64.857,89.489,90.969,94.713,82.000,93.875,13.000,63.889,after,-1,25,22,4
8207,64,40.666,44.986,54.034,89.783,91.279,94.472,53.000,95.542,27.000,57.111,after,-1,26,23,4
8208,44,36.645,46.797,52.805,90.033,91.545,94.223,64.000,97.083,67.000,38.722,other,0,-1,0,5
8209,46,35.232,42.407,33.164,89.672,91.125,93.952,44.000,96.125,39.000,42.139,other,0,-1,1,5
8210,45,38.107,45.098,34.126,89.745,91.156,93.772,46.000,96.417,51.000,43.389,other,0,-1,2,5
8211,30,40.740,46.375,35.639,89.630,90.992,93.552,45.000,96.167,45.000,43.528,other,0,-1,3,5
8212,32,39.007,41.973,35.444,89.385,90.692,93.305,30.000,95.542,57.000,42.111,other,0,-1,4,5
8213,41,42.403,44.183,39.929,88.995,90.243,93.027,32.000,94.500,51.000,43.028,other,0,-1,5,5
8214,56,48.361,49.897,47.904,88.822,90.019,92.795,41.000,94.083,60.000,55.167,other,0,-1,6,5
8215,66,57.310,60.043,60.063,88.736,89.884,92.582,56.000,93.917,76.000,63.917,other,0,-1,7,5
8216,79,68.658,72.150,72.988,88.563,89.660,92.350,66.000,93.500,82.000,81.722,other,0,-1,8,5
8217,108,84.462,89.262,88.921,88.491,89.541,92.139,79.000,93.375,114.000,98.167,other,0,-1,9,5
8218,108,104.422,115.923,114.491,88.376,89.376,91.919,108.000,93.125,136.000,102.556,other,0,-1,10,5
8219,136,121.923,127.443,124.182,87.942,88.882,91.633,108.000,91.958,141.000,122.722,other,0,-1,11,5
8220,135,140.591,148.670,148.442,87.842,88.733,91.416,136.000,91.750,149.000,141.028,other,0,-1,12,5
8221,173,150.099,150.381,151.665,87.611,88.448,91.172,135.000,91.167,171.000,161.333,other,0,-1,13,5
8222,151,161.939,168.024,175.469,87.612,88.404,90.976,173.000,91.250,138.000,179.778,other,0,-1,14,5
8223,191,152.379,151.267,156.101,87.772,88.524,90.814,151.000,91.792,175.000,180.472,other,0,-1,15,5
8224,148,147.950,160.735,169.832,87.976,88.690,90.661,191.000,92.458,186.000,165.833,other,0,-1,16,5
8225,120,121.253,128.847,129.533,87.397,88.046,90.344,148.000,90.875,128.000,148.556,other,0,-1,17,5
8226,123,101.269,106.531,100.526,87.253,87.851,90.118,120.000,90.542,78.000,114.861,other,0,-1,18,5
8227,101,81.215,91.458,87.311,87.877,88.452,90.053,123.000,92.417,96.000,90.528,other,0,-1,19,5
8228,54,65.157,72.848,68.975,87.921,88.452,89.866,101.000,92.625,91.000,74.972,other,0,-1,20,5
8229,61,55.413,53.900,50.684,87.357,87.823,89.552,54.000,91.083,82.000,60.444,other,0,-1,21,5
8230,47,42.357,46.854,47.702,87.025,87.434,89.287,61.000,90.208,53.000,52.389,other,0,-1,22,5
8231,45,35.481,40.213,42.083,86.910,87.269,89.067,47.000,89.958,64.000,44.139,other,0,-1,23,5
8232,30,32.186,39.125,39.583,86.606,86.910,88.808,45.000,89.167,44.000,32.472,other,0,-1,0,6
8233,30,31.427,35.410,30.478,86.654,86.897,88.876,30.000,88.583,46.000,34.500,other,0,-1,1,6
8234,36,33.659,37.866,31.906,86.672,86.854,88.937,30.000,87.917,45.000,33.361,other,0,-1,2,6
8235,38,38.466,42.425,35.603,86.792,86.915,89.019,36.000,87.542,30.000,35.222,other,0,-1,3,6
8236,30,41.814,44.960,39.835,87.158,87.232,89.153,38.000,87.875,32.000,34.028,other,0,-1,4,6
8237,19,41.284,43.395,42.742,87.380,87.398,89.257,30.000,87.792,41.000,36.611,other,0,-1,5,6
8238,39,43.064,43.073,45.536,87.311,87.265,89.300,19.000,86.875,56.000,38.694,other,0,-1,6,6
8239,59,52.729,55.036,58.074,87.315,87.207,89.358,39.000,86.167,66.000,47.194,other,0,-1,7,6
8240,51,65.532,70.829,73.037,87.464,87.299,89.447,59.000,85.875,79.000,59.167,other,0,-1,8,6
8241,90,80.527,79.105,77.518,87.309,87.075,89.471,51.000,84.708,108.000,78.778,other,0,-1,9,6
8242,103,100.281,105.394,103.222,87.298,87.002,89.527,90.000,83.958,108.000,101.278,other,0,-1,10,6
8243,105,119.312,120.229,116.956,87.476,87.124,89.621,103.000,83.750,136.000,121.778,other,0,-1,11,6
8244,138,133.913,127.831,122.734,87.277,86.856,89.637,105.000,82.458,135.000,140.833,other,0,-1,12,6
8245,160,148.992,148.052,145.970,87.571,87.097,89.756,138.000,82.583,173.000,148.472,other,0,-1,13,6
8246,165,156.623,159.155,160.458,87.633,87.099,89.826,160.000,82.042,151.000,156.639,other,0,-1,14,6
8247,158,152.618,156.666,159.715,88.086,87.505,89.978,165.000,82.625,191.000,153.306,other,0,-1,15,6
8248,145,138.991,144.646,146.548,87.858,87.207,89.988,158.000,81.250,148.000,133.083,other,0,-1,16,6
8249,98,121.125,127.190,126.310,88.065,87.359,90.088,145.000,81.125,120.000,123.667,other,0,-1,17,6
8250,113,104.571,102.603,89.544,87.997,87.226,90.132,98.000,80.208,123.000,102.583,other,0,-1,18,6
8251,57,84.835,87.976,82.266,88.102,87.272,90.211,113.000,79.792,101.000,79.889,other,0,-1,19,6
8252,54,73.981,67.516,55.802,87.715,86.809,90.188,57.000,77.958,54.000,59.111,other,0,-1,20,6
8253,53,58.673,54.826,49.362,87.965,87.006,90.297,54.000,77.958,61.000,47.306,other,0,-1,21,6
8254,55,47.273,47.234,45.795,88.100,87.082,90.383,53.000,77.625,47.000,35.306,other,0,-1,22,6
8255,34,41.562,45.412,44.498,88.466,87.399,90.516,55.000,77.958,45.000,32.556,other,0,-1,23,6
8256,61,37.758,40.253,40.171,88.557,87.431,90.593,34.000,77.500,30.000,61.343,other,0,-1,0,0
8257,71,46.429,51.740,49.921,89.346,88.215,91.025,61.000,78.792,30.000,59.743,other,0,-1,1,0
8258,55,56.363,62.167,53.764,90.280,89.149,91.487,71.000,80.500,36.000,61.829,other,0,-1,2,0
8259,84,52.051,57.173,52.815,90.896,89.753,91.883,55.000,81.292,38.000,63.543,other,0,-1,3,0
8260,63,72.420,76.362,65.012,91.902,90.763,92.361,84.000,83.208,30.000,60.000,other,0,-1,4,0
8261,45,59.147,65.518,64.958,92.720,91.577,92.799,63.000,84.583,19.000,77.171,other,0,-1,5,0
8262,65,53.049,60.126,66.446,93.437,92.286,93.216,45.000,85.667,39.000,77.686,other,0,-1,6,0
8263,87,63.352,74.938,80.438,94.154,92.995,93.633,65.000,86.750,59.000,91.543,other,0,-1,7,0
8264,107,78.356,94.956,97.401,94.900,93.735,94.056,87.000,87.917,51.000,101.114,other,0,-1,8,0
8265,80,97.445,117.361,115.256,96.051,94.894,94.564,107.000,90.250,90.000,122.829,other,0,-1,9,0
8266,117,109.059,119.414,110.472,96.247,95.063,94.872,80.000,89.833,103.000,137.200,other,0,-1,10,0
8267,157,132.395,143.124,135.214,96.790,95.593,95.253,117.000,90.417,105.000,150.314,other,0,-1,11,0
8268,137,158.820,167.053,163.059,97.883,96.692,95.749,157.000,92.583,138.000,163.229,other,0,-1,12,0
8269,163,160.629,159.135,152.908,98.209,96.997,96.084,137.000,92.542,160.000,172.800,other,0,-1,13,0
8270,163,169.441,169.033,167.789,98.593,97.361,96.432,163.000,92.667,165.000,172.257,other,0,-1,14,0
8271,157,164.570,163.601,163.384,98.904,97.651,96.764,163.000,92.583,158.000,183.343,other,0,-1,15,0
8272,150,152.511,151.807,152.190,99.229,97.955,97.099,157.000,92.542,145.000,162.143,other,0,-1,16,0
8273,166,136.005,136.063,138.154,99.642,98.350,97.453,150.000,92.750,98.000,148.800,other,0,-1,17,0
8274,137,119.291,123.401,134.073,100.967,99.689,97.997,166.000,95.583,113.000,128.829,other,0,-1,18,0
8275,85,98.533,99.698,107.079,101.655,100.368,98.408,137.000,96.583,57.000,110.171,other,0,-1,19,0
8276,94,83.976,78.702,78.643,102.401,101.107,98.831,85.000,97.750,54.000,85.143,other,0,-1,20,0
8277,97,69.420,69.562,73.470,103.321,102.026,99.291,94.000,99.417,53.000,75.143,other,0,-1,21,0
8278,69,63.050,67.140,68.838,104.298,103.006,99.762,97.000,101.250,55.000,65.229,other,0,-1,22,0
8279,74,56.019,59.269,58.836,104.841,103.535,100.143,69.000,101.833,34.000,63.543,other,0,-1,23,0
8280,56,59.143,63.539,58.525,105.761,104.454,100.602,74.000,103.500,61.000,61.694,other,0,-1,0,1
8281,65,53.844,57.393,54.136,105.862,104.581,100.899,56.000,103.292,71.000,62.000,other,0,-1,1,1
8282,54,60.211,63.596,55.615,105.949,104.693,101.194,65.000,103.042,55.000,62.222,other,0,-1,2,1
8283,58,59.001,61.152,54.935,106.109,104.880,101.503,54.000,103.000,84.000,61.389,other,0,-1,3,1
8284,60,62.548,64.175,58.950,105.906,104.692,101.737,58.000,101.917,63.000,63.583,other,0,-1,4,1
8285,45,64.489,66.492,64.467,106.037,104.849,102.040,60.000,101.792,45.000,65.139,other,0,-1,5,1
8286,63,63.808,64.995,67.449,106.211,105.051,102.352,45.000,101.792,65.000,66.417,other,0,-1,6,1
8287,71,73.745,77.057,80.320,106.356,105.223,102.658,63.000,101.708,87.000,77.639,other,0,-1,7,1
8288,90,86.806,90.982,92.329,106.298,105.185,102.922,71.000,101.042,107.000,91.833,other,0,-1,8,1
8289,133,105.447,111.518,109.693,106.225,105.132,103.183,90.000,100.333,80.000,109.944,other,0,-1,9,1
8290,139,132.907,138.322,139.547,107.167,106.128,103.656,133.000,102.542,117.000,131.361,other,0,-1,10,1
8291,156,149.912,153.941,152.534,107.660,106.660,104.035,139.000,103.458,157.000,148.500,other,0,-1,11,1
8292,171,166.982,167.969,168.682,107.819,106.847,104.344,156.000,103.417,137.000,174.389,other,0,-1,12,1
8293,177,177.743,177.268,180.305,108.486,107.559,104.759,171.000,104.833,163.000,191.778,other,0,-1,13,1
8294,171,179.305,179.041,182.320,108.862,107.970,105.114,177.000,105.417,163.000,190.222,other,0,-1,14,1
8295,197,172.134,171.569,172.745,109.152,108.292,105.451,171.000,105.750,157.000,183.056,other,0,-1,15,1
8296,183,168.866,172.840,177.493,109.906,109.094,105.884,197.000,107.417,150.000,168.806,other,0,-1,16,1
8297,186,150.013,152.759,156.686,110.558,109.790,106.296,183.000,108.792,166.000,158.750,other,0,-1,17,1
8298,109,133.227,137.752,144.753,111.021,110.292,106.669,186.000,109.625,137.000,131.639,other,0,-1,18,1
8299,105,111.982,102.676,100.699,110.790,110.074,106.897,109.000,108.458,85.000,103.944,other,0,-1,19,1
8300,75,94.327,87.451,91.183,111.253,110.576,107.269,105.000,109.292,94.000,92.389,other,0,-1,20,1
8301,63,81.843,72.729,74.927,111.152,110.493,107.524,75.000,108.500,97.000,77.389,other,0,-1,21,1
8302,74,70.729,63.728,64.401,110.833,110.185,107.734,63.000,107.083,69.000,64.944,other,0,-1,22,1
8303,69,64.150,63.415,60.718,111.080,110.462,108.061,74.000,107.292,74.000,62.889,other,0,-1,23,1
8304,67,62.516,62.928,54.431,111.181,110.589,108.358,69.000,107.083,56.000,59.639,other,0,-1,0,2
8305,72,61.169,63.717,56.878,111.217,110.686,108.443,67.000,107.542,65.000,64.167,other,0,-1,1,2
8306,75,65.018,67.124,56.680,111.195,110.723,108.515,72.000,107.833,54.000,56.194,other,0,-1,2,2
8307,66,69.178,69.714,57.811,111.376,110.970,108.630,75.000,108.708,58.000,60.528,other,0,-1,3,2
8308,62,68.164,67.131,58.206,111.369,111.022,108.705,66.000,109.042,60.000,62.444,other,0,-1,4,2
8309,58,69.388,66.847,61.313,111.275,110.985,108.762,62.000,109.125,45.000,62.833,other,0,-1,5,2
8310,71,73.379,68.397,66.198,111.340,111.112,108.852,58.000,109.667,63.000,70.472,other,0,-1,6,2
8311,73,83.554,77.024,77.186,111.332,111.164,108.928,71.000,110.000,71.000,78.639,other,0,-1,7,2
8312,95,97.314,87.730,87.455,111.238,111.126,108.985,73.000,110.083,90.000,89.639,other,0,-1,8,2
8313,114,115.341,105.734,106.057,111.187,111.133,109.051,95.000,110.292,133.000,104.833,other,0,-1,9,2
8314,142,134.711,126.286,125.625,110.788,110.780,109.045,114.000,109.500,139.000,127.694,other,0,-1,10,2
8315,195,154.002,147.079,149.342,110.709,110.758,109.105,142.000,109.625,156.000,145.361,other,0,-1,11,2
8316,174,181.452,172.942,183.801,111.150,111.275,109.274,195.000,111.250,171.000,159.222,other,0,-1,12,2
8317,225,175.304,175.701,178.080,111.070,111.252,109.334,174.000,111.375,177.000,182.222,other,0,-1,13,2
8318,167,194.495,199.145,203.590,111.643,111.903,109.530,225.000,113.375,171.000,185.000,other,0,-1,14,2
8319,177,167.142,171.398,167.500,111.461,111.776,109.569,167.000,113.208,197.000,172.750,other,0,-1,15,2
8320,197,159.544,166.682,162.173,111.048,111.408,109.560,177.000,112.375,183.000,158.694,other,0,-1,16,2
8321,122,149.534,164.717,159.991,111.128,111.550,109.653,197.000,112.958,186.000,148.139,other,0,-1,17,2
8322,161,131.535,124.297,113.900,110.077,110.523,109.511,122.000,110.292,109.000,124.722,other,0,-1,18,2
8323,114,110.807,122.194,120.005,110.707,111.235,109.719,161.000,112.458,105.000,108.833,other,0,-1,19,2
8324,83,95.719,93.529,92.436,110.714,111.302,109.797,114.000,112.833,75.000,89.361,other,0,-1,20,2
8325,96,83.292,76.100,74.670,110.707,111.354,109.873,83.000,113.167,63.000,75.500,other,0,-1,21,2
8326,65,69.577,72.796,71.473,111.062,111.781,110.023,96.000,114.542,74.000,67.139,other,0,-1,22,2
8327,66,62.709,60.838,57.260,110.808,111.578,110.047,65.000,114.167,69.000,62.722,other,0,-1,23,2
8328,77,58.613,60.166,52.739,110.641,111.465,110.089,66.000,114.042,67.000,61.389,other,0,-1,0,3
8329,57,59.815,67.371,65.002,110.459,111.329,109.871,77.000,114.458,72.000,64.194,other,0,-1,1,3
8330,61,57.500,61.125,59.565,109.914,110.818,109.577,57.000,113.833,75.000,65.056,other,0,-1,2,3
8331,64,60.492,63.639,60.203,109.383,110.321,109.286,61.000,113.250,66.000,61.583,other,0,-1,3,3
8332,60,63.664,65.491,62.234,109.026,110.005,109.031,64.000,113.167,62.000,61.250,other,0,-1,4,3
8333,69,65.627,64.910,64.514,108.670,109.688,108.776,60.000,113.083,58.000,63.500,other,0,-1,5,3
8334,49,72.042,69.682,71.668,108.501,109.567,108.561,69.000,113.542,71.000,67.778,other,0,-1,6,3
8335,80,80.886,70.794,73.602,107.855,108.951,108.246,49.000,112.625,73.000,79.889,other,0,-1,7,3
8336,89,94.484,86.022,91.334,107.629,108.769,108.018,80.000,112.917,95.000,92.417,other,0,-1,8,3
8337,95,111.959,103.153,105.599,107.214,108.393,107.752,89.000,112.667,114.000,115.000,other,0,-1,9,3
8338,103,130.751,125.703,120.169,106.611,107.822,107.445,95.000,111.875,142.000,126.583,other,0,-1,10,3
8339,141,147.264,147.059,135.115,105.719,106.950,107.079,103.000,110.250,195.000,145.861,other,0,-1,11,3
8340,176,161.520,163.410,159.278,104.609,105.855,106.667,141.000,108.000,174.000,168.111,other,0,-1,12,3
8341,178,174.274,178.225,178.815,104.310,105.598,106.424,176.000,108.083,225.000,177.472,other,0,-1,13,3
8342,174,174.394,178.093,178.940,103.301,104.607,106.033,178.000,106.125,167.000,176.694,other,0,-1,14,3
8343,184,167.676,171.360,171.893,103.075,104.426,105.806,174.000,106.417,177.000,173.972,other,0,-1,15,3
8344,148,158.674,167.072,167.472,102.849,104.244,105.578,184.000,106.708,197.000,162.111,other,0,-1,16,3
8345,126,139.120,141.720,139.421,101.811,103.223,105.182,148.000,104.667,122.000,150.028,other,0,-1,17,3
8346,106,121.932,121.775,118.550,101.542,102.997,104.945,126.000,104.833,161.000,132.389,other,0,-1,18,3
8347,112,105.075,102.505,100.432,100.417,101.886,104.530,106.000,102.542,114.000,108.528,other,0,-1,19,3
8348,85,85.510,91.181,93.111,100.061,101.569,104.275,112.000,102.458,83.000,100.083,other,0,-1,20,3
8349,87,72.268,73.100,76.760,99.762,101.313,104.033,85.000,102.542,96.000,85.306,other,0,-1,21,3
8350,70,58.860,66.534,70.648,99.304,100.892,103.757,87.000,102.167,65.000,74.778,other,0,-1,22,3
8351,65,51.251,56.605,61.264,99.048,100.680,103.523,70.000,102.375,66.000,70.444,other,0,-1,23,3
8352,62,46.849,52.853,56.227,98.706,100.379,103.272,65.000,102.333,77.000,60.917,other,0,-1,0,4
8353,46,46.176,55.507,51.803,98.204,99.864,102.865,62.000,101.708,57.000,56.972,other,0,-1,1,4
8354,48,44.806,50.970,47.980,97.759,99.410,102.471,46.000,101.250,61.000,51.583,other,0,-1,2,4
8355,49,47.411,52.901,48.660,97.285,98.926,102.070,48.000,100.708,64.000,54.556,other,0,-1,3,4
8356,53,50.115,54.212,50.644,96.783,98.412,101.664,49.000,100.083,60.000,57.139,other,0,-1,4,4
8357,58,53.909,56.729,55.018,96.396,98.017,101.281,53.000,99.792,69.000,54.694,other,0,-1,5,4
8358,59,59.188,60.669,61.765,95.951,97.563,100.887,58.000,99.333,49.000,65.167,other,0,-1,6,4
8359,77,67.320,66.283,69.831,95.811,97.424,100.556,59.000,99.750,80.000,74.667,other,0,-1,7,4
8360,79,80.693,81.036,85.709,95.482,97.089,100.186,77.000,99.625,89.000,86.667,other,0,-1,8,4
8361,126,97.862,97.663,98.665,95.052,96.650,99.795,79.000,99.208,95.000,109.861,other,0,-1,9,4
8362,126,118.620,130.657,131.825,95.216,96.825,99.527,126.000,100.500,103.000,125.222,other,0,-1,10,4
8363,141,136.334,147.842,144.075,95.264,96.881,99.236,126.000,101.458,141.000,147.361,other,0,-1,11,4
8364,164,152.665,162.290,160.135,94.978,96.591,98.874,141.000,101.458,176.000,161.111,other,0,-1,12,4
8365,157,166.264,173.242,175.508,94.519,96.122,98.477,164.000,100.958,178.000,174.694,other,0,-1,13,4
8366,197,167.732,166.194,170.882,93.930,95.518,98.052,157.000,100.083,174.000,178.167,other,0,-1,14,4
8367,173,172.927,179.193,185.241,93.977,95.573,97.761,197.000,101.042,184.000,172.583,other,0,-1,15,4
8368,186,153.321,156.473,162.636,93.533,95.119,97.366,173.000,100.583,148.000,165.472,other,0,-1,16,4
8369,132,136.000,150.253,156.101,93.798,95.399,97.120,186.000,102.167,126.000,138.861,other,0,-1,17,4
8370,127,110.287,115.329,117.423,93.599,95.200,96.777,132.000,102.417,106.000,121.333,other,0,-1,18,4
8371,108,89.898,99.519,102.825,93.618,95.225,96.480,127.000,103.292,112.000,101.944,other,0,-1,19,4
8372,85,72.758,81.396,85.835,93.275,94.876,96.106,108.000,103.125,85.000,84.222,other,0,-1,20,4
8373,79,59.232,64.962,71.273,92.990,94.586,95.745,85.000,103.125,87.000,70.889,other,0,-1,21,4
8374,63,47.457,56.183,63.667,92.589,94.177,95.360,79.000,102.792,70.000,63.889,other,0,-1,22,4
8375,68,40.227,47.472,55.517,92.202,93.783,94.978,63.000,102.500,65.000,57.111,other,0,-1,23,4
8376,37,37.211,47.987,53.009,91.960,93.538,94.626,68.000,102.625,62.000,38.722,other,0,-1,0,5
8377,38,34.053,39.741,31.560,91.570,93.089,94.348,37.000,101.583,46.000,42.139,other,0,-1,1,5
8378,31,36.060,41.797,32.165,91.426,92.895,94.122,38.000,101.250,48.000,43.389,other,0,-1,2,5
8379,36,36.821,40.810,32.400,91.151,92.566,93.869,31.000,100.542,49.000,43.528,other,0,-1,3,5
8380,44,40.637,43.861,36.100,90.935,92.296,93.628,36.000,100.000,53.000,42.111,other,0,-1,4,5
8381,45,45.600,48.209,42.251,90.776,92.087,93.399,44.000,99.625,58.000,43.028,other,0,-1,5,5
8382,51,49.325,51.015,48.584,90.560,91.818,93.158,45.000,99.083,59.000,55.167,other,0,-1,6,5
8383,59,56.751,58.150,58.116,90.416,91.623,92.933,51.000,98.750,77.000,63.917,other,0,-1,7,5
8384,70,68.423,69.625,70.184,90.127,91.279,92.676,59.000,98.000,79.000,81.722,other,0,-1,8,5
8385,82,84.526,85.844,85.060,89.969,91.070,92.448,70.000,97.625,126.000,98.167,other,0,-1,9,5
8386,103,102.982,104.140,101.314,89.303,90.336,92.113,82.000,95.792,126.000,102.556,other,0,-1,10,5
8387,112,121.767,125.011,122.353,88.942,89.916,91.841,103.000,94.833,141.000,122.722,other,0,-1,11,5
8388,170,137.190,136.746,135.081,88.494,89.407,91.552,112.000,93.625,164.000,141.028,other,0,-1,12,5
8389,165,159.526,169.753,175.849,88.552,89.423,91.369,170.000,93.875,157.000,161.333,other,0,-1,13,5
8390,168,160.186,163.418,171.733,88.640,89.468,91.191,165.000,94.208,197.000,179.778,other,0,-1,14,5
8391,182,155.489,158.752,167.473,88.192,88.959,90.902,168.000,93.000,173.000,180.472,other,0,-1,15,5
8392,174,145.348,155.662,164.780,88.294,89.020,90.727,182.000,93.375,186.000,165.833,other,0,-1,16,5
8393,123,123.942,138.203,143.856,88.092,88.765,90.489,174.000,92.875,132.000,148.556,other,0,-1,17,5
8394,96,100.464,106.446,101.544,87.934,88.556,90.260,123.000,92.500,127.000,114.861,other,0,-1,18,5
8395,89,83.295,85.521,77.550,87.457,88.017,89.965,96.000,91.208,108.000,90.528,other,0,-1,19,5
8396,65,65.985,69.615,65.279,87.153,87.658,89.706,89.000,90.417,85.000,74.972,other,0,-1,20,5
8397,59,53.267,54.184,52.701,86.836,87.283,89.444,65.000,89.583,79.000,60.444,other,0,-1,21,5
8398,38,41.824,45.417,47.049,86.518,86.909,89.181,59.000,88.750,63.000,52.389,other,0,-1,22,5
8399,52,35.044,37.180,40.341,86.127,86.460,88.904,38.000,87.708,68.000,44.139,other,0,-1,23,5
8400,40,32.327,40.343,40.451,85.868,86.146,88.654,52.000,87.042,37.000,32.472,other,0,-1,0,6
8401,27,32.870,37.742,32.321,86.161,86.387,88.773,40.000,87.167,38.000,34.500,other,0,-1,1,6
8402,27,32.174,35.764,31.493,86.252,86.419,88.849,27.000,86.708,31.000,33.361,other,0,-1,2,6
8403,28,34.837,37.862,33.903,86.445,86.556,88.947,27.000,86.542,36.000,35.222,other,0,-1,3,6
8404,26,37.674,39.941,37.638,86.579,86.632,89.032,28.000,86.208,44.000,34.028,other,0,-1,4,6
8405,39,39.627,41.050,41.812,86.569,86.559,89.087,26.000,85.458,45.000,36.611,other,0,-1,5,6
8406,30,46.459,48.826,51.230,86.732,86.666,89.179,39.000,85.208,51.000,38.694,other,0,-1,6,6
8407,50,51.334,51.562,55.258,86.678,86.547,89.225,30.000,84.333,59.000,47.194,other,0,-1,7,6
8408,76,64.240,66.898,69.557,86.798,86.609,89.307,50.000,83.958,70.000,59.167,other,0,-1,8,6
8409,61,81.520,88.080,88.539,87.135,86.896,89.435,76.000,84.208,82.000,78.778,other,0,-1,9,6
8410,87,99.157,92.849,88.868,87.081,86.777,89.481,61.000,83.333,103.000,101.278,other,0,-1,10,6
8411,132,117.866,112.229,107.941,87.100,86.734,89.543,87.000,82.667,112.000,121.778,other,0,-1,11,6
8412,127,139.146,141.445,139.541,87.640,87.230,89.713,132.000,83.500,170.000,140.833,other,0,-1,12,6
8413,173,146.932,142.596,138.616,87.267,86.782,89.692,127.000,81.708,165.000,148.472,other,0,-1,13,6
8414,130,161.150,166.182,169.697,87.633,87.099,89.826,173.000,82.042,168.000,156.639,other,0,-1,14,6
8415,149,146.980,142.996,136.199,87.333,86.726,89.821,130.000,80.458,182.000,153.306,other,0,-1,15,6
8416,156,137.701,141.496,140.635,87.105,86.428,89.831,149.000,79.083,174.000,133.083,other,0,-1,16,6
8417,130,121.910,130.678,132.761,87.095,86.354,89.886,156.000,78.333,123.000,123.667,other,0,-1,17,6
8418,91,102.396,107.733,103.661,87.446,86.656,90.017,130.000,78.625,96.000,102.583,other,0,-1,18,6
8419,89,86.889,85.497,74.335,87.624,86.778,90.111,91.000,78.417,89.000,79.889,other,0,-1,19,6
8420,53,69.638,70.361,63.347,87.874,86.974,90.221,89.000,78.417,65.000,59.111,other,0,-1,20,6
8421,43,58.828,55.199,48.572,87.951,86.991,90.294,53.000,77.917,59.000,47.306,other,0,-1,21,6
8422,46,47.902,46.341,43.284,87.969,86.948,90.355,43.000,77.250,38.000,35.306,other,0,-1,22,6
8423,27,40.821,43.878,42.060,88.336,87.264,90.489,46.000,77.583,52.000,32.556,other,0,-1,23,6
8424,79,37.032,39.241,38.022,88.224,87.086,90.523,27.000,76.542,40.000,61.343,other,0,-1,0,0
8425,69,54.637,61.488,52.678,89.129,87.990,90.980,79.000,78.167,27.000,59.743,other,0,-1,1,0
8426,51,55.128,61.984,52.071,90.077,88.939,91.445,69.000,79.917,27.000,61.829,other,0,-1,2,0
8427,52,50.001,56.026,50.739,90.765,89.619,91.856,51.000,80.917,28.000,63.543,other,0,-1,3,0
8428,64,52.691,58.587,55.159,91.453,90.298,92.267,52.000,81.917,26.000,60.000,other,0,-1,4,0
8429,54,59.588,66.573,64.166,92.344,91.187,92.720,64.000,83.500,39.000,77.171,other,0,-1,5,0
8430,72,55.700,64.376,68.180,92.901,91.732,93.104,54.000,84.125,30.000,77.686,other,0,-1,6,0
8431,74,65.747,78.546,82.159,93.850,92.681,93.570,72.000,85.875,50.000,91.543,other,0,-1,7,0
8432,81,74.249,89.295,91.598,94.538,93.360,93.981,74.000,86.875,76.000,101.114,other,0,-1,8,0
8433,102,90.062,105.690,103.035,94.950,93.755,94.334,81.000,87.083,61.000,122.829,other,0,-1,9,0
8434,146,111.722,127.396,120.753,95.885,94.689,94.797,102.000,88.792,87.000,137.200,other,0,-1,10,0
8435,158,142.575,157.318,151.528,97.079,95.893,95.314,146.000,91.250,132.000,150.314,other,0,-1,11,0
8436,166,159.307,167.573,163.763,97.796,96.602,95.731,158.000,92.333,127.000,163.229,other,0,-1,12,0
8437,209,169.381,172.280,170.937,98.701,97.506,96.187,166.000,93.958,173.000,172.800,other,0,-1,13,0
8438,183,192.409,195.046,198.370,99.563,98.365,96.634,209.000,95.458,130.000,172.257,other,0,-1,14,0
8439,151,170.869,171.400,176.357,100.671,99.480,97.133,183.000,97.667,149.000,183.343,other,0,-1,15,0
8440,139,153.253,148.290,148.538,101.040,99.829,97.478,151.000,97.750,156.000,162.143,other,0,-1,16,0
8441,155,137.263,131.659,131.955,101.134,99.894,97.764,139.000,97.042,130.000,148.800,other,0,-1,17,0
8442,126,119.077,118.794,128.429,101.837,100.588,98.179,155.000,98.083,91.000,128.829,other,0,-1,18,0
8443,86,100.021,96.243,102.716,102.684,101.432,98.623,126.000,99.542,89.000,110.171,other,0,-1,19,0
8444,95,85.801,77.197,79.626,102.980,101.707,98.952,86.000,99.417,53.000,85.143,other,0,-1,20,0
8445,75,70.779,68.335,74.624,103.929,102.656,99.418,95.000,101.167,43.000,75.143,other,0,-1,21,0
8446,67,61.581,59.957,64.544,104.733,103.455,99.853,75.000,102.500,46.000,65.229,other,0,-1,22,0
8447,59,56.739,57.253,59.484,105.377,104.090,100.255,67.000,103.375,27.000,63.543,other,0,-1,23,0
8448,45,55.382,56.512,56.282,106.181,104.889,100.690,59.000,104.708,79.000,61.694,other,0,-1,0,1
8449,56,52.270,52.474,52.926,105.862,104.581,100.899,45.000,103.292,69.000,62.000,other,0,-1,1,1
8450,63,57.253,58.663,54.561,105.848,104.588,101.172,56.000,102.750,51.000,62.222,other,0,-1,2,1
8451,60,62.961,63.646,57.420,106.196,104.970,101.521,63.000,103.250,52.000,61.389,other,0,-1,3,1
8452,63,63.672,63.935,60.002,106.486,105.292,101.858,60.000,103.583,64.000,63.583,other,0,-1,4,1
8453,71,65.910,66.727,65.608,106.645,105.479,102.167,63.000,103.542,54.000,65.139,other,0,-1,5,1
8454,78,70.469,72.660,74.438,107.065,105.935,102.531,71.000,104.250,72.000,66.417,other,0,-1,6,1
8455,77,77.279,80.974,84.989,107.326,106.227,102.861,78.000,104.500,74.000,77.639,other,0,-1,7,1
8456,76,87.897,91.893,94.456,107.544,106.474,103.183,77.000,104.625,81.000,91.833,other,0,-1,8,1
8457,114,105.146,109.132,104.337,107.645,106.601,103.480,76.000,104.417,102.000,109.944,other,0,-1,9,1
8458,119,127.433,133.722,130.589,107.993,106.983,103.828,114.000,104.917,146.000,131.361,other,0,-1,10,1
8459,141,145.387,149.625,142.352,107.776,106.780,104.059,119.000,103.792,158.000,148.500,other,0,-1,11,1
8460,180,162.398,163.677,160.362,107.703,106.727,104.320,141.000,103.083,166.000,174.389,other,0,-1,12,1
8461,151,181.059,180.741,185.182,108.080,107.139,104.675,180.000,103.667,209.000,191.778,other,0,-1,13,1
8462,155,172.448,169.995,167.257,107.414,106.471,104.812,151.000,101.250,183.000,190.222,other,0,-1,14,1
8463,131,168.591,166.481,163.469,107.182,106.253,105.039,155.000,100.083,151.000,183.056,other,0,-1,15,1
8464,178,157.766,151.431,141.318,107.066,106.155,105.291,131.000,99.250,139.000,168.806,other,0,-1,16,1
8465,132,148.091,151.934,154.062,107.805,106.942,105.721,178.000,100.875,155.000,158.750,other,0,-1,17,1
8466,123,128.201,123.628,119.794,107.646,106.799,105.964,132.000,99.917,126.000,131.639,other,0,-1,18,1
8467,85,110.082,105.815,106.559,107.776,106.956,106.267,123.000,99.792,86.000,103.944,other,0,-1,19,1
8468,74,96.207,86.677,85.762,107.936,107.143,106.577,85.000,99.750,95.000,92.389,other,0,-1,20,1
8469,70,81.479,73.798,75.736,107.806,107.030,106.825,74.000,98.875,75.000,77.389,other,0,-1,21,1
8470,52,69.620,66.064,67.700,107.907,107.157,107.123,70.000,98.667,67.000,64.944,other,0,-1,22,1
8471,69,62.590,59.533,56.852,107.864,107.134,107.390,52.000,98.042,59.000,62.889,other,0,-1,23,1
8472,54,61.831,64.301,55.961,108.183,107.486,107.732,69.000,98.458,45.000,59.639,other,0,-1,0,2
8473,58,58.370,60.442,55.707,108.190,107.553,107.810,54.000,98.833,56.000,64.167,other,0,-1,1,2
8474,57,60.609,62.914,55.273,108.095,107.515,107.868,58.000,98.917,63.000,56.194,other,0,-1,2,2
8475,58,62.747,63.708,55.387,107.885,107.357,107.901,57.000,98.667,60.000,60.528,other,0,-1,3,2
8476,75,65.335,64.934,57.530,107.733,107.260,107.946,58.000,98.583,63.000,62.444,other,0,-1,4,2
8477,60,73.108,71.822,65.004,107.783,107.372,108.033,75.000,99.083,71.000,62.833,other,0,-1,5,2
8478,76,72.857,69.148,67.149,107.501,107.139,108.051,60.000,98.625,78.000,70.472,other,0,-1,6,2
8479,80,83.209,78.224,78.776,107.349,107.041,108.096,76.000,98.542,77.000,78.639,other,0,-1,7,2
8480,79,96.304,88.553,89.549,107.269,107.018,108.156,80.000,98.667,76.000,89.639,other,0,-1,8,2
8481,106,113.934,104.936,100.215,107.189,106.996,108.216,79.000,98.792,114.000,104.833,other,0,-1,9,2
8482,152,132.697,125.862,121.865,106.950,106.808,108.243,106.000,98.458,119.000,127.694,other,0,-1,10,2
8483,135,154.506,147.755,152.962,107.304,107.235,108.394,152.000,99.833,141.000,145.361,other,0,-1,11,2
8484,187,161.998,160.480,154.034,107.094,107.077,108.427,135.000,99.583,180.000,159.222,other,0,-1,12,2
8485,193,178.260,178.876,183.327,107.072,107.114,108.499,187.000,99.875,151.000,182.222,other,0,-1,13,2
8486,188,177.635,183.938,185.668,107.557,107.676,108.677,193.000,101.625,155.000,185.000,other,0,-1,14,2
8487,163,169.910,178.960,177.208,107.912,108.103,108.828,188.000,103.000,131.000,172.750,other,0,-1,15,2
8488,178,157.512,161.640,154.827,108.252,108.515,108.976,163.000,104.333,178.000,158.694,other,0,-1,16,2
8489,194,146.133,155.629,150.217,108.129,108.447,109.027,178.000,104.333,132.000,148.139,other,0,-1,17,2
8490,116,132.061,151.531,145.677,108.904,109.309,109.266,194.000,106.917,123.000,124.722,other,0,-1,18,2
8491,109,113.226,107.734,100.936,108.679,109.136,109.295,116.000,106.625,85.000,108.833,other,0,-1,19,2
8492,89,95.571,92.331,89.554,108.904,109.428,109.419,109.000,107.625,74.000,89.361,other,0,-1,20,2
8493,95,81.572,77.192,75.059,108.998,109.585,109.516,89.000,108.250,70.000,75.500,other,0,-1,21,2
8494,93,68.968,72.307,69.491,109.237,109.892,109.642,95.000,109.292,52.000,67.139,other,0,-1,22,2
8495,48,63.086,69.621,62.575,109.707,110.439,109.817,93.000,111.000,69.000,62.722,other,0,-1,23,2
8496,73,57.292,55.241,47.545,109.280,110.056,109.805,48.000,110.125,54.000,61.389,other,0,-1,0,3
8497,78,58.530,65.779,62.365,109.227,110.055,109.614,73.000,110.917,58.000,64.194,other,0,-1,1,3
8498,72,62.618,69.351,61.991,109.189,110.068,109.426,78.000,111.750,57.000,65.056,other,0,-1,2,3
8499,67,63.572,68.010,60.890,109.079,110.006,109.222,72.000,112.375,58.000,61.583,other,0,-1,3,3
8500,55,64.416,66.660,61.576,108.882,109.855,109.001,67.000,112.750,75.000,61.250,other,0,-1,4,3
8501,64,64.498,63.330,62.358,108.264,109.269,108.692,55.000,111.917,60.000,63.500,other,0,-1,5,3
8502,56,71.130,68.185,69.626,107.994,109.042,108.455,64.000,112.083,76.000,67.778,other,0,-1,6,3
8503,61,80.247,71.783,74.812,107.377,108.456,108.146,56.000,111.250,80.000,79.889,other,0,-1,7,3
8504,101,95.121,83.510,85.335,106.774,107.885,107.840,61.000,110.458,79.000,92.417,other,0,-1,8,3
8505,101,112.037,104.303,109.599,106.765,107.928,107.658,101.000,111.375,106.000,115.000,other,0,-1,9,3
8506,119,130.630,125.556,122.351,106.365,107.567,107.394,101.000,111.167,152.000,126.583,other,0,-1,10,3
8507,187,147.695,147.415,141.234,105.559,106.786,107.046,119.000,109.792,135.000,145.861,other,0,-1,11,3
8508,161,172.924,175.980,178.635,105.985,107.279,106.954,187.000,111.958,187.000,168.111,other,0,-1,12,3
8509,185,170.698,173.482,172.148,105.281,106.603,106.627,161.000,110.875,193.000,177.472,other,0,-1,13,3
8510,165,176.207,181.401,182.232,104.837,106.196,106.354,185.000,110.542,188.000,176.694,other,0,-1,14,3
8511,166,165.960,168.126,167.642,104.176,105.565,106.036,165.000,109.583,163.000,173.972,other,0,-1,15,3
8512,198,155.673,159.681,158.998,103.892,105.323,105.796,166.000,109.708,178.000,162.111,other,0,-1,16,3
8513,177,145.212,164.033,162.845,103.854,105.337,105.608,198.000,110.542,194.000,150.028,other,0,-1,17,3
8514,128,122.222,141.600,140.627,103.280,104.796,105.308,177.000,109.833,116.000,132.389,other,0,-1,18,3
8515,110,103.113,108.439,108.518,103.126,104.689,105.096,128.000,110.333,109.000,108.528,other,0,-1,19,3
8516,109,86.259,90.726,92.183,102.813,104.418,104.850,110.000,110.375,89.000,100.083,other,0,-1,20,3
8517,69,70.066,81.658,83.285,102.775,104.431,104.662,109.000,111.208,95.000,85.306,other,0,-1,21,3
8518,64,61.336,61.590,65.455,102.071,103.755,104.335,69.000,110.125,93.000,74.778,other,0,-1,22,3
8519,47,52.214,55.274,58.951,101.323,103.034,103.998,64.000,108.917,48.000,70.444,other,0,-1,23,3
8520,55,47.366,48.322,51.529,100.981,102.732,103.747,47.000,108.875,73.000,60.917,other,0,-1,0,4
8521,73,45.579,53.404,49.407,100.435,102.173,103.331,55.000,108.125,78.000,56.972,other,0,-1,1,4
8522,42,52.635,62.273,51.876,100.077,101.809,102.955,73.000,107.917,72.000,51.583,other,0,-1,2,4
8523,56,46.694,51.257,46.476,99.357,101.070,102.503,42.000,106.667,67.000,54.556,other,0,-1,3,4
8524,52,52.409,57.252,51.092,98.912,100.615,102.108,56.000,106.208,55.000,57.139,other,0,-1,4,4
8525,55,54.116,56.741,54.045,98.583,100.281,101.738,52.000,106.083,64.000,54.694,other,0,-1,5,4
8526,55,59.170,60.022,60.519,98.168,99.857,101.350,55.000,105.708,56.000,65.167,other,0,-1,6,4
8527,69,67.673,65.515,68.484,97.868,99.552,100.986,55.000,105.667,61.000,74.667,other,0,-1,7,4
8528,67,81.134,79.237,83.154,97.699,99.383,100.649,69.000,106.000,101.000,86.667,other,0,-1,8,4
8529,83,99.077,95.594,94.688,96.921,98.584,100.185,67.000,104.583,101.000,109.861,other,0,-1,9,4
8530,140,117.608,119.447,114.183,96.375,98.024,99.769,83.000,103.833,119.000,125.222,other,0,-1,10,4
8531,129,138.993,153.171,152.285,96.393,98.050,99.472,140.000,104.708,187.000,147.361,other,0,-1,11,4
8532,154,151.485,157.971,156.375,95.268,96.891,98.935,129.000,102.292,161.000,161.111,other,0,-1,12,4
8533,189,164.825,168.688,172.588,94.881,96.497,98.553,154.000,102.000,185.000,174.694,other,0,-1,13,4
8534,178,177.204,182.318,188.928,94.654,96.267,98.204,189.000,102.167,165.000,178.167,other,0,-1,14,4
8535,179,168.350,168.927,177.133,94.557,96.173,97.882,178.000,102.708,166.000,172.583,other,0,-1,15,4
8536,123,155.213,159.228,166.965,94.460,96.078,97.560,179.000,103.250,198.000,165.472,other,0,-1,16,4
8537,109,130.506,127.176,127.028,93.088,94.665,96.972,123.000,100.125,177.000,138.861,other,0,-1,17,4
8538,134,111.695,109.758,108.136,91.818,93.356,96.405,109.000,97.292,128.000,121.333,other,0,-1,18,4
8539,95,89.385,101.552,105.467,91.619,93.156,96.062,134.000,97.542,110.000,101.944,other,0,-1,19,4
8540,83,74.435,77.822,82.241,91.117,92.642,95.656,95.000,96.917,109.000,84.222,other,0,-1,20,4
8541,75,59.424,64.075,71.452,90.455,91.963,95.216,83.000,95.833,69.000,70.889,other,0,-1,21,4
8542,61,47.477,54.733,63.748,90.256,91.764,94.873,75.000,96.083,64.000,63.889,other,0,-1,22,4
8543,42,39.920,46.659,56.358,89.928,91.429,94.503,61.000,95.958,47.000,57.111,other,0,-1,23,4
8544,22,35.432,39.572,49.582,89.570,91.065,94.126,42.000,95.750,55.000,38.722,other,0,-1,0,5
8545,35,31.935,35.047,30.621,89.064,90.496,93.825,22.000,94.375,73.000,42.139,other,0,-1,1,5
8546,41,34.797,40.563,32.929,88.485,89.852,93.508,35.000,92.792,42.000,43.389,other,0,-1,2,5
8547,43,38.958,44.443,35.452,88.442,89.762,93.304,41.000,92.750,56.000,43.528,other,0,-1,3,5
8548,40,42.239,46.448,38.614,88.226,89.493,93.063,43.000,92.208,52.000,42.111,other,0,-1,4,5
8549,62,43.921,46.543,42.124,88.024,89.239,92.825,40.000,91.708,55.000,43.028,other,0,-1,5,5
8550,44,53.957,57.536,54.123,88.097,89.269,92.644,62.000,92.000,55.000,55.167,other,0,-1,6,5
8551,58,55.636,55.793,56.186,87.910,89.030,92.409,44.000,91.542,69.000,63.917,other,0,-1,7,5
8552,90,68.092,69.127,69.813,87.722,88.791,92.174,58.000,91.083,67.000,81.722,other,0,-1,8,5
8553,102,85.378,93.628,94.113,88.028,89.061,92.042,90.000,92.042,83.000,98.167,other,0,-1,9,5
8554,98,103.991,112.914,111.170,88.275,89.271,91.898,102.000,92.833,140.000,102.556,other,0,-1,10,5
8555,118,121.668,122.861,118.502,87.638,88.567,91.569,98.000,91.083,129.000,122.722,other,0,-1,11,5
8556,141,138.233,139.551,137.376,87.451,88.328,91.334,118.000,90.625,154.000,141.028,other,0,-1,12,5
8557,162,151.487,153.244,155.487,87.234,88.059,91.093,141.000,90.083,189.000,161.333,other,0,-1,13,5
8558,145,158.836,161.905,168.222,86.815,87.579,90.810,162.000,88.958,178.000,179.778,other,0,-1,14,5
8559,190,151.113,148.993,152.084,86.309,87.010,90.508,145.000,87.583,179.000,180.472,other,0,-1,15,5
8560,143,147.133,160.359,168.820,86.440,87.101,90.340,190.000,88.042,123.000,165.833,other,0,-1,16,5
8561,125,120.358,127.503,126.855,86.702,87.326,90.199,143.000,88.875,109.000,148.556,other,0,-1,17,5
8562,88,100.082,107.830,102.401,86.905,87.492,90.046,125.000,89.542,134.000,114.861,other,0,-1,18,5
8563,80,84.123,85.584,75.108,86.211,86.728,89.705,88.000,87.625,95.000,90.528,other,0,-1,19,5
8564,88,67.138,69.421,63.099,85.966,86.428,89.458,80.000,87.000,83.000,74.972,other,0,-1,20,5
8565,48,51.125,59.514,58.164,86.010,86.429,89.271,88.000,87.208,75.000,60.444,other,0,-1,21,5
8566,33,42.923,44.385,45.254,85.591,85.950,88.988,48.000,86.083,61.000,52.389,other,0,-1,22,5
8567,47,35.516,37.043,39.707,85.157,85.456,88.701,33.000,84.917,42.000,44.139,other,0,-1,23,5
8568,33,31.909,39.509,39.866,85.201,85.456,88.515,47.000,85.125,22.000,32.472,other,0,-1,0,6
8569,24,31.524,36.165,31.406,85.611,85.818,88.658,33.000,85.583,35.000,34.500,other,0,-1,1,6
8570,27,31.713,35.511,31.251,85.702,85.849,88.734,24.000,85.125,41.000,33.361,other,0,-1,2,6
8571,28,35.085,38.611,34.182,85.749,85.836,88.801,27.000,84.542,43.000,35.222,other,0,-1,3,6
8572,37,37.896,40.656,37.885,85.782,85.808,88.866,28.000,83.917,40.000,34.028,other,0,-1,4,6
8573,32,43.190,45.966,44.874,85.989,85.959,88.966,37.000,83.792,62.000,36.611,other,0,-1,5,6
8574,39,44.823,46.971,49.360,85.805,85.706,88.985,32.000,82.542,44.000,38.694,other,0,-1,6,6
8575,46,52.342,55.026,58.259,85.983,85.828,89.080,39.000,82.333,58.000,47.194,other,0,-1,7,6
8576,46,63.947,66.326,68.089,86.059,85.844,89.153,46.000,81.833,90.000,59.167,other,0,-1,8,6
8577,75,80.210,77.505,75.399,85.672,85.381,89.130,46.000,80.000,102.000,78.778,other,0,-1,9,6
8578,128,98.742,98.511,95.407,85.531,85.173,89.158,75.000,78.875,98.000,101.278,other,0,-1,10,6
8579,128,124.288,134.579,131.772,86.216,85.820,89.358,128.000,80.125,118.000,121.778,other,0,-1,11,6
8580,171,137.912,139.395,136.695,86.611,86.166,89.498,128.000,80.542,141.000,140.833,other,0,-1,12,6
8581,155,159.953,167.387,168.681,87.296,86.812,89.698,171.000,81.792,162.000,148.472,other,0,-1,13,6
8582,154,155.930,156.211,156.660,87.445,86.904,89.787,155.000,81.500,145.000,156.639,other,0,-1,14,6
8583,133,151.175,151.314,151.909,87.825,87.235,89.924,154.000,81.875,190.000,153.306,other,0,-1,15,6
8584,136,138.136,136.038,130.635,87.250,86.578,89.861,133.000,79.500,143.000,133.083,other,0,-1,16,6
8585,122,122.377,124.444,121.304,87.399,86.669,89.949,136.000,79.208,125.000,123.667,other,0,-1,17,6
8586,89,104.550,105.784,100.292,87.606,86.821,90.050,122.000,79.083,88.000,102.583,other,0,-1,18,6
8587,68,89.375,85.010,74.265,87.870,87.032,90.163,89.000,79.125,80.000,79.889,other,0,-1,19,6
8588,78,74.578,68.283,58.802,87.947,87.049,90.236,68.000,78.625,88.000,59.111,other,0,-1,20,6
8589,61,57.970,58.193,54.874,88.052,87.096,90.315,78.000,78.208,48.000,47.306,other,0,-1,21,6
8590,28,48.456,49.482,48.009,88.491,87.487,90.464,61.000,78.750,33.000,35.306,other,0,-1,22,6
8591,25,42.534,40.506,40.633,88.669,87.609,90.559,28.000,78.542,47.000,32.556,other,0,-1,23,6
8592,64,38.302,38.967,39.243,88.600,87.476,90.602,25.000,77.625,33.000,61.343,other,0,-1,0,0
8593,56,47.999,54.155,50.640,89.390,88.260,91.034,64.000,78.917,24.000,59.743,other,0,-1,1,0
8594,52,49.093,55.284,50.265,90.193,89.059,91.469,56.000,80.250,27.000,61.829,other,0,-1,2,0
8595,76,50.866,56.530,52.013,90.896,89.753,91.883,52.000,81.292,28.000,63.543,other,0,-1,3,0
8596,82,66.743,72.068,62.449,91.931,90.793,92.367,76.000,83.292,37.000,60.000,other,0,-1,4,0
8597,65,71.077,77.305,70.366,92.923,91.787,92.841,82.000,85.167,32.000,77.171,other,0,-1,5,0
8598,66,60.545,69.851,72.248,93.742,92.601,93.280,65.000,86.542,39.000,77.686,other,0,-1,6,0
8599,79,63.923,75.865,80.465,94.473,93.325,93.700,66.000,87.667,46.000,91.543,other,0,-1,7,0
8600,80,75.903,91.540,93.838,95.291,94.140,94.138,79.000,89.042,46.000,101.114,other,0,-1,8,0
8601,99,90.535,105.489,102.758,96.124,94.969,94.579,80.000,90.458,75.000,122.829,other,0,-1,9,0
8602,124,111.569,126.206,119.315,96.812,95.648,94.990,99.000,91.458,128.000,137.200,other,0,-1,10,0
8603,145,134.215,146.137,138.978,97.094,95.908,95.317,124.000,91.292,128.000,150.314,other,0,-1,11,0
8604,138,153.947,160.790,155.785,97.680,96.482,95.706,145.000,92.000,171.000,163.229,other,0,-1,12,0
8605,176,160.479,159.741,153.523,97.543,96.307,95.945,138.000,90.625,155.000,172.800,other,0,-1,13,0
8606,159,173.663,175.490,176.169,98.187,96.941,96.347,176.000,91.500,154.000,172.257,other,0,-1,14,0
8607,140,163.670,162.053,160.832,98.600,97.336,96.700,159.000,91.708,133.000,183.343,other,0,-1,15,0
8608,177,151.041,146.710,142.035,99.041,97.760,97.060,140.000,92.000,136.000,162.143,other,0,-1,16,0
8609,150,139.757,144.514,153.392,99.975,98.694,97.522,177.000,93.708,122.000,148.800,other,0,-1,17,0
8610,121,117.451,119.165,125.580,100.721,99.434,97.946,150.000,94.875,89.000,128.829,other,0,-1,18,0
8611,101,98.639,97.033,100.297,101.525,100.233,98.381,121.000,96.208,68.000,110.171,other,0,-1,19,0
8612,100,82.626,80.135,83.049,102.343,101.047,98.819,101.000,97.583,78.000,85.143,other,0,-1,20,0
8613,55,69.654,70.606,74.765,103.002,101.697,99.224,100.000,98.500,61.000,75.143,other,0,-1,21,0
8614,67,60.529,57.445,58.422,103.255,101.926,99.544,55.000,98.250,28.000,65.229,other,0,-1,22,0
8615,76,55.724,58.292,57.817,104.160,102.830,100.001,67.000,99.875,25.000,63.543,other,0,-1,23,0
8616,61,59.875,63.897,58.522,105.239,103.915,100.493,76.000,102.000,64.000,61.694,other,0,-1,0,1
8617,45,55.192,58.877,54.793,105.370,104.071,100.797,61.000,101.875,56.000,62.000,other,0,-1,1,1
8618,68,53.434,55.592,51.288,105.384,104.108,101.076,45.000,101.417,52.000,62.222,other,0,-1,2,1
8619,80,65.096,66.692,57.526,105.790,104.550,101.436,68.000,102.083,76.000,61.389,other,0,-1,3,1
8620,62,73.707,73.695,63.727,106.022,104.812,101.761,80.000,102.250,82.000,63.583,other,0,-1,4,1
8621,54,65.242,67.079,64.695,105.906,104.714,102.013,62.000,101.417,65.000,65.139,other,0,-1,5,1
8622,73,65.323,67.461,69.442,105.921,104.751,102.292,54.000,100.958,66.000,66.417,other,0,-1,6,1
8623,93,75.642,79.897,83.134,106.196,105.058,102.625,73.000,101.250,79.000,77.639,other,0,-1,7,1
8624,82,90.671,96.631,99.939,106.573,105.470,102.980,93.000,101.833,80.000,91.833,other,0,-1,8,1
8625,82,104.797,110.487,106.570,106.776,105.702,103.298,82.000,101.917,99.000,109.944,other,0,-1,9,1
8626,113,124.224,129.933,116.608,106.704,105.649,103.559,82.000,101.208,124.000,131.361,other,0,-1,10,1
8627,122,144.290,148.892,139.470,106.718,105.686,103.838,113.000,100.750,145.000,148.500,other,0,-1,11,1
8628,173,158.581,159.749,150.471,106.559,105.543,104.081,122.000,99.792,138.000,174.389,other,0,-1,12,1
8629,198,178.758,178.038,181.197,107.240,106.269,104.499,173.000,101.250,176.000,191.778,other,0,-1,13,1
8630,223,188.675,188.582,194.376,107.732,106.801,104.878,198.000,102.167,159.000,190.222,other,0,-1,14,1
8631,130,195.614,197.209,203.268,108.834,107.962,105.384,223.000,104.833,140.000,183.056,other,0,-1,15,1
8632,162,158.653,150.259,140.932,108.863,108.014,105.666,130.000,104.417,177.000,168.806,other,0,-1,16,1
8633,168,146.576,145.421,145.764,108.819,107.991,105.933,162.000,103.792,150.000,158.750,other,0,-1,17,1
8634,110,129.570,131.094,136.243,109.254,108.463,106.300,168.000,104.542,121.000,131.639,other,0,-1,18,1
8635,98,111.403,102.063,101.336,109.269,108.500,106.579,110.000,104.083,101.000,103.944,other,0,-1,19,1
8636,74,94.289,85.656,89.542,109.399,108.657,106.882,98.000,103.958,100.000,92.389,other,0,-1,20,1
8637,79,80.967,71.404,75.367,109.196,108.469,107.116,74.000,102.875,55.000,77.389,other,0,-1,21,1
8638,53,68.937,65.620,70.067,109.718,109.031,107.501,79.000,103.875,67.000,64.944,other,0,-1,22,1
8639,67,62.019,57.590,57.344,109.689,109.023,107.771,53.000,103.292,76.000,62.889,other,0,-1,23,1
8640,68,61.203,61.744,55.425,109.733,109.090,108.056,67.000,102.917,61.000,59.639,other,0,-1,0,2
8641,59,60.980,63.728,58.265,109.711,109.127,108.128,68.000,103.208,45.000,64.167,other,0,-1,1,2
8642,63,61.050,62.061,55.404,109.790,109.269,108.222,59.000,103.792,68.000,56.194,other,0,-1,2,2
8643,45,64.904,64.816,56.481,109.595,109.126,108.257,63.000,103.583,80.000,60.528,other,0,-1,3,2
8644,58,62.589,59.843,54.901,108.964,108.534,108.203,45.000,102.125,62.000,62.444,other,0,-1,4,2
8645,66,68.413,65.223,61.013,108.783,108.406,108.242,58.000,101.958,54.000,62.833,other,0,-1,5,2
8646,76,74.638,70.105,68.393,108.834,108.518,108.329,66.000,102.458,73.000,70.472,other,0,-1,6,2
8647,77,84.183,77.793,78.623,108.754,108.495,108.389,76.000,102.583,93.000,78.639,other,0,-1,7,2
8648,112,97.178,87.855,88.529,108.399,108.188,108.392,77.000,101.917,82.000,89.639,other,0,-1,8,2
8649,106,116.953,107.436,111.971,108.710,108.570,108.534,112.000,103.167,82.000,104.833,other,0,-1,9,2
8650,108,133.679,126.061,122.188,108.934,108.862,108.657,106.000,104.167,113.000,127.694,other,0,-1,10,2
8651,149,149.828,146.075,134.271,108.739,108.719,108.693,108.000,103.958,122.000,145.361,other,0,-1,11,2
8652,149,164.776,162.342,161.157,109.006,109.056,108.826,149.000,105.083,173.000,159.222,other,0,-1,12,2
8653,167,169.545,169.506,165.456,108.535,108.628,108.804,149.000,104.083,198.000,182.222,other,0,-1,13,2
8654,177,171.683,174.939,173.028,107.963,108.096,108.762,167.000,102.792,223.000,185.000,other,0,-1,14,2
8655,185,167.852,174.588,171.612,107.173,107.338,108.674,177.000,100.875,130.000,172.750,other,0,-1,15,2
8656,162,160.661,169.989,165.805,107.847,108.095,108.891,185.000,103.167,162.000,158.694,other,0,-1,16,2
8657,128,145.028,149.831,142.379,107.724,108.027,108.942,162.000,103.167,168.000,148.139,other,0,-1,17,2
8658,151,129.380,126.312,115.820,107.021,107.360,108.872,128.000,101.500,110.000,124.722,other,0,-1,18,2
8659,143,109.974,118.620,115.153,107.491,107.907,109.047,151.000,103.208,98.000,108.833,other,0,-1,19,2
8660,87,92.702,104.459,102.233,108.020,108.514,109.235,143.000,105.083,74.000,89.361,other,0,-1,20,2
8661,74,80.912,77.605,74.445,108.085,108.641,109.325,87.000,105.625,79.000,75.500,other,0,-1,21,2
8662,60,69.316,67.341,63.578,107.889,108.498,109.361,74.000,105.417,53.000,67.139,other,0,-1,22,2
8663,66,61.399,60.116,54.212,107.867,108.535,109.433,60.000,105.708,67.000,62.722,other,0,-1,23,2
8664,63,57.471,60.677,50.739,107.730,108.452,109.481,66.000,105.667,68.000,61.389,other,0,-1,0,3
8665,56,56.248,62.473,59.673,107.330,108.091,109.217,63.000,105.458,59.000,64.194,other,0,-1,1,3
8666,40,56.450,61.127,56.956,106.958,107.759,108.960,56.000,105.333,63.000,65.056,other,0,-1,2,3
8667,51,55.778,56.881,54.013,106.298,107.128,108.641,40.000,104.375,45.000,61.583,other,0,-1,3,3
8668,51,60.051,61.168,57.637,106.057,106.932,108.411,51.000,104.625,58.000,61.250,other,0,-1,4,3
8669,90,63.466,62.253,60.899,105.628,106.540,108.141,51.000,104.333,66.000,63.500,other,0,-1,5,3
8670,61,77.436,77.068,75.715,105.648,106.614,107.965,90.000,105.333,76.000,67.778,other,0,-1,6,3
8671,86,79.721,72.615,75.697,105.103,106.102,107.671,61.000,104.708,77.000,79.889,other,0,-1,7,3
8672,92,94.251,86.800,92.526,104.905,105.951,107.450,86.000,105.083,112.000,92.417,other,0,-1,8,3
8673,125,111.509,102.935,106.162,104.288,105.365,107.140,92.000,104.250,106.000,115.000,other,0,-1,9,3
8674,139,131.451,126.932,130.912,104.235,105.363,106.949,125.000,105.042,108.000,126.583,other,0,-1,10,3
8675,152,149.075,148.929,148.419,104.357,105.541,106.794,139.000,106.333,149.000,145.861,other,0,-1,11,3
8676,172,162.801,165.129,162.862,104.073,105.300,106.555,152.000,106.458,149.000,168.111,other,0,-1,12,3
8677,184,172.708,176.604,176.087,104.078,105.358,106.376,172.000,107.417,167.000,177.472,other,0,-1,13,3
8678,176,175.421,180.832,181.180,103.997,105.327,106.179,184.000,108.125,177.000,176.694,other,0,-1,14,3
8679,164,167.732,172.362,172.340,103.655,105.025,105.927,176.000,108.083,185.000,173.972,other,0,-1,15,3
8680,181,155.126,158.952,157.694,103.023,104.424,105.615,164.000,107.208,162.000,162.111,other,0,-1,16,3
8681,133,141.716,154.932,154.549,102.970,104.422,105.424,181.000,108.000,128.000,150.028,other,0,-1,17,3
8682,134,121.991,123.895,121.738,102.715,104.211,105.190,133.000,108.208,151.000,132.389,other,0,-1,18,3
8683,111,102.642,110.742,111.224,102.141,103.670,104.890,134.000,107.500,143.000,108.528,other,0,-1,19,3
8684,83,86.242,91.196,93.245,101.350,102.904,104.545,111.000,106.167,87.000,100.083,other,0,-1,20,3
8685,80,73.320,73.038,76.648,100.964,102.557,104.284,83.000,106.000,74.000,85.306,other,0,-1,21,3
8686,80,60.206,64.630,69.309,100.723,102.361,104.053,80.000,106.250,60.000,74.778,other,0,-1,22,3
8687,69,51.900,60.461,63.943,100.685,102.374,103.865,80.000,107.083,66.000,70.444,other,0,-1,23,3
8688,56,47.851,54.640,57.387,100.401,102.133,103.626,69.000,107.208,63.000,60.917,other,0,-1,0,4
8689,50,45.973,53.694,50.962,100.014,101.738,103.243,56.000,106.917,56.000,56.972,other,0,-1,1,4
8690,65,46.437,52.860,48.894,99.642,101.359,102.864,50.000,106.667,40.000,51.583,other,0,-1,2,4
8691,57,53.197,60.135,52.170,99.719,101.444,102.578,65.000,107.708,51.000,54.556,other,0,-1,3,4
8692,52,52.996,57.651,52.539,99.521,101.245,102.235,57.000,107.958,51.000,57.139,other,0,-1,4,4
8693,50,54.352,56.762,55.096,99.250,100.970,101.877,52.000,108.000,90.000,54.694,other,0,-1,5,4
8694,56,58.699,58.559,60.030,98.385,100.081,101.395,50.000,106.333,61.000,65.167,other,0,-1,6,4
8695,93,67.745,65.788,69.217,98.027,99.717,101.019,56.000,106.125,86.000,74.667,other,0,-1,7,4
8696,90,82.396,86.102,91.663,97.843,99.533,100.679,93.000,106.417,92.000,86.667,other,0,-1,8,4
8697,121,98.055,100.349,103.221,97.529,99.213,100.312,90.000,106.333,125.000,109.861,other,0,-1,9,4
8698,119,118.296,129.031,129.867,97.186,98.864,99.939,121.000,106.167,139.000,125.222,other,0,-1,10,4
8699,123,136.068,145.684,141.330,96.611,98.275,99.517,119.000,105.333,152.000,147.361,other,0,-1,11,4
8700,183,150.690,155.850,152.276,95.905,97.551,99.068,123.000,104.125,172.000,161.111,other,0,-1,12,4
8701,168,172.549,183.140,185.672,95.779,97.426,98.740,183.000,104.583,184.000,174.694,other,0,-1,13,4
8702,190,170.339,171.159,176.925,95.262,96.897,98.331,168.000,103.917,176.000,178.167,other,0,-1,14,4
8703,139,171.177,175.193,182.071,95.180,96.817,98.012,190.000,104.500,164.000,172.583,other,0,-1,15,4
8704,129,149.340,143.857,146.610,94.532,96.153,97.575,139.000,103.458,181.000,165.472,other,0,-1,16,4
8705,128,131.045,129.037,129.179,93.494,95.084,97.057,129.000,101.292,133.000,138.861,other,0,-1,17,4
8706,127,110.671,114.560,115.755,93.136,94.720,96.680,128.000,101.083,134.000,121.333,other,0,-1,18,4
8707,80,90.131,99.947,103.337,92.749,94.326,96.298,127.000,100.792,111.000,101.944,other,0,-1,19,4
8708,106,77.204,75.716,78.572,92.015,93.572,95.843,80.000,99.500,83.000,84.222,other,0,-1,20,4
8709,81,57.421,72.109,78.455,92.063,93.627,95.552,106.000,100.458,80.000,70.889,other,0,-1,21,4
8710,59,47.415,57.495,66.033,91.792,93.353,95.194,81.000,100.500,80.000,63.889,other,0,-1,22,4
8711,51,40.378,46.891,56.846,91.202,92.748,94.769,59.000,99.625,69.000,57.111,other,0,-1,23,4
8712,27,35.880,42.834,52.039,90.656,92.189,94.353,51.000,98.875,56.000,38.722,other,0,-1,0,5
8713,34,32.785,37.298,31.922,90.208,91.680,94.064,27.000,97.667,50.000,42.139,other,0,-1,1,5
8714,30,35.090,41.030,33.353,89.948,91.366,93.814,34.000,97.000,65.000,43.389,other,0,-1,2,5
8715,47,36.526,41.028,33.899,89.413,90.767,93.506,30.000,95.542,57.000,43.528,other,0,-1,3,5
8716,46,44.172,48.768,39.945,89.240,90.542,93.274,47.000,95.125,52.000,42.111,other,0,-1,4,5
8717,54,46.190,49.439,44.006,89.125,90.378,93.055,46.000,94.875,50.000,43.028,other,0,-1,5,5
8718,46,51.635,54.718,52.126,89.155,90.364,92.865,54.000,95.042,56.000,55.167,other,0,-1,6,5
8719,53,56.161,56.855,57.093,88.982,90.139,92.633,46.000,94.625,93.000,63.917,other,0,-1,7,5
8720,684,68.272,67.944,68.052,88.374,89.465,92.310,53.000,92.958,90.000,81.722,inside,1,0,8,5
8721,625,351.280,405.994,422.101,96.951,98.295,93.906,684.000,117.708,121.000,98.167,inside,1,1,9,5
8722,858,346.888,409.168,412.255,104.224,105.776,95.229,625.000,138.708,119.000,102.556,inside,1,2,10,5
8723,121,378.805,445.950,449.730,114.901,116.780,97.263,858.000,169.500,123.000,122.722,after,1,3,11,5
8724,162,145.551,145.178,133.490,114.844,116.676,97.055,121.000,169.417,183.000,141.028,after,1,4,12,5
8725,145,160.181,168.160,162.507,114.512,116.287,96.790,162.000,168.542,168.000,161.333,after,1,5,13,5
8726,181,162.334,158.233,151.192,114.150,115.867,96.518,145.000,167.583,190.000,179.778,after,1,6,14,5
8727,155,163.494,169.497,169.493,113.992,115.658,96.290,181.000,167.208,139.000,180.472,after,1,7,15,5
8728,142,149.049,150.388,145.747,114.196,115.823,96.136,155.000,167.875,129.000,165.833,after,1,8,16,5
8729,111,131.362,136.882,128.919,114.356,115.944,95.974,142.000,168.417,128.000,148.556,after,1,9,17,5
8730,150,113.376,121.269,105.651,114.081,115.615,95.721,111.000,167.708,127.000,114.861,after,1,10,18,5
8731,95,94.784,112.371,114.889,114.387,115.885,95.589,150.000,168.667,80.000,90.528,after,1,11,19,5
8732,59,80.966,94.719,90.824,114.576,116.035,95.432,95.000,169.292,106.000,74.972,after,1,12,20,5
8733,55,70.295,83.148,80.334,113.867,115.256,95.089,59.000,167.333,81.000,60.444,after,1,13,21,5
8734,43,59.941,71.674,80.674,113.462,114.792,94.808,55.000,166.250,59.000,52.389,after,1,14,22,5
8735,50,53.613,62.839,78.497,113.202,114.478,94.558,43.000,165.583,51.000,44.139,after,1,15,23,5
8736,32,52.125,57.689,80.112,113.160,114.389,94.353,50.000,165.542,27.000,32.472,after,1,16,0,6
8737,37,52.841,56.853,56.232,113.482,114.660,94.478,32.000,165.750,34.000,34.500,after,1,17,1,6
8738,38,56.822,56.583,56.675,113.776,114.902,94.597,37.000,165.875,30.000,33.361,after,1,18,2,6
8739,38,59.618,57.131,56.167,114.142,115.218,94.731,38.000,166.208,47.000,35.222,after,1,19,3,6
8740,20,61.331,58.075,56.061,114.262,115.280,94.813,38.000,165.833,46.000,34.028,after,1,20,4,6
8741,32,58.107,56.519,52.187,114.136,115.087,94.844,20.000,164.750,54.000,36.611,after,1,21,5,6
8742,45,63.231,62.379,58.028,114.067,114.953,94.887,32.000,163.833,46.000,38.694,after,1,22,6,6
8743,39,70.149,71.279,66.411,114.303,115.135,94.994,45.000,163.792,53.000,47.194,after,1,23,7,6
8744,56,79.664,80.067,69.534,114.350,115.122,95.061,39.000,163.208,684.000,59.167,after,1,24,8,6
8745,67,92.111,89.425,81.357,105.503,105.904,93.271,56.000,137.042,625.000,78.778,after,1,25,9,6
8746,83,106.201,98.893,92.201,97.670,97.736,91.693,67.000,113.792,858.000,101.278,after,1,26,10,6
8747,144,117.364,110.600,105.834,86.694,86.314,89.458,83.000,81.500,121.000,121.778,other,0,-1,11,6
8748,125,142.186,148.892,147.556,87.277,86.856,89.637,144.000,82.458,162.000,140.833,other,0,-1,12,6
8749,144,146.255,141.757,137.375,86.992,86.498,89.635,125.000,80.917,145.000,148.472,other,0,-1,13,6
8750,141,152.746,151.307,149.369,87.228,86.679,89.741,144.000,80.875,181.000,156.639,other,0,-1,14,6
8751,174,147.651,146.970,143.307,86.898,86.276,89.730,141.000,79.208,155.000,153.306,other,0,-1,15,6
8752,123,141.817,151.419,157.217,87.424,86.757,89.897,174.000,80.000,142.000,133.083,other,0,-1,16,6
8753,110,120.396,121.982,114.077,87.399,86.669,89.949,123.000,79.208,111.000,123.667,other,0,-1,17,6
8754,77,103.130,104.314,94.478,87.635,86.851,90.056,110.000,79.167,150.000,102.583,other,0,-1,18,6
8755,83,88.894,84.360,70.311,86.827,85.953,89.945,77.000,76.125,95.000,79.889,other,0,-1,19,6
8756,55,70.434,69.647,62.438,86.904,85.970,90.018,83.000,75.625,59.000,59.111,other,0,-1,20,6
8757,44,58.695,55.281,49.746,87.096,86.106,90.116,55.000,75.458,55.000,47.306,other,0,-1,21,6
8758,39,47.925,46.311,44.372,87.187,86.138,90.192,44.000,75.000,43.000,35.306,other,0,-1,22,6
8759,31,40.741,42.053,41.811,87.379,86.275,90.290,39.000,74.833,50.000,32.556,other,0,-1,23,6
