target_index,target,pred_s0,pred_s1,pred_s2,ctrl_s0,ctrl_s1,ctrl_s2,B1,B2,B3,B4,group,event_sign,hours_since_onset,target_hour,target_day
24,58,37.483,38.957,38.494,89.310,88.210,90.750,23.000,79.667,58.000,61.343,after,1,24,0,0
25,57,45.426,51.564,49.326,89.650,88.530,91.089,58.000,79.667,69.000,59.743,after,1,25,1,0
26,71,49.391,55.751,50.055,89.817,88.669,91.391,57.000,79.167,60.000,61.829,after,1,26,2,0
27,71,61.176,66.776,56.230,90.316,89.154,91.762,71.000,79.625,54.000,63.543,after,1,27,3,0
28,63,63.629,69.066,60.741,90.903,89.728,92.152,71.000,80.333,59.000,60.000,after,1,28,4,0
29,61,59.184,66.259,64.302,91.301,90.108,92.503,63.000,80.500,37.000,77.171,other,0,-1,5,0
30,53,58.556,68.034,70.696,91.989,90.787,92.914,61.000,81.500,52.000,77.686,other,0,-1,6,0
31,76,60.177,70.705,75.790,92.343,91.122,93.255,53.000,81.542,39.000,91.543,other,0,-1,7,0
32,70,74.659,90.557,92.507,93.220,91.996,93.705,76.000,83.083,70.000,101.114,other,0,-1,8,0
33,98,88.893,102.214,98.341,93.560,92.315,94.044,70.000,83.083,86.000,122.829,other,0,-1,9,0
34,181,110.664,125.964,118.622,94.074,92.815,94.419,98.000,83.583,98.000,137.200,other,0,-1,10,0
35,140,167.639,180.352,172.564,95.616,94.379,95.008,181.000,87.042,139.000,150.314,other,0,-1,11,0
36,170,151.981,158.544,152.480,95.971,94.713,95.349,140.000,87.083,124.000,163.229,other,0,-1,12,0
37,193,170.533,174.615,173.021,96.978,95.722,95.827,170.000,89.000,132.000,172.800,other,0,-1,13,0
38,166,181.336,184.468,187.110,98.201,96.956,96.350,193.000,91.542,144.000,172.257,other,0,-1,14,0
39,167,165.863,163.834,165.064,98.860,97.606,96.755,166.000,92.458,150.000,183.343,other,0,-1,15,0
40,204,154.932,154.052,158.110,99.447,98.180,97.145,167.000,93.167,126.000,162.143,other,0,-1,16,0
41,126,149.999,154.656,170.083,100.917,99.669,97.719,204.000,96.417,116.000,148.800,other,0,-1,17,0
42,120,118.787,112.906,114.053,101.402,100.138,98.088,126.000,96.833,97.000,128.829,other,0,-1,18,0
43,112,100.126,95.294,100.074,102.075,100.803,98.496,120.000,97.792,53.000,110.171,other,0,-1,19,0
44,83,83.484,80.168,86.379,103.270,102.007,99.013,112.000,100.250,58.000,85.143,other,0,-1,20,0
45,79,70.981,66.409,70.243,103.973,102.701,99.427,83.000,101.292,31.000,75.143,other,0,-1,21,0
46,62,61.809,60.781,64.173,105.008,103.740,99.910,79.000,103.292,37.000,65.229,other,0,-1,22,0
47,48,56.178,55.744,57.162,105.710,104.434,100.324,62.000,104.333,23.000,63.543,other,0,-1,23,0
48,71,53.280,52.840,52.652,106.413,105.129,100.738,48.000,105.375,58.000,61.694,other,0,-1,0,1
49,58,58.951,61.574,57.092,106.775,105.526,101.090,71.000,105.917,57.000,62.000,other,0,-1,1,1
50,46,57.914,59.300,54.100,106.963,105.742,101.405,58.000,105.958,71.000,62.222,other,0,-1,2,1
51,52,56.719,56.827,53.088,106.775,105.570,101.642,46.000,104.917,71.000,61.389,other,0,-1,3,1
52,69,60.585,60.616,57.355,106.674,105.487,101.897,52.000,104.125,63.000,63.583,other,0,-1,4,1
53,65,68.193,68.987,66.222,106.935,105.778,102.227,69.000,104.375,61.000,65.139,other,0,-1,5,1
54,61,68.450,70.353,72.140,107.167,106.040,102.552,65.000,104.542,53.000,66.417,other,0,-1,6,1
55,70,74.032,75.878,79.390,107.456,106.362,102.888,61.000,104.875,76.000,77.639,other,0,-1,7,1
56,95,87.369,90.268,91.718,107.544,106.474,103.183,70.000,104.625,70.000,91.833,other,0,-1,8,1
57,98,106.562,112.215,111.522,108.080,107.051,103.571,95.000,105.667,98.000,109.944,other,0,-1,9,1
58,132,125.762,131.207,123.401,108.254,107.253,103.883,98.000,105.667,181.000,131.361,other,0,-1,10,1
59,155,148.305,152.054,148.862,107.718,106.720,104.047,132.000,103.625,140.000,148.500,other,0,-1,11,1
60,184,166.736,167.457,168.056,108.109,107.147,104.405,155.000,104.250,170.000,174.389,other,0,-1,12,1
61,160,183.419,182.365,187.685,108.486,107.559,104.759,184.000,104.833,193.000,191.778,other,0,-1,13,1
62,175,174.766,172.655,172.488,108.182,107.266,104.972,160.000,103.458,166.000,190.222,other,0,-1,14,1
63,190,173.249,173.000,174.893,108.486,107.603,105.311,175.000,103.833,167.000,183.056,other,0,-1,15,1
64,142,166.660,169.513,173.293,108.993,108.149,105.693,190.000,104.792,204.000,168.806,other,0,-1,16,1
65,140,145.751,140.307,135.608,108.269,107.422,105.818,142.000,102.208,126.000,158.750,other,0,-1,17,1
66,136,128.582,124.072,123.127,108.646,107.833,106.173,140.000,102.792,120.000,131.639,other,0,-1,18,1
67,98,109.939,106.954,111.110,109.051,108.275,106.534,136.000,103.458,112.000,103.944,other,0,-1,19,1
68,90,94.956,86.701,89.428,109.022,108.267,106.804,98.000,102.875,83.000,92.389,other,0,-1,20,1
69,87,80.196,74.787,79.814,109.298,108.574,107.137,90.000,103.167,79.000,77.389,other,0,-1,21,1
70,54,69.765,68.681,71.860,109.588,108.896,107.474,87.000,103.500,62.000,64.944,other,0,-1,22,1
71,45,62.935,59.109,57.367,109.646,108.978,107.762,54.000,103.167,48.000,62.889,other,0,-1,23,1
72,54,58.937,56.572,50.966,109.776,109.135,108.065,45.000,103.042,71.000,59.639,other,0,-1,0,2
73,46,58.728,59.880,55.765,109.407,108.812,108.065,54.000,102.333,58.000,64.167,other,0,-1,1,2
74,57,58.581,58.552,53.096,109.109,108.564,108.079,46.000,101.833,46.000,56.194,other,0,-1,2,2
75,64,62.973,63.296,55.432,109.145,108.662,108.164,57.000,102.292,52.000,60.528,other,0,-1,3,2
76,57,67.377,66.708,58.748,109.196,108.774,108.251,64.000,102.792,69.000,62.444,other,0,-1,4,2
77,64,67.977,65.440,60.926,108.899,108.526,108.266,57.000,102.292,65.000,62.833,other,0,-1,5,2
78,69,73.876,69.957,67.961,108.761,108.443,108.314,64.000,102.250,61.000,70.472,other,0,-1,6,2
79,57,82.891,76.550,76.763,108.754,108.495,108.389,69.000,102.583,70.000,78.639,other,0,-1,7,2
80,76,97.312,86.268,82.667,108.442,108.233,108.401,57.000,102.042,95.000,89.639,other,0,-1,8,2
81,123,114.703,104.863,99.231,108.044,107.880,108.394,76.000,101.250,98.000,104.833,other,0,-1,9,2
82,150,134.721,126.653,128.968,108.282,108.187,108.521,123.000,102.292,132.000,127.694,other,0,-1,10,2
83,144,154.483,147.878,152.650,108.420,108.389,108.627,150.000,103.042,155.000,145.361,other,0,-1,11,2
84,170,163.809,161.704,158.958,108.137,108.156,108.645,144.000,102.583,184.000,159.222,other,0,-1,12,2
85,157,173.589,174.310,175.793,107.811,107.879,108.653,170.000,102.000,160.000,182.222,other,0,-1,13,2
86,194,169.771,172.198,168.355,107.644,107.766,108.695,157.000,101.875,175.000,185.000,other,0,-1,14,2
87,186,172.261,181.461,180.767,107.796,107.983,108.804,194.000,102.667,190.000,172.750,other,0,-1,15,2
88,167,160.476,170.303,166.335,107.615,107.855,108.843,186.000,102.500,142.000,158.694,other,0,-1,16,2
89,169,145.489,151.259,144.747,107.854,108.162,108.969,167.000,103.542,140.000,148.139,other,0,-1,17,2
90,122,129.138,138.613,133.451,108.151,108.529,109.108,169.000,104.750,136.000,124.722,other,0,-1,18,2
91,133,112.210,109.195,102.982,107.825,108.252,109.117,122.000,104.167,98.000,108.833,other,0,-1,19,2
92,93,93.225,99.737,97.929,108.208,108.708,109.274,133.000,105.625,90.000,89.361,other,0,-1,20,2
93,81,80.804,78.375,75.917,108.129,108.686,109.334,93.000,105.750,87.000,75.500,other,0,-1,21,2
94,68,69.336,68.521,65.057,107.918,108.528,109.367,81.000,105.500,54.000,67.139,other,0,-1,22,2
95,68,61.692,61.692,55.707,107.998,108.670,109.460,68.000,106.083,45.000,62.722,other,0,-1,23,2
96,68,58.017,60.943,51.075,108.208,108.947,109.581,68.000,107.042,54.000,61.389,other,0,-1,0,3
97,57,57.303,64.003,60.825,108.083,108.870,109.375,68.000,107.625,46.000,64.194,other,0,-1,1,3
98,81,56.812,61.250,57.332,107.914,108.749,109.159,57.000,108.083,57.000,65.056,other,0,-1,2,3
99,69,66.612,72.009,62.268,107.934,108.822,108.983,81.000,109.083,64.000,61.583,other,0,-1,3,3
100,53,64.655,67.512,61.545,107.679,108.611,108.750,69.000,109.292,57.000,61.250,other,0,-1,4,3
101,96,63.893,62.783,61.568,107.294,108.264,108.489,53.000,109.125,64.000,63.500,other,0,-1,5,3
102,74,79.699,79.530,77.561,107.429,108.458,108.337,96.000,110.458,69.000,67.778,other,0,-1,6,3
103,60,80.631,75.462,79.484,107.174,108.246,108.104,74.000,110.667,57.000,79.889,other,0,-1,7,3
104,75,95.008,83.415,85.004,106.890,108.005,107.864,60.000,110.792,76.000,92.417,other,0,-1,8,3
105,98,112.434,102.052,100.768,106.548,107.703,107.612,75.000,110.750,123.000,115.000,other,0,-1,9,3
106,130,130.522,125.243,121.147,105.858,107.042,107.288,98.000,109.708,150.000,126.583,other,0,-1,10,3
107,153,148.525,148.024,145.320,105.241,106.456,106.979,130.000,108.875,144.000,145.861,other,0,-1,11,3
108,129,163.495,165.503,163.848,105.043,106.304,106.758,153.000,109.250,170.000,168.111,other,0,-1,12,3
109,191,165.869,164.579,158.638,104.122,105.403,106.385,129.000,107.542,157.000,177.472,other,0,-1,13,3
110,201,178.544,183.522,184.857,104.286,105.626,106.239,191.000,108.958,194.000,176.694,other,0,-1,14,3
111,207,175.231,183.668,184.533,104.060,105.445,106.012,201.000,109.250,186.000,173.972,other,0,-1,15,3
112,158,165.210,179.057,178.748,104.037,105.473,105.826,207.000,110.125,167.000,162.111,other,0,-1,16,3
113,150,140.041,145.144,144.190,103.579,105.052,105.551,158.000,109.750,169.000,150.028,other,0,-1,17,3
114,121,121.374,129.157,128.536,102.976,104.481,105.244,150.000,108.958,122.000,132.389,other,0,-1,18,3
115,114,103.376,106.155,105.519,102.634,104.179,104.993,121.000,108.917,133.000,108.528,other,0,-1,19,3
116,74,85.323,91.676,93.047,102.031,103.608,104.687,114.000,108.125,93.000,100.083,other,0,-1,20,3
117,15,73.685,70.252,72.698,101.428,103.037,104.381,74.000,107.333,81.000,85.306,inside,-1,0,21,3
118,22,68.762,53.399,53.164,100.144,101.761,103.932,15.000,104.583,68.000,74.778,inside,-1,1,22,3
119,15,56.115,46.149,49.955,99.150,100.785,103.544,22.000,102.667,68.000,70.444,inside,-1,2,23,3
120,18,49.196,41.005,45.177,98.054,99.704,103.135,15.000,100.458,68.000,60.917,inside,-1,3,0,4
121,64,42.865,41.328,42.552,97.045,98.665,102.623,18.000,98.375,57.000,56.972,after,-1,4,1,4
122,73,49.334,56.645,49.453,96.861,98.481,102.283,64.000,98.667,81.000,51.583,after,-1,5,2,4
123,56,55.951,62.069,51.790,96.460,98.071,101.898,73.000,98.333,69.000,54.556,after,-1,6,3,4
124,52,52.200,55.936,50.566,95.986,97.587,101.497,56.000,97.792,53.000,57.139,after,-1,7,4,4
125,54,53.881,55.723,53.572,95.686,97.283,101.133,52.000,97.750,96.000,54.694,after,-1,8,5,4
126,68,58.755,58.971,59.787,94.792,96.364,100.645,54.000,96.000,74.000,65.167,after,-1,9,6,4
127,71,68.213,68.554,71.831,94.420,95.984,100.266,68.000,95.750,60.000,74.667,after,-1,10,7,4
128,90,80.912,79.488,83.511,94.294,95.860,99.938,71.000,96.208,75.000,86.667,after,-1,11,8,4
129,104,98.093,100.346,103.225,94.226,95.795,99.622,90.000,96.833,98.000,109.861,after,-1,12,9,4
130,145,117.413,124.069,122.672,94.028,95.596,99.279,104.000,97.083,130.000,125.222,after,-1,13,10,4
131,161,139.618,155.144,153.970,93.960,95.531,98.963,145.000,97.708,153.000,147.361,after,-1,14,11,4
132,210,157.166,171.219,170.800,93.790,95.362,98.626,161.000,98.042,129.000,161.111,after,-1,15,12,4
133,173,183.506,201.632,200.399,94.678,96.287,98.510,210.000,101.417,191.000,174.694,after,-1,16,13,4
134,201,171.786,174.395,180.126,94.132,95.728,98.095,173.000,100.667,201.000,178.167,after,-1,17,14,4
135,181,174.279,182.233,188.327,93.847,95.438,97.734,201.000,100.667,207.000,172.583,after,-1,18,15,4
136,143,155.372,160.401,167.282,93.185,94.759,97.294,181.000,99.583,158.000,165.472,after,-1,19,16,4
137,129,132.627,132.582,135.927,92.682,94.245,96.887,143.000,98.958,150.000,138.861,after,-1,20,17,4
138,120,112.101,114.059,116.516,92.093,93.641,96.463,129.000,98.083,121.000,121.333,after,-1,21,18,4
139,105,92.169,96.843,101.026,91.793,93.336,96.098,120.000,98.042,114.000,101.944,after,-1,22,19,4
140,68,74.758,79.660,86.190,91.377,92.912,95.710,105.000,97.667,74.000,84.222,after,-1,23,20,4
141,91,63.490,60.398,68.869,91.005,92.533,95.331,68.000,97.417,15.000,70.889,after,-1,24,21,4
142,44,48.047,59.353,68.754,91.821,93.383,95.200,91.000,100.583,22.000,63.889,after,-1,25,22,4
143,38,42.643,42.105,54.512,91.854,93.423,94.905,44.000,101.500,15.000,57.111,after,-1,26,23,4
144,34,36.990,38.388,50.332,91.902,93.478,94.614,38.000,102.458,18.000,38.722,after,-1,27,0,5
145,34,34.509,38.311,33.519,92.106,93.644,94.460,34.000,103.125,64.000,42.139,other,0,-1,1,5
146,43,35.913,39.886,33.739,91.643,93.120,94.168,34.000,101.875,73.000,43.389,other,0,-1,2,5
147,32,40.773,44.840,36.646,91.180,92.596,93.875,43.000,100.625,56.000,43.528,other,0,-1,3,5
148,47,40.274,41.989,37.010,90.805,92.161,93.601,32.000,99.625,52.000,42.111,other,0,-1,4,5
149,40,47.145,48.982,44.363,90.704,92.012,93.384,47.000,99.417,54.000,43.028,other,0,-1,5,5
150,47,49.097,49.022,48.236,90.473,91.728,93.140,40.000,98.833,68.000,55.167,other,0,-1,6,5
151,60,57.150,56.603,57.447,90.141,91.338,92.875,47.000,97.958,71.000,63.917,other,0,-1,7,5
152,66,69.410,69.716,70.853,89.953,91.099,92.640,60.000,97.500,90.000,81.722,other,0,-1,8,5
153,89,85.730,84.303,83.252,89.578,90.665,92.366,66.000,96.500,104.000,98.167,other,0,-1,9,5
154,115,104.326,106.922,104.629,89.332,90.366,92.119,89.000,95.875,145.000,102.556,other,0,-1,10,5
155,127,123.811,130.850,128.851,88.869,89.842,91.826,115.000,94.625,161.000,122.722,other,0,-1,11,5
156,168,140.141,143.933,143.602,88.349,89.257,91.522,127.000,93.208,210.000,141.028,other,0,-1,12,5
157,163,158.618,168.511,173.836,87.712,88.553,91.193,168.000,91.458,173.000,161.333,other,0,-1,13,5
158,154,159.719,162.342,169.728,87.539,88.329,90.961,163.000,91.042,201.000,179.778,other,0,-1,14,5
159,159,152.960,152.322,158.108,86.830,87.550,90.617,154.000,89.083,181.000,180.472,other,0,-1,15,5
160,122,140.843,145.242,150.293,86.484,87.146,90.349,159.000,88.167,143.000,165.833,other,0,-1,16,5
161,129,121.233,121.455,116.379,86.151,86.757,90.084,122.000,87.292,129.000,148.556,other,0,-1,17,5
162,123,101.169,108.264,104.291,86.123,86.682,89.882,129.000,87.292,120.000,114.861,other,0,-1,18,5
163,61,81.701,91.253,87.429,86.139,86.653,89.690,123.000,87.417,105.000,90.528,other,0,-1,19,5
164,66,71.705,67.045,58.797,85.473,85.919,89.355,61.000,85.583,68.000,74.972,other,0,-1,20,5
165,48,54.467,55.284,53.844,85.416,85.814,89.147,66.000,85.500,91.000,60.444,other,0,-1,21,5
166,50,44.018,44.334,46.037,84.765,85.095,88.815,48.000,83.708,44.000,52.389,other,0,-1,22,5
167,51,35.664,40.941,43.454,84.824,85.111,88.632,50.000,83.958,38.000,44.139,other,0,-1,23,5
168,33,32.825,41.154,41.540,84.984,85.231,88.469,51.000,84.500,34.000,32.472,other,0,-1,0,6
169,33,31.917,36.657,31.822,85.220,85.413,88.576,33.000,84.458,34.000,34.500,other,0,-1,1,6
170,31,34.316,39.316,33.389,85.456,85.594,88.683,33.000,84.417,43.000,33.361,other,0,-1,2,6
171,28,36.551,40.684,35.437,85.532,85.611,88.756,31.000,83.917,32.000,35.222,other,0,-1,3,6
172,30,38.113,41.103,38.299,85.724,85.748,88.854,28.000,83.750,47.000,34.028,other,0,-1,4,6
173,34,41.159,43.541,43.404,85.728,85.689,88.912,30.000,83.042,40.000,36.611,other,0,-1,5,6
174,36,45.580,47.898,50.272,85.892,85.796,89.003,34.000,82.792,47.000,38.694,other,0,-1,6,6
175,51,52.400,54.143,57.548,85.983,85.828,89.080,36.000,82.333,60.000,47.194,other,0,-1,7,6
176,48,64.752,67.925,70.189,86.102,85.889,89.162,51.000,81.958,66.000,59.167,other,0,-1,8,6
177,83,81.072,78.121,76.344,86.092,85.816,89.217,48.000,81.208,89.000,78.778,other,0,-1,9,6
178,115,99.960,102.099,99.457,86.255,85.923,89.309,83.000,80.958,115.000,101.278,other,0,-1,10,6
179,110,121.350,126.737,123.679,86.506,86.119,89.418,115.000,80.958,127.000,121.778,other,0,-1,11,6
180,132,135.177,130.100,125.261,86.510,86.061,89.477,110.000,80.250,168.000,140.833,other,0,-1,12,6
181,127,147.638,145.202,141.409,86.238,85.718,89.477,132.000,78.750,163.000,148.472,other,0,-1,13,6
182,174,149.799,144.787,137.561,85.967,85.375,89.478,127.000,77.250,154.000,156.639,other,0,-1,14,6
183,158,154.657,161.474,165.607,86.507,85.871,89.648,174.000,78.083,159.000,153.306,other,0,-1,15,6
184,162,138.767,144.925,146.383,86.743,86.053,89.755,158.000,78.042,122.000,133.083,other,0,-1,16,6
185,142,122.468,132.641,136.343,87.573,86.849,89.986,162.000,79.708,129.000,123.667,other,0,-1,17,6
186,88,102.052,110.303,109.275,88.011,87.241,90.135,142.000,80.250,123.000,102.583,other,0,-1,18,6
187,85,86.532,85.277,73.159,87.755,86.912,90.138,88.000,78.792,61.000,79.889,other,0,-1,19,6
188,64,69.584,69.872,61.884,88.353,87.469,90.321,85.000,79.792,66.000,59.111,other,0,-1,20,6
189,39,57.137,56.233,50.341,88.574,87.635,90.424,64.000,79.708,48.000,47.306,other,0,-1,21,6
190,31,48.056,45.742,42.157,88.694,87.697,90.507,39.000,79.333,50.000,35.306,other,0,-1,22,6
191,31,40.804,40.545,38.889,88.669,87.609,90.559,31.000,78.542,51.000,32.556,other,0,-1,23,6
192,44,37.480,39.842,37.903,88.629,87.506,90.608,31.000,77.708,33.000,61.343,other,0,-1,0,0
193,74,40.819,44.897,43.971,89.129,87.990,90.980,44.000,78.167,33.000,59.743,other,0,-1,1,0
194,71,58.010,63.561,51.856,90.063,88.924,91.442,74.000,79.875,31.000,61.829,other,0,-1,2,0
195,49,60.871,65.741,54.324,90.983,89.843,91.901,71.000,81.542,28.000,63.543,other,0,-1,3,0
196,79,51.355,56.401,53.306,91.627,90.478,92.303,49.000,82.417,30.000,60.000,other,0,-1,4,0
197,55,68.913,74.486,67.584,92.677,91.532,92.790,79.000,84.458,34.000,77.171,other,0,-1,5,0
198,54,56.134,64.454,67.617,93.321,92.166,93.192,55.000,85.333,36.000,77.686,other,0,-1,6,0
199,88,60.357,70.400,75.199,93.922,92.756,93.585,54.000,86.083,51.000,91.543,other,0,-1,7,0
200,76,78.730,95.404,96.677,94.799,93.630,94.035,88.000,87.625,48.000,101.114,other,0,-1,8,0
201,115,89.540,103.946,100.539,95.544,94.369,94.458,76.000,88.792,83.000,122.829,other,0,-1,9,0
202,142,115.301,133.169,127.122,96.348,95.168,94.893,115.000,90.125,115.000,137.200,other,0,-1,10,0
203,116,140.938,155.147,149.126,97.079,95.893,95.314,142.000,91.250,110.000,150.314,other,0,-1,11,0
204,150,146.718,148.507,139.138,97.507,96.302,95.670,116.000,91.500,132.000,163.229,other,0,-1,12,0
205,201,163.786,164.734,160.939,98.107,96.892,96.063,150.000,92.250,127.000,172.800,other,0,-1,13,0
206,157,187.233,189.670,192.933,99.520,98.320,96.625,201.000,95.333,174.000,172.257,other,0,-1,14,0
207,197,163.811,160.726,159.635,99.614,98.385,96.912,157.000,94.625,158.000,183.343,other,0,-1,15,0
208,144,163.673,167.790,177.233,100.519,99.289,97.369,197.000,96.250,162.000,162.143,other,0,-1,16,0
209,152,136.093,133.513,134.279,100.598,99.339,97.653,144.000,95.500,142.000,148.800,other,0,-1,17,0
210,121,118.002,118.591,126.434,101.083,99.809,98.021,152.000,95.917,88.000,128.829,other,0,-1,18,0
211,80,98.935,95.952,100.087,101.901,100.623,98.459,121.000,97.292,85.000,110.171,other,0,-1,19,0
212,67,84.802,77.064,77.098,102.169,100.867,98.783,80.000,97.083,64.000,85.143,other,0,-1,20,0
213,88,70.971,64.399,66.648,102.553,101.232,99.130,67.000,97.208,39.000,75.143,other,0,-1,21,0
214,60,61.809,62.608,66.587,103.603,102.286,99.617,88.000,99.250,31.000,65.229,other,0,-1,22,0
215,68,55.030,54.769,57.101,104.363,103.040,100.043,60.000,100.458,31.000,63.543,other,0,-1,23,0
216,53,57.328,58.956,57.327,105.239,103.915,100.493,68.000,102.000,44.000,61.694,other,0,-1,0,1
217,56,53.352,54.530,53.905,105.544,104.251,100.833,53.000,102.375,74.000,62.000,other,0,-1,1,1
218,52,56.953,58.096,54.040,105.457,104.183,101.091,56.000,101.625,71.000,62.222,other,0,-1,2,1
219,48,58.403,58.629,54.611,105.356,104.100,101.346,52.000,100.833,49.000,61.389,other,0,-1,3,1
220,64,59.084,58.826,56.981,105.515,104.287,101.655,48.000,100.792,79.000,63.583,other,0,-1,4,1
221,66,66.094,66.687,65.456,105.472,104.264,101.922,64.000,100.167,55.000,65.139,other,0,-1,5,1
222,89,68.643,70.509,72.823,105.805,104.631,102.267,66.000,100.625,54.000,66.417,other,0,-1,6,1
223,65,80.988,84.775,88.357,106.486,105.358,102.686,89.000,102.083,88.000,77.639,other,0,-1,7,1
224,89,86.817,89.381,90.323,106.327,105.215,102.928,65.000,101.125,76.000,91.833,other,0,-1,8,1
225,95,105.674,111.183,109.277,106.689,105.612,103.280,89.000,101.667,115.000,109.944,other,0,-1,9,1
226,158,125.199,130.885,122.058,106.573,105.514,103.532,95.000,100.833,142.000,131.361,other,0,-1,10,1
227,132,157.439,159.197,162.161,106.979,105.955,103.893,158.000,101.500,116.000,148.500,other,0,-1,11,1
228,176,160.680,161.627,155.519,107.385,106.397,104.253,132.000,102.167,150.000,174.389,other,0,-1,12,1
229,189,179.393,179.109,182.785,107.935,106.989,104.644,176.000,103.250,201.000,191.778,other,0,-1,13,1
230,163,183.616,184.176,188.929,107.935,107.011,104.920,189.000,102.750,157.000,190.222,other,0,-1,14,1
231,198,170.566,168.669,167.949,108.196,107.303,105.251,163.000,103.000,197.000,183.056,other,0,-1,15,1
232,192,168.731,173.407,177.907,108.385,107.520,105.566,198.000,103.042,144.000,168.806,other,0,-1,16,1
233,118,151.977,156.561,161.609,109.254,108.441,106.024,192.000,105.042,152.000,158.750,other,0,-1,17,1
234,135,129.775,120.163,113.746,108.935,108.133,106.233,118.000,103.625,121.000,131.639,other,0,-1,18,1
235,105,110.081,106.376,110.986,109.312,108.545,106.588,135.000,104.208,80.000,103.944,other,0,-1,19,1
236,79,94.145,87.190,91.509,109.848,109.122,106.976,105.000,105.250,67.000,92.389,other,0,-1,20,1
237,102,81.129,72.847,76.421,110.196,109.504,107.325,79.000,105.750,88.000,77.389,other,0,-1,21,1
238,50,71.022,72.193,75.741,110.573,109.915,107.679,102.000,106.333,60.000,64.944,other,0,-1,22,1
239,74,62.945,57.810,56.270,110.602,109.967,107.961,50.000,105.917,68.000,62.889,other,0,-1,23,1
240,82,63.421,64.703,56.812,110.863,110.259,108.292,74.000,106.167,53.000,59.639,other,0,-1,0,2
241,59,65.104,69.533,61.042,111.159,110.626,108.431,82.000,107.375,56.000,64.167,other,0,-1,1,2
242,66,61.290,62.445,55.278,111.080,110.603,108.491,59.000,107.500,52.000,56.194,other,0,-1,2,2
243,62,65.972,66.297,57.055,111.159,110.745,108.584,66.000,108.083,48.000,60.528,other,0,-1,3,2
244,61,67.020,65.766,58.361,111.239,110.887,108.678,62.000,108.667,64.000,62.444,other,0,-1,4,2
245,92,69.225,66.547,61.908,111.072,110.775,108.720,61.000,108.542,66.000,62.833,other,0,-1,5,2
246,56,82.872,79.198,75.208,111.325,111.097,108.849,92.000,109.625,89.000,70.472,other,0,-1,6,2
247,87,82.619,74.181,73.623,110.724,110.534,108.801,56.000,108.250,65.000,78.639,other,0,-1,7,2
248,97,97.927,89.635,91.972,110.919,110.796,108.918,87.000,109.167,89.000,89.639,other,0,-1,8,2
249,86,115.298,105.842,106.834,110.912,110.848,108.993,97.000,109.500,95.000,104.833,other,0,-1,9,2
250,151,133.742,126.825,114.743,110.658,110.646,109.017,86.000,109.125,158.000,127.694,other,0,-1,10,2
251,142,155.876,147.970,153.259,110.433,110.473,109.047,151.000,108.833,132.000,145.361,other,0,-1,11,2
252,157,164.152,161.473,158.147,110.455,110.555,109.129,142.000,109.250,176.000,159.222,other,0,-1,12,2
253,176,171.369,171.178,169.540,110.056,110.202,109.122,157.000,108.458,189.000,182.222,other,0,-1,13,2
254,213,174.229,177.832,177.817,109.745,109.940,109.134,176.000,107.917,163.000,185.000,other,0,-1,14,2
255,168,180.383,190.573,190.969,110.346,110.621,109.336,213.000,110.000,198.000,172.750,other,0,-1,15,2
256,164,158.294,163.437,157.520,109.788,110.104,109.297,168.000,108.750,192.000,158.694,other,0,-1,16,2
257,162,145.260,150.432,143.579,109.259,109.616,109.263,164.000,107.583,118.000,148.139,other,0,-1,17,2
258,150,128.962,136.054,130.720,109.773,110.208,109.447,162.000,109.417,135.000,124.722,other,0,-1,18,2
259,112,110.481,117.964,114.748,109.867,110.365,109.543,150.000,110.042,105.000,108.833,other,0,-1,19,2
260,105,94.851,93.467,90.879,109.845,110.402,109.616,112.000,110.333,79.000,89.361,other,0,-1,20,2
261,66,79.618,81.660,80.369,110.099,110.724,109.745,105.000,111.417,102.000,75.500,other,0,-1,21,2
262,63,70.579,65.259,61.696,109.454,110.117,109.688,66.000,109.917,50.000,67.139,other,0,-1,22,2
263,67,61.688,60.386,55.158,109.519,110.244,109.778,63.000,110.458,74.000,62.722,other,0,-1,23,2
264,56,57.898,60.525,51.182,109.294,110.071,109.808,67.000,110.167,82.000,61.389,other,0,-1,0,3
265,53,55.627,59.714,58.593,108.590,109.395,109.481,56.000,109.083,59.000,64.194,other,0,-1,1,3
266,58,56.186,59.749,56.661,108.175,109.019,109.214,53.000,108.833,66.000,65.056,other,0,-1,2,3
267,64,59.353,62.542,57.637,107.732,108.612,108.941,58.000,108.500,62.000,61.583,other,0,-1,3,3
268,61,63.442,65.488,60.480,107.433,108.356,108.698,64.000,108.583,61.000,61.250,other,0,-1,4,3
269,51,65.561,65.197,63.259,107.105,108.069,108.450,61.000,108.583,92.000,63.500,other,0,-1,5,3
270,49,69.707,64.792,66.128,106.184,107.168,108.077,51.000,106.875,56.000,67.778,other,0,-1,6,3
271,88,80.307,70.647,72.694,105.755,106.777,107.807,49.000,106.583,87.000,79.889,other,0,-1,7,3
272,104,94.618,87.297,93.232,105.441,106.506,107.562,88.000,106.625,97.000,92.417,other,0,-1,8,3
273,126,112.143,104.647,110.511,105.215,106.324,107.334,104.000,106.917,86.000,115.000,other,0,-1,9,3
274,141,131.668,127.452,131.581,105.467,106.637,107.206,126.000,108.583,151.000,126.583,other,0,-1,10,3
275,132,149.679,149.614,149.691,104.994,106.201,106.928,141.000,108.167,142.000,145.861,other,0,-1,11,3
276,149,160.454,161.749,155.340,104.522,105.765,106.649,132.000,107.750,157.000,168.111,other,0,-1,12,3
277,203,168.638,169.658,166.856,104.078,105.358,106.376,149.000,107.417,176.000,177.472,other,0,-1,13,3
278,203,182.411,189.722,190.522,104.142,105.477,106.209,203.000,108.542,213.000,176.694,other,0,-1,14,3
279,220,175.345,185.000,185.400,103.669,105.040,105.930,203.000,108.125,168.000,173.972,other,0,-1,15,3
280,166,169.874,187.297,185.426,104.095,105.533,105.839,220.000,110.292,164.000,162.111,other,0,-1,16,3
281,158,141.017,148.237,148.023,103.796,105.277,105.596,166.000,110.375,162.000,150.028,other,0,-1,17,3
282,152,121.900,132.249,132.155,103.410,104.930,105.335,158.000,110.208,150.000,132.389,other,0,-1,18,3
283,82,102.096,117.909,117.711,103.112,104.674,105.093,152.000,110.292,112.000,108.528,other,0,-1,19,3
284,91,89.775,83.753,82.841,102.349,103.938,104.753,82.000,109.042,105.000,100.083,other,0,-1,20,3
285,76,71.858,74.269,77.381,101.819,103.442,104.462,91.000,108.458,66.000,85.306,other,0,-1,21,3
286,59,60.309,62.444,66.557,101.636,103.305,104.244,76.000,108.875,63.000,74.778,other,0,-1,22,3
287,78,52.387,52.894,57.363,101.250,102.959,103.983,59.000,108.708,67.000,70.444,other,0,-1,23,3
288,57,48.785,56.686,57.298,101.082,102.837,103.768,78.000,109.167,56.000,60.917,other,0,-1,0,4
289,60,45.989,52.872,49.427,100.811,102.563,103.410,57.000,109.208,53.000,56.972,other,0,-1,1,4
290,52,48.724,55.589,49.119,100.627,102.378,103.070,60.000,109.500,58.000,51.583,other,0,-1,2,4
291,49,49.129,53.853,48.161,100.255,101.999,102.690,52.000,109.250,64.000,54.556,other,0,-1,3,4
292,58,50.810,53.805,49.596,99.752,101.485,102.284,49.000,108.625,61.000,57.139,other,0,-1,4,4
293,61,55.808,58.273,55.325,99.424,101.150,101.914,58.000,108.500,51.000,54.694,other,0,-1,5,4
294,62,60.479,61.588,62.068,99.283,101.011,101.583,61.000,108.917,49.000,65.167,other,0,-1,6,4
295,54,68.300,67.176,70.607,99.186,100.916,101.261,62.000,109.458,88.000,74.667,other,0,-1,7,4
296,83,82.007,76.221,78.342,98.408,100.117,100.797,54.000,108.042,104.000,86.667,other,0,-1,8,4
297,101,98.586,98.792,100.909,97.819,99.513,100.372,83.000,107.167,126.000,109.861,other,0,-1,9,4
298,130,117.789,123.462,122.025,97.171,98.849,99.936,101.000,106.125,141.000,125.222,other,0,-1,10,4
299,138,137.908,149.566,147.895,96.727,98.395,99.541,130.000,105.667,132.000,147.361,other,0,-1,11,4
300,190,153.315,161.501,160.979,96.528,98.195,99.198,138.000,105.917,149.000,161.111,other,0,-1,12,4
301,161,175.854,188.099,191.266,96.837,98.521,98.961,190.000,107.625,203.000,174.694,other,0,-1,13,4
302,213,169.605,168.346,175.107,95.943,97.602,98.473,161.000,105.875,203.000,178.167,other,0,-1,14,4
303,177,180.679,189.761,195.566,95.803,97.462,98.142,213.000,106.292,220.000,172.583,other,0,-1,15,4
304,138,154.709,158.360,165.688,94.894,96.528,97.651,177.000,104.500,166.000,165.472,other,0,-1,16,4
305,158,131.510,131.101,133.723,94.203,95.819,97.205,138.000,103.333,158.000,138.861,other,0,-1,17,4
306,105,110.647,123.730,128.527,93.918,95.530,96.844,158.000,103.333,152.000,121.333,other,0,-1,18,4
307,101,92.636,93.521,95.185,92.952,94.536,96.341,105.000,101.375,82.000,101.944,other,0,-1,19,4
308,65,74.047,79.000,84.053,92.942,94.531,96.037,101.000,102.167,91.000,84.222,other,0,-1,20,4
309,93,62.538,60.105,66.958,92.280,93.852,95.597,65.000,101.083,76.000,70.889,other,0,-1,21,4
310,59,47.122,60.488,67.780,92.241,93.817,95.287,93.000,101.792,59.000,63.889,other,0,-1,22,4
311,55,40.453,45.846,55.784,91.956,93.528,94.926,59.000,101.792,78.000,57.111,other,0,-1,23,4
312,33,36.097,43.027,51.685,91.337,92.894,94.496,55.000,100.833,57.000,38.722,other,0,-1,0,5
313,53,33.419,37.848,32.061,90.961,92.460,94.221,33.000,99.833,60.000,42.139,other,0,-1,1,5
314,47,40.244,47.171,35.942,90.832,92.280,93.998,53.000,99.542,52.000,43.389,other,0,-1,2,5
315,38,41.369,46.461,36.485,90.731,92.131,93.782,47.000,99.333,49.000,43.528,other,0,-1,3,5
316,31,41.090,44.142,37.485,90.544,91.892,93.547,38.000,98.875,58.000,42.111,other,0,-1,4,5
317,32,42.243,43.179,39.979,90.125,91.412,93.263,31.000,97.750,61.000,43.028,other,0,-1,5,5
318,60,47.137,46.490,45.625,89.676,90.903,92.974,32.000,96.542,62.000,55.167,other,0,-1,6,5
319,46,58.276,60.923,61.447,89.619,90.799,92.766,60.000,96.458,54.000,63.917,other,0,-1,7,5
320,81,68.624,65.667,65.484,89.475,90.604,92.540,46.000,96.125,83.000,81.722,other,0,-1,8,5
321,73,85.040,89.708,90.035,89.418,90.500,92.333,81.000,96.042,101.000,98.167,other,0,-1,9,5
322,132,103.746,100.736,96.585,88.984,90.006,92.046,73.000,94.875,130.000,102.556,other,0,-1,10,5
323,123,126.087,140.223,139.184,88.985,89.961,91.851,132.000,94.958,138.000,122.722,other,0,-1,11,5
324,160,139.357,141.929,141.144,88.740,89.662,91.604,123.000,94.333,190.000,141.028,other,0,-1,12,5
325,118,156.162,163.582,168.561,88.277,89.138,91.311,160.000,93.083,161.000,161.333,other,0,-1,13,5
326,162,152.279,143.146,141.878,87.626,88.419,90.979,118.000,91.292,213.000,179.778,other,0,-1,14,5
327,168,153.727,156.013,162.802,86.859,87.580,90.623,162.000,89.167,177.000,180.472,other,0,-1,15,5
328,163,141.664,149.267,155.533,86.701,87.371,90.394,168.000,88.792,138.000,165.833,other,0,-1,16,5
329,134,121.859,134.140,137.486,87.035,87.671,90.268,163.000,89.833,158.000,148.556,other,0,-1,17,5
330,94,100.002,109.824,106.328,86.659,87.237,89.994,134.000,88.833,105.000,114.861,other,0,-1,18,5
331,73,83.529,86.293,76.930,86.472,86.997,89.759,94.000,88.375,101.000,90.528,other,0,-1,19,5
332,49,68.473,68.656,61.107,86.038,86.503,89.473,73.000,87.208,65.000,74.972,other,0,-1,20,5
333,63,56.176,53.591,49.343,85.778,86.189,89.223,49.000,86.542,93.000,60.444,other,0,-1,21,5
334,10,42.183,47.379,47.723,85.315,85.665,88.930,63.000,85.292,59.000,52.389,inside,-1,0,22,5
335,16,38.500,34.019,35.720,84.577,84.856,88.580,10.000,83.250,55.000,44.139,inside,-1,1,23,5
336,20,31.622,31.959,34.465,83.984,84.197,88.261,16.000,81.625,33.000,32.472,inside,-1,2,0,6
337,31,29.795,32.233,27.827,84.046,84.199,88.331,20.000,81.083,53.000,34.500,after,-1,3,1,6
338,23,33.696,37.878,31.111,83.978,84.065,88.374,31.000,80.167,47.000,33.361,after,-1,4,2,6
339,42,34.155,37.035,31.942,83.881,83.902,88.411,23.000,79.167,38.000,35.222,after,-1,5,3,6
340,28,43.145,46.300,39.847,84.189,84.159,88.533,42.000,79.333,31.000,34.028,after,-1,6,4,6
341,35,40.467,42.424,41.361,84.396,84.310,88.634,28.000,79.208,32.000,36.611,after,-1,7,5,6
342,30,45.632,48.020,49.237,84.689,84.552,88.752,35.000,79.333,60.000,38.694,after,-1,8,6,6
343,35,51.586,52.286,54.526,84.505,84.299,88.771,30.000,78.083,46.000,47.194,after,-1,9,7,6
344,67,63.999,63.130,63.443,84.596,84.330,88.848,35.000,77.625,81.000,59.167,after,-1,10,8,6
345,78,80.544,84.717,83.934,84.643,84.317,88.915,67.000,77.042,73.000,78.778,after,-1,11,9,6
346,103,99.272,100.015,96.648,84.966,84.589,89.040,78.000,77.250,132.000,101.278,after,-1,12,10,6
347,134,118.911,120.259,116.512,84.796,84.350,89.062,103.000,76.042,123.000,121.778,after,-1,13,11,6
348,114,139.084,142.845,140.424,85.206,84.712,89.204,134.000,76.500,160.000,140.833,after,-1,14,12,6
349,143,144.154,137.296,129.925,84.790,84.219,89.175,114.000,74.583,118.000,148.472,after,-1,15,13,6
350,144,152.589,150.913,148.243,85.402,84.790,89.360,143.000,75.625,162.000,156.639,after,-1,16,14,6
351,159,148.307,148.000,144.937,85.392,84.717,89.415,144.000,74.875,168.000,153.306,after,-1,17,15,6
352,152,138.892,145.140,146.838,85.512,84.779,89.498,159.000,74.500,163.000,133.083,after,-1,18,16,6
353,113,121.417,129.443,130.089,85.603,84.810,89.574,152.000,74.042,134.000,123.667,after,-1,19,17,6
354,86,103.161,104.966,95.602,85.549,84.692,89.620,113.000,73.167,94.000,102.583,after,-1,20,18,6
355,81,87.452,85.387,72.444,85.683,84.769,89.706,86.000,72.833,73.000,79.889,after,-1,21,19,6
356,51,70.620,69.766,60.935,86.049,85.085,89.840,81.000,73.167,49.000,59.111,after,-1,22,20,6
357,43,59.251,55.345,47.913,86.328,85.312,89.955,51.000,73.250,63.000,47.306,after,-1,23,21,6
358,41,48.209,46.479,43.013,86.289,85.209,90.004,43.000,72.417,10.000,35.306,after,-1,24,22,6
359,22,41.075,42.742,41.114,86.988,85.870,90.208,41.000,73.708,16.000,32.556,after,-1,25,23,6
360,49,37.224,38.047,37.299,87.326,86.156,90.336,22.000,73.958,20.000,61.343,after,-1,26,0,0
361,77,42.283,47.167,46.160,88.086,86.911,90.762,49.000,75.167,31.000,59.743,other,0,-1,1,0
362,58,59.739,65.879,53.949,89.092,87.920,91.239,77.000,77.083,23.000,61.829,other,0,-1,2,0
363,60,53.445,59.148,52.429,89.940,88.764,91.684,58.000,78.542,42.000,63.543,other,0,-1,3,0
364,61,56.751,62.398,57.214,90.541,89.353,92.077,60.000,79.292,28.000,60.000,other,0,-1,4,0
365,44,57.904,64.741,63.286,91.359,90.168,92.515,61.000,80.667,35.000,77.171,other,0,-1,5,0
366,69,52.644,60.063,65.163,91.829,90.622,92.880,44.000,81.042,30.000,77.686,other,0,-1,6,0
367,70,64.497,77.062,80.995,92.735,91.526,93.337,69.000,82.667,35.000,91.543,other,0,-1,7,0
368,118,73.331,87.755,89.933,93.582,92.371,93.781,70.000,84.125,67.000,101.114,other,0,-1,8,0
369,92,102.581,123.386,120.102,94.661,93.455,94.274,118.000,86.250,78.000,122.829,other,0,-1,9,0
370,106,109.976,123.885,115.752,95.204,93.984,94.654,92.000,86.833,103.000,137.200,other,0,-1,10,0
371,150,130.052,138.938,129.175,95.587,94.349,95.002,106.000,86.958,134.000,150.314,other,0,-1,11,0
372,156,155.636,163.527,158.656,96.159,94.908,95.389,150.000,87.625,114.000,163.229,other,0,-1,12,0
373,215,165.427,167.484,164.412,97.108,95.857,95.854,156.000,89.375,143.000,172.800,other,0,-1,13,0
374,194,197.090,199.463,202.271,98.491,97.256,96.410,215.000,92.375,144.000,172.257,other,0,-1,14,0
375,219,175.087,177.374,183.460,99.556,98.325,96.900,194.000,94.458,159.000,183.343,other,0,-1,15,0
376,184,176.063,179.761,191.990,100.765,99.544,97.420,219.000,96.958,152.000,162.143,other,0,-1,16,0
377,134,142.540,144.663,157.365,101.569,100.343,97.855,184.000,98.292,113.000,148.800,other,0,-1,17,0
378,147,117.931,113.105,117.429,102.213,100.978,98.257,134.000,99.167,86.000,128.829,other,0,-1,18,0
379,95,99.948,98.433,110.056,103.437,102.212,98.780,147.000,101.708,81.000,110.171,other,0,-1,19,0
380,114,83.121,76.282,80.480,103.980,102.741,99.161,95.000,102.292,51.000,85.143,other,0,-1,20,0
381,77,71.339,70.575,77.686,105.233,104.005,99.690,114.000,104.917,43.000,75.143,other,0,-1,21,0
382,51,60.536,58.533,62.985,106.066,104.834,100.131,77.000,106.333,41.000,65.229,other,0,-1,22,0
383,65,54.000,51.238,54.113,106.551,105.304,100.500,51.000,106.750,22.000,63.543,other,0,-1,23,0
384,70,56.362,56.629,55.435,107.514,106.268,100.968,65.000,108.542,49.000,61.694,other,0,-1,0,1
385,57,58.527,59.839,56.234,107.992,106.785,101.344,70.000,109.417,77.000,62.000,other,0,-1,1,1
386,57,57.496,57.596,53.199,107.876,106.687,101.596,57.000,108.583,58.000,62.222,other,0,-1,2,1
387,71,60.528,59.773,54.695,108.036,106.874,101.905,57.000,108.542,60.000,61.389,other,0,-1,3,1
388,55,68.920,67.391,60.985,108.369,107.241,102.251,71.000,109.000,61.000,63.583,other,0,-1,4,1
389,63,63.339,62.602,62.548,108.456,107.353,102.545,55.000,108.750,44.000,65.139,other,0,-1,5,1
390,81,68.362,68.813,71.302,108.905,107.839,102.915,63.000,109.542,69.000,66.417,other,0,-1,6,1
391,64,78.852,81.218,85.127,109.253,108.221,103.264,81.000,110.042,70.000,77.639,other,0,-1,7,1
392,95,87.545,88.562,89.624,109.340,108.333,103.558,64.000,109.792,118.000,91.833,other,0,-1,8,1
393,101,107.380,111.671,111.456,109.181,108.190,103.800,95.000,108.833,92.000,109.944,other,0,-1,9,1
394,113,126.746,131.245,124.817,109.485,108.527,104.140,101.000,109.208,106.000,131.361,other,0,-1,10,1
395,168,145.636,148.461,139.752,109.760,108.834,104.474,113.000,109.500,150.000,148.500,other,0,-1,11,1
396,136,172.720,171.709,175.561,110.195,109.305,104.840,168.000,110.250,156.000,174.389,other,0,-1,12,1
397,172,169.713,166.229,161.181,110.079,109.208,105.092,136.000,109.417,215.000,191.778,other,0,-1,13,1
398,176,178.720,177.022,179.640,109.630,108.765,105.274,172.000,107.625,194.000,190.222,other,0,-1,14,1
399,153,174.054,173.546,175.690,109.543,108.697,105.532,176.000,106.875,219.000,183.056,other,0,-1,15,1
400,224,159.456,156.639,152.882,108.761,107.909,105.645,153.000,104.125,184.000,168.806,other,0,-1,16,1
401,142,167.271,174.412,179.699,109.515,108.711,106.078,224.000,105.792,134.000,158.750,other,0,-1,17,1
402,137,128.025,124.881,123.495,109.804,109.033,106.415,142.000,106.125,147.000,131.639,other,0,-1,18,1
403,97,109.449,107.471,110.992,109.833,109.085,106.697,137.000,105.708,95.000,103.944,other,0,-1,19,1
404,85,94.168,86.890,88.076,110.036,109.317,107.015,97.000,105.792,114.000,92.389,other,0,-1,20,1
405,77,79.874,74.192,77.024,109.790,109.084,107.240,85.000,104.583,77.000,77.389,other,0,-1,21,1
406,83,69.148,66.490,67.509,109.964,109.286,107.552,77.000,104.583,51.000,64.944,other,0,-1,22,1
407,45,64.620,66.730,62.964,110.602,109.967,107.961,83.000,105.917,65.000,62.889,other,0,-1,23,1
408,56,58.444,56.669,49.354,110.486,109.869,108.213,45.000,105.083,70.000,59.639,other,0,-1,0,2
409,59,58.732,60.546,54.038,110.160,109.592,108.222,56.000,104.500,57.000,64.167,other,0,-1,1,2
410,42,60.979,62.801,53.507,110.065,109.554,108.279,59.000,104.583,57.000,56.194,other,0,-1,2,2
411,50,59.542,58.539,50.871,109.725,109.261,108.285,42.000,103.958,71.000,60.528,other,0,-1,3,2
412,74,63.493,62.005,54.340,109.297,108.879,108.272,50.000,103.083,55.000,62.444,other,0,-1,4,2
413,71,72.996,71.187,63.307,109.449,109.096,108.381,74.000,103.875,63.000,62.833,other,0,-1,5,2
414,64,75.503,72.009,68.684,109.442,109.148,108.456,71.000,104.208,81.000,70.472,other,0,-1,6,2
415,87,82.629,75.591,74.752,109.072,108.825,108.456,64.000,103.500,64.000,78.639,other,0,-1,7,2
416,97,97.840,89.620,91.323,109.282,109.102,108.576,87.000,104.458,95.000,89.639,other,0,-1,8,2
417,98,115.322,105.762,106.462,109.188,109.064,108.633,97.000,104.542,101.000,104.833,other,0,-1,9,2
418,140,133.675,126.122,119.203,109.021,108.952,108.675,98.000,104.417,113.000,127.694,other,0,-1,10,2
419,143,153.596,146.708,148.438,109.289,109.289,108.808,140.000,105.542,168.000,145.361,other,0,-1,11,2
420,170,164.701,161.353,158.837,108.804,108.846,108.784,143.000,104.500,136.000,159.222,other,0,-1,12,2
421,137,174.610,174.288,176.211,109.173,109.288,108.938,170.000,105.917,172.000,182.222,other,0,-1,13,2
422,155,167.365,167.258,159.092,108.542,108.695,108.883,137.000,104.458,176.000,185.000,other,0,-1,14,2
423,130,164.720,167.507,161.253,108.115,108.313,108.870,155.000,103.583,153.000,172.750,other,0,-1,15,2
424,159,154.711,153.089,139.326,107.659,107.900,108.852,130.000,102.625,224.000,158.694,other,0,-1,16,2
425,160,144.060,149.148,140.938,106.594,106.858,108.706,159.000,99.917,142.000,148.139,other,0,-1,17,2
426,141,127.840,136.022,129.776,106.731,107.060,108.812,160.000,100.667,137.000,124.722,other,0,-1,18,2
427,121,109.843,115.788,111.281,106.666,107.052,108.875,141.000,100.833,97.000,108.833,other,0,-1,19,2
428,106,93.272,97.337,94.485,106.890,107.344,108.999,121.000,101.833,85.000,89.361,other,0,-1,20,2
429,61,78.972,83.569,81.117,107.071,107.591,109.113,106.000,102.708,77.000,75.500,other,0,-1,21,2
430,61,71.031,66.210,60.805,106.716,107.284,109.116,61.000,102.042,83.000,67.139,other,0,-1,22,2
431,65,61.490,61.632,54.628,106.274,106.886,109.100,61.000,101.125,45.000,62.722,other,0,-1,23,2
432,49,57.325,61.677,50.865,106.440,107.118,109.212,65.000,101.958,56.000,61.389,other,0,-1,0,3
433,64,54.683,58.932,57.753,106.011,106.727,108.942,49.000,101.667,59.000,64.194,other,0,-1,1,3
434,60,58.012,64.972,59.238,105.756,106.515,108.709,64.000,101.875,42.000,65.056,other,0,-1,2,3
435,57,59.408,64.396,58.463,105.689,106.499,108.514,60.000,102.625,50.000,61.583,other,0,-1,3,3
436,69,61.082,63.856,59.422,105.463,106.317,108.287,57.000,102.917,74.000,61.250,other,0,-1,4,3
437,59,66.888,68.587,65.361,105.063,105.956,108.023,69.000,102.708,71.000,63.500,other,0,-1,5,3
438,70,69.576,67.134,68.228,104.561,105.489,107.738,59.000,102.208,64.000,67.778,other,0,-1,6,3
439,76,79.437,74.548,78.303,104.320,105.293,107.508,70.000,102.458,87.000,79.889,other,0,-1,7,3
440,87,93.220,85.026,89.413,103.833,104.842,107.226,76.000,102.000,97.000,92.417,other,0,-1,8,3
441,103,110.729,102.269,104.203,103.361,104.405,106.947,87.000,101.583,98.000,115.000,other,0,-1,9,3
442,144,129.353,124.807,122.168,103.106,104.194,106.713,103.000,101.792,140.000,126.583,other,0,-1,10,3
443,127,149.183,149.157,149.714,102.836,103.967,106.477,144.000,101.958,143.000,145.861,other,0,-1,11,3
444,196,158.846,160.284,151.988,102.276,103.441,106.180,127.000,101.292,170.000,168.111,other,0,-1,12,3
445,180,180.596,185.115,185.771,102.325,103.544,106.010,196.000,102.375,137.000,177.472,other,0,-1,13,3
446,164,173.864,178.858,178.711,102.621,103.903,105.891,180.000,104.167,155.000,176.694,other,0,-1,14,3
447,194,165.134,167.586,166.446,102.423,103.751,105.670,164.000,104.542,130.000,173.972,other,0,-1,15,3
448,158,160.572,172.031,172.088,103.023,104.424,105.615,194.000,107.208,159.000,162.111,other,0,-1,16,3
449,155,139.881,145.166,144.072,102.680,104.123,105.363,158.000,107.167,160.000,150.028,other,0,-1,17,3
450,130,121.345,131.114,130.813,102.280,103.761,105.099,155.000,106.958,141.000,132.389,other,0,-1,18,3
451,106,102.902,109.056,109.346,101.793,103.310,104.817,130.000,106.500,121.000,108.528,other,0,-1,19,3
452,78,86.721,89.353,91.069,101.248,102.799,104.523,106.000,105.875,106.000,100.083,other,0,-1,20,3
453,78,73.838,71.425,74.690,100.515,102.092,104.190,78.000,104.708,61.000,85.306,other,0,-1,21,3
454,82,60.158,63.647,68.187,100.434,102.061,103.993,78.000,105.417,61.000,74.778,other,0,-1,22,3
455,52,51.702,60.862,63.757,100.410,102.089,103.808,82.000,106.292,65.000,70.444,other,0,-1,23,3
456,47,47.105,49.189,53.306,99.894,101.608,103.520,52.000,105.750,49.000,60.917,other,0,-1,0,4
457,52,44.441,50.275,48.784,99.580,101.289,103.152,47.000,105.667,64.000,56.972,other,0,-1,1,4
458,39,46.526,53.286,48.706,99.121,100.819,102.755,52.000,105.167,60.000,51.583,other,0,-1,2,4
459,67,46.084,49.892,46.673,98.531,100.215,102.330,39.000,104.292,57.000,54.556,other,0,-1,3,4
460,90,56.177,61.516,54.056,98.391,100.076,101.999,67.000,104.708,69.000,57.139,other,0,-1,4,4
461,56,68.600,72.752,63.686,98.410,100.101,101.702,90.000,105.583,59.000,54.694,other,0,-1,5,4
462,67,59.329,60.198,61.244,98.081,99.767,101.332,56.000,105.458,70.000,65.167,other,0,-1,6,4
463,69,68.314,68.650,72.235,97.752,99.432,100.961,67.000,105.333,76.000,74.667,other,0,-1,7,4
464,112,81.039,79.187,83.181,97.365,99.038,100.579,69.000,105.042,87.000,86.667,other,0,-1,8,4
465,91,99.667,107.106,112.219,97.442,99.123,100.294,112.000,106.083,103.000,109.861,other,0,-1,9,4
466,140,117.380,120.940,116.907,96.983,98.654,99.896,91.000,105.583,144.000,125.222,other,0,-1,10,4
467,138,138.682,152.861,151.289,96.640,98.305,99.523,140.000,105.417,127.000,147.361,other,0,-1,11,4
468,146,152.693,161.206,159.343,96.514,98.180,99.195,138.000,105.875,196.000,161.111,other,0,-1,12,4
469,202,162.993,165.145,167.250,95.504,97.141,98.683,146.000,103.792,180.000,174.694,other,0,-1,13,4
470,152,181.742,190.138,194.334,95.537,97.182,98.388,202.000,104.708,164.000,178.167,other,0,-1,14,4
471,177,163.052,157.576,163.075,95.078,96.713,97.991,152.000,104.208,194.000,172.583,other,0,-1,15,4
472,121,154.236,158.336,164.732,94.547,96.168,97.578,177.000,103.500,158.000,165.472,other,0,-1,16,4
473,126,130.777,127.172,125.893,93.725,95.324,97.105,121.000,101.958,155.000,138.861,other,0,-1,17,4
474,114,110.720,114.110,114.957,93.020,94.600,96.656,126.000,100.750,130.000,121.333,other,0,-1,18,4
475,98,91.390,96.476,98.643,92.503,94.071,96.247,114.000,100.083,106.000,101.944,other,0,-1,19,4
476,96,74.346,79.289,83.793,92.102,93.662,95.861,98.000,99.750,78.000,84.222,other,0,-1,20,4
477,74,58.233,68.628,75.622,92.077,93.642,95.555,96.000,100.500,78.000,70.889,other,0,-1,21,4
478,44,47.939,55.262,64.288,91.734,93.293,95.181,74.000,100.333,82.000,63.889,other,0,-1,22,4
479,60,41.467,42.968,53.732,90.898,92.434,94.705,44.000,98.750,52.000,57.111,other,0,-1,23,4
480,40,36.359,45.559,53.536,90.729,92.264,94.368,60.000,99.083,47.000,38.722,other,0,-1,0,5
481,36,34.460,41.250,33.941,90.599,92.085,94.146,40.000,98.792,52.000,42.139,other,0,-1,1,5
482,39,35.522,41.554,33.645,90.339,91.771,93.896,36.000,98.125,39.000,43.389,other,0,-1,2,5
483,38,38.876,44.233,35.623,90.311,91.696,93.694,39.000,98.125,67.000,43.528,other,0,-1,3,5
484,26,41.165,45.009,38.055,89.863,91.187,93.404,38.000,96.917,90.000,42.111,other,0,-1,4,5
485,45,41.359,42.305,39.249,88.908,90.153,93.009,26.000,94.250,56.000,43.028,other,0,-1,5,5
486,46,49.274,51.230,49.458,88.720,89.914,92.774,45.000,93.792,67.000,55.167,other,0,-1,6,5
487,67,56.154,56.726,56.995,88.388,89.525,92.509,46.000,92.917,69.000,63.917,other,0,-1,7,5
488,45,68.906,72.432,73.456,88.331,89.420,92.301,67.000,92.833,112.000,81.722,other,0,-1,8,5
489,94,85.976,78.579,74.139,87.332,88.341,91.897,45.000,90.042,91.000,98.167,other,0,-1,9,5
490,120,103.304,109.092,106.858,87.348,88.312,91.704,94.000,90.167,140.000,102.556,other,0,-1,10,5
491,132,123.392,133.374,131.285,87.030,87.938,91.442,120.000,89.333,138.000,122.722,other,0,-1,11,5
492,151,140.016,146.443,146.043,86.915,87.773,91.222,132.000,89.083,146.000,141.028,other,0,-1,12,5
493,162,153.558,158.403,162.025,86.959,87.774,91.036,151.000,89.292,202.000,161.333,other,0,-1,13,5
494,149,158.785,161.801,168.333,86.351,87.100,90.713,162.000,87.625,152.000,179.778,other,0,-1,14,5
495,167,152.036,150.266,154.733,86.280,86.980,90.502,149.000,87.500,177.000,180.472,other,0,-1,15,5
496,134,141.816,148.645,154.836,86.107,86.756,90.270,167.000,87.083,121.000,165.833,other,0,-1,16,5
497,90,120.759,124.454,122.252,86.267,86.877,90.108,134.000,87.625,126.000,148.556,other,0,-1,17,5
498,87,104.227,101.247,88.500,85.718,86.262,89.798,90.000,86.125,114.000,114.861,other,0,-1,18,5
499,77,85.865,85.004,75.303,85.298,85.783,89.514,87.000,85.000,98.000,90.528,other,0,-1,19,5
500,62,69.009,68.755,63.161,84.966,85.394,89.249,77.000,84.125,96.000,74.972,other,0,-1,20,5
501,70,55.060,54.630,53.410,84.445,84.810,88.944,62.000,82.708,74.000,60.444,other,0,-1,21,5
502,52,42.221,48.766,50.824,84.359,84.676,88.731,70.000,82.542,44.000,52.389,other,0,-1,22,5
503,41,35.651,41.349,44.511,84.447,84.721,88.553,52.000,82.875,60.000,44.139,other,0,-1,23,5
504,29,31.915,37.811,40.623,84.144,84.362,88.294,41.000,82.083,40.000,32.472,other,0,-1,0,6
505,28,31.184,34.949,32.377,84.235,84.393,88.370,29.000,81.625,36.000,34.500,other,0,-1,1,6
506,28,32.971,37.029,33.667,84.369,84.470,88.456,28.000,81.292,39.000,33.361,other,0,-1,2,6
507,31,35.584,39.120,36.016,84.460,84.502,88.532,28.000,80.833,38.000,35.222,other,0,-1,3,6
508,44,39.017,41.967,40.112,84.609,84.593,88.621,31.000,80.542,26.000,34.028,other,0,-1,4,6
509,33,45.933,49.151,48.209,85.120,85.060,88.785,44.000,81.292,45.000,36.611,other,0,-1,5,6
510,44,45.282,47.440,50.857,85.196,85.077,88.858,33.000,80.792,46.000,38.694,other,0,-1,6,6
511,53,53.419,56.826,60.867,85.418,85.243,88.962,44.000,80.708,67.000,47.194,other,0,-1,7,6
512,68,64.819,68.680,71.367,85.465,85.230,89.029,53.000,80.125,45.000,59.167,other,0,-1,8,6
513,82,81.106,85.463,85.132,86.049,85.771,89.208,68.000,81.083,94.000,78.778,other,0,-1,9,6
514,110,99.948,101.989,98.907,86.125,85.788,89.282,82.000,80.583,120.000,101.278,other,0,-1,10,6
515,105,120.423,124.229,120.470,86.230,85.835,89.361,110.000,80.167,132.000,121.778,other,0,-1,11,6
516,120,134.495,128.091,121.909,86.090,85.626,89.389,105.000,79.042,151.000,140.833,other,0,-1,12,6
517,154,145.774,140.073,133.258,85.891,85.358,89.405,120.000,77.750,162.000,148.472,other,0,-1,13,6
518,185,154.768,156.594,155.361,86.025,85.435,89.490,154.000,77.417,149.000,156.639,other,0,-1,14,6
519,132,158.650,167.573,173.338,86.797,86.171,89.709,185.000,78.917,167.000,153.306,other,0,-1,15,6
520,134,137.094,136.791,129.927,86.540,85.843,89.713,132.000,77.458,134.000,133.083,other,0,-1,16,6
521,126,121.197,125.004,120.279,86.790,86.040,89.822,134.000,77.458,90.000,123.667,other,0,-1,17,6
522,97,102.616,107.437,102.120,87.562,86.776,90.041,126.000,78.958,87.000,102.583,other,0,-1,18,6
523,65,86.084,86.564,76.726,87.957,87.122,90.181,97.000,79.375,77.000,79.889,other,0,-1,19,6
524,58,72.514,68.551,57.701,88.034,87.139,90.254,65.000,78.875,62.000,59.111,other,0,-1,20,6
525,49,58.000,55.753,50.149,88.226,87.276,90.352,58.000,78.708,70.000,47.306,other,0,-1,21,6
526,38,47.360,47.083,44.975,88.172,87.157,90.398,49.000,77.833,52.000,35.306,other,0,-1,22,6
527,33,40.687,41.820,41.275,88.220,87.144,90.465,38.000,77.250,41.000,32.556,other,0,-1,23,6
528,50,37.589,40.331,39.641,88.354,87.221,90.550,33.000,76.917,29.000,61.343,other,0,-1,0,0
529,53,42.574,47.341,46.924,88.998,87.855,90.952,50.000,77.792,28.000,59.743,other,0,-1,1,0
530,65,47.533,53.027,48.783,89.701,88.549,91.366,53.000,78.833,28.000,61.829,other,0,-1,2,0
531,55,57.485,62.639,54.406,90.577,89.424,91.817,65.000,80.375,31.000,63.543,other,0,-1,3,0
532,59,54.372,59.522,56.214,91.265,90.103,92.228,55.000,81.375,44.000,60.000,other,0,-1,4,0
533,60,57.095,63.417,62.894,91.822,90.647,92.612,59.000,82.000,33.000,77.171,other,0,-1,5,0
534,46,58.154,66.823,70.131,92.554,91.372,93.032,60.000,83.125,44.000,77.686,other,0,-1,6,0
535,46,58.977,67.447,73.330,92.923,91.721,93.376,46.000,83.208,53.000,91.543,other,0,-1,7,0
536,81,70.981,79.104,81.125,93.162,91.936,93.693,46.000,82.917,68.000,101.114,other,0,-1,8,0
537,153,90.023,105.275,102.872,93.690,92.450,94.071,81.000,83.458,82.000,122.829,other,0,-1,9,0
538,120,136.231,154.625,147.874,95.059,93.834,94.624,153.000,86.417,110.000,137.200,other,0,-1,10,0
539,157,133.014,144.256,136.648,95.544,94.304,94.993,120.000,86.833,105.000,150.314,other,0,-1,11,0
540,134,158.638,166.800,162.979,96.637,95.403,95.489,157.000,89.000,120.000,163.229,other,0,-1,12,0
541,138,160.140,157.615,151.088,97.180,95.932,95.869,134.000,89.583,154.000,172.800,other,0,-1,13,0
542,186,164.074,158.767,152.248,97.289,96.012,96.159,138.000,88.917,185.000,172.257,other,0,-1,14,0
543,218,171.189,173.800,178.059,97.643,96.346,96.501,186.000,88.958,132.000,183.343,other,0,-1,15,0
544,164,175.178,179.887,191.198,99.229,97.955,97.099,218.000,92.542,134.000,162.143,other,0,-1,16,0
545,149,137.681,138.758,145.343,100.004,98.724,97.529,164.000,93.792,126.000,148.800,other,0,-1,17,0
546,131,117.626,117.667,124.539,100.678,99.389,97.937,149.000,94.750,97.000,128.829,other,0,-1,18,0
547,91,98.615,97.305,103.558,101.510,100.218,98.378,131.000,96.167,65.000,110.171,other,0,-1,19,0
548,78,83.345,78.094,79.362,102.227,100.927,98.795,91.000,97.250,58.000,85.143,other,0,-1,20,0
549,78,70.082,65.857,68.346,102.857,101.547,99.194,78.000,98.083,49.000,75.143,other,0,-1,21,0
550,73,61.007,60.347,62.987,103.617,102.301,99.620,78.000,99.292,38.000,65.229,other,0,-1,22,0
551,68,57.322,58.529,58.658,104.465,103.145,100.064,73.000,100.750,33.000,63.543,other,0,-1,23,0
552,47,57.577,59.007,56.090,105.312,103.989,100.508,68.000,102.208,50.000,61.694,other,0,-1,0,1
553,54,52.232,52.691,51.352,105.442,104.146,100.812,47.000,102.083,53.000,62.000,other,0,-1,1,1
554,52,56.257,57.382,52.468,105.631,104.363,101.127,54.000,102.125,65.000,62.222,other,0,-1,2,1
555,56,58.294,58.672,53.556,105.616,104.370,101.400,52.000,101.583,55.000,61.389,other,0,-1,3,1
556,90,61.690,61.865,57.689,105.805,104.587,101.715,56.000,101.625,59.000,63.583,other,0,-1,4,1
557,47,78.985,78.393,71.214,106.428,105.254,102.122,90.000,102.917,60.000,65.139,other,0,-1,5,1
558,58,64.320,64.723,67.313,106.413,105.261,102.395,47.000,102.375,46.000,66.417,other,0,-1,6,1
559,76,73.406,75.179,78.372,106.761,105.643,102.743,58.000,102.875,46.000,77.639,other,0,-1,7,1
560,90,87.778,91.804,93.718,107.370,106.294,103.146,76.000,104.125,81.000,91.833,other,0,-1,8,1
561,80,105.995,111.525,109.532,107.674,106.631,103.486,90.000,104.500,153.000,109.944,other,0,-1,9,1
562,106,124.517,129.457,115.677,106.790,105.739,103.577,80.000,101.458,120.000,131.361,other,0,-1,10,1
563,153,143.910,147.699,136.133,106.762,105.731,103.847,106.000,100.875,157.000,148.500,other,0,-1,11,1
564,166,166.726,166.854,166.959,106.878,105.873,104.148,153.000,100.708,134.000,174.389,other,0,-1,12,1
565,168,176.666,175.255,177.392,107.515,106.554,104.557,166.000,102.042,138.000,191.778,other,0,-1,13,1
566,174,177.174,175.327,177.093,108.124,107.206,104.960,168.000,103.292,186.000,190.222,other,0,-1,14,1
567,169,173.249,172.507,174.341,108.124,107.228,105.236,174.000,102.792,218.000,183.056,other,0,-1,15,1
568,162,161.562,161.303,161.447,107.588,106.695,105.400,169.000,100.750,164.000,168.806,other,0,-1,16,1
569,178,146.281,145.603,145.545,107.733,106.867,105.706,162.000,100.667,149.000,158.750,other,0,-1,17,1
570,140,130.911,134.871,140.775,108.327,107.504,106.106,178.000,101.875,131.000,131.639,other,0,-1,18,1
571,122,109.371,107.601,112.245,108.631,107.840,106.446,140.000,102.250,91.000,103.944,other,0,-1,19,1
572,83,92.432,90.274,96.267,109.254,108.507,106.852,122.000,103.542,78.000,92.389,other,0,-1,20,1
573,66,79.931,73.666,76.354,109.501,108.784,107.179,83.000,103.750,78.000,77.389,other,0,-1,21,1
574,73,69.382,64.402,64.622,109.501,108.806,107.455,66.000,103.250,73.000,64.944,other,0,-1,22,1
575,51,63.003,63.864,59.828,109.675,109.008,107.768,73.000,103.250,68.000,62.889,other,0,-1,23,1
576,52,58.675,58.362,49.944,109.602,108.955,108.029,51.000,102.542,47.000,59.639,other,0,-1,0,2
577,77,57.999,59.568,53.292,109.551,108.962,108.095,52.000,102.750,54.000,64.167,other,0,-1,1,2
578,67,66.559,70.028,56.986,109.761,109.239,108.215,77.000,103.708,52.000,56.194,other,0,-1,2,2
579,59,65.970,67.316,55.544,109.855,109.396,108.312,67.000,104.333,56.000,60.528,other,0,-1,3,2
580,46,65.733,65.201,56.150,109.775,109.373,108.372,59.000,104.458,90.000,62.444,other,0,-1,4,2
581,62,65.824,62.475,57.257,109.015,108.646,108.290,46.000,102.625,47.000,62.833,other,0,-1,5,2
582,65,73.547,69.502,66.406,109.109,108.803,108.386,62.000,103.250,58.000,70.472,other,0,-1,6,2
583,104,82.665,75.755,74.949,109.087,108.840,108.459,65.000,103.542,76.000,78.639,other,0,-1,7,2
584,95,100.954,93.158,96.728,109.369,109.192,108.595,104.000,104.708,90.000,89.639,other,0,-1,8,2
585,83,115.152,105.581,105.757,109.318,109.199,108.661,95.000,104.917,80.000,104.833,other,0,-1,9,2
586,115,133.551,126.926,113.566,109.238,109.176,108.721,83.000,105.042,106.000,127.694,other,0,-1,10,2
587,124,150.408,145.852,137.629,109.246,109.244,108.799,115.000,105.417,153.000,145.361,other,0,-1,11,2
588,140,162.059,159.626,150.281,108.702,108.741,108.762,124.000,104.208,166.000,159.222,other,0,-1,12,2
589,157,168.647,167.532,161.803,108.202,108.284,108.735,140.000,103.125,168.000,182.222,other,0,-1,13,2
590,159,170.364,171.907,168.724,107.920,108.051,108.753,157.000,102.667,174.000,185.000,other,0,-1,14,2
591,180,165.258,168.567,163.265,107.579,107.758,108.758,159.000,102.042,169.000,172.750,other,0,-1,15,2
592,166,160.111,167.945,163.412,107.615,107.855,108.843,180.000,102.500,162.000,158.694,other,0,-1,16,2
593,170,145.216,151.378,144.156,107.550,107.847,108.906,166.000,102.667,178.000,148.139,other,0,-1,17,2
594,114,128.842,139.792,133.795,107.311,107.660,108.933,170.000,102.333,140.000,124.722,other,0,-1,18,2
595,75,111.689,108.395,99.630,106.811,107.202,108.905,114.000,101.250,122.000,108.833,other,0,-1,19,2
596,91,98.348,88.187,77.875,106.006,106.430,108.814,75.000,99.292,83.000,89.361,other,0,-1,20,2
597,68,79.750,78.363,75.212,105.999,106.482,108.889,91.000,99.625,66.000,75.500,other,0,-1,21,2
598,80,69.188,65.958,61.407,105.905,106.444,108.946,68.000,99.708,73.000,67.139,other,0,-1,22,2
599,62,60.835,65.243,58.118,105.883,106.481,109.019,80.000,100.000,51.000,62.722,other,0,-1,23,2
600,64,56.558,59.059,49.140,105.919,106.578,109.103,62.000,100.458,52.000,61.389,other,0,-1,0,3
601,77,55.920,62.399,58.743,105.765,106.472,108.891,64.000,100.958,77.000,64.194,other,0,-1,1,3
602,71,61.763,68.800,60.040,105.437,106.185,108.642,77.000,100.958,67.000,65.056,other,0,-1,2,3
603,46,62.741,67.444,59.042,105.168,105.959,108.406,71.000,101.125,59.000,61.583,other,0,-1,3,3
604,57,58.729,59.266,55.803,104.652,105.478,108.118,46.000,100.583,46.000,61.250,other,0,-1,4,3
605,81,64.146,63.808,61.551,104.483,105.356,107.902,57.000,101.042,62.000,63.500,other,0,-1,5,3
606,62,74.345,73.461,72.952,104.431,105.354,107.711,81.000,101.833,65.000,67.778,other,0,-1,6,3
607,71,79.397,72.676,75.653,104.060,105.023,107.453,62.000,101.708,104.000,79.889,other,0,-1,7,3
608,100,93.683,84.283,87.629,103.254,104.242,107.105,71.000,100.333,95.000,92.417,other,0,-1,8,3
609,104,111.465,103.639,108.624,102.999,104.030,106.871,100.000,100.542,83.000,115.000,other,0,-1,9,3
610,125,129.946,124.891,122.691,102.975,104.059,106.686,104.000,101.417,115.000,126.583,other,0,-1,10,3
611,158,147.442,146.962,142.433,102.792,103.922,106.468,125.000,101.833,124.000,145.861,other,0,-1,11,3
612,163,163.766,166.143,164.718,102.957,104.146,106.322,158.000,103.250,140.000,168.111,other,0,-1,12,3
613,200,170.435,173.376,171.562,102.963,104.204,106.143,163.000,104.208,157.000,177.472,other,0,-1,13,3
614,179,180.236,187.930,188.077,103.258,104.562,106.024,200.000,106.000,159.000,176.694,other,0,-1,14,3
615,159,168.229,173.599,173.620,103.220,104.576,105.836,179.000,106.833,180.000,173.972,other,0,-1,15,3
616,191,154.671,157.135,155.401,102.588,103.974,105.524,159.000,105.958,166.000,162.111,other,0,-1,16,3
617,132,143.249,160.026,159.250,102.623,104.063,105.351,191.000,107.000,170.000,150.028,other,0,-1,17,3
618,105,122.112,123.395,121.247,101.744,103.207,104.987,132.000,105.417,114.000,132.389,other,0,-1,18,3
619,119,105.734,102.367,100.420,101.286,102.785,104.711,105.000,105.042,75.000,108.528,other,0,-1,19,3
620,98,85.198,93.721,95.773,101.596,103.158,104.596,119.000,106.875,91.000,100.083,other,0,-1,20,3
621,83,71.115,77.117,80.743,101.370,102.977,104.368,98.000,107.167,68.000,85.306,other,0,-1,21,3
622,51,59.723,65.364,69.906,101.259,102.915,104.165,83.000,107.792,80.000,74.778,other,0,-1,22,3
623,63,53.172,51.652,57.356,100.512,102.194,103.829,51.000,106.583,62.000,70.444,other,0,-1,23,3
624,50,47.287,52.327,55.952,100.198,101.923,103.583,63.000,106.625,64.000,60.917,other,0,-1,0,4
625,61,44.808,51.213,49.738,99.710,101.423,103.180,50.000,106.042,77.000,56.972,other,0,-1,1,4
626,62,48.790,56.750,50.783,99.193,100.894,102.770,61.000,105.375,71.000,51.583,other,0,-1,2,4
627,45,51.915,58.508,51.398,98.777,100.470,102.382,62.000,105.000,46.000,54.556,other,0,-1,3,4
628,59,49.695,52.890,49.961,98.478,100.166,102.018,45.000,104.958,57.000,57.139,other,0,-1,4,4
629,61,55.853,59.019,56.492,98.221,99.906,101.663,59.000,105.042,81.000,54.694,other,0,-1,5,4
630,50,60.132,61.770,62.670,97.646,99.317,101.241,61.000,104.208,62.000,65.167,other,0,-1,6,4
631,63,67.595,64.243,67.424,97.187,98.848,100.843,50.000,103.708,71.000,74.667,other,0,-1,7,4
632,76,81.212,77.848,81.174,96.786,98.438,100.458,63.000,103.375,100.000,86.667,other,0,-1,8,4
633,98,98.398,97.176,97.781,96.153,97.789,100.024,76.000,102.375,104.000,109.861,other,0,-1,9,4
634,122,117.210,122.560,119.910,95.781,97.410,99.645,98.000,102.125,125.000,125.222,other,0,-1,10,4
635,168,136.302,146.757,143.024,95.452,97.076,99.275,122.000,102.000,158.000,147.361,other,0,-1,11,4
636,145,159.066,174.576,174.361,95.311,96.936,98.944,168.000,102.417,163.000,161.111,other,0,-1,12,4
637,162,162.923,165.155,167.270,94.765,96.377,98.528,145.000,101.667,200.000,174.694,other,0,-1,13,4
638,126,168.879,168.428,174.094,93.930,95.518,98.052,162.000,100.083,179.000,178.167,other,0,-1,14,4
639,185,159.107,148.897,150.424,92.876,94.434,97.531,126.000,97.875,159.000,172.583,other,0,-1,15,4
640,170,155.761,162.108,168.617,92.968,94.534,97.248,185.000,98.958,191.000,165.472,other,0,-1,16,4
641,149,132.848,142.687,147.852,92.378,93.930,96.824,170.000,98.083,132.000,138.861,other,0,-1,17,4
642,112,109.562,120.768,124.295,92.339,93.896,96.514,149.000,98.792,105.000,121.333,other,0,-1,18,4
643,96,90.773,95.848,97.254,92.155,93.711,96.174,112.000,99.083,119.000,101.944,other,0,-1,19,4
644,104,74.018,78.762,82.111,91.537,93.077,95.743,96.000,98.125,98.000,84.222,other,0,-1,20,4
645,73,57.215,71.286,76.373,91.338,92.877,95.400,104.000,98.375,83.000,70.889,other,0,-1,21,4
646,51,47.789,55.057,62.280,90.908,92.438,95.009,73.000,97.958,51.000,63.889,other,0,-1,22,4
647,58,40.713,44.939,53.067,90.623,92.149,94.648,51.000,97.958,63.000,57.111,other,0,-1,23,4
648,44,35.996,45.207,50.977,90.265,91.784,94.272,58.000,97.750,50.000,38.722,other,0,-1,0,5
649,45,34.995,43.070,32.378,90.150,91.620,94.052,44.000,97.500,61.000,42.139,other,0,-1,1,5
650,40,37.548,45.339,33.097,89.890,91.306,93.802,45.000,96.833,62.000,43.389,other,0,-1,2,5
651,43,38.882,44.947,33.805,89.543,90.902,93.534,40.000,95.917,45.000,43.528,other,0,-1,3,5
652,41,42.414,47.275,37.404,89.486,90.797,93.326,43.000,95.833,59.000,42.111,other,0,-1,4,5
653,37,44.346,47.685,41.406,89.197,90.453,93.070,41.000,95.083,61.000,43.028,other,0,-1,5,5
654,40,47.476,48.851,46.274,88.822,90.019,92.795,37.000,94.083,50.000,55.167,other,0,-1,6,5
655,64,55.424,55.209,54.477,88.649,89.794,92.563,40.000,93.667,63.000,63.917,other,0,-1,7,5
656,80,68.349,71.485,72.006,88.635,89.735,92.365,64.000,93.708,76.000,81.722,other,0,-1,8,5
657,88,84.390,89.641,89.446,88.665,89.721,92.175,80.000,93.875,98.000,98.167,other,0,-1,9,5
658,112,102.816,106.690,104.058,88.492,89.496,91.943,88.000,93.458,122.000,102.556,other,0,-1,10,5
659,117,122.281,129.358,127.004,88.319,89.272,91.711,112.000,93.042,168.000,122.722,other,0,-1,11,5
660,180,137.078,139.036,137.381,87.552,88.433,91.355,117.000,90.917,145.000,141.028,other,0,-1,12,5
661,168,163.315,176.503,181.837,88.031,88.883,91.260,180.000,92.375,162.000,161.333,other,0,-1,13,5
662,182,160.605,165.119,172.969,88.090,88.899,91.076,168.000,92.625,126.000,179.778,other,0,-1,14,5
663,152,159.593,166.167,176.414,88.873,89.664,91.044,182.000,94.958,185.000,180.472,other,0,-1,15,5
664,169,140.267,142.417,146.734,88.367,89.095,90.742,152.000,93.583,170.000,165.833,other,0,-1,16,5
665,144,123.447,136.073,141.043,88.324,89.005,90.538,169.000,93.542,149.000,148.556,other,0,-1,17,5
666,104,100.762,111.849,111.054,88.224,88.856,90.321,144.000,93.333,112.000,114.861,other,0,-1,18,5
667,83,83.210,86.886,80.504,88.080,88.661,90.095,104.000,93.000,96.000,90.528,other,0,-1,19,5
668,79,67.555,68.909,64.026,87.863,88.392,89.854,83.000,92.458,104.000,74.972,other,0,-1,20,5
669,53,52.443,56.834,56.207,87.473,87.943,89.577,79.000,91.417,73.000,60.444,other,0,-1,21,5
670,60,43.016,44.611,46.417,87.155,87.569,89.315,53.000,90.583,51.000,52.389,other,0,-1,22,5
671,29,35.634,43.147,44.595,87.257,87.629,89.140,60.000,90.958,58.000,44.139,other,0,-1,23,5
672,31,31.275,34.330,37.414,86.809,87.120,88.851,29.000,89.750,44.000,32.472,other,0,-1,0,6
673,31,31.438,35.253,30.776,86.871,87.122,88.921,31.000,89.208,45.000,34.500,other,0,-1,1,6
674,27,33.749,37.794,32.214,86.919,87.108,88.988,31.000,88.625,40.000,33.361,other,0,-1,2,6
675,30,35.338,38.396,33.827,86.981,87.110,89.059,27.000,88.083,43.000,35.222,other,0,-1,3,6
676,20,38.788,41.189,37.968,87.043,87.112,89.129,30.000,87.542,41.000,34.028,other,0,-1,4,6
677,28,38.704,39.407,40.222,86.989,86.994,89.175,20.000,86.667,37.000,36.611,other,0,-1,5,6
678,25,44.384,45.249,47.917,87.108,87.055,89.257,28.000,86.292,40.000,38.694,other,0,-1,6,6
679,66,51.593,50.442,53.590,87.141,87.027,89.322,25.000,85.667,64.000,47.194,other,0,-1,7,6
680,41,66.835,73.159,75.783,87.421,87.254,89.437,66.000,85.750,80.000,59.167,other,0,-1,8,6
681,78,81.260,75.585,73.433,87.106,86.866,89.429,41.000,84.125,88.000,78.778,other,0,-1,9,6
682,98,99.732,99.404,97.074,87.211,86.912,89.508,78.000,83.708,112.000,101.278,other,0,-1,10,6
683,113,119.085,117.257,114.162,87.259,86.899,89.576,98.000,83.125,117.000,121.778,other,0,-1,11,6
684,108,135.743,131.140,127.711,87.451,87.036,89.673,113.000,82.958,180.000,140.833,other,0,-1,12,6
685,140,143.850,134.595,126.835,86.659,86.153,89.565,108.000,79.958,168.000,148.472,other,0,-1,13,6
686,151,151.470,149.686,146.784,86.503,85.930,89.590,140.000,78.792,182.000,156.639,other,0,-1,14,6
687,173,148.632,150.909,150.030,86.304,85.661,89.606,151.000,77.500,152.000,153.306,other,0,-1,15,6
688,121,141.288,150.977,156.500,86.859,86.173,89.779,173.000,78.375,169.000,133.083,other,0,-1,16,6
689,134,119.583,121.877,112.871,86.414,85.650,89.744,121.000,76.375,144.000,123.667,other,0,-1,17,6
690,108,101.489,108.856,105.360,86.519,85.697,89.823,134.000,75.958,104.000,102.583,other,0,-1,18,6
691,81,84.108,87.762,79.842,86.827,85.953,89.945,108.000,76.125,83.000,79.889,other,0,-1,19,6
692,46,69.522,69.774,60.786,87.049,86.120,90.048,81.000,76.042,79.000,59.111,other,0,-1,20,6
693,59,58.793,54.836,46.730,86.821,85.822,90.058,46.000,74.667,53.000,47.306,other,0,-1,21,6
694,45,46.413,49.001,45.764,87.158,86.108,90.186,59.000,74.917,60.000,35.306,other,0,-1,22,6
695,24,40.361,43.673,41.413,87.191,86.080,90.250,45.000,74.292,29.000,32.556,other,0,-1,23,6
696,67,36.504,38.546,37.211,87.369,86.201,90.345,24.000,74.083,31.000,61.343,other,0,-1,0,0
697,66,48.511,55.446,49.676,88.231,87.061,90.792,67.000,75.583,31.000,59.743,other,0,-1,1,0
698,53,53.269,60.321,51.007,89.078,87.905,91.236,66.000,77.042,27.000,61.829,other,0,-1,2,0
699,60,50.696,56.986,50.888,89.795,88.614,91.653,53.000,78.125,30.000,63.543,other,0,-1,3,0
700,59,56.554,62.753,56.916,90.570,89.383,92.083,60.000,79.375,20.000,60.000,other,0,-1,4,0
701,62,56.707,63.968,62.479,91.475,90.288,92.539,59.000,81.000,28.000,77.171,other,0,-1,5,0
702,84,58.650,68.260,70.449,92.307,91.117,92.980,62.000,82.417,25.000,77.686,other,0,-1,6,0
703,74,71.296,84.990,86.417,93.502,92.321,93.497,84.000,84.875,66.000,91.543,other,0,-1,7,0
704,88,73.957,89.562,91.461,93.958,92.760,93.860,74.000,85.208,41.000,101.114,other,0,-1,8,0
705,105,91.166,108.982,106.041,94.979,93.785,94.340,88.000,87.167,78.000,122.829,other,0,-1,9,0
706,146,112.158,129.126,122.199,95.711,94.509,94.760,105.000,88.292,98.000,137.200,other,0,-1,10,0
707,165,142.676,157.687,151.511,96.746,95.548,95.244,146.000,90.292,113.000,150.314,other,0,-1,11,0
708,164,162.941,171.872,168.119,97.840,96.647,95.740,165.000,92.458,108.000,163.229,other,0,-1,12,0
709,215,168.599,171.436,169.687,98.991,97.806,96.248,164.000,94.792,140.000,172.800,other,0,-1,13,0
710,168,197.046,199.374,202.523,100.418,99.250,96.813,215.000,97.917,151.000,172.257,other,0,-1,14,0
711,196,166.700,164.635,166.655,101.004,99.824,97.203,168.000,98.625,173.000,183.343,other,0,-1,15,0
712,158,163.233,166.791,176.726,101.678,100.489,97.611,196.000,99.583,121.000,162.143,other,0,-1,16,0
713,124,138.069,136.417,142.225,102.554,101.363,98.061,158.000,101.125,134.000,148.800,other,0,-1,17,0
714,125,119.289,112.508,113.364,102.749,101.533,98.369,124.000,100.708,108.000,128.829,other,0,-1,18,0
715,113,100.182,95.809,102.462,103.336,102.107,98.759,125.000,101.417,81.000,110.171,other,0,-1,19,0
716,98,83.690,80.029,87.622,104.139,102.906,99.194,113.000,102.750,46.000,85.143,other,0,-1,20,0
717,89,70.896,68.579,75.223,105.233,104.005,99.690,98.000,104.917,59.000,75.143,other,0,-1,21,0
718,77,62.863,63.027,67.638,106.008,104.775,100.119,89.000,106.167,45.000,65.229,other,0,-1,22,0
719,61,58.697,60.008,61.791,106.811,105.574,100.554,77.000,107.500,24.000,63.543,other,0,-1,23,0
720,49,56.030,56.842,57.006,107.688,106.448,101.005,61.000,109.042,67.000,61.694,other,0,-1,0,1
721,59,53.172,53.458,54.157,107.601,106.380,101.262,49.000,108.292,66.000,62.000,other,0,-1,1,1
722,56,58.514,59.586,55.683,107.673,106.477,101.554,59.000,108.000,53.000,62.222,other,0,-1,2,1
723,55,60.366,60.514,56.504,107.891,106.724,101.875,56.000,108.125,60.000,61.389,other,0,-1,3,1
724,36,61.974,61.711,59.370,107.992,106.851,102.172,55.000,107.917,59.000,63.583,other,0,-1,4,1
725,64,58.947,57.337,59.932,107.833,106.708,102.415,36.000,106.958,62.000,65.139,other,0,-1,5,1
726,63,68.452,69.880,72.789,108.036,106.940,102.733,64.000,107.042,84.000,66.417,other,0,-1,6,1
727,74,74.431,76.170,80.593,107.906,106.827,102.982,63.000,106.167,74.000,77.639,other,0,-1,7,1
728,90,87.818,90.909,93.474,108.080,107.029,103.294,74.000,106.167,88.000,91.833,other,0,-1,8,1
729,120,106.090,111.024,109.754,108.282,107.261,103.613,90.000,106.250,105.000,109.944,other,0,-1,9,1
730,146,128.982,134.764,133.422,108.674,107.687,103.971,120.000,106.875,146.000,131.361,other,0,-1,10,1
731,140,152.137,155.463,156.161,108.848,107.889,104.283,146.000,106.875,165.000,148.500,other,0,-1,11,1
732,190,162.550,163.354,160.130,108.659,107.716,104.520,140.000,105.833,164.000,174.389,other,0,-1,12,1
733,169,186.206,185.031,191.376,109.210,108.308,104.911,190.000,106.917,215.000,191.778,other,0,-1,13,1
734,138,176.955,175.815,177.750,108.718,107.820,105.084,169.000,105.000,168.000,190.222,other,0,-1,14,1
735,146,167.164,161.308,154.451,108.457,107.573,105.305,138.000,103.750,196.000,183.056,other,0,-1,15,1
736,128,158.887,154.656,149.147,107.907,107.025,105.466,146.000,101.667,158.000,168.806,other,0,-1,16,1
737,134,145.694,138.143,129.069,107.646,106.777,105.688,128.000,100.417,124.000,158.750,other,0,-1,17,1
738,124,128.650,123.878,120.867,107.965,107.129,106.031,134.000,100.833,125.000,131.639,other,0,-1,18,1
739,104,110.622,106.024,107.293,108.124,107.316,106.340,124.000,100.792,113.000,103.944,other,0,-1,19,1
740,80,94.556,88.862,92.639,108.168,107.383,106.625,104.000,100.417,98.000,92.389,other,0,-1,20,1
741,67,81.599,74.879,78.549,108.081,107.315,106.883,80.000,99.667,89.000,77.389,other,0,-1,21,1
742,62,70.618,66.047,68.082,107.936,107.187,107.129,67.000,98.750,77.000,64.944,other,0,-1,22,1
743,65,63.313,62.234,60.358,107.893,107.164,107.396,62.000,98.125,61.000,62.889,other,0,-1,23,1
744,64,61.519,63.645,56.236,108.125,107.426,107.720,65.000,98.292,49.000,59.639,other,0,-1,0,2
745,82,60.235,64.193,59.321,108.219,107.583,107.817,64.000,98.917,59.000,64.167,other,0,-1,1,2
746,53,68.419,72.857,61.743,108.429,107.860,107.937,82.000,99.875,56.000,56.194,other,0,-1,2,2
747,62,61.812,62.829,56.108,108.262,107.747,107.979,53.000,99.750,55.000,60.528,other,0,-1,3,2
748,64,66.449,66.760,59.675,108.240,107.784,108.051,62.000,100.042,36.000,62.444,other,0,-1,4,2
749,59,69.391,68.317,63.719,108.522,108.136,108.187,64.000,101.208,64.000,62.833,other,0,-1,5,2
750,82,72.700,69.170,67.881,108.326,107.994,108.223,59.000,101.000,63.000,70.472,other,0,-1,6,2
751,65,84.072,79.929,81.226,108.478,108.211,108.332,82.000,101.792,74.000,78.639,other,0,-1,7,2
752,109,96.171,87.083,85.537,108.225,108.008,108.356,65.000,101.417,90.000,89.639,other,0,-1,8,2
753,111,114.731,107.047,111.055,108.377,108.225,108.464,109.000,102.208,120.000,104.833,other,0,-1,9,2
754,118,132.471,125.977,123.894,108.123,108.022,108.488,111.000,101.833,146.000,127.694,other,0,-1,10,2
755,149,149.031,145.705,137.898,107.594,107.535,108.454,118.000,100.667,140.000,145.361,other,0,-1,11,2
756,142,163.569,161.962,160.322,107.601,107.602,108.533,149.000,101.042,190.000,159.222,other,0,-1,12,2
757,147,167.417,167.870,161.186,106.783,106.814,108.438,142.000,99.042,169.000,182.222,other,0,-1,13,2
758,198,167.257,169.370,162.399,106.341,106.417,108.423,147.000,98.125,138.000,185.000,other,0,-1,14,2
759,137,173.048,183.052,182.079,107.086,107.248,108.656,198.000,100.625,146.000,172.750,other,0,-1,15,2
760,185,155.057,154.662,142.170,106.833,107.046,108.679,137.000,100.250,128.000,158.694,other,0,-1,16,2
761,120,146.906,159.208,153.615,107.535,107.832,108.903,185.000,102.625,134.000,148.139,other,0,-1,17,2
762,128,129.624,125.032,112.552,107.209,107.555,108.912,120.000,102.042,124.000,124.722,other,0,-1,18,2
763,95,110.947,111.575,106.072,107.144,107.547,108.975,128.000,102.208,104.000,108.833,other,0,-1,19,2
764,119,96.331,90.817,85.529,106.890,107.344,108.999,95.000,101.833,80.000,89.361,other,0,-1,20,2
765,72,78.455,87.086,85.743,107.332,107.861,109.168,119.000,103.458,67.000,75.500,other,0,-1,21,2
766,57,69.459,67.218,64.060,107.281,107.868,109.234,72.000,103.667,62.000,67.139,other,0,-1,22,2
767,56,61.529,59.626,54.418,107.085,107.726,109.270,57.000,103.458,65.000,62.722,other,0,-1,23,2
768,57,56.712,57.806,49.531,106.832,107.523,109.294,56.000,103.083,64.000,61.389,other,0,-1,0,3
769,36,55.343,60.386,59.143,106.402,107.131,109.024,57.000,102.792,82.000,64.194,other,0,-1,1,3
770,61,53.837,54.800,53.807,105.408,106.155,108.636,36.000,100.875,53.000,65.056,other,0,-1,2,3
771,43,59.734,63.851,58.522,105.197,105.989,108.412,61.000,101.208,62.000,61.583,other,0,-1,3,3
772,80,58.550,58.613,56.511,104.594,105.418,108.105,43.000,100.417,64.000,61.250,other,0,-1,4,3
773,66,70.684,72.287,67.835,104.498,105.371,107.905,80.000,101.083,59.000,63.500,other,0,-1,5,3
774,61,70.774,68.729,69.918,104.271,105.190,107.678,66.000,101.375,82.000,67.778,other,0,-1,6,3
775,70,79.374,72.557,75.822,103.640,104.588,107.366,61.000,100.500,65.000,79.889,other,0,-1,7,3
776,88,93.712,84.246,87.610,103.384,104.377,107.132,70.000,100.708,109.000,92.417,other,0,-1,8,3
777,89,111.060,102.464,104.551,102.752,103.776,106.820,88.000,99.833,111.000,115.000,other,0,-1,9,3
778,125,129.863,124.863,117.262,102.106,103.159,106.505,89.000,98.917,118.000,126.583,other,0,-1,10,3
779,162,147.120,147.183,142.462,101.880,102.978,106.277,125.000,99.208,149.000,145.861,other,0,-1,11,3
780,178,164.339,167.249,166.540,101.740,102.886,106.068,162.000,99.750,142.000,168.111,other,0,-1,12,3
781,170,173.641,178.605,178.267,101.934,103.140,105.928,178.000,101.250,147.000,177.472,other,0,-1,13,3
782,180,171.505,175.251,174.571,101.940,103.198,105.749,170.000,102.208,198.000,176.694,other,0,-1,14,3
783,157,167.857,173.878,173.678,101.351,102.642,105.446,180.000,101.458,137.000,173.972,other,0,-1,15,3
784,156,154.305,156.389,154.510,101.313,102.655,105.258,157.000,102.292,185.000,162.111,other,0,-1,16,3
785,135,139.301,144.380,142.773,100.566,101.934,104.921,156.000,101.083,120.000,150.028,other,0,-1,17,3
786,120,121.687,124.186,122.317,100.455,101.872,104.718,135.000,101.708,128.000,132.389,other,0,-1,18,3
787,78,103.791,105.955,105.750,100.012,101.466,104.445,120.000,101.375,95.000,108.528,other,0,-1,19,3
788,75,91.103,83.394,82.717,99.438,100.925,104.145,78.000,100.667,119.000,100.083,other,0,-1,20,3
789,72,74.411,70.785,74.532,98.473,99.979,103.763,75.000,98.833,72.000,85.306,other,0,-1,21,3
790,52,60.794,61.881,67.508,98.145,99.692,103.515,72.000,98.833,57.000,74.778,other,0,-1,22,3
791,68,53.009,51.776,57.992,97.745,99.331,103.251,52.000,98.625,56.000,70.444,other,0,-1,23,3
792,49,47.336,53.772,57.472,97.591,99.224,103.039,68.000,99.125,57.000,60.917,other,0,-1,0,4
793,62,44.510,50.700,49.997,97.190,98.815,102.653,49.000,98.792,36.000,56.972,other,0,-1,1,4
794,57,48.824,56.980,51.457,97.281,98.915,102.371,62.000,99.875,61.000,51.583,other,0,-1,2,4
795,69,50.066,56.275,50.862,96.938,98.566,101.998,57.000,99.708,43.000,54.556,other,0,-1,3,4
796,62,56.787,62.213,55.300,97.029,98.666,101.715,69.000,100.792,80.000,57.139,other,0,-1,4,4
797,56,56.421,60.022,57.475,96.483,98.107,101.300,62.000,100.042,66.000,54.694,other,0,-1,5,4
798,70,59.034,60.046,61.595,96.053,97.668,100.908,56.000,99.625,61.000,65.167,other,0,-1,6,4
799,68,68.315,69.436,73.289,95.898,97.513,100.574,70.000,100.000,70.000,74.667,other,0,-1,7,4
800,100,80.754,78.859,82.744,95.584,97.194,100.207,68.000,99.917,88.000,86.667,other,0,-1,8,4
801,99,97.903,103.002,106.842,95.472,97.085,99.882,100.000,100.417,89.000,109.861,other,0,-1,9,4
802,113,116.894,122.627,119.564,95.332,96.945,99.551,99.000,100.833,125.000,125.222,other,0,-1,10,4
803,123,135.368,143.861,137.757,94.872,96.476,99.154,113.000,100.333,162.000,147.361,other,0,-1,11,4
804,155,150.349,155.682,151.321,94.022,95.602,98.675,123.000,98.708,178.000,161.111,other,0,-1,12,4
805,168,164.100,168.646,170.582,93.404,94.968,98.244,155.000,97.750,170.000,174.694,other,0,-1,13,4
806,172,169.779,170.817,175.928,93.089,94.648,97.877,168.000,97.667,180.000,178.167,other,0,-1,14,4
807,175,165.865,165.715,171.872,92.688,94.239,97.492,172.000,97.333,157.000,172.583,other,0,-1,15,4
808,153,153.455,157.290,163.407,92.664,94.219,97.185,175.000,98.083,156.000,165.472,other,0,-1,16,4
809,129,131.303,136.161,139.896,92.335,93.885,96.815,153.000,97.958,135.000,138.861,other,0,-1,17,4
810,111,109.866,114.744,115.931,91.963,93.506,96.435,129.000,97.708,120.000,121.333,other,0,-1,18,4
811,113,90.810,95.566,96.973,91.547,93.081,96.047,111.000,97.333,78.000,101.944,other,0,-1,19,4
812,81,71.680,83.141,87.410,91.769,93.317,95.792,113.000,98.792,75.000,84.222,other,0,-1,20,4
813,74,59.095,64.175,70.286,91.570,93.117,95.449,81.000,99.042,72.000,70.889,other,0,-1,21,4
814,58,47.130,54.913,62.635,91.314,92.858,95.094,74.000,99.125,52.000,63.889,other,0,-1,22,4
815,64,39.677,46.251,54.680,91.115,92.659,94.751,58.000,99.375,68.000,57.111,other,0,-1,23,4
816,38,36.141,46.756,52.433,90.772,92.309,94.378,64.000,99.208,49.000,38.722,other,0,-1,0,5
817,36,33.425,40.333,32.096,90.585,92.070,94.143,38.000,98.750,62.000,42.139,other,0,-1,1,5
818,32,34.888,41.313,32.180,90.180,91.606,93.862,36.000,97.667,57.000,43.389,other,0,-1,2,5
819,39,36.393,41.358,32.914,89.790,91.156,93.585,32.000,96.625,69.000,43.528,other,0,-1,3,5
820,58,40.948,45.159,37.018,89.327,90.632,93.293,39.000,95.375,62.000,42.111,other,0,-1,4,5
821,54,50.393,54.227,46.062,89.241,90.498,93.079,58.000,95.208,56.000,43.028,other,0,-1,5,5
822,47,51.214,54.481,51.393,89.184,90.394,92.871,54.000,95.125,70.000,55.167,other,0,-1,6,5
823,63,55.687,56.950,56.920,88.823,89.974,92.600,47.000,94.167,68.000,63.917,other,0,-1,7,5
824,75,68.108,71.002,71.709,88.722,89.825,92.383,63.000,93.958,100.000,81.722,other,0,-1,8,5
825,84,83.980,87.605,87.087,88.332,89.376,92.106,75.000,92.917,99.000,98.167,other,0,-1,9,5
826,103,102.574,104.978,101.883,88.086,89.076,91.859,84.000,92.292,113.000,102.556,other,0,-1,10,5
827,131,121.432,125.037,121.647,87.913,88.852,91.627,103.000,91.875,123.000,122.722,other,0,-1,11,5
828,138,139.764,145.952,145.734,88.001,88.898,91.449,131.000,92.208,155.000,141.028,other,0,-1,12,5
829,147,150.680,151.749,153.994,87.727,88.568,91.196,138.000,91.500,168.000,161.333,other,0,-1,13,5
830,164,155.579,154.566,159.112,87.394,88.179,90.931,147.000,90.625,172.000,179.778,other,0,-1,14,5
831,135,154.175,157.025,164.117,87.250,87.985,90.705,164.000,90.292,175.000,180.472,other,0,-1,15,5
832,124,137.786,137.274,136.548,86.643,87.311,90.382,135.000,88.625,153.000,165.833,other,0,-1,16,5
833,146,120.174,122.595,117.177,86.195,86.802,90.093,124.000,87.417,129.000,148.556,other,0,-1,17,5
834,87,99.962,113.652,111.853,86.413,86.982,89.943,146.000,88.125,111.000,114.861,other,0,-1,18,5
835,92,84.793,85.801,74.942,86.037,86.548,89.668,87.000,87.125,113.000,90.528,other,0,-1,19,5
836,60,66.009,71.764,66.640,85.705,86.159,89.403,92.000,86.250,81.000,74.972,other,0,-1,20,5
837,37,54.554,55.183,52.187,85.372,85.769,89.138,60.000,85.375,74.000,60.444,other,0,-1,21,5
838,49,44.735,43.408,43.599,84.808,85.140,88.824,37.000,83.833,58.000,52.389,other,0,-1,22,5
839,42,35.109,41.260,42.720,84.650,84.931,88.596,49.000,83.458,64.000,44.139,other,0,-1,23,5
840,37,31.481,38.788,39.410,84.303,84.527,88.327,42.000,82.542,38.000,32.472,other,0,-1,0,6
841,30,32.306,38.544,32.099,84.539,84.708,88.434,37.000,82.500,36.000,34.500,other,0,-1,1,6
842,24,33.083,38.655,32.377,84.702,84.815,88.525,30.000,82.250,32.000,33.361,other,0,-1,2,6
843,38,34.086,38.435,33.596,84.837,84.892,88.611,24.000,81.917,39.000,35.222,other,0,-1,3,6
844,40,41.287,45.668,40.324,85.072,85.073,88.717,38.000,81.875,58.000,34.028,other,0,-1,4,6
845,40,44.131,48.000,45.779,85.062,85.000,88.773,40.000,81.125,54.000,36.611,other,0,-1,5,6
846,23,46.714,50.547,51.829,85.109,84.987,88.840,40.000,80.542,47.000,38.694,other,0,-1,6,6
847,51,51.071,50.868,53.251,85.012,84.823,88.877,23.000,79.542,63.000,47.194,other,0,-1,7,6
848,60,64.207,68.260,70.032,85.088,84.840,88.950,51.000,79.042,75.000,59.167,other,0,-1,8,6
849,72,80.144,82.430,81.280,85.121,84.812,89.015,60.000,78.417,84.000,78.778,other,0,-1,9,6
850,104,98.883,97.669,93.868,85.198,84.828,89.088,72.000,77.917,103.000,101.278,other,0,-1,10,6
851,137,119.053,120.991,117.083,85.463,85.040,89.201,104.000,77.958,131.000,121.778,other,0,-1,11,6
852,135,139.692,144.855,142.268,85.800,85.327,89.328,137.000,78.208,138.000,140.833,other,0,-1,12,6
853,154,148.203,146.691,143.275,86.007,85.478,89.429,135.000,78.083,147.000,148.472,other,0,-1,13,6
854,154,155.069,156.149,155.627,86.358,85.780,89.560,154.000,78.375,164.000,156.639,other,0,-1,14,6
855,140,150.277,151.995,151.611,86.464,85.826,89.639,154.000,77.958,135.000,153.306,other,0,-1,15,6
856,147,137.507,138.598,134.883,86.786,86.098,89.764,140.000,78.167,124.000,133.083,other,0,-1,16,6
857,122,121.570,127.828,127.483,87.370,86.639,89.943,147.000,79.125,146.000,123.667,other,0,-1,17,6
858,89,103.409,106.208,100.149,87.273,86.476,89.980,122.000,78.125,87.000,102.583,other,0,-1,18,6
859,75,87.947,85.360,73.952,87.552,86.703,90.096,89.000,78.208,92.000,79.889,other,0,-1,19,6
860,72,72.143,69.005,60.104,87.556,86.644,90.154,75.000,77.500,60.000,59.111,other,0,-1,20,6
861,47,57.436,57.418,53.023,87.980,87.021,90.300,72.000,78.000,37.000,47.306,other,0,-1,21,6
862,44,48.301,47.085,44.765,88.375,87.367,90.440,47.000,78.417,49.000,35.306,other,0,-1,22,6
863,29,41.384,43.542,42.489,88.553,87.489,90.535,44.000,78.208,42.000,32.556,other,0,-1,23,6
864,43,37.768,39.825,39.190,88.615,87.491,90.605,29.000,77.667,37.000,61.343,other,0,-1,0,0
865,52,40.767,45.131,45.555,89.042,87.900,90.961,43.000,77.917,30.000,59.743,other,0,-1,1,0
866,48,47.127,52.981,48.544,89.701,88.549,91.366,52.000,78.833,24.000,61.829,other,0,-1,2,0
867,59,48.846,54.215,50.301,90.389,89.229,91.777,48.000,79.833,38.000,63.543,other,0,-1,3,0
868,52,56.345,61.867,57.047,91.033,89.863,92.179,59.000,80.708,40.000,60.000,other,0,-1,4,0
869,73,53.769,60.137,60.763,91.547,90.363,92.554,52.000,81.208,40.000,77.171,other,0,-1,5,0
870,59,64.279,73.642,74.014,92.365,91.177,92.992,73.000,82.583,23.000,77.686,other,0,-1,6,0
871,84,61.667,72.562,77.439,93.227,92.036,93.440,59.000,84.083,51.000,91.543,other,0,-1,7,0
872,74,77.216,93.606,95.321,94.045,92.850,93.878,84.000,85.458,60.000,101.114,other,0,-1,8,0
873,106,89.484,103.158,99.825,94.588,93.380,94.259,74.000,86.042,72.000,122.829,other,0,-1,9,0
874,154,112.653,129.012,122.523,95.421,94.209,94.700,106.000,87.458,104.000,137.200,other,0,-1,10,0
875,166,146.691,161.879,156.100,96.485,95.278,95.190,154.000,89.542,137.000,150.314,other,0,-1,11,0
876,184,163.142,172.101,168.665,97.246,96.032,95.616,166.000,90.750,135.000,163.229,other,0,-1,12,0
877,341,178.026,182.571,182.546,98.296,97.086,96.102,184.000,92.792,154.000,172.800,inside,1,0,13,0
878,351,335.826,319.662,289.337,101.345,100.209,97.006,341.000,100.583,154.000,172.257,inside,1,1,14,0
879,401,332.905,318.241,292.243,104.539,103.482,97.941,351.000,108.792,140.000,183.343,inside,1,2,15,0
880,386,351.459,344.994,316.440,108.660,107.714,99.069,401.000,119.667,147.000,162.143,inside,1,3,16,0
881,276,330.640,304.461,294.507,112.462,111.617,100.130,386.000,129.625,122.000,148.800,inside,1,4,17,0
882,289,208.160,167.024,196.331,115.033,114.245,100.934,276.000,136.042,89.000,128.829,inside,1,5,18,0
883,97,218.698,152.398,178.279,118.271,117.563,101.878,289.000,144.375,75.000,110.171,after,1,6,19,0
884,79,82.241,66.803,72.484,118.930,118.212,102.283,97.000,145.292,72.000,85.143,after,1,7,20,0
885,79,69.043,54.831,59.351,119.371,118.636,102.642,79.000,145.583,47.000,75.143,after,1,8,21,0
886,59,61.204,50.133,53.209,120.175,119.436,103.078,79.000,146.917,44.000,65.229,after,1,9,22,0
887,74,55.273,45.043,45.705,120.733,119.980,103.461,59.000,147.542,29.000,63.543,after,1,10,23,0
888,72,60.602,50.992,46.282,121.725,120.974,103.936,74.000,149.417,43.000,61.694,after,1,11,0,1
889,57,60.949,52.944,46.085,122.319,121.611,104.336,72.000,150.625,52.000,62.000,after,1,12,1,1
890,55,59.196,50.683,43.688,122.565,121.888,104.664,57.000,150.833,48.000,62.222,after,1,13,2,1
891,73,61.523,52.421,45.158,122.840,122.195,104.997,55.000,151.125,59.000,61.389,after,1,14,3,1
892,63,71.686,61.448,52.095,123.217,122.606,105.352,73.000,151.708,52.000,63.583,after,1,15,4,1
893,69,68.647,59.910,56.147,123.550,122.973,105.697,63.000,152.167,73.000,65.139,after,1,16,5,1
894,70,73.374,65.777,65.569,123.666,123.115,105.998,69.000,152.000,59.000,66.417,after,1,17,6,1
895,79,80.250,73.106,76.058,124.000,123.482,106.343,70.000,152.458,84.000,77.639,after,1,18,7,1
896,105,94.243,87.735,90.708,124.101,123.609,106.640,79.000,152.250,74.000,91.833,after,1,19,8,1
897,134,115.980,111.037,113.600,124.724,124.275,107.046,105.000,153.542,106.000,109.944,after,1,20,9,1
898,115,141.755,136.368,140.042,125.304,124.897,107.444,134.000,154.708,154.000,131.361,after,1,21,10,1
899,149,152.869,147.406,142.306,124.913,124.514,107.638,115.000,153.083,166.000,148.500,after,1,22,11,1
900,176,173.526,164.856,167.773,124.840,124.461,107.899,149.000,152.375,184.000,174.389,after,1,23,12,1
901,181,188.583,178.333,186.497,124.898,124.543,108.187,176.000,152.042,341.000,191.778,after,1,24,13,1
902,213,189.571,179.760,187.583,122.755,122.347,108.015,181.000,145.375,351.000,190.222,after,1,25,14,1
903,182,197.332,190.212,199.191,120.929,120.480,107.910,213.000,139.625,401.000,183.056,after,1,26,15,1
904,157,168.761,165.602,169.042,117.931,117.399,107.560,182.000,130.500,386.000,168.806,after,1,27,16,1
905,171,147.114,144.079,142.064,114.788,114.168,107.179,157.000,120.958,276.000,158.750,after,1,28,17,1
906,129,130.836,132.365,136.211,113.440,112.795,107.174,171.000,116.583,289.000,131.639,after,1,29,18,1
907,131,110.530,105.449,108.621,111.297,110.599,107.002,129.000,109.917,97.000,103.944,other,0,-1,19,1
908,87,93.321,92.072,100.377,111.963,111.310,107.418,131.000,111.333,79.000,92.389,other,0,-1,20,1
909,68,80.469,74.047,78.474,112.253,111.632,107.754,87.000,111.667,79.000,77.389,other,0,-1,21,1
910,60,70.140,64.376,66.211,112.267,111.669,108.033,68.000,111.208,59.000,64.944,other,0,-1,22,1
911,74,63.077,59.941,58.146,112.456,111.886,108.349,60.000,111.250,74.000,62.889,other,0,-1,23,1
912,65,63.693,64.876,56.338,112.630,112.088,108.661,74.000,111.250,72.000,59.639,other,0,-1,0,2
913,56,60.935,63.209,57.320,112.405,111.915,108.691,65.000,110.958,57.000,64.167,other,0,-1,1,2
914,61,60.896,61.536,54.444,112.267,111.833,108.739,56.000,110.917,55.000,56.194,other,0,-1,2,2
915,56,64.659,64.550,55.762,112.231,111.855,108.808,61.000,111.167,73.000,60.528,other,0,-1,3,2
916,56,65.561,63.768,56.741,111.861,111.532,108.808,56.000,110.458,63.000,62.444,other,0,-1,4,2
917,74,68.344,65.045,60.409,111.637,111.359,108.838,56.000,110.167,69.000,62.833,other,0,-1,5,2
918,64,76.693,72.849,70.160,111.586,111.366,108.904,74.000,110.375,70.000,70.472,other,0,-1,6,2
919,76,83.213,75.578,75.365,111.376,111.209,108.937,64.000,110.125,79.000,78.639,other,0,-1,7,2
920,105,97.537,88.025,88.318,111.209,111.096,108.979,76.000,110.000,105.000,89.639,other,0,-1,8,2
921,88,116.285,106.663,109.588,111.086,111.028,109.030,105.000,110.000,134.000,104.833,other,0,-1,9,2
922,139,133.984,126.675,115.580,110.296,110.271,108.942,88.000,108.083,115.000,127.694,other,0,-1,10,2
923,133,153.477,146.892,148.230,110.520,110.563,109.065,139.000,109.083,149.000,145.361,other,0,-1,11,2
924,162,163.349,160.635,154.534,110.165,110.255,109.068,133.000,108.417,176.000,159.222,other,0,-1,12,2
925,211,172.838,172.386,172.561,109.839,109.977,109.077,162.000,107.833,181.000,182.222,other,0,-1,13,2
926,166,187.759,191.934,196.502,110.150,110.359,109.219,211.000,109.083,213.000,185.000,other,0,-1,14,2
927,177,166.685,170.880,166.940,109.346,109.587,109.127,166.000,107.125,182.000,172.750,other,0,-1,15,2
928,171,159.481,166.681,162.062,109.151,109.444,109.163,177.000,106.917,157.000,158.694,other,0,-1,16,2
929,136,146.024,152.863,146.797,109.230,109.586,109.257,171.000,107.500,171.000,148.139,other,0,-1,17,2
930,141,129.409,127.706,119.077,108.600,108.994,109.202,136.000,106.042,129.000,124.722,other,0,-1,18,2
931,118,110.689,114.550,110.866,108.650,109.106,109.289,141.000,106.542,131.000,108.833,other,0,-1,19,2
932,68,94.206,94.846,93.129,108.339,108.843,109.301,118.000,106.000,87.000,89.361,other,0,-1,20,2
933,86,84.157,73.895,69.433,107.940,108.491,109.295,68.000,105.208,68.000,75.500,other,0,-1,21,2
934,69,68.863,69.656,67.577,108.078,108.693,109.400,86.000,105.958,60.000,67.139,other,0,-1,22,2
935,80,61.479,61.726,57.124,108.085,108.760,109.479,69.000,106.333,74.000,62.722,other,0,-1,23,2
936,59,59.662,64.808,54.668,108.048,108.782,109.548,80.000,106.583,65.000,61.389,other,0,-1,0,3
937,51,55.885,60.578,59.844,107.634,108.406,109.281,59.000,106.333,56.000,64.194,other,0,-1,1,3
938,69,55.769,58.951,56.951,107.234,108.044,109.017,51.000,106.125,61.000,65.056,other,0,-1,2,3
939,64,62.390,66.663,60.439,107.022,107.878,108.793,69.000,106.458,56.000,61.583,other,0,-1,3,3
940,44,63.335,65.390,61.059,106.810,107.711,108.568,64.000,106.792,56.000,61.250,other,0,-1,4,3
941,56,62.844,60.093,60.112,106.309,107.245,108.283,44.000,106.292,74.000,63.500,other,0,-1,5,3
942,74,69.954,65.925,67.660,105.720,106.689,107.980,56.000,105.542,64.000,67.778,other,0,-1,6,3
943,67,80.563,75.348,79.521,105.537,106.552,107.762,74.000,105.958,76.000,79.889,other,0,-1,7,3
944,103,94.428,84.017,86.940,105.079,106.131,107.486,67.000,105.583,105.000,92.417,other,0,-1,8,3
945,97,111.793,104.441,110.017,104.723,105.814,107.231,103.000,105.500,88.000,115.000,other,0,-1,9,3
946,121,130.283,125.277,120.537,104.525,105.663,107.010,97.000,105.875,139.000,126.583,other,0,-1,10,3
947,131,147.350,147.345,141.493,103.937,105.107,106.707,121.000,105.125,133.000,145.861,other,0,-1,11,3
948,174,159.999,161.512,154.601,103.580,104.790,106.452,131.000,105.042,162.000,168.111,other,0,-1,12,3
949,125,173.178,177.352,177.235,103.426,104.684,106.240,174.000,105.542,211.000,177.472,other,0,-1,13,3
950,193,165.018,161.328,155.484,101.853,103.108,105.731,125.000,101.958,166.000,176.694,other,0,-1,14,3
951,166,172.082,179.436,179.974,101.916,103.226,105.564,193.000,103.083,177.000,173.972,other,0,-1,15,3
952,145,155.138,159.443,158.459,101.429,102.775,105.282,166.000,102.625,171.000,162.111,other,0,-1,16,3
953,157,138.527,140.907,137.863,100.725,102.099,104.955,145.000,101.542,136.000,150.028,other,0,-1,17,3
954,124,120.654,132.147,131.407,100.701,102.127,104.770,157.000,102.417,141.000,132.389,other,0,-1,18,3
955,115,102.540,107.554,106.835,100.127,101.586,104.469,124.000,101.708,118.000,108.528,other,0,-1,19,3
956,101,84.738,92.764,93.794,99.756,101.255,104.212,115.000,101.583,68.000,100.083,other,0,-1,20,3
957,79,69.924,78.882,80.819,99.907,101.463,104.063,101.000,102.958,86.000,85.306,other,0,-1,21,3
958,69,59.270,64.709,67.843,99.478,101.071,103.793,79.000,102.667,69.000,74.778,other,0,-1,22,3
959,57,51.117,57.147,60.064,99.150,100.785,103.544,69.000,102.667,80.000,70.444,other,0,-1,23,3
960,63,46.445,51.169,53.440,98.489,100.154,103.226,57.000,101.708,59.000,60.917,other,0,-1,0,4
961,49,46.387,56.734,50.847,98.262,99.924,102.877,63.000,101.875,51.000,56.972,other,0,-1,1,4
962,60,45.381,52.853,47.366,97.947,99.605,102.510,49.000,101.792,69.000,51.583,other,0,-1,2,4
963,52,50.791,58.344,49.889,97.532,99.181,102.122,60.000,101.417,64.000,54.556,other,0,-1,3,4
964,66,50.845,55.939,50.333,97.072,98.711,101.724,52.000,100.917,44.000,57.139,other,0,-1,4,4
965,52,57.552,62.174,57.310,97.106,98.752,101.430,66.000,101.833,56.000,54.694,other,0,-1,5,4
966,52,58.221,59.193,59.798,96.763,98.402,101.056,52.000,101.667,74.000,65.167,other,0,-1,6,4
967,80,66.912,64.785,67.511,96.159,97.783,100.629,52.000,100.750,67.000,74.667,other,0,-1,7,4
968,80,80.673,81.916,86.653,96.062,97.689,100.307,80.000,101.292,103.000,86.667,other,0,-1,8,4
969,90,97.554,97.788,99.078,95.443,97.055,99.876,80.000,100.333,97.000,109.861,other,0,-1,9,4
970,112,116.621,120.411,116.258,95.056,96.660,99.494,90.000,100.042,121.000,125.222,other,0,-1,10,4
971,154,135.044,143.310,138.111,94.641,96.236,99.106,112.000,99.667,131.000,147.361,other,0,-1,11,4
972,155,155.313,167.300,166.902,94.689,96.291,98.814,154.000,100.625,174.000,161.111,other,0,-1,12,4
973,169,164.348,168.782,171.539,94.128,95.717,98.395,155.000,99.833,125.000,174.694,other,0,-1,13,4
974,195,170.514,171.618,177.734,94.480,96.087,98.167,169.000,101.667,193.000,178.167,other,0,-1,14,4
975,164,172.692,177.961,184.795,94.224,95.828,97.812,195.000,101.750,166.000,172.583,other,0,-1,15,4
976,168,151.969,152.572,158.689,93.909,95.509,97.445,164.000,101.667,145.000,165.472,other,0,-1,16,4
977,143,133.114,141.769,147.409,93.957,95.564,97.154,168.000,102.625,157.000,138.861,other,0,-1,17,4
978,122,109.917,118.492,121.869,93.469,95.065,96.750,143.000,102.042,124.000,121.333,other,0,-1,18,4
979,108,90.111,97.923,100.819,93.155,94.745,96.383,122.000,101.958,115.000,101.944,other,0,-1,19,4
980,76,72.549,81.228,85.674,92.768,94.351,96.001,108.000,101.667,101.000,84.222,other,0,-1,20,4
981,65,60.171,62.557,68.894,92.121,93.687,95.564,76.000,100.625,79.000,70.889,other,0,-1,21,4
982,62,48.328,52.096,60.494,91.632,93.188,95.160,65.000,100.042,69.000,63.889,other,0,-1,22,4
983,60,39.856,46.951,55.321,91.246,92.793,94.778,62.000,99.750,57.000,57.111,other,0,-1,23,4
984,41,35.981,45.002,51.512,91.004,92.549,94.426,60.000,99.875,63.000,38.722,other,0,-1,0,5
985,37,34.129,40.918,32.278,90.657,92.145,94.158,41.000,98.958,49.000,42.139,other,0,-1,1,5
986,46,35.269,41.294,32.057,90.455,91.890,93.920,37.000,98.458,60.000,43.389,other,0,-1,2,5
987,43,40.691,46.427,35.275,90.224,91.606,93.676,46.000,97.875,52.000,43.528,other,0,-1,3,5
988,46,42.335,46.428,37.641,90.066,91.397,93.447,43.000,97.500,66.000,42.111,other,0,-1,4,5
989,42,45.817,48.844,42.782,89.748,91.023,93.185,46.000,96.667,52.000,43.028,other,0,-1,5,5
990,51,48.299,49.834,47.774,89.575,90.798,92.953,42.000,96.250,52.000,55.167,other,0,-1,6,5
991,54,56.415,57.998,58.108,89.532,90.709,92.748,51.000,96.208,80.000,63.917,other,0,-1,7,5
992,68,67.984,67.933,68.219,89.128,90.245,92.468,54.000,95.125,80.000,81.722,other,0,-1,8,5
993,89,84.289,84.999,84.051,88.926,89.990,92.230,68.000,94.625,90.000,98.167,other,0,-1,9,5
994,87,103.139,106.947,104.725,88.883,89.901,92.025,89.000,94.583,112.000,102.556,other,0,-1,10,5
995,117,121.171,118.212,113.185,88.493,89.452,91.748,87.000,93.542,154.000,122.722,other,0,-1,11,5
996,133,137.711,138.983,137.723,87.929,88.823,91.434,117.000,92.000,155.000,141.028,other,0,-1,12,5
997,167,149.713,149.313,151.482,87.582,88.418,91.166,133.000,91.083,169.000,161.333,other,0,-1,13,5
998,197,160.300,164.499,172.504,87.525,88.314,90.958,167.000,91.000,195.000,179.778,other,0,-1,14,5
999,149,164.865,175.373,185.951,87.526,88.270,90.763,197.000,91.083,164.000,180.472,other,0,-1,15,5
1000,159,138.979,141.468,144.978,87.280,87.970,90.515,149.000,90.458,168.000,165.833,other,0,-1,16,5
1001,162,121.342,132.379,135.386,87.122,87.761,90.287,159.000,90.083,143.000,148.556,other,0,-1,17,5
1002,106,100.779,118.011,119.283,87.369,87.971,90.142,162.000,90.875,122.000,114.861,other,0,-1,18,5
1003,94,81.375,87.351,80.543,87.109,87.657,89.892,106.000,90.208,108.000,90.528,other,0,-1,19,5
1004,60,64.612,70.669,66.104,86.878,87.373,89.648,94.000,89.625,76.000,74.972,other,0,-1,20,5
1005,59,53.063,53.670,50.966,86.618,87.059,89.398,60.000,88.958,65.000,60.444,other,0,-1,21,5
1006,46,41.137,45.690,46.286,86.503,86.894,89.178,59.000,88.708,62.000,52.389,other,0,-1,22,5
1007,34,34.198,39.282,40.845,86.243,86.580,88.928,46.000,88.042,60.000,44.139,other,0,-1,23,5
1008,36,30.254,35.426,36.784,85.839,86.116,88.648,34.000,86.958,41.000,32.472,other,0,-1,0,6
1009,36,31.486,36.844,30.596,86.016,86.237,88.742,36.000,86.750,37.000,34.500,other,0,-1,1,6
1010,34,34.329,39.692,32.237,86.252,86.419,88.849,36.000,86.708,46.000,33.361,other,0,-1,2,6
1011,38,36.768,41.150,34.422,86.329,86.436,88.922,34.000,86.208,43.000,35.222,other,0,-1,3,6
1012,24,40.930,44.512,39.106,86.507,86.557,89.017,38.000,86.000,46.000,34.028,other,0,-1,4,6
1013,27,38.716,40.707,40.584,86.438,86.424,89.060,24.000,85.083,42.000,36.611,other,0,-1,5,6
1014,37,43.277,44.878,47.160,86.471,86.396,89.124,27.000,84.458,51.000,38.694,other,0,-1,6,6
1015,50,51.573,53.840,57.007,86.519,86.382,89.192,37.000,83.875,54.000,47.194,other,0,-1,7,6
1016,54,63.759,67.084,69.253,86.711,86.519,89.289,50.000,83.708,68.000,59.167,other,0,-1,8,6
1017,87,79.656,79.660,78.640,86.758,86.506,89.356,54.000,83.125,89.000,78.778,other,0,-1,9,6
1018,95,99.521,103.758,101.654,86.980,86.672,89.460,87.000,83.042,87.000,101.278,other,0,-1,10,6
1019,122,118.125,116.120,112.494,87.346,86.989,89.594,95.000,83.375,117.000,121.778,other,0,-1,11,6
1020,154,136.645,136.051,133.325,87.669,87.260,89.719,122.000,83.583,133.000,140.833,other,0,-1,12,6
1021,148,153.646,156.569,157.081,88.223,87.772,89.892,154.000,84.458,167.000,148.472,other,0,-1,13,6
1022,151,154.082,152.931,152.272,88.198,87.684,89.944,148.000,83.667,197.000,156.639,other,0,-1,14,6
1023,130,149.584,150.580,150.092,87.782,87.191,89.915,151.000,81.750,149.000,153.306,other,0,-1,15,6
1024,144,136.390,135.652,128.962,87.757,87.102,89.967,130.000,80.958,159.000,133.083,other,0,-1,16,6
1025,108,121.173,127.063,125.718,87.790,87.074,90.031,144.000,80.333,162.000,123.667,other,0,-1,17,6
1026,103,104.477,104.135,93.945,87.258,86.461,89.977,108.000,78.083,106.000,102.583,other,0,-1,18,6
1027,60,86.387,87.056,78.877,87.465,86.613,90.078,103.000,77.958,94.000,79.889,other,0,-1,19,6
1028,57,74.648,68.189,56.676,87.223,86.300,90.085,60.000,76.542,60.000,59.111,other,0,-1,20,6
1029,45,59.210,55.805,50.155,87.429,86.451,90.185,57.000,76.417,59.000,47.306,other,0,-1,21,6
1030,47,48.515,46.833,44.522,87.477,86.438,90.253,45.000,75.833,46.000,35.306,other,0,-1,22,6
1031,26,41.465,44.254,43.175,87.742,86.649,90.365,47.000,75.875,34.000,32.556,other,0,-1,23,6
1032,70,37.569,39.127,38.900,87.876,86.726,90.451,26.000,75.542,36.000,61.343,other,0,-1,0,0
1033,64,50.292,56.998,51.895,88.709,87.555,90.892,70.000,76.958,36.000,59.743,other,0,-1,1,0
1034,73,52.598,59.358,51.991,89.455,88.295,91.315,64.000,78.125,34.000,61.829,other,0,-1,2,0
1035,59,62.141,68.128,57.236,90.360,89.199,91.771,73.000,79.750,38.000,63.543,other,0,-1,3,0
1036,69,56.322,62.388,57.987,91.004,89.833,92.173,59.000,80.625,24.000,60.000,other,0,-1,4,0
1037,51,62.473,69.583,66.621,91.996,90.827,92.648,69.000,82.500,27.000,77.171,other,0,-1,5,0
1038,76,54.828,63.273,68.101,92.684,91.507,93.059,51.000,83.500,37.000,77.686,other,0,-1,6,0
1039,100,67.442,80.781,84.301,93.589,92.411,93.515,76.000,85.125,50.000,91.543,other,0,-1,7,0
1040,90,84.340,102.375,102.908,94.654,93.480,94.005,100.000,87.208,54.000,101.114,other,0,-1,8,0
1041,133,91.898,109.903,107.344,95.515,94.339,94.452,90.000,88.708,87.000,122.829,other,0,-1,9,0
1042,126,122.649,143.026,137.000,96.522,95.348,94.930,133.000,90.625,95.000,137.200,other,0,-1,10,0
1043,152,134.657,147.609,140.068,97.311,96.133,95.362,126.000,91.917,122.000,150.314,other,0,-1,11,0
1044,153,156.414,164.777,159.885,98.086,96.902,95.791,152.000,93.167,154.000,163.229,other,0,-1,12,0
1045,160,164.455,166.505,162.501,98.412,97.206,96.127,153.000,93.125,148.000,172.800,other,0,-1,13,0
1046,171,168.542,168.078,165.771,98.926,97.706,96.501,160.000,93.625,151.000,172.257,other,0,-1,14,0
1047,152,166.584,167.268,168.418,99.556,98.325,96.900,171.000,94.458,130.000,183.343,other,0,-1,15,0
1048,160,152.457,150.476,149.209,100.215,98.975,97.305,152.000,95.375,144.000,162.143,other,0,-1,16,0
1049,115,137.351,139.154,143.819,100.786,99.534,97.692,160.000,96.042,108.000,148.800,other,0,-1,17,0
1050,125,118.823,113.720,109.859,101.228,99.958,98.051,115.000,96.333,103.000,128.829,other,0,-1,18,0
1051,88,99.392,98.277,103.142,101.887,100.608,98.456,125.000,97.250,60.000,110.171,other,0,-1,19,0
1052,94,84.787,79.536,80.650,102.633,101.347,98.880,88.000,98.417,57.000,85.143,other,0,-1,20,0
1053,49,70.355,69.887,74.852,103.509,102.221,99.330,94.000,99.958,45.000,75.143,other,0,-1,21,0
1054,76,61.888,57.021,58.967,103.907,102.601,99.680,49.000,100.125,47.000,65.229,other,0,-1,22,0
1055,62,58.216,61.007,61.588,104.667,103.355,100.107,76.000,101.333,26.000,63.543,other,0,-1,23,0
1056,52,56.089,58.392,57.079,105.529,104.214,100.554,62.000,102.833,70.000,61.694,other,0,-1,0,1
1057,44,53.511,55.438,54.470,105.442,104.146,100.812,52.000,102.083,64.000,62.000,other,0,-1,1,1
1058,47,53.790,54.953,52.429,105.326,104.048,101.064,44.000,101.250,73.000,62.222,other,0,-1,2,1
1059,48,57.052,57.845,54.245,105.124,103.861,101.297,47.000,100.167,59.000,61.389,other,0,-1,3,1
1060,58,59.343,59.797,57.477,105.138,103.898,101.576,48.000,99.708,69.000,63.583,other,0,-1,4,1
1061,77,64.063,65.270,64.468,105.153,103.935,101.855,58.000,99.250,51.000,65.139,other,0,-1,5,1
1062,79,72.638,75.483,76.179,105.704,104.526,102.246,77.000,100.333,76.000,66.417,other,0,-1,6,1
1063,89,77.310,81.837,85.376,105.921,104.773,102.568,79.000,100.458,100.000,77.639,other,0,-1,7,1
1064,78,89.453,95.467,98.644,105.936,104.810,102.847,89.000,100.000,90.000,91.833,other,0,-1,8,1
1065,100,104.613,109.959,105.013,105.936,104.832,103.123,78.000,99.500,133.000,109.944,other,0,-1,9,1
1066,107,125.129,131.748,124.150,105.632,104.539,103.335,100.000,98.125,126.000,131.361,other,0,-1,10,1
1067,124,143.404,148.069,136.347,105.530,104.456,103.590,107.000,97.333,152.000,148.500,other,0,-1,11,1
1068,163,158.721,160.124,151.210,105.299,104.239,103.818,124.000,96.167,153.000,174.389,other,0,-1,12,1
1069,174,174.534,174.438,175.227,105.617,104.590,104.160,163.000,96.583,160.000,191.778,other,0,-1,13,1
1070,198,177.882,177.973,180.063,105.994,105.002,104.515,174.000,97.167,171.000,190.222,other,0,-1,14,1
1071,146,180.414,183.405,187.987,106.559,105.609,104.909,198.000,98.292,152.000,183.056,other,0,-1,15,1
1072,177,158.840,154.618,148.951,106.646,105.721,105.203,146.000,98.042,160.000,168.806,other,0,-1,16,1
1073,113,148.077,150.951,153.431,107.066,106.177,105.567,177.000,98.750,115.000,158.750,other,0,-1,17,1
1074,132,129.353,119.918,111.463,107.211,106.349,105.873,113.000,98.667,125.000,131.639,other,0,-1,18,1
1075,126,109.439,106.192,109.671,107.487,106.656,106.207,132.000,98.958,88.000,103.944,other,0,-1,19,1
1076,69,92.299,91.158,98.500,108.211,107.428,106.634,126.000,100.542,94.000,92.389,other,0,-1,20,1
1077,58,81.327,71.875,73.500,108.023,107.255,106.871,69.000,99.500,49.000,77.389,other,0,-1,21,1
1078,69,69.767,62.784,64.117,108.327,107.592,107.210,58.000,99.875,76.000,64.944,other,0,-1,22,1
1079,78,62.516,62.136,60.309,108.400,107.689,107.502,69.000,99.583,62.000,62.889,other,0,-1,23,1
1080,56,63.938,66.506,57.634,108.806,108.130,107.862,78.000,100.250,52.000,59.639,other,0,-1,0,2
1081,59,58.529,60.260,55.616,108.740,108.123,107.925,56.000,100.417,44.000,64.167,other,0,-1,1,2
1082,64,60.902,62.608,55.081,108.834,108.280,108.022,59.000,101.042,47.000,56.194,other,0,-1,2,2
1083,71,65.115,65.710,56.468,108.957,108.467,108.124,64.000,101.750,48.000,60.528,other,0,-1,3,2
1084,47,70.182,69.268,60.004,109.167,108.744,108.245,71.000,102.708,58.000,62.444,other,0,-1,4,2
1085,65,66.098,62.463,58.771,108.884,108.511,108.263,47.000,102.250,77.000,62.833,other,0,-1,5,2
1086,66,74.168,70.120,68.159,108.587,108.263,108.278,65.000,101.750,79.000,70.472,other,0,-1,6,2
1087,81,82.647,75.815,75.927,108.276,108.001,108.289,66.000,101.208,89.000,78.639,other,0,-1,7,2
1088,93,97.049,88.509,89.753,108.036,107.813,108.316,81.000,100.875,78.000,89.639,other,0,-1,8,2
1089,99,114.690,105.370,105.102,108.130,107.970,108.413,93.000,101.500,100.000,104.833,other,0,-1,9,2
1090,82,133.200,126.015,119.376,107.993,107.887,108.461,99.000,101.458,107.000,127.694,other,0,-1,10,2
1091,135,149.175,147.382,123.631,107.507,107.445,108.436,82.000,100.417,124.000,145.361,other,0,-1,11,2
1092,204,162.756,160.455,154.613,107.543,107.542,108.520,135.000,100.875,163.000,159.222,other,0,-1,12,2
1093,156,187.341,185.152,192.704,108.014,108.089,108.696,204.000,102.583,174.000,182.222,other,0,-1,13,2
1094,192,169.564,171.806,167.692,107.630,107.751,108.692,156.000,101.833,198.000,185.000,other,0,-1,14,2
1095,200,171.646,180.481,179.477,107.420,107.593,108.725,192.000,101.583,146.000,172.750,other,0,-1,15,2
1096,157,164.364,176.783,173.629,108.079,108.335,108.940,200.000,103.833,177.000,158.694,other,0,-1,16,2
1097,140,144.970,147.788,140.012,107.666,107.967,108.930,157.000,103.000,113.000,148.139,other,0,-1,17,2
1098,151,129.120,128.468,120.567,107.933,108.304,109.063,140.000,104.125,132.000,124.722,other,0,-1,18,2
1099,118,110.313,117.875,114.636,108.085,108.521,109.171,151.000,104.917,126.000,108.833,other,0,-1,19,2
1100,97,93.978,94.386,92.534,107.846,108.334,109.198,118.000,104.583,69.000,89.361,other,0,-1,20,2
1101,65,79.919,78.760,77.306,108.129,108.686,109.334,97.000,105.750,58.000,75.500,other,0,-1,21,2
1102,72,70.202,64.501,61.279,108.107,108.723,109.406,65.000,106.042,69.000,67.139,other,0,-1,22,2
1103,70,61.109,62.268,56.966,108.027,108.700,109.466,72.000,106.167,78.000,62.722,other,0,-1,23,2
1104,64,57.845,61.077,51.550,107.788,108.512,109.493,70.000,105.833,56.000,61.389,other,0,-1,0,3
1105,73,56.327,62.175,59.806,107.576,108.346,109.269,64.000,106.167,59.000,64.194,other,0,-1,1,3
1106,45,60.710,67.064,60.222,107.451,108.269,109.063,73.000,106.750,64.000,65.056,other,0,-1,2,3
1107,56,56.443,57.900,54.982,106.848,107.698,108.756,45.000,105.958,71.000,61.583,other,0,-1,3,3
1108,62,61.147,62.409,58.598,106.303,107.187,108.462,56.000,105.333,47.000,61.250,other,0,-1,4,3
1109,66,65.665,65.362,63.245,106.193,107.125,108.259,62.000,105.958,65.000,63.500,other,0,-1,5,3
1110,68,71.280,68.569,69.537,105.879,106.854,108.014,66.000,106.000,66.000,67.778,other,0,-1,6,3
1111,64,80.281,73.921,77.541,105.581,106.597,107.771,68.000,106.083,81.000,79.889,other,0,-1,7,3
1112,103,94.674,83.655,85.889,105.007,106.056,107.471,64.000,105.375,93.000,92.417,other,0,-1,8,3
1113,93,112.197,104.462,110.080,104.824,105.919,107.252,103.000,105.792,99.000,115.000,other,0,-1,9,3
1114,141,130.573,125.246,119.371,104.409,105.543,106.986,93.000,105.542,82.000,126.583,other,0,-1,10,3
1115,137,149.525,149.701,149.640,104.936,106.141,106.915,141.000,108.000,135.000,145.861,other,0,-1,11,3
1116,174,160.840,162.723,157.290,104.638,105.885,106.673,137.000,108.083,204.000,168.111,other,0,-1,12,3
1117,151,173.653,177.279,177.411,103.875,105.148,106.333,174.000,106.833,156.000,177.472,other,0,-1,13,3
1118,156,168.954,168.702,166.960,103.475,104.787,106.070,151.000,106.625,192.000,176.694,other,0,-1,14,3
1119,162,164.265,164.708,163.228,102.626,103.961,105.712,156.000,105.125,200.000,173.972,other,0,-1,15,3
1120,181,154.444,158.023,156.462,101.748,103.105,105.349,162.000,103.542,157.000,162.111,other,0,-1,16,3
1121,133,141.490,154.853,154.274,101.768,103.178,105.172,181.000,104.542,140.000,150.028,other,0,-1,17,3
1122,120,121.202,123.960,121.420,101.339,102.787,104.903,133.000,104.250,151.000,132.389,other,0,-1,18,3
1123,114,103.192,106.461,105.596,100.562,102.036,104.560,120.000,102.958,118.000,108.528,other,0,-1,19,3
1124,85,85.139,92.530,93.841,100.176,101.689,104.299,114.000,102.792,97.000,100.083,other,0,-1,20,3
1125,97,72.295,73.885,76.656,99.675,101.223,104.015,85.000,102.292,65.000,85.306,other,0,-1,21,3
1126,74,58.430,71.373,73.168,99.811,101.416,103.863,97.000,103.625,72.000,74.778,other,0,-1,22,3
1127,80,51.293,58.864,61.830,99.512,101.160,103.620,74.000,103.708,70.000,70.444,other,0,-1,23,3
1128,44,48.435,59.111,58.993,99.329,101.023,103.402,80.000,104.125,64.000,60.917,other,0,-1,0,4
1129,51,43.900,50.117,47.932,98.754,100.434,102.980,44.000,103.292,73.000,56.972,other,0,-1,1,4
1130,66,46.048,53.670,48.223,98.150,99.815,102.552,51.000,102.375,45.000,51.583,other,0,-1,2,4
1131,60,53.047,60.987,51.602,98.169,99.840,102.255,66.000,103.250,56.000,54.556,other,0,-1,3,4
1132,67,53.410,59.174,52.477,97.942,99.611,101.906,60.000,103.417,62.000,57.139,other,0,-1,4,4
1133,55,57.978,62.654,57.972,97.729,99.396,101.560,67.000,103.625,66.000,54.694,other,0,-1,5,4
1134,70,58.764,60.170,60.870,97.284,98.942,101.165,55.000,103.167,68.000,65.167,other,0,-1,6,4
1135,64,68.188,69.683,73.023,97.028,98.683,100.810,70.000,103.250,64.000,74.667,other,0,-1,7,4
1136,79,80.659,78.082,81.343,96.742,98.393,100.449,64.000,103.250,103.000,86.667,other,0,-1,8,4
1137,75,97.690,97.615,98.678,96.109,97.744,100.015,79.000,102.250,93.000,109.861,other,0,-1,9,4
1138,133,117.273,117.780,109.990,95.563,97.185,99.600,75.000,101.500,141.000,125.222,other,0,-1,10,4
1139,148,137.158,149.851,147.616,95.162,96.776,99.214,133.000,101.167,137.000,147.361,other,0,-1,11,4
1140,174,153.904,164.742,163.768,95.036,96.651,98.887,148.000,101.625,174.000,161.111,other,0,-1,12,4
1141,158,169.305,177.980,180.773,94.751,96.362,98.525,174.000,101.625,151.000,174.694,other,0,-1,13,4
1142,189,167.924,166.577,171.890,94.567,96.177,98.185,158.000,101.917,156.000,178.167,other,0,-1,14,4
1143,165,170.772,174.591,181.645,94.760,96.383,97.924,189.000,103.292,162.000,172.583,other,0,-1,15,4
1144,154,152.246,153.003,159.192,94.518,96.138,97.572,165.000,103.417,181.000,165.472,other,0,-1,16,4
1145,143,131.802,136.367,140.606,93.841,95.444,97.129,154.000,102.292,133.000,138.861,other,0,-1,17,4
1146,124,110.063,118.560,121.904,93.701,95.305,96.798,143.000,102.708,120.000,121.333,other,0,-1,18,4
1147,85,90.186,98.606,101.751,93.474,95.075,96.449,124.000,102.875,114.000,101.944,other,0,-1,19,4
1148,95,76.001,75.995,79.193,92.768,94.351,96.001,85.000,101.667,85.000,84.222,other,0,-1,20,4
1149,53,58.149,67.838,74.324,92.628,94.212,95.670,95.000,102.083,97.000,70.889,other,0,-1,21,4
1150,56,50.219,49.717,58.547,91.705,93.263,95.175,53.000,100.250,74.000,63.889,other,0,-1,22,4
1151,54,40.343,45.446,54.787,91.159,92.703,94.760,56.000,99.500,80.000,57.111,other,0,-1,23,4
1152,44,35.774,43.113,51.037,90.497,92.024,94.320,54.000,98.417,44.000,38.722,other,0,-1,0,5
1153,52,34.818,42.079,33.289,90.469,91.950,94.118,44.000,98.417,51.000,42.139,other,0,-1,1,5
1154,47,39.609,47.294,35.287,90.455,91.890,93.920,52.000,98.458,66.000,43.389,other,0,-1,2,5
1155,39,41.092,46.945,36.019,90.152,91.531,93.661,47.000,97.667,60.000,43.528,other,0,-1,3,5
1156,37,41.106,44.942,37.258,89.819,91.142,93.395,39.000,96.792,67.000,42.111,other,0,-1,4,5
1157,44,43.294,45.554,40.993,89.357,90.618,93.103,37.000,95.542,55.000,43.028,other,0,-1,5,5
1158,50,48.801,50.562,48.599,89.169,90.379,92.868,44.000,95.083,70.000,55.167,other,0,-1,6,5
1159,63,56.370,57.671,57.928,88.852,90.004,92.606,50.000,94.250,64.000,63.917,other,0,-1,7,5
1160,82,68.483,70.807,71.751,88.809,89.915,92.401,63.000,94.208,79.000,81.722,other,0,-1,8,5
1161,79,84.778,90.223,90.412,88.824,89.885,92.209,82.000,94.333,75.000,98.167,other,0,-1,9,5
1162,136,103.351,103.076,99.422,88.854,89.871,92.019,79.000,94.500,133.000,102.556,other,0,-1,10,5
1163,146,126.812,142.666,141.394,88.869,89.842,91.826,136.000,94.625,148.000,122.722,other,0,-1,11,5
1164,146,143.269,154.474,155.244,88.812,89.737,91.619,146.000,94.542,174.000,141.028,other,0,-1,12,5
1165,186,152.586,155.836,159.026,88.379,89.243,91.332,146.000,93.375,158.000,161.333,other,0,-1,13,5
1166,175,166.962,176.133,184.639,88.756,89.588,91.215,186.000,94.542,189.000,179.778,other,0,-1,14,5
1167,141,157.513,162.399,171.313,88.525,89.304,90.971,175.000,93.958,165.000,180.472,other,0,-1,15,5
1168,137,139.700,138.721,140.203,88.149,88.870,90.697,141.000,92.958,154.000,165.833,other,0,-1,16,5
1169,139,121.657,125.276,123.945,87.875,88.540,90.444,137.000,92.250,143.000,148.556,other,0,-1,17,5
1170,88,101.360,110.801,108.994,87.789,88.406,90.230,139.000,92.083,124.000,114.861,other,0,-1,18,5
1171,109,86.452,85.017,75.862,87.239,87.792,89.920,88.000,90.583,85.000,90.528,other,0,-1,19,5
1172,58,65.535,74.346,72.227,87.559,88.077,89.790,109.000,91.583,95.000,74.972,other,0,-1,20,5
1173,49,56.218,54.149,52.658,86.995,87.448,89.477,58.000,90.042,53.000,60.444,other,0,-1,21,5
1174,39,44.419,44.567,46.839,86.909,87.314,89.263,49.000,89.875,56.000,52.389,other,0,-1,22,5
1175,44,36.546,38.406,42.215,86.634,86.985,89.010,39.000,89.167,54.000,44.139,other,0,-1,23,5
1176,31,32.632,38.865,40.946,86.462,86.760,88.778,44.000,88.750,44.000,32.472,other,0,-1,0,6
1177,22,32.051,35.823,31.696,86.523,86.762,88.848,31.000,88.208,52.000,34.500,other,0,-1,1,6
1178,37,32.148,35.125,31.350,86.339,86.509,88.867,22.000,86.958,47.000,33.361,other,0,-1,2,6
1179,25,39.074,42.926,36.650,86.445,86.556,88.947,37.000,86.542,39.000,35.222,other,0,-1,3,6
1180,25,37.711,39.751,37.510,86.492,86.542,89.014,25.000,85.958,37.000,34.028,other,0,-1,4,6
1181,31,40.315,41.542,41.989,86.569,86.559,89.087,25.000,85.458,44.000,36.611,other,0,-1,5,6
1182,38,45.421,46.679,49.203,86.630,86.561,89.158,31.000,84.917,50.000,38.694,other,0,-1,6,6
1183,45,53.109,54.624,57.996,86.707,86.577,89.231,38.000,84.417,63.000,47.194,other,0,-1,7,6
1184,41,64.955,65.795,67.746,86.696,86.504,89.286,45.000,83.667,82.000,59.167,other,0,-1,8,6
1185,75,81.976,75.799,73.428,86.353,86.086,89.272,41.000,81.958,79.000,78.778,other,0,-1,9,6
1186,119,100.148,98.302,95.446,86.545,86.223,89.369,75.000,81.792,136.000,101.278,other,0,-1,10,6
1187,118,122.370,128.767,126.230,86.549,86.164,89.428,119.000,81.083,146.000,121.778,other,0,-1,11,6
1188,130,136.353,133.816,130.407,86.394,85.941,89.452,118.000,79.917,146.000,140.833,other,0,-1,12,6
1189,136,147.810,143.857,140.371,86.412,85.898,89.514,130.000,79.250,186.000,148.472,other,0,-1,13,6
1190,167,151.354,147.946,143.687,85.938,85.345,89.472,136.000,77.167,175.000,156.639,other,0,-1,14,6
1191,133,152.686,157.753,160.763,86.073,85.422,89.558,167.000,76.833,141.000,153.306,other,0,-1,15,6
1192,116,136.479,136.535,130.579,86.207,85.498,89.643,133.000,76.500,137.000,133.083,other,0,-1,16,6
1193,102,121.145,120.689,110.334,86.153,85.380,89.689,116.000,75.625,139.000,123.667,other,0,-1,17,6
1194,82,104.851,103.450,91.355,85.867,85.022,89.687,102.000,74.083,88.000,102.583,other,0,-1,18,6
1195,80,88.872,85.092,71.926,86.031,85.129,89.778,82.000,73.833,109.000,79.889,other,0,-1,19,6
1196,53,71.428,69.739,61.838,85.861,84.890,89.800,80.000,72.625,58.000,59.111,other,0,-1,20,6
1197,18,59.609,55.529,49.610,86.039,85.012,89.895,53.000,72.417,49.000,47.306,inside,-1,0,21,6
1198,9,51.762,44.166,40.226,85.840,84.744,89.911,18.000,71.125,39.000,35.306,inside,-1,1,22,6
1199,20,43.109,37.698,37.028,85.656,84.491,89.930,9.000,69.875,44.000,32.556,inside,-1,2,23,6
1200,68,37.329,37.453,37.697,85.558,84.328,89.967,20.000,68.875,31.000,61.343,after,-1,3,0,0
1201,57,49.210,55.612,50.769,86.434,85.202,90.417,68.000,70.417,22.000,59.743,after,-1,4,1,0
1202,64,49.075,55.405,49.757,87.282,86.046,90.861,57.000,71.875,37.000,61.829,after,-1,5,2,0
1203,62,56.562,62.561,54.187,88.013,86.770,91.281,64.000,73.000,25.000,63.543,after,-1,6,3,0
1204,63,57.770,63.679,58.038,88.889,87.645,91.732,62.000,74.542,25.000,60.000,after,-1,7,4,0
1205,81,58.879,65.960,64.085,89.780,88.534,92.185,63.000,76.125,31.000,77.171,after,-1,8,5,0
1206,70,68.955,78.590,77.101,90.844,89.603,92.675,81.000,78.208,38.000,77.686,after,-1,9,6,0
1207,58,64.818,77.814,81.491,91.648,90.402,93.110,70.000,79.542,45.000,91.543,after,-1,10,7,0
1208,93,71.587,83.488,85.392,92.177,90.916,93.488,58.000,80.083,41.000,101.114,after,-1,11,8,0
1209,115,92.304,111.020,108.204,93.270,92.016,93.983,93.000,82.250,75.000,122.829,after,-1,12,9,0
1210,133,114.704,133.577,127.030,94.190,92.935,94.443,115.000,83.917,119.000,137.200,after,-1,13,10,0
1211,176,136.444,150.805,143.584,94.733,93.464,94.823,133.000,84.500,118.000,150.314,after,-1,14,11,0
1212,124,168.553,178.681,174.443,95.913,94.653,95.337,176.000,86.917,130.000,163.229,after,-1,15,12,0
1213,171,158.194,154.567,144.759,96.166,94.883,95.658,124.000,86.667,136.000,172.800,after,-1,16,13,0
1214,167,171.605,172.846,172.402,97.014,95.727,96.102,171.000,88.125,167.000,172.257,after,-1,17,14,0
1215,171,165.425,165.226,165.490,97.354,96.047,96.440,167.000,88.125,133.000,183.343,after,-1,18,15,0
1216,152,155.077,156.611,160.474,98.244,96.936,96.894,171.000,89.708,116.000,162.143,after,-1,19,16,0
1217,161,136.727,136.217,138.882,99.106,97.795,97.341,152.000,91.208,102.000,148.800,after,-1,20,17,0
1218,124,119.014,121.575,131.075,100.301,98.999,97.858,161.000,93.667,82.000,128.829,after,-1,21,18,0
1219,114,99.166,97.298,100.998,101.250,99.948,98.323,124.000,95.417,80.000,110.171,after,-1,22,19,0
1220,83,82.855,81.818,86.486,102.082,100.777,98.765,114.000,96.833,53.000,85.143,after,-1,23,20,0
1221,69,70.395,67.683,69.514,102.857,101.547,99.194,83.000,98.083,18.000,75.143,after,-1,24,21,0
1222,66,60.964,59.888,61.130,103.936,102.631,99.686,69.000,100.208,9.000,65.229,after,-1,25,22,0
1223,48,56.283,58.013,57.610,105.102,103.805,100.197,66.000,102.583,20.000,63.543,after,-1,26,23,0
1224,51,52.912,53.991,52.269,105.848,104.544,100.620,48.000,103.750,68.000,61.694,other,0,-1,0,1
1225,66,53.147,55.200,52.370,105.775,104.491,100.881,51.000,103.042,57.000,62.000,other,0,-1,1,1
1226,67,60.855,63.441,55.078,106.080,104.828,101.221,66.000,103.417,64.000,62.222,other,0,-1,2,1
1227,63,64.718,66.046,56.821,106.297,105.075,101.542,67.000,103.542,62.000,61.389,other,0,-1,3,1
1228,68,64.856,65.819,59.341,106.486,105.292,101.858,63.000,103.583,63.000,63.583,other,0,-1,4,1
1229,69,67.856,69.364,65.710,106.732,105.569,102.185,68.000,103.792,81.000,65.139,other,0,-1,5,1
1230,71,69.547,72.465,72.947,106.732,105.591,102.461,69.000,103.292,70.000,66.417,other,0,-1,6,1
1231,72,75.346,79.263,82.140,106.921,105.808,102.776,71.000,103.333,58.000,77.639,other,0,-1,7,1
1232,91,87.175,91.317,92.299,107.297,106.219,103.131,72.000,103.917,93.000,91.833,other,0,-1,8,1
1233,99,105.766,111.897,109.876,107.442,106.391,103.437,91.000,103.833,115.000,109.944,other,0,-1,9,1
1234,97,125.440,131.633,123.790,107.384,106.353,103.701,99.000,103.167,133.000,131.361,other,0,-1,10,1
1235,170,142.831,146.922,131.883,107.037,106.015,103.905,97.000,101.667,176.000,148.500,other,0,-1,11,1
1236,161,173.277,172.603,176.249,107.124,106.127,104.199,170.000,101.417,124.000,174.389,other,0,-1,12,1
1237,189,174.517,173.686,174.484,107.834,106.884,104.623,161.000,102.958,171.000,191.778,other,0,-1,13,1
1238,189,184.145,184.212,189.134,108.268,107.356,104.990,189.000,103.708,167.000,190.222,other,0,-1,14,1
1239,161,177.461,178.955,182.998,108.761,107.887,105.369,189.000,104.625,171.000,183.056,other,0,-1,15,1
1240,149,160.689,158.609,157.129,108.790,107.939,105.651,161.000,104.208,152.000,168.806,other,0,-1,16,1
1241,162,145.856,141.950,138.975,108.921,108.096,105.954,149.000,104.083,161.000,158.750,other,0,-1,17,1
1242,142,128.961,129.505,133.212,109.109,108.313,106.270,162.000,104.125,124.000,131.639,other,0,-1,18,1
1243,109,109.743,108.068,113.267,109.544,108.785,106.636,142.000,104.875,114.000,103.944,other,0,-1,19,1
1244,109,93.559,87.867,92.493,109.645,108.912,106.934,109.000,104.667,83.000,92.389,other,0,-1,20,1
1245,92,79.290,78.379,84.800,110.196,109.504,107.325,109.000,105.750,69.000,77.389,other,0,-1,21,1
1246,62,69.707,70.042,72.607,110.703,110.050,107.706,92.000,106.708,66.000,64.944,other,0,-1,22,1
1247,49,62.616,60.981,58.656,110.819,110.192,108.007,62.000,106.542,48.000,62.889,other,0,-1,23,1
1248,67,58.842,57.802,51.381,111.007,110.409,108.322,49.000,106.583,51.000,59.639,other,0,-1,0,2
1249,56,60.852,64.573,57.967,111.116,110.581,108.422,67.000,107.250,66.000,64.167,other,0,-1,1,2
1250,80,60.399,62.129,54.647,110.848,110.363,108.442,56.000,106.833,67.000,56.194,other,0,-1,2,2
1251,46,71.652,72.797,59.681,110.913,110.490,108.533,80.000,107.375,63.000,60.528,other,0,-1,3,2
1252,59,62.836,61.016,55.018,110.543,110.168,108.532,46.000,106.667,68.000,62.444,other,0,-1,4,2
1253,57,68.598,66.260,61.152,110.290,109.965,108.556,59.000,106.292,69.000,62.833,other,0,-1,5,2
1254,78,73.016,68.246,66.189,109.992,109.717,108.571,57.000,105.792,71.000,70.472,other,0,-1,6,2
1255,63,84.319,78.623,79.086,109.971,109.755,108.643,78.000,106.083,72.000,78.639,other,0,-1,7,2
1256,101,97.140,86.630,84.412,109.717,109.552,108.667,63.000,105.708,91.000,89.639,other,0,-1,8,2
1257,87,115.451,106.115,108.054,109.738,109.634,108.748,101.000,106.125,99.000,104.833,other,0,-1,9,2
1258,141,133.498,126.657,115.098,109.441,109.386,108.763,87.000,105.625,97.000,127.694,other,0,-1,10,2
1259,135,153.229,146.943,148.960,109.955,109.978,108.947,141.000,107.458,170.000,145.361,other,0,-1,11,2
1260,173,163.095,160.674,155.233,109.325,109.386,108.893,135.000,106.000,161.000,159.222,other,0,-1,12,2
1261,191,175.079,175.114,177.777,109.376,109.498,108.980,173.000,106.500,189.000,182.222,other,0,-1,13,2
1262,168,178.625,183.256,185.871,109.281,109.460,109.037,191.000,106.583,189.000,185.000,other,0,-1,14,2
1263,191,166.638,171.504,167.798,108.854,109.077,109.025,168.000,105.708,161.000,172.750,other,0,-1,15,2
1264,166,162.146,172.548,169.203,109.165,109.459,109.166,191.000,106.958,149.000,158.694,other,0,-1,16,2
1265,175,145.666,150.929,144.379,109.288,109.646,109.269,166.000,107.667,162.000,148.139,other,0,-1,17,2
1266,139,129.710,141.424,136.277,109.353,109.773,109.359,175.000,108.208,142.000,124.722,other,0,-1,18,2
1267,73,110.874,113.787,109.623,109.186,109.661,109.401,139.000,108.083,109.000,108.833,other,0,-1,19,2
1268,93,100.202,87.119,77.609,108.542,109.053,109.343,73.000,106.583,109.000,89.361,other,0,-1,20,2
1269,75,80.677,78.046,76.188,108.186,108.746,109.346,93.000,105.917,92.000,75.500,other,0,-1,21,2
1270,53,69.641,66.704,63.671,107.817,108.423,109.346,75.000,105.208,62.000,67.139,other,0,-1,22,2
1271,68,62.200,57.763,52.373,107.563,108.220,109.370,53.000,104.833,49.000,62.722,other,0,-1,23,2
1272,53,57.892,60.366,51.028,107.715,108.437,109.478,68.000,105.625,67.000,61.389,other,0,-1,0,3
1273,66,55.225,58.377,57.784,107.185,107.941,109.187,53.000,105.042,56.000,64.194,other,0,-1,1,3
1274,66,58.766,64.022,58.907,107.002,107.804,108.969,66.000,105.458,80.000,65.056,other,0,-1,2,3
1275,64,61.348,65.159,58.973,106.471,107.308,108.678,66.000,104.875,46.000,61.583,other,0,-1,3,3
1276,66,63.261,65.160,60.308,106.404,107.292,108.484,64.000,105.625,59.000,61.250,other,0,-1,4,3
1277,54,66.580,66.653,64.228,106.178,107.110,108.256,66.000,105.917,57.000,63.500,other,0,-1,5,3
1278,77,69.849,65.380,66.796,105.807,106.779,107.998,54.000,105.792,78.000,67.778,other,0,-1,6,3
1279,80,80.928,76.067,80.084,105.465,106.477,107.747,77.000,105.750,63.000,79.889,other,0,-1,7,3
1280,95,94.297,85.826,90.788,105.383,106.446,107.549,80.000,106.458,101.000,92.417,other,0,-1,8,3
1281,100,111.770,103.457,107.315,104.969,106.069,107.283,95.000,106.208,87.000,115.000,other,0,-1,9,3
1282,124,130.450,125.349,121.735,104.829,105.978,107.073,100.000,106.750,141.000,126.583,other,0,-1,10,3
1283,155,147.800,147.565,142.765,104.255,105.436,106.773,124.000,106.042,135.000,145.861,other,0,-1,11,3
1284,197,163.450,166.143,164.396,104.218,105.450,106.585,155.000,106.875,173.000,168.111,other,0,-1,12,3
1285,146,180.754,186.671,187.482,104.238,105.523,106.409,197.000,107.875,191.000,177.472,other,0,-1,13,3
1286,165,168.168,167.270,164.487,103.258,104.562,106.024,146.000,106.000,168.000,176.694,other,0,-1,14,3
1287,184,165.830,167.976,167.246,102.887,104.231,105.767,165.000,105.875,191.000,173.972,other,0,-1,15,3
1288,193,158.208,167.100,166.952,102.458,103.839,105.497,184.000,105.583,166.000,162.111,other,0,-1,16,3
1289,179,143.915,161.134,160.236,102.521,103.958,105.330,193.000,106.708,175.000,150.028,other,0,-1,17,3
1290,115,122.388,142.718,141.463,102.251,103.731,105.093,179.000,106.875,139.000,132.389,other,0,-1,18,3
1291,91,104.138,104.789,103.594,101.576,103.085,104.772,115.000,105.875,73.000,108.528,other,0,-1,19,3
1292,97,88.592,85.893,85.877,101.509,103.068,104.578,91.000,106.625,93.000,100.083,other,0,-1,20,3
1293,67,71.063,76.926,79.495,101.239,102.842,104.341,97.000,106.792,75.000,85.306,other,0,-1,21,3
1294,61,61.350,60.948,64.679,100.796,102.436,104.068,67.000,106.458,53.000,74.778,other,0,-1,22,3
1295,55,52.208,54.355,58.038,100.584,102.269,103.844,61.000,106.792,68.000,70.444,other,0,-1,23,3
1296,47,47.043,50.152,52.747,100.068,101.788,103.556,55.000,106.250,53.000,60.917,other,0,-1,0,4
1297,41,44.419,50.359,47.621,99.696,101.408,103.177,47.000,106.000,66.000,56.972,other,0,-1,1,4
1298,55,44.537,49.494,45.589,99.048,100.744,102.740,41.000,104.958,66.000,51.583,other,0,-1,2,4
1299,67,49.699,55.669,48.560,98.604,100.290,102.346,55.000,104.500,64.000,54.556,other,0,-1,3,4
1300,55,56.197,61.460,53.155,98.362,100.046,101.993,67.000,104.625,66.000,57.139,other,0,-1,4,4
1301,53,54.771,57.592,54.519,97.917,99.591,101.599,55.000,104.167,54.000,54.694,other,0,-1,5,4
1302,68,58.856,59.313,59.894,97.617,99.287,101.235,53.000,104.125,77.000,65.167,other,0,-1,6,4
1303,71,68.345,68.954,72.155,97.202,98.863,100.847,68.000,103.750,80.000,74.667,other,0,-1,7,4
1304,112,80.954,79.651,83.709,96.786,98.438,100.458,71.000,103.375,95.000,86.667,other,0,-1,8,4
1305,123,99.690,107.104,112.296,96.747,98.404,100.148,112.000,104.083,100.000,109.861,other,0,-1,9,4
1306,125,118.752,129.738,131.065,96.795,98.459,99.857,123.000,105.042,124.000,125.222,other,0,-1,10,4
1307,130,136.789,147.581,144.418,96.524,98.185,99.499,125.000,105.083,155.000,147.361,other,0,-1,11,4
1308,171,151.628,158.206,155.839,95.876,97.521,99.062,130.000,104.042,197.000,161.111,other,0,-1,12,4
1309,195,169.011,176.534,179.715,95.214,96.842,98.622,171.000,102.958,146.000,174.694,other,0,-1,13,4
1310,222,179.066,186.029,191.256,95.639,97.287,98.409,195.000,105.000,165.000,178.167,other,0,-1,14,4
1311,161,185.006,196.178,200.120,96.179,97.852,98.221,222.000,107.375,184.000,172.583,other,0,-1,15,4
1312,163,152.428,151.558,157.907,95.561,97.218,97.790,161.000,106.417,193.000,165.472,other,0,-1,16,4
1313,127,133.205,139.784,145.277,94.841,96.479,97.338,163.000,105.167,179.000,138.861,other,0,-1,17,4
1314,133,111.337,113.898,115.609,93.802,95.410,96.820,127.000,103.000,115.000,121.333,other,0,-1,18,4
1315,98,90.138,101.130,105.458,93.778,95.390,96.513,133.000,103.750,91.000,101.944,other,0,-1,19,4
1316,65,74.513,78.443,83.392,93.594,95.206,96.173,98.000,104.042,97.000,84.222,other,0,-1,20,4
1317,80,62.482,60.221,67.200,92.845,94.437,95.715,65.000,102.708,67.000,70.889,other,0,-1,21,4
1318,57,47.692,55.853,64.991,92.748,94.342,95.393,80.000,103.250,61.000,63.889,other,0,-1,22,4
1319,65,40.643,45.120,55.635,92.405,93.993,95.020,57.000,103.083,55.000,57.111,other,0,-1,23,4
1320,59,37.124,46.259,53.838,92.264,93.853,94.689,65.000,103.500,47.000,38.722,other,0,-1,0,5
1321,34,39.162,47.173,36.839,92.410,93.959,94.524,59.000,104.000,41.000,42.139,other,0,-1,1,5
1322,28,35.349,39.680,33.013,92.280,93.779,94.301,34.000,103.708,55.000,43.389,other,0,-1,2,5
1323,46,36.347,39.126,33.242,91.861,93.300,94.018,28.000,102.583,67.000,43.528,other,0,-1,3,5
1324,46,44.126,47.196,39.404,91.529,92.911,93.752,46.000,101.708,55.000,42.111,other,0,-1,4,5
1325,50,46.529,48.501,43.746,91.370,92.702,93.523,46.000,101.333,53.000,43.028,other,0,-1,5,5
1326,63,50.862,52.443,50.789,91.299,92.582,93.313,50.000,101.208,68.000,55.167,other,0,-1,6,5
1327,54,59.275,62.161,62.726,91.198,92.433,93.096,63.000,101.000,71.000,63.917,other,0,-1,7,5
1328,69,68.702,67.983,68.606,90.924,92.104,92.843,54.000,100.292,112.000,81.722,other,0,-1,8,5
1329,96,84.910,85.335,84.645,90.273,91.385,92.511,69.000,98.500,123.000,98.167,other,0,-1,9,5
1330,104,103.913,109.990,108.417,89.854,90.905,92.228,96.000,97.375,125.000,102.556,other,0,-1,10,5
1331,115,122.498,125.505,122.555,89.521,90.516,91.962,104.000,96.500,130.000,122.722,other,0,-1,11,5
1332,159,138.526,138.162,136.382,89.276,90.217,91.715,115.000,95.875,171.000,141.028,other,0,-1,12,5
1333,161,156.104,163.020,167.991,89.074,89.963,91.477,159.000,95.375,195.000,161.333,other,0,-1,13,5
1334,156,159.182,161.348,168.436,88.553,89.378,91.173,161.000,93.958,222.000,179.778,other,0,-1,14,5
1335,197,152.835,153.369,159.227,87.569,88.315,90.772,156.000,91.208,161.000,180.472,other,0,-1,15,5
1336,145,150.097,164.220,173.779,88.063,88.780,90.679,197.000,92.708,163.000,165.833,other,0,-1,16,5
1337,128,120.671,127.779,128.054,87.774,88.436,90.423,145.000,91.958,127.000,148.556,other,0,-1,17,5
1338,94,100.269,108.071,103.785,87.760,88.376,90.224,128.000,92.000,133.000,114.861,other,0,-1,18,5
1339,84,83.629,85.784,77.106,87.167,87.717,89.904,94.000,90.375,98.000,90.528,other,0,-1,19,5
1340,76,66.739,69.390,64.205,86.936,87.433,89.660,84.000,89.792,65.000,74.972,other,0,-1,20,5
1341,49,52.147,56.589,55.414,87.067,87.523,89.492,76.000,90.250,80.000,60.444,other,0,-1,21,5
1342,59,42.846,44.065,45.496,86.590,86.984,89.197,49.000,88.958,57.000,52.389,other,0,-1,22,5
1343,42,35.149,42.850,44.214,86.591,86.940,89.001,59.000,89.042,65.000,44.139,other,0,-1,23,5
1344,36,31.407,37.700,39.212,86.230,86.520,88.730,42.000,88.083,59.000,32.472,other,0,-1,0,6
1345,32,32.075,36.761,31.993,86.147,86.372,88.770,36.000,87.125,34.000,34.500,other,0,-1,1,6
1346,16,33.657,38.019,32.861,86.368,86.539,88.873,32.000,87.042,28.000,33.361,other,0,-1,2,6
1347,17,32.137,34.360,32.128,86.445,86.556,88.947,16.000,86.542,46.000,35.222,other,0,-1,3,6
1348,38,34.806,36.342,35.540,86.275,86.317,88.969,17.000,85.333,46.000,34.028,other,0,-1,4,6
1349,31,43.492,46.002,45.168,86.409,86.394,89.054,38.000,85.000,50.000,36.611,other,0,-1,5,6
1350,28,44.593,46.270,49.137,86.384,86.306,89.106,31.000,84.208,63.000,38.694,other,0,-1,6,6
1351,48,51.288,51.278,54.774,86.127,85.978,89.110,28.000,82.750,54.000,47.194,other,0,-1,7,6
1352,55,64.142,66.492,68.873,86.291,86.084,89.201,48.000,82.500,69.000,59.167,other,0,-1,8,6
1353,76,80.271,80.063,79.208,86.338,86.071,89.269,55.000,81.917,96.000,78.778,other,0,-1,9,6
1354,95,99.137,98.750,96.007,86.299,85.968,89.318,76.000,81.083,104.000,101.278,other,0,-1,10,6
1355,143,118.345,115.992,112.284,86.419,86.029,89.400,95.000,80.708,115.000,121.778,other,0,-1,11,6
1356,128,142.064,148.101,146.772,87.075,86.646,89.595,143.000,81.875,159.000,140.833,other,0,-1,12,6
1357,150,147.236,142.962,139.205,86.876,86.378,89.611,128.000,80.583,161.000,148.472,other,0,-1,13,6
1358,137,154.276,153.913,153.362,86.967,86.409,89.687,150.000,80.125,156.000,156.639,other,0,-1,14,6
1359,187,147.811,145.212,140.651,86.942,86.321,89.739,137.000,79.333,197.000,153.306,other,0,-1,15,6
1360,140,146.068,157.436,166.118,87.047,86.368,89.818,187.000,78.917,145.000,133.083,other,0,-1,16,6
1361,138,120.972,125.632,123.401,87.225,86.489,89.913,140.000,78.708,128.000,123.667,other,0,-1,17,6
1362,99,102.421,109.046,107.383,87.620,86.836,90.053,138.000,79.125,94.000,102.583,other,0,-1,18,6
1363,94,85.939,86.027,76.787,87.943,87.107,90.178,99.000,79.333,84.000,79.889,other,0,-1,19,6
1364,63,69.262,70.740,64.355,88.338,87.454,90.318,94.000,79.750,76.000,59.111,other,0,-1,20,6
1365,44,57.750,56.035,50.242,88.400,87.456,90.388,63.000,79.208,49.000,47.306,other,0,-1,21,6
1366,40,48.079,46.406,43.206,88.578,87.577,90.482,44.000,79.000,59.000,35.306,other,0,-1,22,6
1367,36,41.028,42.422,40.595,88.553,87.489,90.535,40.000,78.208,42.000,32.556,other,0,-1,23,6
1368,73,38.145,41.417,39.092,88.716,87.596,90.626,36.000,77.958,36.000,61.343,other,0,-1,0,0
1369,61,51.620,58.105,50.728,89.592,88.470,91.076,73.000,79.500,32.000,59.743,other,0,-1,1,0
1370,50,51.031,57.408,49.550,90.353,89.224,91.503,61.000,80.708,16.000,61.829,other,0,-1,2,0
1371,39,49.619,55.228,49.923,91.185,90.053,91.944,50.000,82.125,17.000,63.543,other,0,-1,3,0
1372,64,47.290,52.227,51.459,91.844,90.703,92.349,39.000,83.042,38.000,60.000,other,0,-1,4,0
1373,44,59.526,66.221,63.518,92.561,91.412,92.766,64.000,84.125,31.000,77.171,other,0,-1,5,0
1374,56,52.735,59.866,64.697,93.090,91.926,93.144,44.000,84.667,28.000,77.686,other,0,-1,6,0
1375,73,60.863,71.132,76.115,93.835,92.666,93.567,56.000,85.833,48.000,91.543,other,0,-1,7,0
1376,86,74.102,88.477,90.793,94.538,93.360,93.981,73.000,86.875,55.000,101.114,other,0,-1,8,0
1377,89,91.120,107.401,104.965,95.327,94.144,94.413,86.000,88.167,76.000,122.829,other,0,-1,9,0
1378,104,109.813,122.069,114.364,95.856,94.659,94.791,89.000,88.708,95.000,137.200,other,0,-1,10,0
1379,121,130.024,137.527,128.347,96.326,95.113,95.156,104.000,89.083,143.000,150.314,other,0,-1,11,0
1380,163,147.380,150.028,142.055,96.348,95.103,95.428,121.000,88.167,128.000,163.229,other,0,-1,12,0
1381,163,168.263,170.623,169.229,97.195,95.947,95.872,163.000,89.625,150.000,172.800,other,0,-1,13,0
1382,229,169.457,168.509,168.067,97.723,96.462,96.250,163.000,90.167,137.000,172.257,other,0,-1,14,0
1383,146,199.805,200.541,207.620,99.396,98.160,96.867,229.000,94.000,187.000,183.343,other,0,-1,15,0
1384,129,151.562,146.861,145.386,99.143,97.865,97.081,146.000,92.292,140.000,162.143,other,0,-1,16,0
1385,180,135.578,129.505,126.237,99.323,98.020,97.386,129.000,91.833,138.000,148.800,other,0,-1,17,0
1386,142,122.716,125.981,140.776,100.272,98.969,97.852,180.000,93.583,99.000,128.829,other,0,-1,18,0
1387,139,98.617,98.587,107.912,101.235,99.933,98.320,142.000,95.375,94.000,110.171,other,0,-1,19,0
1388,109,83.981,85.234,94.416,102.227,100.927,98.795,139.000,97.250,63.000,85.143,other,0,-1,20,0
1389,81,69.884,71.226,76.031,103.234,101.937,99.272,109.000,99.167,44.000,75.143,other,0,-1,21,0
1390,65,60.175,61.441,63.667,104.110,102.811,99.723,81.000,100.708,40.000,65.229,other,0,-1,22,0
1391,69,54.820,57.008,56.943,104.812,103.505,100.137,65.000,101.750,36.000,63.543,other,0,-1,23,0
1392,63,56.924,60.872,56.220,105.631,104.319,100.575,69.000,103.125,73.000,61.694,other,0,-1,0,1
1393,70,55.492,59.420,54.405,105.660,104.371,100.857,63.000,102.708,61.000,62.000,other,0,-1,1,1
1394,68,62.083,65.454,55.533,105.964,104.708,101.197,70.000,103.083,50.000,62.222,other,0,-1,2,1
1395,57,64.797,66.795,56.793,106.399,105.180,101.563,68.000,103.833,39.000,61.389,other,0,-1,3,1
1396,85,61.991,63.459,57.957,106.833,105.652,101.930,57.000,104.583,64.000,63.583,other,0,-1,4,1
1397,61,76.559,77.216,69.750,107.311,106.168,102.306,85.000,105.458,44.000,65.139,other,0,-1,5,1
1398,57,67.192,69.465,70.833,107.732,106.625,102.670,61.000,106.167,56.000,66.417,other,0,-1,6,1
1399,73,73.203,75.030,78.064,107.920,106.842,102.985,57.000,106.208,73.000,77.639,other,0,-1,7,1
1400,80,87.419,91.020,92.655,108.094,107.044,103.298,73.000,106.208,86.000,91.833,other,0,-1,8,1
1401,90,105.116,109.641,105.710,108.181,107.156,103.592,80.000,105.958,89.000,109.944,other,0,-1,9,1
1402,118,125.005,130.231,120.146,108.369,107.373,103.907,90.000,106.000,104.000,131.361,other,0,-1,10,1
1403,170,145.700,149.436,142.294,108.746,107.784,104.262,118.000,106.583,121.000,148.500,other,0,-1,11,1
1404,118,173.675,172.529,176.822,109.630,108.721,104.722,170.000,108.625,163.000,174.389,other,0,-1,12,1
1405,158,166.137,162.349,151.769,109.152,108.248,104.899,118.000,106.750,163.000,191.778,other,0,-1,13,1
1406,188,174.438,172.142,171.829,109.254,108.375,105.196,158.000,106.542,229.000,190.222,other,0,-1,14,1
1407,150,177.467,178.910,182.724,108.834,107.962,105.384,188.000,104.833,146.000,183.056,other,0,-1,15,1
1408,161,158.794,155.898,151.398,109.065,108.224,105.708,150.000,105.000,129.000,168.806,other,0,-1,16,1
1409,132,146.066,145.981,144.972,109.703,108.906,106.118,161.000,106.333,180.000,158.750,other,0,-1,17,1
1410,134,127.810,123.329,119.510,109.182,108.388,106.285,132.000,104.333,142.000,131.639,other,0,-1,18,1
1411,111,109.139,107.435,110.437,109.240,108.470,106.573,134.000,104.000,139.000,103.944,other,0,-1,19,1
1412,80,92.709,89.240,94.036,109.008,108.252,106.800,111.000,102.833,109.000,92.389,other,0,-1,20,1
1413,66,80.126,74.011,77.259,108.762,108.019,107.025,80.000,101.625,81.000,77.389,other,0,-1,21,1
1414,79,69.340,64.949,66.413,108.718,107.996,107.292,66.000,101.000,65.000,64.944,other,0,-1,22,1
1415,48,63.677,66.034,63.488,109.095,108.408,107.647,79.000,101.583,69.000,62.889,other,0,-1,23,1
1416,48,58.390,57.809,51.319,108.965,108.295,107.896,48.000,100.708,63.000,59.639,other,0,-1,0,2
1417,72,57.446,58.486,53.882,108.624,108.003,107.901,48.000,100.083,70.000,64.167,other,0,-1,1,2
1418,67,64.521,68.040,57.313,108.530,107.965,107.958,72.000,100.167,68.000,56.194,other,0,-1,2,2
1419,79,65.756,67.325,56.708,108.392,107.882,108.006,67.000,100.125,57.000,60.528,other,0,-1,3,2
1420,57,73.147,72.928,61.381,108.588,108.144,108.124,79.000,101.042,85.000,62.444,other,0,-1,4,2
1421,46,67.573,65.640,60.479,108.059,107.657,108.090,57.000,99.875,61.000,62.833,other,0,-1,5,2
1422,63,71.435,65.839,63.510,107.718,107.364,108.096,46.000,99.250,57.000,70.472,other,0,-1,6,2
1423,73,82.057,75.437,74.962,107.682,107.386,108.165,63.000,99.500,73.000,78.639,other,0,-1,7,2
1424,78,96.372,87.589,87.219,107.558,107.318,108.216,73.000,99.500,80.000,89.639,other,0,-1,8,2
1425,131,114.266,104.838,99.841,107.406,107.220,108.261,78.000,99.417,90.000,104.833,other,0,-1,9,2
1426,131,136.210,127.186,132.163,107.877,107.767,108.436,131.000,101.125,118.000,127.694,other,0,-1,10,2
1427,180,151.188,145.986,143.964,107.942,107.894,108.527,131.000,101.667,170.000,145.361,other,0,-1,11,2
1428,167,173.749,167.862,175.795,107.963,107.977,108.608,180.000,102.083,118.000,159.222,other,0,-1,12,2
1429,193,172.477,173.590,174.043,108.550,108.643,108.808,167.000,104.125,158.000,182.222,other,0,-1,13,2
1430,190,177.974,184.172,186.266,108.934,109.100,108.964,193.000,105.583,188.000,185.000,other,0,-1,14,2
1431,222,170.619,179.842,178.570,108.839,109.062,109.022,190.000,105.667,150.000,172.750,other,0,-1,15,2
1432,185,171.931,189.102,185.448,109.759,110.074,109.290,222.000,108.667,161.000,158.694,other,0,-1,16,2
1433,142,147.779,158.535,153.765,109.983,110.366,109.414,185.000,109.667,132.000,148.139,other,0,-1,17,2
1434,137,129.892,128.724,121.591,110.005,110.448,109.495,142.000,110.083,134.000,124.722,other,0,-1,18,2
1435,100,111.674,112.545,109.084,109.925,110.425,109.556,137.000,110.208,111.000,108.833,other,0,-1,19,2
1436,112,97.059,90.016,86.559,109.642,110.193,109.573,100.000,109.750,80.000,89.361,other,0,-1,20,2
1437,65,79.849,82.813,82.447,109.983,110.604,109.721,112.000,111.083,66.000,75.500,other,0,-1,21,2
1438,61,71.467,64.342,61.654,109.845,110.522,109.769,65.000,111.042,79.000,67.139,other,0,-1,22,2
1439,66,62.466,59.014,54.681,109.461,110.184,109.766,61.000,110.292,48.000,62.722,other,0,-1,23,2
1440,59,58.313,59.250,51.222,109.598,110.386,109.871,66.000,111.042,48.000,61.389,other,0,-1,0,3
1441,58,56.449,59.965,59.600,109.430,110.265,109.656,59.000,111.500,72.000,64.194,other,0,-1,1,3
1442,54,57.427,60.760,58.020,108.900,109.768,109.365,58.000,110.917,67.000,65.056,other,0,-1,2,3
1443,63,58.695,60.495,57.289,108.384,109.287,109.077,54.000,110.375,79.000,61.583,other,0,-1,3,3
1444,63,63.197,64.587,60.615,107.824,108.761,108.780,63.000,109.708,57.000,61.250,other,0,-1,4,3
1445,57,66.108,65.512,64.008,107.583,108.564,108.550,63.000,109.958,46.000,63.500,other,0,-1,5,3
1446,82,70.554,66.107,67.911,107.415,108.443,108.334,57.000,110.417,63.000,67.778,other,0,-1,6,3
1447,80,81.971,77.505,81.849,107.363,108.441,108.143,82.000,111.208,73.000,79.889,other,0,-1,7,3
1448,80,94.796,86.007,91.104,107.136,108.260,107.916,80.000,111.500,78.000,92.417,other,0,-1,8,3
1449,86,112.727,102.541,102.630,106.838,108.003,107.673,80.000,111.583,131.000,115.000,other,0,-1,9,3
1450,112,131.388,125.681,117.209,105.858,107.042,107.288,86.000,109.708,131.000,126.583,other,0,-1,10,3
1451,114,147.743,147.287,138.877,105.255,106.471,106.982,112.000,108.917,180.000,145.861,other,0,-1,11,3
1452,207,159.396,159.272,149.053,103.971,105.195,106.534,114.000,106.167,167.000,168.111,other,0,-1,12,3
1453,163,186.844,191.448,193.200,104.223,105.508,106.406,207.000,107.833,193.000,177.472,other,0,-1,13,3
1454,223,171.491,172.710,172.978,103.461,104.772,106.067,163.000,106.583,190.000,176.694,other,0,-1,14,3
1455,194,184.734,196.624,195.994,103.611,104.980,105.918,223.000,107.958,222.000,173.972,other,0,-1,15,3
1456,151,161.089,172.053,172.562,102.878,104.274,105.584,194.000,106.792,185.000,162.111,other,0,-1,16,3
1457,143,139.731,142.617,140.990,102.058,103.478,105.233,151.000,105.375,142.000,150.028,other,0,-1,17,3
1458,110,121.629,126.439,125.504,101.744,103.207,104.987,143.000,105.417,137.000,132.389,other,0,-1,18,3
1459,108,104.784,102.912,101.538,101.026,102.515,104.657,110.000,104.292,100.000,108.528,other,0,-1,19,3
1460,79,86.158,89.267,91.151,100.814,102.349,104.433,108.000,104.625,112.000,100.083,other,0,-1,20,3
1461,81,73.102,70.729,74.368,100.008,101.568,104.084,79.000,103.250,65.000,85.306,other,0,-1,21,3
1462,57,59.369,63.614,68.317,99.912,101.521,103.884,81.000,103.917,61.000,74.778,other,0,-1,22,3
1463,60,51.941,52.032,57.686,99.527,101.175,103.623,57.000,103.750,66.000,70.444,other,0,-1,23,3
1464,46,46.689,50.404,54.432,99.112,100.798,103.356,60.000,103.500,59.000,60.917,other,0,-1,0,4
1465,45,43.621,48.859,48.312,98.638,100.314,102.956,46.000,102.958,58.000,56.972,other,0,-1,1,4
1466,56,44.595,49.775,47.216,98.165,99.830,102.555,45.000,102.417,54.000,51.583,other,0,-1,2,4
1467,56,49.657,55.230,49.583,97.908,99.570,102.200,56.000,102.500,63.000,54.556,other,0,-1,3,4
1468,56,52.195,56.244,51.546,97.522,99.176,101.818,56.000,102.208,63.000,57.139,other,0,-1,4,4
1469,50,54.844,57.333,55.266,97.135,98.782,101.436,56.000,101.917,57.000,54.694,other,0,-1,5,4
1470,44,58.318,57.918,59.494,96.748,98.387,101.053,50.000,101.625,82.000,65.167,other,0,-1,6,4
1471,70,67.432,62.655,65.438,95.912,97.528,100.577,44.000,100.042,80.000,74.667,other,0,-1,7,4
1472,89,80.934,79.232,83.320,95.482,97.089,100.186,70.000,99.625,80.000,86.667,other,0,-1,8,4
1473,92,98.118,100.107,102.869,95.327,96.935,99.852,89.000,100.000,86.000,109.861,other,0,-1,9,4
1474,130,117.422,121.278,117.581,95.129,96.735,99.509,92.000,100.250,112.000,125.222,other,0,-1,10,4
1475,123,137.312,149.543,147.044,95.104,96.716,99.202,130.000,101.000,114.000,147.361,other,0,-1,11,4
1476,163,151.231,156.319,152.979,94.949,96.561,98.868,123.000,101.375,207.000,161.111,other,0,-1,12,4
1477,158,166.577,172.886,176.296,94.027,95.612,98.374,163.000,99.542,163.000,174.694,other,0,-1,13,4
1478,159,168.467,166.736,172.719,93.669,95.248,97.998,158.000,99.333,223.000,178.167,other,0,-1,14,4
1479,202,163.683,160.173,166.249,92.456,93.999,97.443,159.000,96.667,194.000,172.583,other,0,-1,15,4
1480,163,160.676,171.531,177.612,92.287,93.830,97.106,202.000,97.000,151.000,165.472,other,0,-1,16,4
1481,164,132.233,139.694,144.818,92.175,93.720,96.781,163.000,97.500,143.000,138.861,other,0,-1,17,4
1482,118,110.322,126.381,130.887,92.194,93.746,96.484,164.000,98.375,110.000,121.333,other,0,-1,18,4
1483,118,89.917,96.909,99.046,92.025,93.576,96.147,118.000,98.708,108.000,101.944,other,0,-1,19,4
1484,86,71.226,84.392,88.286,91.884,93.437,95.816,118.000,99.125,79.000,84.222,other,0,-1,20,4
1485,78,58.456,65.160,70.613,91.701,93.252,95.476,86.000,99.417,81.000,70.889,other,0,-1,21,4
1486,64,46.915,55.894,62.380,91.372,92.918,95.106,78.000,99.292,57.000,63.889,other,0,-1,22,4
1487,69,39.621,47.904,54.581,91.188,92.733,94.766,64.000,99.583,60.000,57.111,other,0,-1,23,4
1488,39,36.811,48.583,52.013,91.033,92.579,94.432,69.000,99.958,46.000,38.722,other,0,-1,0,5
1489,39,33.744,40.747,30.859,90.903,92.400,94.209,39.000,99.667,45.000,42.139,other,0,-1,1,5
1490,54,35.712,42.521,31.367,90.788,92.235,93.989,39.000,99.417,56.000,43.389,other,0,-1,2,5
1491,29,43.696,50.354,35.949,90.731,92.131,93.782,54.000,99.333,56.000,43.528,other,0,-1,3,5
1492,46,38.285,41.653,33.961,90.312,91.652,93.498,29.000,98.208,56.000,42.111,other,0,-1,4,5
1493,44,45.724,49.208,42.126,90.139,91.427,93.266,46.000,97.792,50.000,43.028,other,0,-1,5,5
1494,57,48.585,50.815,47.850,90.024,91.263,93.046,44.000,97.542,44.000,55.167,other,0,-1,6,5
1495,57,57.233,60.306,59.833,90.184,91.383,92.884,57.000,98.083,70.000,63.917,other,0,-1,7,5
1496,44,67.822,69.080,69.289,89.968,91.114,92.643,57.000,97.542,89.000,81.722,other,0,-1,8,5
1497,92,84.976,78.362,74.005,89.288,90.365,92.305,44.000,95.667,92.000,98.167,other,0,-1,9,5
1498,119,102.858,108.239,106.554,89.260,90.291,92.104,92.000,95.667,130.000,102.556,other,0,-1,10,5
1499,155,123.256,132.876,131.807,89.072,90.051,91.869,119.000,95.208,123.000,122.722,other,0,-1,11,5
1500,109,146.072,160.044,162.163,89.508,90.457,91.764,155.000,96.542,163.000,141.028,other,0,-1,12,5
1501,158,146.193,139.521,137.365,88.697,89.573,91.399,109.000,94.292,158.000,161.333,other,0,-1,13,5
1502,174,157.956,159.783,167.063,88.669,89.498,91.197,158.000,94.292,159.000,179.778,other,0,-1,14,5
1503,181,156.966,161.865,171.398,88.858,89.649,91.041,174.000,94.917,202.000,180.472,other,0,-1,15,5
1504,104,144.890,155.310,164.081,88.526,89.260,90.776,181.000,94.042,163.000,165.833,other,0,-1,16,5
1505,132,120.211,117.918,108.171,87.643,88.301,90.395,104.000,91.583,164.000,148.556,other,0,-1,17,5
1506,133,100.316,109.234,105.574,87.152,87.747,90.097,132.000,90.250,118.000,114.861,other,0,-1,18,5
1507,87,80.561,94.045,91.016,87.341,87.897,89.941,133.000,90.875,118.000,90.528,other,0,-1,19,5
1508,83,66.641,70.360,65.096,86.864,87.358,89.645,87.000,89.583,86.000,74.972,other,0,-1,20,5
1509,58,51.844,58.636,57.145,86.792,87.238,89.434,83.000,89.458,78.000,60.444,other,0,-1,21,5
1510,59,42.480,46.527,47.352,86.474,86.864,89.172,58.000,88.625,64.000,52.389,other,0,-1,22,5
1511,39,35.478,43.821,44.441,86.374,86.715,88.956,59.000,88.417,69.000,44.139,other,0,-1,23,5
1512,33,31.559,37.813,38.961,85.911,86.191,88.663,39.000,87.167,39.000,32.472,other,0,-1,0,6
1513,19,31.725,37.020,31.563,86.074,86.297,88.755,33.000,86.917,39.000,34.500,other,0,-1,1,6
1514,16,30.863,34.630,30.448,86.035,86.194,88.804,19.000,86.083,54.000,33.361,other,0,-1,2,6
1515,19,32.404,35.405,31.986,85.735,85.821,88.798,16.000,84.500,29.000,35.222,other,0,-1,3,6
1516,27,35.476,37.985,35.830,85.840,85.868,88.878,19.000,84.083,46.000,34.028,other,0,-1,4,6
1517,37,40.145,42.576,42.142,85.815,85.779,88.930,27.000,83.292,44.000,36.611,other,0,-1,5,6
1518,26,46.084,49.091,50.644,85.964,85.871,89.018,37.000,83.000,57.000,38.694,other,0,-1,6,6
1519,55,51.351,51.264,53.991,85.765,85.603,89.034,26.000,81.708,57.000,47.194,other,0,-1,7,6
1520,63,64.771,69.322,71.399,85.987,85.769,89.138,55.000,81.625,44.000,59.167,other,0,-1,8,6
1521,104,80.547,83.400,82.608,86.512,86.251,89.305,63.000,82.417,92.000,78.778,other,0,-1,9,6
1522,86,102.584,112.993,110.769,86.936,86.627,89.451,104.000,82.917,119.000,101.278,other,0,-1,10,6
1523,129,117.599,112.320,107.462,86.708,86.329,89.461,86.000,81.542,155.000,121.778,other,0,-1,11,6
1524,143,137.656,140.199,137.735,86.582,86.136,89.492,129.000,80.458,109.000,140.833,other,0,-1,12,6
1525,136,150.289,150.624,149.466,87.325,86.842,89.704,143.000,81.875,158.000,148.472,other,0,-1,13,6
1526,154,151.657,148.017,144.098,87.256,86.709,89.747,136.000,80.958,174.000,156.639,other,0,-1,14,6
1527,162,150.093,152.027,152.091,87.217,86.606,89.797,154.000,80.125,181.000,153.306,other,0,-1,15,6
1528,139,139.557,146.440,149.116,87.192,86.518,89.849,162.000,79.333,104.000,133.083,other,0,-1,16,6
1529,99,120.768,125.835,122.766,87.949,87.239,90.064,139.000,80.792,132.000,123.667,other,0,-1,17,6
1530,79,104.608,103.197,89.842,87.722,86.941,90.074,99.000,79.417,133.000,102.583,other,0,-1,18,6
1531,89,89.074,84.961,70.964,87.190,86.328,90.020,79.000,77.167,87.000,79.889,other,0,-1,19,6
1532,38,70.236,70.682,64.033,87.469,86.554,90.136,89.000,77.250,83.000,59.111,other,0,-1,20,6
1533,49,61.708,54.542,46.495,87.067,86.076,90.110,38.000,75.375,58.000,47.306,other,0,-1,21,6
1534,24,48.084,47.210,45.259,87.187,86.138,90.192,49.000,75.000,59.000,35.306,other,0,-1,22,6
1535,32,41.767,39.473,39.191,86.930,85.810,90.196,24.000,73.542,39.000,32.556,other,0,-1,23,6
1536,43,38.040,40.050,39.618,87.079,85.902,90.284,32.000,73.250,33.000,61.343,other,0,-1,0,0
1537,57,40.896,44.495,45.450,87.564,86.371,90.653,43.000,73.667,19.000,59.743,other,0,-1,1,0
1538,86,49.422,54.721,49.662,88.455,87.260,91.106,57.000,75.250,16.000,61.829,other,0,-1,2,0
1539,67,71.065,75.121,60.036,89.809,88.629,91.656,86.000,78.167,19.000,63.543,other,0,-1,3,0
1540,72,61.013,66.011,59.642,90.845,89.668,92.140,67.000,80.167,27.000,60.000,other,0,-1,4,0
1541,80,64.429,70.645,67.050,91.837,90.662,92.615,72.000,82.042,37.000,77.171,other,0,-1,5,0
1542,72,68.636,77.723,77.024,92.800,91.627,93.083,80.000,83.833,26.000,77.686,other,0,-1,6,0
1543,63,65.964,78.673,82.509,93.806,92.636,93.561,72.000,85.750,55.000,91.543,other,0,-1,7,0
1544,83,72.394,85.241,87.548,94.263,93.075,93.923,63.000,86.083,63.000,101.114,other,0,-1,8,0
1545,95,90.520,106.783,103.961,94.892,93.695,94.322,83.000,86.917,104.000,122.829,other,0,-1,9,0
1546,128,110.395,124.737,117.221,95.102,93.879,94.633,95.000,86.542,86.000,137.200,other,0,-1,10,0
1547,157,135.141,148.146,140.995,96.051,94.828,95.099,128.000,88.292,129.000,150.314,other,0,-1,11,0
1548,171,158.502,167.185,162.780,96.797,95.568,95.522,157.000,89.458,143.000,163.229,other,0,-1,12,0
1549,156,171.163,175.273,173.703,97.543,96.307,95.945,171.000,90.625,136.000,172.800,other,0,-1,13,0
1550,183,167.750,165.719,163.120,98.172,96.926,96.344,156.000,91.458,154.000,172.257,other,0,-1,14,0
1551,175,170.311,172.211,176.056,98.933,97.681,96.770,183.000,92.667,162.000,183.343,other,0,-1,15,0
1552,151,156.132,157.783,163.138,99.461,98.195,97.148,175.000,93.208,139.000,162.143,other,0,-1,16,0
1553,117,136.839,135.384,138.522,99.975,98.694,97.522,151.000,93.708,99.000,148.800,other,0,-1,17,0
1554,130,118.879,112.369,110.386,100.576,99.284,97.915,117.000,94.458,79.000,128.829,other,0,-1,18,0
1555,113,99.179,97.494,104.259,101.655,100.368,98.408,130.000,96.583,89.000,110.171,other,0,-1,19,0
1556,100,82.873,80.890,87.370,102.343,101.047,98.819,113.000,97.583,38.000,85.143,other,0,-1,20,0
1557,75,70.188,69.845,75.369,103.581,102.296,99.345,100.000,100.167,49.000,75.143,other,0,-1,21,0
1558,57,60.901,60.418,63.883,104.298,103.006,99.762,75.000,101.250,24.000,65.229,other,0,-1,22,0
1559,52,54.967,54.955,56.934,105.116,103.820,100.200,57.000,102.625,32.000,63.543,other,0,-1,23,0
1560,63,53.290,54.565,54.201,105.746,104.439,100.599,52.000,103.458,43.000,61.694,other,0,-1,0,1
1561,76,56.036,59.077,56.326,106.210,104.941,100.972,63.000,104.292,57.000,62.000,other,0,-1,1,1
1562,44,65.441,67.719,58.794,106.659,105.428,101.342,76.000,105.083,86.000,62.222,other,0,-1,2,1
1563,65,55.834,56.618,53.511,106.225,105.000,101.527,44.000,103.333,67.000,61.389,other,0,-1,3,1
1564,44,65.762,66.417,60.936,106.370,105.172,101.833,65.000,103.250,72.000,63.583,other,0,-1,4,1
1565,61,59.934,60.230,61.098,106.138,104.954,102.061,44.000,102.083,80.000,65.139,other,0,-1,5,1
1566,61,67.114,69.265,71.544,106.037,104.871,102.316,61.000,101.292,72.000,66.417,other,0,-1,6,1
1567,84,73.619,75.998,79.676,106.051,104.908,102.595,61.000,100.833,63.000,77.639,other,0,-1,7,1
1568,89,88.653,93.694,96.714,106.529,105.425,102.971,84.000,101.708,83.000,91.833,other,0,-1,8,1
1569,80,105.519,111.210,109.241,106.790,105.717,103.301,89.000,101.958,95.000,109.944,other,0,-1,9,1
1570,135,124.609,129.440,115.742,106.747,105.694,103.568,80.000,101.333,128.000,131.361,other,0,-1,10,1
1571,149,148.611,152.754,150.351,107.022,106.000,103.902,135.000,101.625,157.000,148.500,other,0,-1,11,1
1572,129,164.506,165.740,164.724,107.080,106.082,104.190,149.000,101.292,171.000,174.389,other,0,-1,12,1
1573,196,167.260,164.790,156.954,106.646,105.655,104.375,129.000,99.542,156.000,191.778,other,0,-1,13,1
1574,192,187.322,187.474,193.247,107.399,106.456,104.808,196.000,101.208,183.000,190.222,other,0,-1,14,1
1575,187,178.336,180.328,184.708,107.704,106.793,105.148,192.000,101.583,175.000,183.056,other,0,-1,15,1
1576,180,165.550,168.277,171.573,108.051,107.175,105.497,187.000,102.083,151.000,168.806,other,0,-1,16,1
1577,150,149.118,151.564,154.944,108.645,107.811,105.897,180.000,103.292,117.000,158.750,other,0,-1,17,1
1578,122,128.376,125.891,127.043,109.297,108.508,106.309,150.000,104.667,130.000,131.639,other,0,-1,18,1
1579,81,110.152,103.867,104.970,109.355,108.590,106.597,122.000,104.333,113.000,103.944,other,0,-1,19,1
1580,82,96.103,84.396,83.460,109.066,108.312,106.813,81.000,103.000,100.000,92.389,other,0,-1,20,1
1581,65,80.081,72.576,76.700,108.979,108.244,107.070,82.000,102.250,75.000,77.389,other,0,-1,21,1
1582,77,69.509,63.057,65.036,109.008,108.296,107.353,65.000,101.833,57.000,64.944,other,0,-1,22,1
1583,59,63.664,63.463,61.907,109.472,108.798,107.725,77.000,102.667,52.000,62.889,other,0,-1,23,1
1584,46,59.896,59.034,53.127,109.747,109.105,108.059,59.000,102.958,63.000,59.639,other,0,-1,0,2
1585,72,57.591,56.578,53.037,109.378,108.782,108.059,46.000,102.250,76.000,64.167,other,0,-1,1,2
1586,59,64.825,66.578,56.747,109.196,108.654,108.097,72.000,102.083,44.000,56.194,other,0,-1,2,2
1587,64,63.486,63.097,54.757,109.290,108.812,108.194,59.000,102.708,65.000,60.528,other,0,-1,3,2
1588,62,67.415,65.917,57.808,109.153,108.729,108.242,64.000,102.667,44.000,62.444,other,0,-1,4,2
1589,53,69.332,66.409,61.319,109.290,108.931,108.348,62.000,103.417,61.000,62.833,other,0,-1,5,2
1590,70,72.599,66.793,64.943,109.051,108.743,108.374,53.000,103.083,61.000,70.472,other,0,-1,6,2
1591,94,83.369,76.479,76.734,109.058,108.810,108.453,70.000,103.458,84.000,78.639,other,0,-1,7,2
1592,98,98.950,90.757,93.742,109.079,108.892,108.534,94.000,103.875,89.000,89.639,other,0,-1,8,2
1593,115,115.506,105.811,106.885,109.087,108.959,108.612,98.000,104.250,80.000,104.833,other,0,-1,9,2
1594,133,134.629,126.249,125.826,109.470,109.416,108.769,115.000,105.708,135.000,127.694,other,0,-1,10,2
1595,195,152.265,146.318,145.098,109.318,109.319,108.814,133.000,105.625,149.000,145.361,other,0,-1,11,2
1596,190,180.867,172.818,183.501,109.861,109.940,109.004,195.000,107.542,129.000,159.222,other,0,-1,12,2
1597,165,179.429,180.737,185.851,110.621,110.787,109.240,190.000,110.083,196.000,182.222,other,0,-1,13,2
1598,193,171.426,174.741,172.321,110.049,110.254,109.197,165.000,108.792,192.000,185.000,other,0,-1,14,2
1599,162,171.805,181.230,180.267,109.940,110.202,109.251,193.000,108.833,187.000,172.750,other,0,-1,15,2
1600,187,157.545,161.416,154.473,109.455,109.759,109.227,162.000,107.792,180.000,158.694,other,0,-1,16,2
1601,128,147.229,159.780,154.831,109.433,109.796,109.299,187.000,108.083,150.000,148.139,other,0,-1,17,2
1602,133,130.586,125.914,116.264,108.991,109.399,109.284,128.000,107.167,122.000,124.722,other,0,-1,18,2
1603,109,111.797,112.129,108.579,109.027,109.496,109.368,133.000,107.625,81.000,108.833,other,0,-1,19,2
1604,102,96.047,92.820,90.898,109.309,109.848,109.504,109.000,108.792,82.000,89.361,other,0,-1,20,2
1605,84,80.631,80.850,80.774,109.476,110.080,109.615,102.000,109.625,65.000,75.500,other,0,-1,21,2
1606,81,69.881,69.620,68.331,109.628,110.297,109.724,84.000,110.417,77.000,67.139,other,0,-1,22,2
1607,70,62.480,65.710,61.275,109.562,110.289,109.787,81.000,110.583,59.000,62.722,other,0,-1,23,2
1608,62,58.839,61.750,53.907,109.598,110.386,109.871,70.000,111.042,46.000,61.389,other,0,-1,0,3
1609,74,56.976,61.972,62.184,109.502,110.339,109.671,62.000,111.708,72.000,64.194,other,0,-1,1,3
1610,64,61.489,67.851,63.108,109.204,110.083,109.429,74.000,111.792,59.000,65.056,other,0,-1,2,3
1611,64,61.214,64.963,61.028,108.948,109.872,109.195,64.000,112.000,64.000,61.583,other,0,-1,3,3
1612,61,63.593,65.643,62.472,108.621,109.585,108.946,64.000,112.000,62.000,61.250,other,0,-1,4,3
1613,58,65.688,65.349,64.947,108.279,109.284,108.695,61.000,111.958,53.000,63.500,other,0,-1,5,3
1614,71,70.457,66.680,69.186,108.023,109.072,108.461,58.000,112.167,70.000,67.778,other,0,-1,6,3
1615,74,80.435,74.829,79.482,107.710,108.801,108.216,71.000,112.208,94.000,79.889,other,0,-1,7,3
1616,82,94.245,85.037,89.479,107.093,108.215,107.906,74.000,111.375,98.000,92.417,other,0,-1,8,3
1617,114,111.914,102.494,103.066,106.533,107.688,107.609,82.000,110.708,115.000,115.000,other,0,-1,9,3
1618,107,130.232,126.269,126.754,106.191,107.387,107.358,114.000,110.667,133.000,126.583,other,0,-1,10,3
1619,172,146.891,146.920,136.032,105.487,106.711,107.030,107.000,109.583,195.000,145.861,other,0,-1,11,3
1620,196,167.175,170.559,171.414,104.826,106.079,106.712,172.000,108.625,190.000,168.111,other,0,-1,12,3
1621,112,180.346,186.044,186.884,104.585,105.883,106.482,196.000,108.875,165.000,177.472,other,0,-1,13,3
1622,178,164.426,158.791,150.455,103.490,104.802,106.073,112.000,106.667,193.000,176.694,other,0,-1,14,3
1623,180,167.897,172.857,172.730,102.945,104.291,105.779,178.000,106.042,162.000,173.972,other,0,-1,15,3
1624,161,157.411,165.240,165.002,102.878,104.274,105.584,180.000,106.792,187.000,162.111,other,0,-1,16,3
1625,117,139.463,146.306,145.054,102.173,103.598,105.257,161.000,105.708,128.000,150.028,other,0,-1,17,3
1626,142,122.362,120.020,115.185,101.686,103.147,104.975,117.000,105.250,133.000,132.389,other,0,-1,18,3
1627,123,101.551,114.057,114.296,101.489,102.995,104.754,142.000,105.625,109.000,108.528,other,0,-1,19,3
1628,122,84.369,95.965,97.220,101.364,102.919,104.548,123.000,106.208,102.000,100.083,other,0,-1,20,3
1629,66,68.927,88.415,88.192,101.326,102.932,104.359,122.000,107.042,84.000,85.306,other,0,-1,21,3
1630,84,61.429,61.382,65.658,100.738,102.376,104.056,66.000,106.292,81.000,74.778,other,0,-1,22,3
1631,73,51.511,62.635,64.640,100.454,102.134,103.817,84.000,106.417,70.000,70.444,other,0,-1,23,3
1632,41,47.719,56.715,57.980,100.169,101.893,103.577,73.000,106.542,62.000,60.917,other,0,-1,0,4
1633,48,43.825,49.387,47.958,99.580,101.289,103.152,41.000,105.667,74.000,56.972,other,0,-1,1,4
1634,55,45.566,52.811,48.194,98.918,100.609,102.713,48.000,104.583,64.000,51.583,other,0,-1,2,4
1635,58,49.516,56.611,49.843,98.502,100.185,102.324,55.000,104.208,64.000,54.556,other,0,-1,3,4
1636,50,52.830,58.540,52.369,98.130,99.806,101.945,58.000,103.958,61.000,57.139,other,0,-1,4,4
1637,70,53.452,56.386,54.283,97.685,99.351,101.551,50.000,103.500,58.000,54.694,other,0,-1,5,4
1638,81,61.897,65.395,64.907,97.574,99.242,101.226,70.000,104.000,71.000,65.167,other,0,-1,6,4
1639,79,70.155,73.435,76.511,97.433,99.103,100.895,81.000,104.417,74.000,74.667,other,0,-1,7,4
1640,87,80.821,81.729,86.534,97.220,98.888,100.549,79.000,104.625,82.000,86.667,other,0,-1,8,4
1641,93,97.697,99.462,101.873,97.008,98.674,100.203,87.000,104.833,114.000,109.861,other,0,-1,9,4
1642,117,116.843,121.128,117.454,96.418,98.069,99.778,93.000,103.958,107.000,125.222,other,0,-1,10,4
1643,160,135.602,144.831,140.144,96.278,97.930,99.447,117.000,104.375,172.000,147.361,other,0,-1,11,4
1644,216,156.854,169.976,169.567,95.818,97.461,99.050,160.000,103.875,196.000,161.111,other,0,-1,12,4
1645,174,190.189,204.504,202.532,95.823,97.471,98.749,216.000,104.708,112.000,174.694,other,0,-1,13,4
1646,184,171.868,174.485,180.337,96.436,98.111,98.576,174.000,107.292,178.000,178.167,other,0,-1,14,4
1647,137,169.452,172.200,179.304,96.237,97.912,98.233,184.000,107.542,180.000,172.583,other,0,-1,15,4
1648,145,150.092,143.267,145.690,95.329,96.978,97.742,137.000,105.750,161.000,165.472,other,0,-1,16,4
1649,116,132.114,133.433,136.477,94.812,96.449,97.332,145.000,105.083,117.000,138.861,other,0,-1,17,4
1650,121,112.506,111.414,111.270,94.512,96.144,96.968,116.000,105.042,142.000,121.333,other,0,-1,18,4
1651,91,91.652,97.875,101.510,93.923,95.540,96.543,121.000,104.167,123.000,101.944,other,0,-1,19,4
1652,84,76.614,77.316,82.356,93.174,94.771,96.085,91.000,102.833,122.000,84.222,other,0,-1,20,4
1653,91,60.654,64.734,73.368,92.338,93.912,95.609,84.000,101.250,66.000,70.889,other,0,-1,21,4
1654,64,47.611,60.619,69.429,92.415,93.997,95.324,91.000,102.292,84.000,63.889,other,0,-1,22,4
1655,62,40.812,48.064,59.073,91.840,93.408,94.902,64.000,101.458,73.000,57.111,other,0,-1,23,4
1656,39,36.916,46.157,55.423,91.395,92.954,94.508,62.000,101.000,41.000,38.722,other,0,-1,0,5
1657,39,34.602,40.852,35.035,91.338,92.849,94.300,39.000,100.917,48.000,42.139,other,0,-1,1,5
1658,38,36.450,42.636,35.379,91.179,92.640,94.071,39.000,100.542,55.000,43.389,other,0,-1,2,5
1659,52,38.795,43.808,36.497,90.905,92.311,93.818,38.000,99.833,58.000,43.528,other,0,-1,3,5
1660,40,46.312,50.779,42.079,90.790,92.146,93.598,52.000,99.583,50.000,42.111,other,0,-1,4,5
1661,43,44.667,47.009,43.408,90.617,91.922,93.366,40.000,99.167,70.000,43.028,other,0,-1,5,5
1662,44,49.203,50.511,49.627,90.198,91.443,93.083,43.000,98.042,81.000,55.167,other,0,-1,6,5
1663,74,56.479,56.029,56.861,89.634,90.814,92.769,44.000,96.500,79.000,63.917,other,0,-1,7,5
1664,84,70.099,74.962,76.602,89.533,90.664,92.552,74.000,96.292,87.000,81.722,other,0,-1,8,5
1665,79,85.386,91.105,91.392,89.462,90.545,92.342,84.000,96.167,93.000,98.167,other,0,-1,9,5
1666,108,104.169,103.071,99.136,89.231,90.261,92.098,79.000,95.583,117.000,102.556,other,0,-1,10,5
1667,133,123.012,127.444,124.059,89.072,90.051,91.869,108.000,95.208,160.000,122.722,other,0,-1,11,5
1668,102,140.681,147.087,146.447,88.653,89.572,91.585,133.000,94.083,216.000,141.028,other,0,-1,12,5
1669,185,146.239,137.152,131.657,86.974,87.789,91.039,102.000,89.333,174.000,161.333,other,0,-1,13,5
1670,161,166.008,175.387,183.173,87.105,87.879,90.870,185.000,89.792,184.000,179.778,other,0,-1,14,5
1671,159,153.389,155.691,161.790,86.743,87.460,90.599,161.000,88.833,137.000,180.472,other,0,-1,15,5
1672,124,140.249,145.622,150.174,87.034,87.715,90.464,159.000,89.750,145.000,165.833,other,0,-1,16,5
1673,122,120.138,122.492,117.291,86.702,87.326,90.199,124.000,88.875,116.000,148.556,other,0,-1,17,5
1674,97,100.405,107.286,101.221,86.761,87.342,90.015,122.000,89.125,121.000,114.861,other,0,-1,18,5
1675,79,83.184,86.900,78.291,86.385,86.908,89.741,97.000,88.125,91.000,90.528,other,0,-1,19,5
1676,57,67.320,69.451,63.212,86.183,86.653,89.503,79.000,87.625,84.000,74.972,other,0,-1,20,5
1677,48,54.445,54.332,51.722,85.764,86.174,89.220,57.000,86.500,91.000,60.444,other,0,-1,21,5
1678,52,42.864,44.406,45.786,85.113,85.455,88.888,48.000,84.708,64.000,52.389,other,0,-1,22,5
1679,47,34.850,41.342,43.518,84.911,85.201,88.650,52.000,84.208,62.000,44.139,other,0,-1,23,5
1680,30,31.765,39.604,40.574,84.665,84.901,88.403,47.000,83.583,39.000,32.472,other,0,-1,0,6
1681,30,30.776,35.249,31.452,84.785,84.963,88.485,30.000,83.208,39.000,34.500,other,0,-1,1,6
1682,25,33.046,37.750,32.951,84.905,85.025,88.568,30.000,82.833,38.000,33.361,other,0,-1,2,6
1683,32,34.339,37.958,34.336,84.967,85.026,88.638,25.000,82.292,52.000,35.222,other,0,-1,3,6
1684,30,39.077,42.336,39.325,84.928,84.923,88.687,32.000,81.458,40.000,34.028,other,0,-1,4,6
1685,29,40.768,43.277,43.510,85.033,84.970,88.767,30.000,81.042,43.000,36.611,other,0,-1,5,6
1686,32,44.068,46.007,48.902,85.080,84.957,88.834,29.000,80.458,44.000,38.694,other,0,-1,6,6
1687,58,51.439,52.869,56.286,85.157,84.973,88.907,32.000,79.958,74.000,47.194,other,0,-1,7,6
1688,60,64.900,70.468,72.904,85.175,84.930,88.969,58.000,79.292,84.000,59.167,other,0,-1,8,6
1689,67,80.060,82.168,81.335,85.078,84.767,89.006,60.000,78.292,79.000,78.778,other,0,-1,9,6
1690,94,98.827,95.515,91.464,85.154,84.783,89.079,67.000,77.792,108.000,101.278,other,0,-1,10,6
1691,91,117.967,115.847,111.381,85.202,84.770,89.146,94.000,77.208,133.000,121.778,other,0,-1,11,6
1692,125,132.195,121.863,113.959,84.844,84.337,89.129,91.000,75.458,102.000,140.833,other,0,-1,12,6
1693,139,146.456,141.849,136.737,85.427,84.879,89.308,125.000,76.417,185.000,148.472,other,0,-1,13,6
1694,140,151.282,149.568,145.335,85.011,84.386,89.279,139.000,74.500,161.000,156.639,other,0,-1,14,6
1695,144,147.153,147.047,142.166,84.957,84.267,89.325,140.000,73.625,159.000,153.306,other,0,-1,15,6
1696,122,136.401,140.569,137.211,84.990,84.239,89.389,144.000,73.000,124.000,133.083,other,0,-1,16,6
1697,127,119.836,122.620,113.465,85.211,84.406,89.493,122.000,72.917,122.000,123.667,other,0,-1,17,6
1698,72,101.578,108.045,102.273,85.534,84.677,89.617,127.000,73.125,97.000,102.583,other,0,-1,18,6
1699,67,88.444,84.951,68.475,85.422,84.499,89.651,72.000,72.083,79.000,79.889,other,0,-1,19,6
1700,52,71.565,69.066,57.980,85.499,84.516,89.725,67.000,71.583,57.000,59.111,other,0,-1,20,6
1701,50,58.121,55.628,48.690,85.677,84.637,89.819,52.000,71.375,48.000,47.306,other,0,-1,21,6
1702,46,46.642,47.717,45.013,85.956,84.864,89.935,50.000,71.458,52.000,35.306,other,0,-1,22,6
1703,20,40.178,44.093,42.572,86.119,84.970,90.026,46.000,71.208,47.000,32.556,other,0,-1,23,6
1704,64,36.096,37.753,37.431,85.978,84.762,90.054,20.000,70.083,30.000,61.343,other,0,-1,0,0
1705,54,47.067,54.183,50.326,86.811,85.592,90.496,64.000,71.500,30.000,59.743,other,0,-1,1,0
1706,49,47.367,54.335,49.487,87.499,86.271,90.907,54.000,72.500,25.000,61.829,other,0,-1,2,0
1707,49,48.724,55.089,51.067,88.187,86.950,91.318,49.000,73.500,32.000,63.543,other,0,-1,3,0
1708,60,50.924,57.176,55.129,88.773,87.525,91.707,49.000,74.208,30.000,60.000,other,0,-1,4,0
1709,52,57.105,64.570,63.639,89.548,88.294,92.137,60.000,75.458,29.000,77.171,other,0,-1,5,0
1710,55,54.568,63.660,68.079,90.221,88.958,92.545,52.000,76.417,32.000,77.686,other,0,-1,6,0
1711,67,60.003,71.269,76.591,90.895,89.623,92.953,55.000,77.375,58.000,91.543,other,0,-1,7,0
1712,91,72.183,86.642,89.009,91.365,90.077,93.318,67.000,77.750,60.000,101.114,other,0,-1,8,0
1713,104,91.422,110.035,107.411,92.155,90.861,93.750,91.000,79.042,67.000,122.829,other,0,-1,9,0
1714,113,111.509,128.550,121.559,93.031,91.735,94.201,104.000,80.583,94.000,137.200,other,0,-1,10,0
1715,126,130.831,141.662,132.758,93.646,92.340,94.597,113.000,81.375,91.000,150.314,other,0,-1,11,0
1716,143,148.124,152.382,144.398,94.493,93.184,95.041,126.000,82.833,125.000,163.229,other,0,-1,12,0
1717,168,161.214,161.660,156.259,95.094,93.773,95.434,143.000,83.583,139.000,172.800,other,0,-1,13,0
1718,178,170.471,171.214,170.740,95.855,94.528,95.860,168.000,84.792,140.000,172.257,other,0,-1,14,0
1719,198,168.285,169.710,172.731,96.745,95.417,96.313,178.000,86.375,144.000,183.343,other,0,-1,15,0
1720,192,163.538,168.261,177.758,97.868,96.546,96.815,198.000,88.625,122.000,162.143,other,0,-1,16,0
1721,171,144.585,149.021,162.120,99.222,97.915,97.365,192.000,91.542,127.000,148.800,other,0,-1,17,0
1722,126,120.376,122.884,135.693,100.200,98.894,97.837,171.000,93.375,72.000,128.829,other,0,-1,18,0
1723,115,97.878,95.871,100.928,101.322,100.023,98.338,126.000,95.625,67.000,110.171,other,0,-1,19,0
1724,105,81.596,80.167,85.669,102.358,101.062,98.822,115.000,97.625,52.000,85.143,other,0,-1,20,0
1725,73,69.495,69.863,74.121,103.466,102.176,99.321,105.000,99.833,50.000,75.143,other,0,-1,21,0
1726,64,59.681,59.080,60.755,104.139,102.841,99.729,73.000,100.792,46.000,65.229,other,0,-1,22,0
1727,62,54.854,55.950,55.335,104.740,103.430,100.122,64.000,101.542,20.000,63.543,other,0,-1,23,0
1728,64,55.011,57.085,53.457,105.688,104.379,100.587,62.000,103.292,64.000,61.694,other,0,-1,0,1
1729,79,55.948,58.729,53.229,105.862,104.581,100.899,64.000,103.292,54.000,62.000,other,0,-1,1,1
1730,55,66.599,68.263,56.210,106.398,105.158,101.287,79.000,104.333,49.000,62.222,other,0,-1,2,1
1731,68,59.210,60.192,53.073,106.659,105.450,101.618,55.000,104.583,49.000,61.389,other,0,-1,3,1
1732,47,66.948,67.159,59.328,107.109,105.936,101.988,68.000,105.375,60.000,63.583,other,0,-1,4,1
1733,68,60.434,60.817,59.917,107.094,105.943,102.261,47.000,104.833,52.000,65.139,other,0,-1,5,1
1734,73,69.313,71.421,71.960,107.500,106.385,102.621,68.000,105.500,55.000,66.417,other,0,-1,6,1
1735,84,76.116,79.291,82.252,107.935,106.857,102.988,73.000,106.250,67.000,77.639,other,0,-1,7,1
1736,93,89.290,93.633,96.129,108.355,107.314,103.352,84.000,106.958,91.000,91.833,other,0,-1,8,1
1737,96,106.726,111.954,110.586,108.558,107.546,103.670,93.000,107.042,104.000,109.944,other,0,-1,9,1
1738,94,125.765,131.092,122.607,108.616,107.627,103.958,96.000,106.708,113.000,131.361,other,0,-1,10,1
1739,149,142.917,146.561,130.803,108.514,107.545,104.213,94.000,105.917,126.000,148.500,other,0,-1,11,1
1740,161,165.953,165.813,165.177,109.022,108.091,104.595,149.000,106.875,143.000,174.389,other,0,-1,12,1
1741,209,175.580,173.660,174.984,109.456,108.563,104.962,161.000,107.625,168.000,191.778,other,0,-1,13,1
1742,186,196.474,194.225,201.480,110.224,109.379,105.398,209.000,109.333,178.000,190.222,other,0,-1,14,1
1743,178,177.454,177.483,181.606,110.514,109.701,105.735,186.000,109.667,198.000,183.056,other,0,-1,15,1
1744,134,164.125,164.484,166.664,110.398,109.603,105.987,178.000,108.833,192.000,168.806,other,0,-1,16,1
1745,104,145.677,138.433,131.714,109.732,108.936,106.124,134.000,106.417,171.000,158.750,other,0,-1,17,1
1746,121,131.029,118.344,108.382,108.935,108.133,106.233,104.000,103.625,126.000,131.639,other,0,-1,18,1
1747,110,110.649,103.907,106.247,109.037,108.260,106.530,121.000,103.417,115.000,103.944,other,0,-1,19,1
1748,74,93.418,87.695,94.630,109.138,108.387,106.828,110.000,103.208,105.000,92.389,other,0,-1,20,1
1749,91,81.322,71.755,76.822,108.863,108.124,107.046,74.000,101.917,73.000,77.389,other,0,-1,21,1
1750,48,69.495,68.823,74.868,109.298,108.596,107.413,91.000,102.667,64.000,64.944,other,0,-1,22,1
1751,54,62.364,56.833,57.907,109.240,108.558,107.677,48.000,102.000,62.000,62.889,other,0,-1,23,1
1752,54,59.183,57.911,54.525,109.298,108.640,107.965,54.000,101.667,64.000,59.639,other,0,-1,0,2
1753,57,58.491,59.132,57.213,109.030,108.422,107.986,54.000,101.250,79.000,64.167,other,0,-1,1,2
1754,52,60.584,61.400,56.454,108.588,108.025,107.970,57.000,100.333,55.000,56.194,other,0,-1,2,2
1755,67,61.712,60.952,55.752,108.421,107.912,108.012,52.000,100.208,68.000,60.528,other,0,-1,3,2
1756,59,68.607,67.297,60.419,108.283,107.829,108.060,67.000,100.167,47.000,62.444,other,0,-1,4,2
1757,68,68.630,65.588,62.323,108.334,107.941,108.148,59.000,100.667,68.000,62.833,other,0,-1,5,2
1758,75,74.900,70.716,69.688,108.211,107.874,108.199,68.000,100.667,73.000,70.472,other,0,-1,6,2
1759,88,83.764,77.588,78.907,108.116,107.836,108.256,75.000,100.750,84.000,78.639,other,0,-1,7,2
1760,101,97.642,89.591,92.259,108.051,107.828,108.319,88.000,100.917,93.000,89.639,other,0,-1,8,2
1761,113,114.990,106.042,108.014,108.044,107.880,108.394,101.000,101.250,96.000,104.833,other,0,-1,9,2
1762,98,133.516,126.119,124.779,108.166,108.067,108.497,113.000,101.958,94.000,127.694,other,0,-1,10,2
1763,174,149.280,146.481,129.808,108.101,108.059,108.560,98.000,102.125,149.000,145.361,other,0,-1,11,2
1764,156,170.196,166.737,172.619,108.340,108.366,108.687,174.000,103.167,161.000,159.222,other,0,-1,12,2
1765,136,169.897,171.011,168.345,108.144,108.224,108.723,156.000,102.958,209.000,182.222,other,0,-1,13,2
1766,164,166.620,167.003,157.534,106.964,107.061,108.553,136.000,99.917,186.000,185.000,other,0,-1,14,2
1767,188,165.033,170.198,164.770,106.522,106.664,108.538,164.000,99.000,178.000,172.750,other,0,-1,15,2
1768,183,160.163,171.345,166.939,106.543,106.746,108.619,188.000,99.417,134.000,158.694,other,0,-1,16,2
1769,121,146.542,158.259,152.574,107.130,107.413,108.818,183.000,101.458,104.000,148.139,other,0,-1,17,2
1770,116,129.614,125.175,112.787,107.253,107.600,108.921,121.000,102.167,121.000,124.722,other,0,-1,18,2
1771,141,112.184,108.823,101.143,107.057,107.457,108.957,116.000,101.958,110.000,108.833,other,0,-1,19,2
1772,101,92.551,103.797,101.769,107.383,107.854,109.101,141.000,103.250,74.000,89.361,other,0,-1,20,2
1773,54,79.470,81.223,79.097,107.650,108.191,109.234,101.000,104.375,91.000,75.500,other,0,-1,21,2
1774,66,71.797,64.150,58.584,106.991,107.568,109.173,54.000,102.833,48.000,67.139,other,0,-1,22,2
1775,53,61.269,61.731,55.687,107.129,107.770,109.279,66.000,103.583,54.000,62.722,other,0,-1,23,2
1776,63,56.732,57.043,48.215,106.991,107.688,109.327,53.000,103.542,54.000,61.389,other,0,-1,0,3
1777,46,56.262,62.435,59.864,106.794,107.536,109.105,63.000,103.917,57.000,64.194,other,0,-1,1,3
1778,63,54.895,57.785,55.221,106.307,107.085,108.824,46.000,103.458,52.000,65.056,other,0,-1,2,3
1779,68,60.438,64.644,58.565,106.138,106.963,108.608,63.000,103.917,67.000,61.583,other,0,-1,3,3
1780,54,64.419,67.199,61.309,105.825,106.692,108.363,68.000,103.958,59.000,61.250,other,0,-1,4,3
1781,61,63.864,63.135,61.711,105.425,106.330,108.099,54.000,103.750,68.000,63.500,other,0,-1,5,3
1782,66,70.171,67.380,68.512,104.996,105.939,107.829,61.000,103.458,75.000,67.778,other,0,-1,6,3
1783,68,79.648,73.590,77.087,104.538,105.518,107.553,66.000,103.083,88.000,79.889,other,0,-1,7,3
1784,81,93.924,84.044,86.998,103.920,104.932,107.244,68.000,102.250,101.000,92.417,other,0,-1,8,3
1785,97,111.477,102.072,102.335,103.303,104.345,106.935,81.000,101.417,113.000,115.000,other,0,-1,9,3
1786,149,129.919,124.954,120.353,102.743,103.819,106.638,97.000,100.750,98.000,126.583,other,0,-1,10,3
1787,119,150.390,150.560,152.229,103.155,104.297,106.543,149.000,102.875,174.000,145.861,other,0,-1,11,3
1788,161,158.650,159.462,149.522,102.030,103.186,106.128,119.000,100.583,156.000,168.111,other,0,-1,12,3
1789,199,170.324,172.582,171.137,101.775,102.975,105.895,161.000,100.792,136.000,177.472,other,0,-1,13,3
1790,189,180.429,187.455,188.183,102.360,103.633,105.837,199.000,103.417,164.000,176.694,other,0,-1,14,3
1791,166,170.827,178.005,178.736,102.394,103.721,105.664,189.000,104.458,188.000,173.972,other,0,-1,15,3
1792,204,155.444,159.595,158.823,101.748,103.105,105.349,166.000,103.542,183.000,162.111,other,0,-1,16,3
1793,157,146.353,167.583,165.568,101.724,103.133,105.163,204.000,104.417,121.000,150.028,other,0,-1,17,3
1794,130,121.445,131.768,131.474,101.918,103.386,105.024,157.000,105.917,116.000,132.389,other,0,-1,18,3
1795,121,102.728,108.814,108.722,101.793,103.310,104.817,130.000,106.500,141.000,108.528,other,0,-1,19,3
1796,89,84.743,94.097,95.151,101.176,102.724,104.508,121.000,105.667,101.000,100.083,other,0,-1,20,3
1797,80,71.786,73.818,76.485,100.674,102.257,104.223,89.000,105.167,54.000,85.306,other,0,-1,21,3
1798,82,59.597,63.955,67.232,100.723,102.361,104.053,80.000,106.250,66.000,74.778,other,0,-1,22,3
1799,91,51.467,60.583,62.141,100.627,102.314,103.853,82.000,106.917,53.000,70.444,other,0,-1,23,3
1800,45,50.658,62.716,59.908,100.850,102.597,103.719,91.000,108.500,63.000,60.917,other,0,-1,0,4
1801,56,43.880,49.561,47.053,100.304,102.038,103.304,45.000,107.750,46.000,56.972,other,0,-1,1,4
1802,58,47.184,54.824,48.120,100.164,101.899,102.973,56.000,108.167,63.000,51.583,other,0,-1,2,4
1803,50,50.371,56.932,49.018,99.806,101.534,102.597,58.000,107.958,68.000,54.556,other,0,-1,3,4
1804,64,50.592,54.728,49.533,99.260,100.975,102.181,50.000,107.208,54.000,57.139,other,0,-1,4,4
1805,52,57.164,61.013,56.469,99.119,100.836,101.850,64.000,107.625,61.000,54.694,other,0,-1,5,4
1806,66,58.636,58.960,59.590,98.704,100.411,101.462,52.000,107.250,66.000,65.167,other,0,-1,6,4
1807,64,68.189,68.344,71.548,98.418,100.122,101.101,66.000,107.250,68.000,74.667,other,0,-1,7,4
1808,81,81.137,78.072,81.447,98.075,99.773,100.727,64.000,107.083,81.000,86.667,other,0,-1,8,4
1809,97,98.300,98.244,100.020,97.790,99.483,100.366,81.000,107.083,97.000,109.861,other,0,-1,9,4
1810,89,117.447,122.323,120.102,97.505,99.194,100.005,97.000,107.083,149.000,125.222,other,0,-1,10,4
1811,179,134.861,138.307,129.322,96.350,98.005,99.463,89.000,104.583,119.000,147.361,other,0,-1,11,4
1812,137,164.268,180.493,181.065,96.934,98.615,99.283,179.000,107.083,161.000,161.111,other,0,-1,12,4
1813,177,162.012,162.022,164.619,96.301,97.966,98.849,137.000,106.083,199.000,174.694,other,0,-1,13,4
1814,135,173.297,175.680,182.727,95.697,97.347,98.421,177.000,105.167,189.000,178.167,other,0,-1,14,4
1815,189,160.073,151.578,155.503,94.629,96.248,97.897,135.000,102.917,166.000,172.583,other,0,-1,15,4
1816,146,157.461,164.225,171.394,94.677,96.303,97.605,189.000,103.875,204.000,165.472,other,0,-1,16,4
1817,166,130.698,133.736,136.868,93.552,95.144,97.069,146.000,101.458,157.000,138.861,other,0,-1,17,4
1818,123,110.376,127.540,131.807,93.397,94.990,96.735,166.000,101.833,130.000,121.333,other,0,-1,18,4
1819,88,89.658,98.610,101.109,93.010,94.596,96.353,123.000,101.542,121.000,101.944,other,0,-1,19,4
1820,72,74.905,76.941,79.615,92.247,93.811,95.892,88.000,100.167,89.000,84.222,other,0,-1,20,4
1821,73,60.650,62.339,67.830,91.715,93.267,95.479,72.000,99.458,80.000,70.889,other,0,-1,21,4
1822,80,47.444,54.885,62.158,91.328,92.873,95.097,73.000,99.167,82.000,63.889,other,0,-1,22,4
1823,50,40.014,53.743,58.923,91.014,92.554,94.730,80.000,99.083,91.000,57.111,other,0,-1,23,4
1824,28,35.347,42.384,49.409,90.135,91.650,94.244,50.000,97.375,45.000,38.722,other,0,-1,0,5
1825,31,32.296,37.487,29.697,89.860,91.320,93.991,28.000,96.667,56.000,42.139,other,0,-1,1,5
1826,41,33.888,39.817,30.501,89.470,90.871,93.714,31.000,95.625,58.000,43.389,other,0,-1,2,5
1827,35,38.900,44.949,33.812,89.196,90.542,93.461,41.000,94.917,50.000,43.528,other,0,-1,3,5
1828,27,39.735,43.849,35.499,88.950,90.243,93.214,35.000,94.292,64.000,42.111,other,0,-1,4,5
1829,46,40.951,42.612,37.904,88.386,89.613,92.900,27.000,92.750,52.000,43.028,other,0,-1,5,5
1830,34,48.992,51.526,48.514,88.271,89.449,92.680,46.000,92.500,66.000,55.167,other,0,-1,6,5
1831,43,54.992,53.386,52.432,87.780,88.895,92.382,34.000,91.167,64.000,63.917,other,0,-1,7,5
1832,73,67.950,65.134,63.931,87.447,88.506,92.117,43.000,90.292,81.000,81.722,other,0,-1,8,5
1833,95,84.001,86.744,86.109,87.303,88.311,91.891,73.000,89.958,97.000,98.167,other,0,-1,9,5
1834,119,103.039,109.502,107.763,87.246,88.207,91.683,95.000,89.875,89.000,102.556,other,0,-1,10,5
1835,137,123.376,132.883,131.269,87.653,88.582,91.572,119.000,91.125,179.000,122.722,other,0,-1,11,5
1836,141,140.741,149.140,149.920,87.016,87.878,91.244,137.000,89.375,137.000,141.028,other,0,-1,12,5
1837,156,151.225,153.171,156.369,87.046,87.864,91.054,141.000,89.542,177.000,161.333,other,0,-1,13,5
1838,111,157.345,158.719,165.247,86.714,87.475,90.789,156.000,88.667,135.000,179.778,other,0,-1,14,5
1839,165,147.427,137.856,133.329,86.338,87.040,90.514,111.000,87.667,189.000,180.472,other,0,-1,15,5
1840,167,141.002,147.875,153.718,85.962,86.606,90.240,165.000,86.667,146.000,165.833,other,0,-1,16,5
1841,140,122.327,135.648,139.589,86.238,86.847,90.102,167.000,87.542,166.000,148.556,other,0,-1,17,5
1842,120,99.995,111.414,108.921,85.833,86.382,89.822,140.000,86.458,123.000,114.861,other,0,-1,18,5
1843,80,81.222,91.000,85.773,85.762,86.263,89.611,120.000,86.333,88.000,90.528,other,0,-1,19,5
1844,62,67.793,69.787,62.648,85.618,86.069,89.385,80.000,86.000,72.000,74.972,other,0,-1,20,5
1845,58,54.629,55.511,51.711,85.445,85.844,89.153,62.000,85.583,73.000,60.444,other,0,-1,21,5
1846,40,42.862,47.066,46.401,85.200,85.545,88.906,58.000,84.958,80.000,52.389,other,0,-1,22,5
1847,49,36.000,39.449,40.003,84.592,84.871,88.583,40.000,83.292,50.000,44.139,other,0,-1,23,5
1848,29,32.665,41.214,39.282,84.549,84.782,88.379,49.000,83.250,28.000,32.472,other,0,-1,0,6
1849,40,31.342,36.224,29.274,84.814,84.993,88.491,29.000,83.292,31.000,34.500,other,0,-1,1,6
1850,29,36.551,42.888,33.000,85.195,85.325,88.628,40.000,83.667,41.000,33.361,other,0,-1,2,6
1851,28,35.998,40.658,33.382,85.271,85.341,88.702,29.000,83.167,35.000,35.222,other,0,-1,3,6
1852,29,38.144,41.818,36.814,85.420,85.433,88.790,28.000,82.875,27.000,34.028,other,0,-1,4,6
1853,31,40.847,43.855,41.901,85.699,85.659,88.906,29.000,82.958,46.000,36.611,other,0,-1,5,6
1854,24,44.852,47.470,48.381,85.732,85.631,88.970,31.000,82.333,34.000,38.694,other,0,-1,6,6
1855,59,51.434,51.340,53.013,85.838,85.678,89.049,24.000,81.917,43.000,47.194,other,0,-1,7,6
1856,72,65.334,71.372,72.858,86.320,86.114,89.208,59.000,82.583,73.000,59.167,other,0,-1,8,6
1857,74,81.001,87.341,86.577,86.556,86.296,89.314,72.000,82.542,95.000,78.778,other,0,-1,9,6
1858,86,98.920,98.686,95.006,86.502,86.178,89.360,74.000,81.667,119.000,101.278,other,0,-1,10,6
1859,98,117.034,112.414,107.360,86.274,85.880,89.370,86.000,80.292,137.000,121.778,other,0,-1,11,6
1860,117,132.092,125.018,118.494,85.959,85.491,89.362,98.000,78.667,141.000,140.833,other,0,-1,12,6
1861,175,143.741,138.818,132.175,85.862,85.328,89.399,117.000,77.667,156.000,148.472,other,0,-1,13,6
1862,122,161.269,167.885,171.077,86.387,85.810,89.566,175.000,78.458,111.000,156.639,other,0,-1,14,6
1863,133,145.165,141.028,131.217,86.797,86.171,89.709,122.000,78.917,165.000,153.306,other,0,-1,15,6
1864,128,135.384,137.095,130.651,86.584,85.888,89.722,133.000,77.583,167.000,133.083,other,0,-1,16,6
1865,134,119.860,123.836,116.700,86.269,85.500,89.713,128.000,75.958,140.000,123.667,other,0,-1,17,6
1866,87,101.658,109.428,105.572,86.432,85.607,89.805,134.000,75.708,120.000,102.583,other,0,-1,18,6
1867,75,86.841,85.990,73.183,86.205,85.308,89.815,87.000,74.333,80.000,79.889,other,0,-1,19,6
1868,53,70.768,69.708,59.895,86.382,85.430,89.909,75.000,74.125,62.000,59.111,other,0,-1,20,6
1869,52,58.268,55.830,48.786,86.502,85.492,89.992,53.000,73.750,58.000,47.306,other,0,-1,21,6
1870,45,46.740,48.257,45.207,86.666,85.598,90.083,52.000,73.500,40.000,35.306,other,0,-1,22,6
1871,34,40.318,44.199,42.279,86.988,85.870,90.208,45.000,73.708,49.000,32.556,other,0,-1,23,6
1872,62,37.151,41.533,39.613,87.021,85.842,90.272,34.000,73.083,29.000,61.343,other,0,-1,0,0
1873,45,46.409,53.780,49.703,87.840,86.656,90.710,62.000,74.458,40.000,59.743,other,0,-1,1,0
1874,67,43.924,50.614,47.184,88.252,87.050,91.064,45.000,74.667,29.000,61.829,other,0,-1,2,0
1875,57,58.284,65.028,55.068,89.143,87.940,91.517,67.000,76.250,28.000,63.543,other,0,-1,3,0
1876,49,55.018,61.683,56.920,89.903,88.694,91.943,57.000,77.458,29.000,60.000,other,0,-1,4,0
1877,55,52.142,59.450,60.360,90.533,89.313,92.342,49.000,78.292,31.000,77.171,other,0,-1,5,0
1878,71,55.786,65.251,68.802,91.221,89.993,92.753,55.000,79.292,24.000,77.686,other,0,-1,6,0
1879,82,65.081,78.516,82.019,92.242,91.017,93.234,71.000,81.250,59.000,91.543,other,0,-1,7,0
1880,103,76.147,93.270,94.892,92.915,91.681,93.642,82.000,82.208,72.000,101.114,other,0,-1,8,0
1881,120,95.360,115.822,112.975,93.705,92.465,94.074,103.000,83.500,74.000,122.829,other,0,-1,9,0
1882,105,116.537,136.203,129.840,94.711,93.474,94.552,120.000,85.417,86.000,137.200,other,0,-1,10,0
1883,144,129.657,138.898,128.706,95.327,94.079,94.948,105.000,86.208,98.000,150.314,other,0,-1,11,0
1884,137,153.270,160.692,155.093,96.333,95.088,95.425,144.000,88.125,117.000,163.229,other,0,-1,12,0
1885,196,160.173,159.483,152.848,96.963,95.707,95.824,137.000,88.958,175.000,172.800,other,0,-1,13,0
1886,144,183.406,186.985,189.352,97.607,96.342,96.226,196.000,89.833,122.000,172.257,other,0,-1,14,0
1887,149,161.526,156.741,151.568,98.266,96.991,96.631,144.000,90.750,133.000,183.343,other,0,-1,15,0
1888,168,151.794,149.252,147.223,98.838,97.550,97.018,149.000,91.417,128.000,162.143,other,0,-1,16,0
1889,145,138.082,141.175,147.967,99.758,98.470,97.477,168.000,93.083,134.000,148.800,other,0,-1,17,0
1890,144,117.396,118.024,123.176,100.258,98.954,97.849,145.000,93.542,87.000,128.829,other,0,-1,18,0
1891,90,99.154,100.916,109.484,101.423,100.128,98.360,144.000,95.917,75.000,110.171,other,0,-1,19,0
1892,99,83.671,79.078,79.754,101.981,100.673,98.743,90.000,96.542,53.000,85.143,other,0,-1,20,0
1893,86,69.768,70.447,74.460,102.987,101.682,99.221,99.000,98.458,52.000,75.143,other,0,-1,21,0
1894,63,61.482,63.928,65.775,103.820,102.511,99.662,86.000,99.875,45.000,65.229,other,0,-1,22,0
1895,42,55.339,57.442,57.258,104.421,103.100,100.055,63.000,100.625,34.000,63.543,other,0,-1,23,0
1896,64,51.453,52.546,51.143,104.877,103.540,100.418,42.000,100.958,62.000,61.694,other,0,-1,0,1
1897,68,56.294,60.190,55.089,105.080,103.772,100.736,64.000,101.042,45.000,62.000,other,0,-1,1,1
1898,71,61.625,64.786,55.743,105.587,104.318,101.118,68.000,102.000,67.000,62.222,other,0,-1,2,1
1899,43,66.656,68.318,57.928,105.819,104.580,101.442,71.000,102.167,57.000,61.389,other,0,-1,3,1
1900,63,57.544,58.538,55.368,105.790,104.572,101.712,43.000,101.583,49.000,63.583,other,0,-1,4,1
1901,68,65.785,67.638,64.744,106.167,104.984,102.067,63.000,102.167,55.000,65.139,other,0,-1,5,1
1902,63,69.304,72.341,72.951,106.529,105.381,102.419,68.000,102.708,71.000,66.417,other,0,-1,6,1
1903,70,73.870,77.123,79.971,106.587,105.463,102.707,63.000,102.375,82.000,77.639,other,0,-1,7,1
1904,78,86.834,90.882,91.731,106.587,105.485,102.983,70.000,101.875,103.000,91.833,other,0,-1,8,1
1905,102,104.619,109.721,104.874,106.399,105.312,103.220,78.000,100.833,120.000,109.944,other,0,-1,9,1
1906,119,125.578,131.877,125.123,106.312,105.244,103.477,102.000,100.083,105.000,131.361,other,0,-1,10,1
1907,144,145.259,149.721,142.412,106.689,105.656,103.832,119.000,100.667,144.000,148.500,other,0,-1,11,1
1908,168,163.263,164.467,162.098,106.863,105.858,104.145,144.000,100.667,137.000,174.389,other,0,-1,12,1
1909,181,176.691,176.062,178.500,107.486,106.524,104.551,168.000,101.958,196.000,191.778,other,0,-1,13,1
1910,193,180.787,180.699,184.502,107.443,106.501,104.818,181.000,101.333,144.000,190.222,other,0,-1,14,1
1911,219,178.934,180.758,185.383,108.327,107.438,105.278,193.000,103.375,149.000,183.056,other,0,-1,15,1
1912,178,179.867,184.522,190.327,109.514,108.689,105.802,219.000,106.292,168.000,168.806,other,0,-1,16,1
1913,159,149.188,150.377,153.790,109.833,109.041,106.145,178.000,106.708,145.000,158.750,other,0,-1,17,1
1914,113,129.136,127.748,131.183,110.210,109.453,106.500,159.000,107.292,144.000,131.639,other,0,-1,18,1
1915,101,111.106,102.026,101.750,109.935,109.190,106.718,113.000,106.000,90.000,103.944,other,0,-1,19,1
1916,82,94.048,85.652,89.454,110.268,109.556,107.064,101.000,106.458,99.000,92.389,other,0,-1,20,1
1917,88,80.264,72.070,76.400,110.196,109.504,107.325,82.000,105.750,86.000,77.389,other,0,-1,21,1
1918,69,69.441,67.211,70.754,110.399,109.735,107.643,88.000,105.833,63.000,64.944,other,0,-1,22,1
1919,74,62.958,60.924,59.582,110.660,110.027,107.973,69.000,106.083,42.000,62.889,other,0,-1,23,1
1920,71,63.105,63.667,56.428,111.297,110.709,108.383,74.000,107.417,64.000,59.639,other,0,-1,0,2
1921,63,61.790,64.438,57.752,111.275,110.746,108.455,71.000,107.708,68.000,64.167,other,0,-1,1,2
1922,44,62.156,63.106,55.059,111.080,110.603,108.491,63.000,107.500,71.000,56.194,other,0,-1,2,2
1923,46,60.059,58.103,52.004,110.565,110.131,108.460,44.000,106.375,43.000,60.528,other,0,-1,3,2
1924,66,62.889,59.939,54.369,110.485,110.108,108.520,46.000,106.500,63.000,62.444,other,0,-1,4,2
1925,53,70.569,67.667,62.149,110.405,110.085,108.580,66.000,106.625,68.000,62.833,other,0,-1,5,2
1926,62,72.805,66.709,64.937,110.065,109.792,108.586,53.000,106.000,63.000,70.472,other,0,-1,6,2
1927,72,82.998,74.844,74.610,109.927,109.710,108.634,62.000,105.958,70.000,78.639,other,0,-1,7,2
1928,107,97.509,87.292,86.946,109.833,109.672,108.691,72.000,106.042,78.000,89.639,other,0,-1,8,2
1929,121,116.788,106.822,110.232,110.130,110.039,108.830,107.000,107.250,102.000,104.833,other,0,-1,9,2
1930,145,135.768,126.655,128.472,110.281,110.256,108.939,121.000,108.042,119.000,127.694,other,0,-1,10,2
1931,128,154.681,147.496,150.838,110.535,110.578,109.068,145.000,109.125,144.000,145.361,other,0,-1,11,2
1932,143,162.964,160.281,152.167,110.180,110.270,109.071,128.000,108.458,168.000,159.222,other,0,-1,12,2
1933,168,169.551,168.438,163.340,109.694,109.828,109.046,143.000,107.417,181.000,182.222,other,0,-1,13,2
1934,182,172.901,175.364,174.294,109.383,109.565,109.058,168.000,106.875,193.000,185.000,other,0,-1,14,2
1935,201,170.185,176.557,174.942,109.100,109.332,109.076,182.000,106.417,219.000,172.750,other,0,-1,15,2
1936,196,164.974,177.385,174.258,108.716,108.995,109.073,201.000,105.667,178.000,158.694,other,0,-1,16,2
1937,172,149.895,164.406,159.183,108.853,109.197,109.178,196.000,106.417,159.000,148.139,other,0,-1,17,2
1938,112,129.563,140.220,134.954,108.918,109.324,109.269,172.000,106.958,113.000,124.722,other,0,-1,18,2
1939,109,112.673,107.607,99.000,108.781,109.241,109.317,112.000,106.917,101.000,108.833,other,0,-1,19,2
1940,409,94.797,92.873,89.052,108.773,109.293,109.392,109.000,107.250,82.000,89.361,inside,1,0,20,2
1941,297,303.722,339.145,223.888,113.387,114.127,110.432,409.000,120.875,88.000,75.500,inside,1,1,21,2
1942,248,218.661,247.233,148.851,116.291,117.193,111.116,297.000,129.583,69.000,67.139,inside,1,2,22,2
1943,268,177.401,190.670,115.668,118.761,119.808,111.708,248.000,137.042,74.000,62.722,inside,1,3,23,2
1944,243,208.662,197.167,116.854,121.448,122.649,112.346,268.000,145.125,71.000,61.389,inside,1,4,0,3
1945,54,190.920,180.914,110.678,123.612,124.941,112.618,243.000,152.292,63.000,64.194,after,1,5,1,3
1946,51,56.347,65.044,58.435,123.154,124.519,112.342,54.000,151.917,44.000,65.056,after,1,6,2,3
1947,80,57.839,64.502,58.190,122.928,124.338,112.114,51.000,152.208,46.000,61.583,after,1,7,3,3
1948,66,69.455,76.707,65.981,123.092,124.561,111.969,80.000,153.625,66.000,61.250,after,1,8,4,3
1949,54,67.084,69.983,66.505,122.765,124.275,111.720,66.000,153.625,53.000,63.500,after,1,9,5,3
1950,87,70.267,67.285,68.946,122.452,124.003,111.474,54.000,153.667,62.000,67.778,after,1,10,6,3
1951,68,84.060,80.073,84.812,122.486,124.092,111.301,87.000,154.708,72.000,79.889,after,1,11,7,3
1952,85,95.236,84.499,88.753,122.100,123.745,111.041,68.000,154.542,107.000,92.417,after,1,12,8,3
1953,94,113.060,102.385,105.272,121.454,123.129,110.725,85.000,153.625,121.000,115.000,after,1,13,9,3
1954,112,131.578,124.836,120.962,120.735,122.438,110.395,94.000,152.500,145.000,126.583,after,1,14,10,3
1955,147,148.511,146.213,139.913,119.930,121.657,110.047,112.000,151.125,128.000,145.861,after,1,15,11,3
1956,155,165.440,163.515,163.400,119.877,121.655,109.855,147.000,151.917,143.000,168.111,after,1,16,12,3
1957,182,172.039,170.694,171.570,119.723,121.548,109.643,155.000,152.417,168.000,177.472,after,1,17,13,3
1958,168,179.589,179.188,183.095,119.598,121.472,109.437,182.000,153.000,182.000,176.694,after,1,18,14,3
1959,214,168.182,168.785,170.841,119.068,120.976,109.146,168.000,152.417,201.000,173.972,after,1,19,15,3
1960,169,174.099,182.887,183.727,118.928,120.884,108.936,214.000,152.958,196.000,162.111,after,1,20,16,3
1961,146,141.566,149.886,149.991,118.210,120.193,108.606,169.000,151.833,172.000,150.028,after,1,21,17,3
1962,117,121.294,128.803,127.631,117.505,119.517,108.279,146.000,150.750,112.000,132.389,after,1,22,18,3
1963,102,103.392,106.732,105.039,117.250,119.305,108.045,117.000,150.958,109.000,108.528,after,1,23,19,3
1964,107,86.407,90.892,90.385,116.821,118.914,107.775,102.000,150.667,409.000,100.083,after,1,24,20,3
1965,56,69.650,83.902,83.826,112.118,114.100,106.613,107.000,138.083,297.000,85.306,after,1,25,21,3
1966,72,62.134,59.537,63.091,108.300,110.201,105.635,56.000,128.042,248.000,74.778,after,1,26,22,3
1967,68,51.182,58.501,61.162,105.422,107.276,104.854,72.000,120.708,268.000,70.444,after,1,27,23,3
1968,65,47.092,53.938,55.545,102.197,103.991,104.001,68.000,112.375,243.000,60.917,after,1,28,0,4
1969,45,46.860,56.356,50.706,99.334,101.034,103.101,65.000,104.958,54.000,56.972,other,0,-1,1,4
1970,64,44.646,50.375,46.225,98.918,100.609,102.713,45.000,104.583,51.000,51.583,other,0,-1,2,4
1971,50,52.310,59.067,50.279,98.821,100.515,102.391,64.000,105.125,80.000,54.556,other,0,-1,3,4
1972,61,50.447,54.413,49.616,98.101,99.776,101.939,50.000,103.875,66.000,57.139,other,0,-1,4,4
1973,68,56.135,59.573,55.843,97.743,99.411,101.563,61.000,103.667,54.000,54.694,other,0,-1,5,4
1974,62,61.532,64.116,63.726,97.661,99.332,101.244,68.000,104.250,87.000,65.167,other,0,-1,6,4
1975,42,67.626,67.085,70.344,97.013,98.668,100.807,62.000,103.208,68.000,74.667,other,0,-1,7,4
1976,84,82.415,74.288,74.301,96.351,97.989,100.367,42.000,102.125,85.000,86.667,other,0,-1,8,4
1977,119,97.957,98.823,100.926,96.051,97.684,100.003,84.000,102.083,94.000,109.861,other,0,-1,9,4
1978,130,118.348,128.391,129.352,96.128,97.770,99.718,119.000,103.125,112.000,125.222,other,0,-1,10,4
1979,166,137.332,149.302,146.935,96.104,97.750,99.411,130.000,103.875,147.000,147.361,other,0,-1,11,4
1980,153,158.830,173.550,173.483,96.094,97.746,99.107,166.000,104.667,155.000,161.111,other,0,-1,12,4
1981,169,164.572,168.540,171.311,95.779,97.426,98.740,153.000,104.583,182.000,174.694,other,0,-1,13,4
1982,229,170.838,171.878,177.949,95.306,96.942,98.340,169.000,104.042,168.000,178.167,other,0,-1,14,4
1983,143,189.011,201.309,203.892,95.904,97.567,98.163,229.000,106.583,214.000,172.583,other,0,-1,15,4
1984,128,150.208,145.055,148.807,94.590,96.213,97.587,143.000,103.625,169.000,165.472,other,0,-1,16,4
1985,97,131.584,128.520,129.027,93.711,95.309,97.102,128.000,101.917,146.000,138.861,other,0,-1,17,4
1986,120,113.777,107.851,103.965,92.716,94.285,96.593,97.000,99.875,117.000,121.333,other,0,-1,18,4
1987,112,91.367,97.448,100.962,92.474,94.041,96.241,120.000,100.000,102.000,101.944,other,0,-1,19,4
1988,88,73.080,82.559,88.391,92.333,93.901,95.910,112.000,100.417,107.000,84.222,other,0,-1,20,4
1989,82,59.657,65.639,73.928,91.773,93.327,95.491,88.000,99.625,56.000,70.889,other,0,-1,21,4
1990,66,47.791,57.246,66.738,91.864,93.428,95.209,82.000,100.708,72.000,63.889,other,0,-1,22,4
1991,35,40.599,48.491,58.870,91.492,93.048,94.829,66.000,100.458,68.000,57.111,other,0,-1,23,4
1992,27,36.510,37.994,49.891,90.729,92.264,94.368,35.000,99.083,65.000,38.722,other,0,-1,0,5
1993,49,33.286,36.606,32.775,90.150,91.620,94.052,27.000,97.500,45.000,42.139,other,0,-1,1,5
1994,42,39.230,46.224,36.872,90.180,91.606,93.862,49.000,97.667,64.000,43.389,other,0,-1,2,5
1995,40,39.985,45.035,37.014,89.833,91.201,93.594,42.000,96.750,50.000,43.528,other,0,-1,3,5
1996,50,41.947,45.439,39.213,89.660,90.977,93.362,40.000,96.333,61.000,42.111,other,0,-1,4,5
1997,61,47.668,50.666,45.624,89.473,90.738,93.127,50.000,95.875,68.000,43.028,other,0,-1,5,5
1998,47,54.056,57.278,54.666,89.343,90.558,92.904,61.000,95.583,62.000,55.167,other,0,-1,6,5
1999,58,56.554,56.855,57.737,89.098,90.259,92.657,47.000,94.958,42.000,63.917,other,0,-1,7,5
2000,70,68.780,69.367,70.209,89.301,90.425,92.504,58.000,95.625,84.000,81.722,other,0,-1,8,5
2001,90,84.983,85.868,84.889,89.071,90.140,92.260,70.000,95.042,119.000,98.167,other,0,-1,9,5
2002,108,103.616,107.441,104.718,88.622,89.631,91.971,90.000,93.833,130.000,102.556,other,0,-1,10,5
2003,137,122.609,127.401,124.049,88.276,89.227,91.702,108.000,92.917,166.000,122.722,other,0,-1,11,5
2004,126,141.053,149.205,148.956,87.827,88.718,91.413,137.000,91.708,153.000,141.028,other,0,-1,12,5
2005,190,149.429,146.284,145.966,87.408,88.239,91.130,126.000,90.583,169.000,161.333,other,0,-1,13,5
2006,154,168.280,178.751,186.764,87.684,88.479,90.991,190.000,91.458,229.000,179.778,other,0,-1,14,5
2007,162,152.642,152.527,157.350,86.570,87.280,90.563,154.000,88.333,143.000,180.472,other,0,-1,15,5
2008,109,141.116,146.714,151.821,86.817,87.491,90.419,162.000,89.125,128.000,165.833,other,0,-1,16,5
2009,98,121.697,119.013,110.252,86.513,87.131,90.160,109.000,88.333,97.000,148.556,other,0,-1,17,5
2010,106,103.445,102.653,91.651,86.500,87.072,89.961,98.000,88.375,120.000,114.861,other,0,-1,18,5
2011,96,83.195,88.120,81.724,86.269,86.788,89.717,106.000,87.792,112.000,90.528,other,0,-1,19,5
2012,75,66.067,71.947,68.440,86.009,86.473,89.467,96.000,87.125,88.000,74.972,other,0,-1,20,5
2013,61,52.968,56.988,56.401,85.793,86.204,89.226,75.000,86.583,82.000,60.444,other,0,-1,21,5
2014,47,42.414,46.999,49.197,85.460,85.815,88.961,61.000,85.708,66.000,52.389,other,0,-1,22,5
2015,50,35.394,40.324,43.759,85.157,85.456,88.701,47.000,84.917,35.000,44.139,other,0,-1,23,5
2016,35,32.456,41.025,42.271,85.346,85.606,88.545,50.000,85.542,27.000,32.472,other,0,-1,0,6
2017,38,32.073,37.530,33.609,85.712,85.923,88.679,35.000,85.875,49.000,34.500,other,0,-1,1,6
2018,34,35.627,41.579,35.765,85.803,85.954,88.755,38.000,85.417,42.000,33.361,other,0,-1,2,6
2019,24,37.372,42.177,37.433,85.938,86.031,88.841,34.000,85.083,40.000,35.222,other,0,-1,3,6
2020,46,36.754,39.743,38.609,85.956,85.988,88.902,24.000,84.417,50.000,34.028,other,0,-1,4,6
2021,28,46.753,50.541,48.768,86.148,86.124,89.000,46.000,84.250,61.000,36.611,other,0,-1,5,6
2022,42,44.179,45.955,49.400,85.921,85.826,89.009,28.000,82.875,47.000,38.694,other,0,-1,6,6
2023,52,52.984,56.255,60.162,86.098,85.948,89.104,42.000,82.667,58.000,47.194,other,0,-1,7,6
2024,56,64.636,68.437,70.997,86.262,86.054,89.195,52.000,82.417,70.000,59.167,other,0,-1,8,6
2025,55,80.625,80.874,79.924,86.309,86.041,89.263,56.000,81.833,90.000,78.778,other,0,-1,9,6
2026,98,99.799,91.056,86.080,86.053,85.713,89.266,55.000,80.375,108.000,101.278,other,0,-1,10,6
2027,82,118.737,117.711,113.741,86.158,85.760,89.346,98.000,79.958,137.000,121.778,other,0,-1,11,6
2028,151,132.345,118.176,109.006,85.612,85.132,89.289,82.000,77.667,126.000,140.833,other,0,-1,12,6
2029,124,152.027,155.151,154.234,86.224,85.703,89.474,151.000,78.708,190.000,148.472,other,0,-1,13,6
2030,119,149.238,143.754,135.554,85.518,84.910,89.384,124.000,75.958,154.000,156.639,other,0,-1,14,6
2031,117,145.288,140.551,128.862,85.261,84.582,89.388,119.000,74.500,162.000,153.306,other,0,-1,15,6
2032,161,135.311,133.622,120.972,84.860,84.104,89.362,117.000,72.625,109.000,133.083,other,0,-1,16,6
2033,101,121.426,133.627,135.793,85.863,85.080,89.629,161.000,74.792,98.000,123.667,other,0,-1,17,6
2034,85,103.038,104.364,90.771,86.157,85.322,89.747,101.000,74.917,106.000,102.583,other,0,-1,18,6
2035,66,86.808,86.325,72.640,86.103,85.204,89.793,85.000,74.042,96.000,79.889,other,0,-1,19,6
2036,48,71.977,69.556,57.848,85.919,84.950,89.812,66.000,72.792,75.000,59.111,other,0,-1,20,6
2037,52,58.999,55.918,47.929,85.778,84.742,89.840,48.000,71.667,61.000,47.306,other,0,-1,21,6
2038,39,46.663,48.710,45.306,85.898,84.804,89.923,52.000,71.292,47.000,35.306,other,0,-1,22,6
2039,33,40.064,43.250,41.233,86.032,84.881,90.008,39.000,70.958,50.000,32.556,other,0,-1,23,6
2040,76,36.838,41.580,39.384,86.036,84.822,90.066,33.000,70.250,35.000,61.343,other,0,-1,0,0
2041,52,52.605,61.038,53.318,86.970,85.756,90.529,76.000,71.958,38.000,59.743,other,0,-1,1,0
2042,66,46.364,54.251,49.187,87.513,86.286,90.910,52.000,72.542,34.000,61.829,other,0,-1,2,0
2043,63,57.502,64.906,55.405,88.317,87.085,91.345,66.000,73.875,24.000,63.543,other,0,-1,3,0
2044,68,58.162,65.385,59.122,89.222,87.989,91.801,63.000,75.500,46.000,60.000,other,0,-1,4,0
2045,69,61.520,69.781,66.391,89.881,88.639,92.206,68.000,76.417,28.000,77.171,other,0,-1,5,0
2046,53,61.831,72.767,73.877,90.815,89.573,92.669,69.000,78.125,42.000,77.686,other,0,-1,6,0
2047,79,59.439,71.170,76.317,91.315,90.057,93.040,53.000,78.583,52.000,91.543,other,0,-1,7,0
2048,85,74.892,92.299,94.121,92.046,90.782,93.460,79.000,79.708,56.000,101.114,other,0,-1,8,0
2049,123,90.019,108.165,105.085,92.806,91.536,93.887,85.000,80.917,55.000,122.829,other,0,-1,9,0
2050,139,117.486,137.990,131.564,94.132,92.875,94.431,123.000,83.750,98.000,137.200,other,0,-1,10,0
2051,159,138.720,154.265,147.294,95.066,93.809,94.893,139.000,85.458,82.000,150.314,other,0,-1,11,0
2052,198,159.086,168.632,164.044,96.521,95.283,95.464,159.000,88.667,151.000,163.229,other,0,-1,12,0
2053,167,187.275,192.515,191.456,97.543,96.307,95.945,198.000,90.625,124.000,172.800,other,0,-1,13,0
2054,168,170.508,170.659,170.127,98.506,97.271,96.413,167.000,92.417,119.000,172.257,other,0,-1,14,0
2055,178,166.229,165.022,166.457,99.556,98.325,96.900,168.000,94.458,117.000,183.343,other,0,-1,15,0
2056,169,157.271,158.611,165.179,100.779,99.559,97.423,178.000,97.000,161.000,162.143,other,0,-1,16,0
2057,110,139.203,140.424,149.025,101.236,99.999,97.786,169.000,97.333,101.000,148.800,other,0,-1,17,0
2058,114,120.548,111.290,107.722,101.706,100.453,98.151,110.000,97.708,85.000,128.829,other,0,-1,18,0
2059,105,101.030,95.118,98.832,102.466,101.207,98.577,114.000,98.917,66.000,110.171,other,0,-1,19,0
2060,78,84.205,79.705,85.729,103.372,102.112,99.034,105.000,100.542,48.000,85.143,other,0,-1,20,0
2061,71,71.758,66.147,70.757,104.146,102.881,99.463,78.000,101.792,52.000,75.143,other,0,-1,21,0
2062,62,61.826,59.311,63.938,104.762,103.485,99.859,71.000,102.583,39.000,65.229,other,0,-1,22,0
2063,88,56.442,55.854,58.732,105.435,104.150,100.267,62.000,103.542,33.000,63.543,other,0,-1,23,0
2064,62,65.900,67.804,63.437,106.572,105.294,100.772,88.000,105.833,76.000,61.694,other,0,-1,0,1
2065,56,56.272,58.187,57.126,106.543,105.286,101.042,62.000,105.250,52.000,62.000,other,0,-1,1,1
2066,54,57.430,58.598,55.571,106.775,105.548,101.366,56.000,105.417,66.000,62.222,other,0,-1,2,1
2067,96,59.523,59.873,56.493,106.775,105.570,101.642,54.000,104.917,63.000,61.389,other,0,-1,3,1
2068,58,83.945,81.060,69.508,107.427,106.266,102.054,96.000,106.292,68.000,63.583,other,0,-1,4,1
2069,64,64.225,64.879,65.397,107.456,106.318,102.336,58.000,105.875,69.000,65.139,other,0,-1,5,1
2070,67,68.254,70.221,73.449,107.558,106.445,102.634,64.000,105.667,53.000,66.417,other,0,-1,6,1
2071,64,74.893,77.748,82.471,107.935,106.857,102.988,67.000,106.250,79.000,77.639,other,0,-1,7,1
2072,91,87.067,89.354,90.720,107.891,106.834,103.255,64.000,105.625,85.000,91.833,other,0,-1,8,1
2073,94,105.823,111.573,110.576,108.152,107.126,103.586,91.000,105.875,123.000,109.944,other,0,-1,9,1
2074,105,125.191,130.692,121.924,107.906,106.893,103.810,94.000,104.667,139.000,131.361,other,0,-1,10,1
2075,115,143.748,147.518,135.648,107.587,106.585,104.020,105.000,103.250,159.000,148.500,other,0,-1,11,1
2076,176,158.027,158.274,146.784,107.124,106.127,104.199,115.000,101.417,198.000,174.389,other,0,-1,12,1
2077,179,179.753,179.150,182.703,106.979,106.000,104.445,176.000,100.500,167.000,191.778,other,0,-1,13,1
2078,154,179.897,179.880,183.066,107.327,106.381,104.793,179.000,101.000,168.000,190.222,other,0,-1,14,1
2079,189,168.644,165.925,162.950,107.298,106.373,105.063,154.000,100.417,178.000,183.056,other,0,-1,15,1
2080,173,165.886,169.552,172.863,107.631,106.740,105.409,189.000,100.875,169.000,168.806,other,0,-1,16,1
2081,151,147.448,149.528,151.743,107.863,107.002,105.733,173.000,101.042,110.000,158.750,other,0,-1,17,1
2082,120,127.991,126.703,128.333,108.631,107.819,106.170,151.000,102.750,114.000,131.639,other,0,-1,18,1
2083,124,109.896,104.080,105.035,108.892,108.110,106.500,120.000,103.000,105.000,103.944,other,0,-1,19,1
2084,84,92.188,90.662,97.983,109.341,108.597,106.870,124.000,103.792,78.000,92.389,other,0,-1,20,1
2085,86,79.479,73.608,77.647,109.602,108.889,107.201,84.000,104.042,71.000,77.389,other,0,-1,21,1
2086,55,68.760,68.239,71.177,109.993,109.316,107.558,86.000,104.667,62.000,64.944,other,0,-1,22,1
2087,55,61.765,59.051,57.146,110.066,109.413,107.849,55.000,104.375,88.000,62.889,other,0,-1,23,1
2088,66,58.902,59.031,51.819,109.762,109.120,108.062,55.000,103.000,62.000,59.639,other,0,-1,0,2
2089,43,60.240,63.772,56.452,109.696,109.112,108.125,66.000,103.167,56.000,64.167,other,0,-1,1,2
2090,60,57.576,57.598,51.076,109.385,108.849,108.137,43.000,102.625,54.000,56.194,other,0,-1,2,2
2091,61,63.633,64.342,54.611,109.348,108.871,108.206,60.000,102.875,96.000,60.528,other,0,-1,3,2
2092,78,66.295,65.569,56.779,108.718,108.279,108.151,61.000,101.417,58.000,62.444,other,0,-1,4,2
2093,72,74.608,72.667,64.411,108.884,108.511,108.263,78.000,102.250,64.000,62.833,other,0,-1,5,2
2094,51,75.770,72.207,69.056,108.877,108.563,108.338,72.000,102.583,67.000,70.472,other,0,-1,6,2
2095,74,82.196,73.336,71.522,108.522,108.256,108.341,51.000,101.917,64.000,78.639,other,0,-1,7,2
2096,78,96.953,87.621,87.319,108.543,108.338,108.422,74.000,102.333,91.000,89.639,other,0,-1,8,2
2097,119,114.803,104.797,99.818,108.232,108.075,108.434,78.000,101.792,94.000,104.833,other,0,-1,9,2
2098,125,135.086,126.286,127.442,108.471,108.382,108.561,119.000,102.833,105.000,127.694,other,0,-1,10,2
2099,136,151.198,145.903,141.773,108.637,108.614,108.672,125.000,103.667,115.000,145.361,other,0,-1,11,2
2100,163,163.252,160.753,155.538,108.818,108.861,108.787,136.000,104.542,176.000,159.222,other,0,-1,12,2
2101,171,172.636,172.460,172.639,108.506,108.598,108.798,163.000,104.000,179.000,182.222,other,0,-1,13,2
2102,180,172.996,176.169,175.496,108.267,108.411,108.825,171.000,103.667,154.000,185.000,other,0,-1,14,2
2103,176,169.351,175.746,173.834,108.521,108.733,108.955,180.000,104.750,189.000,172.750,other,0,-1,15,2
2104,138,159.196,166.279,161.422,108.209,108.470,108.967,176.000,104.208,173.000,158.694,other,0,-1,16,2
2105,115,144.511,142.769,131.295,107.579,107.877,108.912,138.000,102.750,151.000,148.139,other,0,-1,17,2
2106,146,130.559,123.624,110.530,106.934,107.270,108.854,115.000,101.250,120.000,124.722,other,0,-1,18,2
2107,104,110.025,116.635,113.236,107.187,107.592,108.984,146.000,102.333,124.000,108.833,other,0,-1,19,2
2108,100,95.519,91.855,88.686,106.774,107.224,108.974,104.000,101.500,84.000,89.361,other,0,-1,20,2
2109,65,79.699,80.400,79.619,106.883,107.396,109.074,100.000,102.167,86.000,75.500,other,0,-1,21,2
2110,80,70.515,65.261,62.497,106.455,107.014,109.061,65.000,101.292,55.000,67.139,other,0,-1,22,2
2111,75,61.424,65.365,60.371,106.694,107.321,109.188,80.000,102.333,55.000,62.722,other,0,-1,23,2
2112,69,58.552,63.464,54.375,106.860,107.553,109.300,75.000,103.167,66.000,61.389,other,0,-1,0,3
2113,54,57.203,64.492,62.423,106.576,107.311,109.060,69.000,103.292,43.000,64.194,other,0,-1,1,3
2114,57,56.000,60.252,58.114,106.408,107.190,108.845,54.000,103.750,60.000,65.056,other,0,-1,2,3
2115,56,58.713,62.320,58.649,106.037,106.858,108.587,57.000,103.625,61.000,61.583,other,0,-1,3,3
2116,54,60.933,62.694,59.916,105.637,106.497,108.323,56.000,103.417,78.000,61.250,other,0,-1,4,3
2117,49,63.725,62.997,62.567,104.961,105.851,108.002,54.000,102.417,72.000,63.500,other,0,-1,5,3
2118,64,69.118,64.310,66.277,104.300,105.220,107.684,49.000,101.458,51.000,67.778,other,0,-1,6,3
2119,99,79.521,73.106,76.933,104.161,105.128,107.474,64.000,102.000,74.000,79.889,other,0,-1,7,3
2120,85,95.016,89.598,96.790,104.196,105.216,107.301,99.000,103.042,78.000,92.417,other,0,-1,8,3
2121,89,111.227,102.352,103.654,103.969,105.035,107.074,85.000,103.333,119.000,115.000,other,0,-1,9,3
2122,120,129.971,125.003,117.228,103.207,104.299,106.735,89.000,102.083,125.000,126.583,other,0,-1,10,3
2123,157,146.709,146.955,140.456,102.807,103.937,106.471,120.000,101.875,136.000,145.861,other,0,-1,11,3
2124,174,162.929,166.241,164.385,102.783,103.966,106.286,157.000,102.750,163.000,168.111,other,0,-1,12,3
2125,166,172.393,177.163,176.392,102.615,103.844,106.070,174.000,103.208,171.000,177.472,other,0,-1,13,3
2126,189,170.587,173.600,172.465,102.215,103.483,105.806,166.000,103.000,180.000,176.694,other,0,-1,14,3
2127,140,169.959,177.808,177.833,102.018,103.331,105.585,189.000,103.375,176.000,173.972,other,0,-1,15,3
2128,146,152.810,151.157,146.579,101.168,102.505,105.228,140.000,101.875,138.000,162.111,other,0,-1,16,3
2129,140,138.920,141.168,138.309,100.957,102.339,105.003,146.000,102.208,115.000,150.028,other,0,-1,17,3
2130,120,121.255,125.852,124.388,100.991,102.427,104.830,140.000,103.250,146.000,132.389,other,0,-1,18,3
2131,108,103.622,106.175,105.861,100.287,101.751,104.503,120.000,102.167,104.000,108.528,other,0,-1,19,3
2132,99,86.232,90.285,92.282,100.017,101.524,104.266,108.000,102.333,100.000,100.083,other,0,-1,20,3
2133,65,70.698,77.860,81.425,99.675,101.223,104.015,99.000,102.292,65.000,85.306,other,0,-1,21,3
2134,59,61.551,60.698,65.948,99.347,100.937,103.766,65.000,102.292,80.000,74.778,other,0,-1,22,3
2135,62,52.184,54.009,59.568,98.715,100.335,103.454,59.000,101.417,75.000,70.444,other,0,-1,23,3
2136,58,46.937,52.436,56.280,98.199,99.854,103.166,62.000,100.875,69.000,60.917,other,0,-1,0,4
2137,40,45.701,54.548,51.677,97.755,99.400,102.771,58.000,100.417,54.000,56.972,other,0,-1,1,4
2138,57,44.155,49.472,47.445,97.266,98.900,102.368,40.000,99.833,57.000,51.583,other,0,-1,2,4
2139,55,50.045,56.878,50.828,96.981,98.611,102.007,57.000,99.833,56.000,54.556,other,0,-1,3,4
2140,52,51.897,56.887,52.264,96.681,98.307,101.643,55.000,99.792,54.000,57.139,other,0,-1,4,4
2141,58,53.834,56.702,55.132,96.367,97.987,101.275,52.000,99.708,49.000,54.694,other,0,-1,5,4
2142,62,59.317,60.915,62.047,96.212,97.833,100.941,58.000,100.083,64.000,65.167,other,0,-1,6,4
2143,85,67.535,67.225,70.853,95.898,97.513,100.574,62.000,100.000,99.000,74.667,other,0,-1,7,4
2144,77,81.049,83.354,88.536,95.410,97.014,100.171,85.000,99.417,85.000,86.667,other,0,-1,8,4
2145,98,97.923,97.249,97.821,95.008,96.605,99.785,77.000,99.083,89.000,109.861,other,0,-1,9,4
2146,133,116.754,122.325,119.274,94.854,96.450,99.452,98.000,99.458,120.000,125.222,other,0,-1,10,4
2147,128,136.885,150.107,147.178,94.757,96.356,99.130,133.000,100.000,157.000,147.361,other,0,-1,11,4
2148,167,150.774,157.392,153.828,94.051,95.632,98.681,128.000,98.792,174.000,161.111,other,0,-1,12,4
2149,158,166.865,174.436,176.782,93.664,95.238,98.299,167.000,98.500,166.000,174.694,other,0,-1,13,4
2150,211,167.717,166.490,171.288,93.263,94.828,97.913,158.000,98.167,189.000,178.167,other,0,-1,14,4
2151,210,178.489,187.873,192.515,93.297,94.869,97.619,211.000,99.083,140.000,172.583,other,0,-1,15,4
2152,167,163.992,176.684,182.426,94.025,95.629,97.469,210.000,102.000,146.000,165.472,other,0,-1,16,4
2153,154,133.279,141.316,147.194,94.044,95.654,97.172,167.000,102.875,140.000,138.861,other,0,-1,17,4
2154,124,110.293,122.192,126.716,93.962,95.575,96.853,154.000,103.458,120.000,121.333,other,0,-1,18,4
2155,110,89.900,98.203,101.368,93.734,95.345,96.504,124.000,103.625,108.000,101.944,other,0,-1,19,4
2156,84,72.228,81.379,85.831,93.478,95.086,96.149,110.000,103.708,99.000,84.222,other,0,-1,20,4
2157,66,58.887,63.931,70.222,92.975,94.571,95.742,84.000,103.083,65.000,70.889,other,0,-1,21,4
2158,67,48.041,51.836,59.879,92.704,94.297,95.384,66.000,103.125,59.000,63.889,other,0,-1,22,4
2159,63,39.805,47.962,55.392,92.535,94.128,95.047,67.000,103.458,62.000,57.111,other,0,-1,23,4
2160,31,36.360,45.484,51.103,92.264,93.853,94.689,63.000,103.500,58.000,38.722,other,0,-1,0,5
2161,44,32.722,36.988,30.008,91.845,93.374,94.406,31.000,102.375,40.000,42.139,other,0,-1,1,5
2162,52,37.219,43.224,32.606,91.875,93.360,94.216,44.000,102.542,57.000,43.389,other,0,-1,2,5
2163,32,43.131,48.335,35.842,91.774,93.210,93.999,52.000,102.333,55.000,43.528,other,0,-1,3,5
2164,36,39.223,41.758,34.847,91.413,92.791,93.728,32.000,101.375,52.000,42.111,other,0,-1,4,5
2165,34,43.107,44.714,39.950,91.153,92.477,93.478,36.000,100.708,58.000,43.028,other,0,-1,5,5
2166,43,47.058,46.990,45.270,90.777,92.043,93.204,34.000,99.708,62.000,55.167,other,0,-1,6,5
2167,65,55.662,55.284,55.284,90.474,91.683,92.945,43.000,98.917,85.000,63.917,other,0,-1,7,5
2168,60,68.659,71.254,72.388,90.156,91.309,92.682,65.000,98.083,77.000,81.722,other,0,-1,8,5
2169,89,84.506,82.374,80.740,89.882,90.980,92.429,60.000,97.375,98.000,98.167,other,0,-1,9,5
2170,75,103.240,106.874,105.169,89.723,90.770,92.200,89.000,97.000,133.000,102.556,other,0,-1,10,5
2171,127,120.551,113.628,107.538,88.855,89.827,91.823,75.000,94.583,128.000,122.722,other,0,-1,11,5
2172,153,139.469,143.825,144.767,88.812,89.737,91.619,127.000,94.542,167.000,141.028,other,0,-1,12,5
2173,169,154.397,159.473,165.236,88.581,89.453,91.375,153.000,93.958,158.000,161.333,other,0,-1,13,5
2174,173,161.531,165.572,174.908,88.713,89.543,91.206,169.000,94.417,211.000,179.778,other,0,-1,14,5
2175,167,156.817,161.180,171.047,88.134,88.899,90.890,173.000,92.833,210.000,180.472,other,0,-1,15,5
2176,122,141.705,148.453,155.634,87.483,88.180,90.558,167.000,91.042,167.000,165.833,other,0,-1,16,5
2177,117,120.157,121.206,116.493,86.803,87.431,90.220,122.000,89.167,154.000,148.556,other,0,-1,17,5
2178,123,101.053,105.291,99.002,86.239,86.802,89.906,117.000,87.625,124.000,114.861,other,0,-1,18,5
2179,98,80.836,90.846,87.102,86.196,86.713,89.702,123.000,87.583,110.000,90.528,other,0,-1,19,5
2180,82,64.970,71.515,68.033,85.995,86.458,89.464,98.000,87.083,84.000,74.972,other,0,-1,20,5
2181,51,51.353,57.649,56.855,85.937,86.354,89.256,82.000,87.000,66.000,60.444,other,0,-1,21,5
2182,48,42.340,44.407,46.126,85.692,86.055,89.009,51.000,86.375,67.000,52.389,other,0,-1,22,5
2183,30,34.545,40.113,42.630,85.389,85.695,88.750,48.000,85.583,63.000,44.139,other,0,-1,23,5
2184,35,30.416,34.729,37.714,84.883,85.126,88.448,30.000,84.208,31.000,32.472,other,0,-1,0,6
2185,15,31.390,37.061,31.977,85.191,85.383,88.570,35.000,84.375,44.000,34.500,other,0,-1,1,6
2186,25,29.359,32.693,29.780,85.021,85.145,88.592,15.000,83.167,52.000,33.361,other,0,-1,2,6
2187,33,33.970,38.035,33.756,84.880,84.937,88.620,25.000,82.042,32.000,35.222,other,0,-1,3,6
2188,27,39.078,42.811,38.942,85.145,85.148,88.733,33.000,82.083,36.000,34.028,other,0,-1,4,6
2189,40,39.610,42.069,42.159,85.265,85.210,88.815,27.000,81.708,34.000,36.611,other,0,-1,5,6
2190,34,46.467,49.786,51.522,85.602,85.496,88.943,40.000,81.958,43.000,38.694,other,0,-1,6,6
2191,43,51.438,53.115,56.478,85.722,85.558,89.025,34.000,81.583,65.000,47.194,other,0,-1,7,6
2192,65,63.636,64.892,66.828,85.653,85.425,89.068,43.000,80.667,60.000,59.167,other,0,-1,8,6
2193,68,80.318,83.700,83.419,85.976,85.696,89.193,65.000,80.875,89.000,78.778,other,0,-1,9,6
2194,110,98.925,95.523,92.084,85.922,85.578,89.239,68.000,80.000,75.000,101.278,other,0,-1,10,6
2195,136,120.440,123.818,120.976,86.679,86.299,89.455,110.000,81.458,127.000,121.778,other,0,-1,11,6
2196,131,140.003,143.921,142.198,87.060,86.631,89.592,136.000,81.833,153.000,140.833,other,0,-1,12,6
2197,126,147.923,144.471,141.272,86.992,86.498,89.635,131.000,80.917,169.000,148.472,other,0,-1,13,6
2198,146,150.111,144.155,137.368,86.619,86.050,89.614,126.000,79.125,173.000,156.639,other,0,-1,14,6
2199,167,148.534,148.959,146.540,86.478,85.841,89.642,146.000,78.000,167.000,153.306,other,0,-1,15,6
2200,132,140.287,148.560,152.372,86.729,86.038,89.752,167.000,78.000,122.000,133.083,other,0,-1,16,6
2201,139,120.520,124.277,118.853,87.124,86.384,89.892,132.000,78.417,117.000,123.667,other,0,-1,17,6
2202,94,102.207,110.000,107.679,87.693,86.911,90.068,139.000,79.333,123.000,102.583,other,0,-1,18,6
2203,54,86.539,86.318,75.074,87.523,86.673,90.090,94.000,78.125,98.000,79.889,other,0,-1,19,6
2204,44,74.707,68.287,54.529,87.136,86.210,90.066,54.000,76.292,82.000,59.111,other,0,-1,20,6
2205,40,60.587,55.011,46.655,86.835,85.837,90.061,44.000,74.708,51.000,47.306,other,0,-1,21,6
2206,43,48.755,46.240,42.564,86.926,85.868,90.138,40.000,74.250,48.000,35.306,other,0,-1,22,6
2207,33,41.293,43.189,41.243,87.104,85.990,90.232,43.000,74.042,30.000,32.556,other,0,-1,23,6
2208,87,38.030,40.642,38.797,87.398,86.231,90.351,33.000,74.167,35.000,61.343,other,0,-1,0,0
2209,54,59.248,65.473,54.883,88.491,87.330,90.847,87.000,76.333,15.000,59.743,other,0,-1,1,0
2210,58,47.915,53.977,48.853,89.397,88.235,91.303,54.000,77.958,25.000,61.829,other,0,-1,2,0
2211,59,53.518,59.253,52.657,90.215,89.049,91.741,58.000,79.333,33.000,63.543,other,0,-1,3,0
2212,63,56.300,61.965,57.280,90.932,89.758,92.158,59.000,80.417,27.000,60.000,other,0,-1,4,0
2213,67,59.049,65.895,64.264,91.793,90.617,92.606,63.000,81.917,40.000,77.171,other,0,-1,5,0
2214,64,61.187,70.698,72.666,92.525,91.342,93.026,67.000,83.042,34.000,77.686,other,0,-1,6,0
2215,56,62.934,74.982,79.692,93.299,92.111,93.455,64.000,84.292,43.000,91.543,other,0,-1,7,0
2216,72,71.509,82.745,85.023,93.828,92.625,93.832,56.000,84.833,65.000,101.114,other,0,-1,8,0
2217,95,89.058,102.547,99.349,94.270,93.050,94.192,72.000,85.125,68.000,122.829,other,0,-1,9,0
2218,113,110.385,124.582,117.344,95.001,93.774,94.612,95.000,86.250,110.000,137.200,other,0,-1,10,0
2219,121,131.290,141.316,132.914,95.385,94.139,94.960,113.000,86.375,136.000,150.314,other,0,-1,11,0
2220,156,147.161,150.251,141.676,95.507,94.233,95.253,121.000,85.750,131.000,163.229,other,0,-1,12,0
2221,234,165.219,167.425,164.333,96.210,94.928,95.667,156.000,86.792,126.000,172.800,other,0,-1,13,0
2222,176,216.184,214.580,215.402,98.114,96.866,96.332,234.000,91.292,146.000,172.257,other,0,-1,14,0
2223,215,168.384,167.897,171.625,98.889,97.636,96.761,176.000,92.542,167.000,183.343,other,0,-1,15,0
2224,166,173.451,177.256,189.371,99.925,98.675,97.245,215.000,94.542,132.000,162.143,other,0,-1,16,0
2225,148,138.359,137.938,146.849,100.758,99.504,97.686,166.000,95.958,139.000,148.800,other,0,-1,17,0
2226,110,117.833,115.557,124.633,101.228,99.958,98.051,148.000,96.333,94.000,128.829,other,0,-1,18,0
2227,121,99.363,92.142,96.391,101.800,100.518,98.438,110.000,97.000,54.000,110.171,other,0,-1,19,0
2228,65,82.243,79.605,89.357,103.111,101.842,98.979,121.000,99.792,44.000,85.143,other,0,-1,20,0
2229,82,70.300,61.895,66.086,103.755,102.476,99.381,65.000,100.667,40.000,75.143,other,0,-1,21,0
2230,68,60.450,59.239,64.933,104.704,103.425,99.847,82.000,102.417,43.000,65.229,other,0,-1,22,0
2231,71,55.443,55.240,58.565,105.406,104.120,100.261,68.000,103.458,33.000,63.543,other,0,-1,23,0
2232,56,57.725,58.617,57.784,106.297,105.009,100.714,71.000,105.042,87.000,61.694,other,0,-1,0,1
2233,76,53.717,54.211,53.834,106.022,104.746,100.933,56.000,103.750,54.000,62.000,other,0,-1,1,1
2234,70,65.186,65.406,57.710,106.514,105.278,101.312,76.000,104.667,58.000,62.222,other,0,-1,2,1
2235,58,66.023,65.131,58.089,106.862,105.660,101.660,70.000,105.167,59.000,61.389,other,0,-1,3,1
2236,59,62.608,61.685,58.899,107.022,105.846,101.970,58.000,105.125,63.000,63.583,other,0,-1,4,1
2237,46,64.321,63.898,64.139,107.138,105.988,102.270,59.000,104.958,67.000,65.139,other,0,-1,5,1
2238,73,64.247,63.284,67.555,107.007,105.875,102.519,46.000,104.083,64.000,66.417,other,0,-1,6,1
2239,66,76.226,78.319,83.162,107.312,106.212,102.858,73.000,104.458,56.000,77.639,other,0,-1,7,1
2240,82,87.281,88.681,90.630,107.630,106.564,103.201,66.000,104.875,72.000,91.833,other,0,-1,8,1
2241,116,105.712,109.317,106.623,107.949,106.916,103.543,82.000,105.292,95.000,109.944,other,0,-1,9,1
2242,135,128.816,133.739,131.616,108.427,107.433,103.919,116.000,106.167,113.000,131.361,other,0,-1,10,1
2243,157,149.523,152.586,150.516,108.920,107.964,104.298,135.000,107.083,121.000,148.500,other,0,-1,11,1
2244,162,167.661,167.979,169.239,109.615,108.706,104.719,157.000,108.583,156.000,174.389,other,0,-1,12,1
2245,227,175.187,173.772,175.204,109.876,108.998,105.050,162.000,108.833,234.000,191.778,other,0,-1,13,1
2246,174,208.397,204.868,211.955,109.949,109.095,105.341,227.000,108.542,176.000,190.222,other,0,-1,14,1
2247,167,173.412,172.244,174.467,110.094,109.267,105.647,174.000,108.458,215.000,183.056,other,0,-1,15,1
2248,166,161.721,160.203,160.567,109.572,108.749,105.814,167.000,106.458,166.000,168.806,other,0,-1,16,1
2249,141,147.261,146.358,147.960,109.746,108.951,106.127,166.000,106.458,148.000,158.750,other,0,-1,17,1
2250,147,129.035,123.666,124.003,109.819,109.048,106.418,141.000,106.167,110.000,131.639,other,0,-1,18,1
2251,105,110.268,108.825,115.857,110.529,109.804,106.842,147.000,107.708,121.000,103.944,other,0,-1,19,1
2252,93,94.585,86.906,91.999,110.471,109.766,107.106,105.000,107.042,65.000,92.389,other,0,-1,20,1
2253,75,80.298,74.740,80.989,111.051,110.388,107.503,93.000,108.208,82.000,77.389,other,0,-1,21,1
2254,85,70.072,65.557,68.917,111.123,110.485,107.794,75.000,107.917,68.000,64.944,other,0,-1,22,1
2255,60,65.555,67.068,65.268,111.543,110.942,108.158,85.000,108.625,71.000,62.889,other,0,-1,23,1
2256,59,60.745,60.451,54.432,111.558,110.979,108.437,60.000,108.167,56.000,59.639,other,0,-1,0,2
2257,49,59.680,61.387,57.271,111.478,110.956,108.497,59.000,108.292,76.000,64.167,other,0,-1,1,2
2258,59,59.307,59.408,54.136,110.964,110.483,108.467,49.000,107.167,70.000,56.194,other,0,-1,2,2
2259,53,63.703,63.964,56.194,110.681,110.251,108.484,59.000,106.708,58.000,60.528,other,0,-1,3,2
2260,72,64.482,62.876,56.901,110.485,110.108,108.520,53.000,106.500,59.000,62.444,other,0,-1,4,2
2261,53,72.302,70.424,64.462,110.550,110.235,108.611,72.000,107.042,46.000,62.833,other,0,-1,5,2
2262,67,72.815,67.184,65.755,110.528,110.272,108.683,53.000,107.333,73.000,70.472,other,0,-1,6,2
2263,81,83.087,76.105,76.469,110.318,110.114,108.716,67.000,107.083,66.000,78.639,other,0,-1,7,2
2264,56,97.366,88.660,90.026,110.412,110.271,108.812,81.000,107.708,82.000,89.639,other,0,-1,8,2
2265,99,116.658,105.481,92.991,109.912,109.814,108.785,56.000,106.625,116.000,104.833,other,0,-1,9,2
2266,156,133.565,126.192,119.665,109.543,109.491,108.784,99.000,105.917,135.000,127.694,other,0,-1,10,2
2267,152,156.675,148.915,155.724,109.724,109.738,108.899,156.000,106.792,157.000,145.361,other,0,-1,11,2
2268,176,165.554,162.927,163.109,109.528,109.596,108.935,152.000,106.583,162.000,159.222,other,0,-1,12,2
2269,202,175.380,176.252,179.281,109.607,109.738,109.028,176.000,107.167,227.000,182.222,other,0,-1,13,2
2270,183,182.374,187.863,191.490,109.122,109.295,109.004,202.000,106.125,174.000,185.000,other,0,-1,14,2
2271,165,169.570,176.981,175.445,109.129,109.362,109.082,183.000,106.500,167.000,172.750,other,0,-1,15,2
2272,185,157.853,162.176,156.091,108.977,109.264,109.127,165.000,106.417,166.000,158.694,other,0,-1,16,2
2273,131,147.386,158.595,153.683,109.129,109.481,109.236,185.000,107.208,141.000,148.139,other,0,-1,17,2
2274,157,130.130,126.036,116.951,108.861,109.264,109.256,131.000,106.792,147.000,124.722,other,0,-1,18,2
2275,134,110.467,120.317,117.572,108.882,109.346,109.338,157.000,107.208,105.000,108.833,other,0,-1,19,2
2276,108,93.417,99.877,98.826,109.179,109.713,109.477,134.000,108.417,93.000,89.361,other,0,-1,20,2
2277,67,79.739,82.212,81.389,109.273,109.870,109.573,108.000,109.042,75.000,75.500,other,0,-1,21,2
2278,66,71.005,65.316,62.457,109.034,109.682,109.600,67.000,108.708,85.000,67.139,other,0,-1,22,2
2279,62,61.949,61.074,56.108,108.635,109.330,109.593,66.000,107.917,60.000,62.722,other,0,-1,23,2
2280,60,57.665,59.080,50.583,108.541,109.292,109.651,62.000,108.000,59.000,61.389,other,0,-1,0,3
2281,63,56.217,61.199,60.242,108.228,109.020,109.405,60.000,108.042,49.000,64.194,other,0,-1,1,3
2282,64,58.139,63.509,59.412,108.103,108.944,109.199,63.000,108.625,59.000,65.056,other,0,-1,2,3
2283,45,60.809,64.980,59.599,107.848,108.732,108.965,64.000,108.833,53.000,61.583,other,0,-1,3,3
2284,64,59.311,59.187,57.400,107.404,108.326,108.692,45.000,108.500,72.000,61.250,other,0,-1,4,3
2285,67,66.049,66.286,64.413,106.960,107.920,108.419,64.000,108.167,53.000,63.500,other,0,-1,5,3
2286,73,71.395,69.052,70.374,106.836,107.843,108.213,67.000,108.750,67.000,67.778,other,0,-1,6,3
2287,80,80.597,75.199,79.327,106.595,107.646,107.983,73.000,109.000,81.000,79.889,other,0,-1,7,3
2288,125,94.319,85.897,90.971,106.253,107.345,107.731,80.000,108.958,56.000,92.417,other,0,-1,8,3
2289,117,114.537,108.963,118.161,106.924,108.093,107.691,125.000,111.833,99.000,115.000,other,0,-1,9,3
2290,141,130.754,126.463,128.124,106.857,108.076,107.497,117.000,112.583,156.000,126.583,other,0,-1,10,3
2291,172,149.425,149.662,149.538,106.313,107.565,107.203,141.000,111.958,152.000,145.861,other,0,-1,11,3
2292,145,167.180,170.822,171.630,106.275,107.579,107.015,172.000,112.792,176.000,168.111,other,0,-1,12,3
2293,161,167.932,168.758,164.857,105.498,106.827,106.672,145.000,111.500,202.000,177.472,other,0,-1,13,3
2294,192,170.525,171.820,170.700,104.576,105.926,106.300,161.000,109.792,183.000,176.694,other,0,-1,14,3
2295,184,171.874,179.242,179.597,104.379,105.775,106.078,192.000,110.167,165.000,173.972,other,0,-1,15,3
2296,134,158.661,167.193,167.220,104.326,105.773,105.887,184.000,110.958,185.000,162.111,other,0,-1,16,3
2297,148,139.027,138.128,133.516,103.260,104.722,105.484,134.000,108.833,131.000,150.028,other,0,-1,17,3
2298,137,121.261,128.896,128.054,103.179,104.691,105.287,148.000,109.542,157.000,132.389,other,0,-1,18,3
2299,94,102.234,112.227,112.612,102.561,104.104,104.978,137.000,108.708,134.000,108.528,other,0,-1,19,3
2300,96,88.408,87.149,87.963,101.654,103.218,104.608,94.000,107.042,108.000,100.083,other,0,-1,20,3
2301,96,71.396,77.119,80.690,101.152,102.752,104.323,96.000,106.542,67.000,85.306,other,0,-1,21,3
2302,63,59.056,70.786,73.853,101.245,102.900,104.162,96.000,107.750,66.000,74.778,other,0,-1,22,3
2303,71,52.380,55.354,60.362,100.874,102.569,103.904,63.000,107.625,62.000,70.444,other,0,-1,23,3
2304,60,48.034,55.577,58.093,100.676,102.417,103.683,71.000,108.000,60.000,60.917,other,0,-1,0,4
2305,49,46.764,55.425,51.912,100.391,102.128,103.322,60.000,108.000,63.000,56.972,other,0,-1,1,4
2306,58,46.349,52.704,48.896,99.903,101.629,102.918,49.000,107.417,64.000,51.583,other,0,-1,2,4
2307,39,50.969,57.368,50.953,99.531,101.249,102.539,58.000,107.167,45.000,54.556,other,0,-1,3,4
2308,53,48.885,51.345,49.051,99.158,100.870,102.160,39.000,106.917,64.000,57.139,other,0,-1,4,4
2309,64,54.581,57.215,55.399,98.714,100.416,101.765,53.000,106.458,67.000,54.694,other,0,-1,5,4
2310,59,60.866,63.101,63.705,98.385,100.081,101.395,64.000,106.333,73.000,65.167,other,0,-1,6,4
2311,80,67.784,66.618,70.140,97.897,99.582,100.992,59.000,105.750,80.000,74.667,other,0,-1,7,4
2312,79,81.121,82.054,87.015,97.612,99.293,100.631,80.000,105.750,125.000,86.667,other,0,-1,8,4
2313,102,98.105,97.747,98.826,96.660,98.314,100.130,79.000,103.833,117.000,109.861,other,0,-1,9,4
2314,140,117.038,123.367,121.369,96.157,97.800,99.724,102.000,103.208,141.000,125.222,other,0,-1,10,4
2315,134,138.399,152.776,151.051,95.857,97.495,99.360,140.000,103.167,172.000,147.361,other,0,-1,11,4
2316,138,151.728,159.468,157.258,95.022,96.636,98.884,134.000,101.583,145.000,161.111,other,0,-1,12,4
2317,171,161.484,162.068,163.422,94.635,96.242,98.501,138.000,101.292,161.000,174.694,other,0,-1,13,4
2318,185,170.977,172.505,178.395,94.494,96.102,98.170,171.000,101.708,192.000,178.167,other,0,-1,14,4
2319,193,169.503,172.337,179.245,94.108,95.708,97.788,185.000,101.417,184.000,172.583,other,0,-1,15,4
2320,167,158.016,166.418,173.057,93.953,95.554,97.454,193.000,101.792,134.000,165.472,other,0,-1,16,4
2321,161,132.956,141.424,146.954,94.146,95.759,97.193,167.000,103.167,148.000,138.861,other,0,-1,17,4
2322,111,110.340,125.243,129.724,94.049,95.664,96.871,161.000,103.708,137.000,121.333,other,0,-1,18,4
2323,78,90.717,95.350,96.792,93.387,94.985,96.431,111.000,102.625,94.000,101.944,other,0,-1,19,4
2324,116,76.025,74.973,76.568,92.869,94.456,96.022,78.000,101.958,96.000,84.222,other,0,-1,20,4
2325,77,56.721,75.412,79.262,92.874,94.467,95.721,116.000,102.792,96.000,70.889,other,0,-1,21,4
2326,61,47.166,55.467,62.618,92.313,93.892,95.302,77.000,102.000,63.000,63.889,other,0,-1,22,4
2327,61,39.879,46.773,54.475,91.999,93.573,94.935,61.000,101.917,71.000,57.111,other,0,-1,23,4
2328,48,36.158,45.338,50.983,91.569,93.134,94.544,61.000,101.500,60.000,38.722,other,0,-1,0,5
2329,40,35.720,43.374,32.983,91.367,92.879,94.306,48.000,101.000,49.000,42.139,other,0,-1,1,5
2330,40,36.205,42.346,32.175,91.208,92.670,94.077,40.000,100.625,58.000,43.389,other,0,-1,2,5
2331,39,38.928,43.963,33.786,90.920,92.326,93.821,40.000,99.875,39.000,43.528,other,0,-1,3,5
2332,54,41.218,44.849,36.539,90.891,92.251,93.619,39.000,99.875,53.000,42.111,other,0,-1,4,5
2333,34,48.906,52.183,44.643,90.878,92.192,93.421,54.000,99.917,64.000,43.028,other,0,-1,5,5
2334,38,47.025,47.403,45.542,90.415,91.668,93.128,34.000,98.667,59.000,55.167,other,0,-1,6,5
2335,47,55.269,54.274,53.931,90.083,91.279,92.863,38.000,97.792,80.000,63.917,other,0,-1,7,5
2336,64,67.911,66.072,65.630,89.577,90.709,92.561,47.000,96.417,79.000,81.722,other,0,-1,8,5
2337,70,84.202,83.735,82.364,89.331,90.410,92.314,64.000,95.792,102.000,98.167,other,0,-1,9,5
2338,116,102.785,99.691,95.365,88.840,89.856,92.016,70.000,94.458,140.000,102.556,other,0,-1,10,5
2339,149,122.858,131.241,129.948,88.464,89.422,91.742,116.000,93.458,134.000,122.722,other,0,-1,11,5
2340,109,144.146,156.192,158.192,88.653,89.572,91.585,149.000,94.083,138.000,141.028,other,0,-1,12,5
2341,136,146.774,139.405,137.370,88.205,89.063,91.296,109.000,92.875,171.000,161.333,other,0,-1,13,5
2342,117,153.531,149.704,153.200,87.670,88.464,90.988,136.000,91.417,185.000,179.778,other,0,-1,14,5
2343,153,146.599,139.557,136.689,86.657,87.370,90.581,117.000,88.583,193.000,180.472,other,0,-1,15,5
2344,130,138.378,143.299,146.634,86.049,86.696,90.258,153.000,86.917,167.000,165.833,other,0,-1,16,5
2345,107,118.881,124.093,119.972,85.485,86.067,89.945,130.000,85.375,161.000,148.556,other,0,-1,17,5
2346,110,100.995,104.764,94.783,84.675,85.183,89.580,107.000,83.125,111.000,114.861,other,0,-1,18,5
2347,91,81.637,89.784,82.516,84.632,85.094,89.375,110.000,83.083,78.000,90.528,other,0,-1,19,5
2348,62,65.880,72.294,66.120,84.792,85.214,89.213,91.000,83.625,116.000,74.972,other,0,-1,20,5
2349,72,54.258,56.172,52.297,83.982,84.330,88.848,62.000,81.375,77.000,60.444,other,0,-1,21,5
2350,51,41.564,50.994,49.944,83.881,84.181,88.631,72.000,81.167,61.000,52.389,other,0,-1,22,5
2351,73,35.172,42.788,42.832,83.708,83.956,88.399,51.000,80.750,61.000,44.139,other,0,-1,23,5
2352,15,36.530,51.188,44.687,83.854,84.062,88.234,73.000,81.250,48.000,32.472,other,0,-1,0,6
2353,30,29.034,32.935,28.718,83.626,83.764,88.243,15.000,79.875,40.000,34.500,other,0,-1,1,6
2354,57,33.029,39.862,32.808,83.732,83.811,88.323,30.000,79.458,40.000,33.361,other,0,-1,2,6
2355,23,47.019,54.572,41.583,84.228,84.262,88.484,57.000,80.167,39.000,35.222,other,0,-1,3,6
2356,31,36.144,40.735,37.437,84.247,84.219,88.545,23.000,79.500,54.000,34.028,other,0,-1,4,6
2357,31,40.872,45.319,43.958,84.164,84.070,88.585,31.000,78.542,34.000,36.611,other,0,-1,5,6
2358,40,44.301,48.090,49.699,84.371,84.222,88.686,31.000,78.417,38.000,38.694,other,0,-1,6,6
2359,57,52.153,56.578,59.132,84.650,84.449,88.801,40.000,78.500,47.000,47.194,other,0,-1,7,6
2360,75,64.505,71.199,72.754,85.045,84.795,88.941,57.000,78.917,64.000,59.167,other,0,-1,8,6
2361,86,80.763,89.203,88.295,85.455,85.157,89.084,75.000,79.375,70.000,78.778,other,0,-1,9,6
2362,97,99.277,104.628,101.062,85.937,85.593,89.242,86.000,80.042,116.000,101.278,other,0,-1,10,6
2363,159,117.697,118.159,113.150,85.912,85.505,89.294,97.000,79.250,149.000,121.778,other,0,-1,11,6
2364,166,147.612,159.820,157.285,86.307,85.851,89.434,159.000,79.667,109.000,140.833,other,0,-1,12,6
2365,126,157.287,164.642,164.762,87.383,86.902,89.716,166.000,82.042,136.000,148.472,other,0,-1,13,6
2366,132,150.489,144.542,136.870,87.488,86.949,89.796,126.000,81.625,117.000,156.639,other,0,-1,14,6
2367,145,148.039,144.144,137.197,87.956,87.370,89.951,132.000,82.250,153.000,153.306,other,0,-1,15,6
2368,126,138.244,140.664,138.135,88.090,87.447,90.036,145.000,81.917,130.000,133.083,other,0,-1,16,6
2369,121,122.139,123.292,116.052,88.283,87.584,90.134,126.000,81.750,107.000,123.667,other,0,-1,17,6
2370,127,104.233,106.964,100.097,88.736,87.990,90.286,121.000,82.333,110.000,102.583,other,0,-1,18,6
2371,81,85.418,91.744,88.086,89.232,88.442,90.447,127.000,83.042,91.000,79.889,other,0,-1,19,6
2372,63,72.505,70.952,62.016,89.338,88.488,90.526,81.000,82.625,62.000,59.111,other,0,-1,20,6
2373,36,59.601,57.827,51.455,89.602,88.700,90.639,63.000,82.667,72.000,47.306,other,0,-1,21,6
2374,19,50.723,47.167,42.850,89.331,88.357,90.640,36.000,81.167,51.000,35.306,other,0,-1,22,6
2375,41,43.474,40.502,38.134,89.118,88.074,90.653,19.000,79.833,73.000,32.556,other,0,-1,23,6
2376,68,39.790,44.355,40.583,88.905,87.790,90.665,41.000,78.500,15.000,61.343,other,0,-1,0,0
2377,59,49.931,57.307,50.247,90.012,88.905,91.164,68.000,80.708,30.000,59.743,other,0,-1,1,0
2378,53,50.692,57.999,49.624,90.773,89.659,91.590,59.000,81.917,57.000,61.829,other,0,-1,2,0
2379,67,51.573,58.162,50.809,91.055,89.918,91.917,53.000,81.750,23.000,63.543,other,0,-1,3,0
2380,60,61.237,67.693,58.673,92.033,90.898,92.388,67.000,83.583,31.000,60.000,other,0,-1,4,0
2381,64,57.897,65.445,62.608,92.793,91.652,92.814,60.000,84.792,31.000,77.171,other,0,-1,5,0
2382,64,60.190,70.076,70.912,93.611,92.466,93.252,64.000,86.167,40.000,77.686,other,0,-1,6,0
2383,71,63.342,75.638,78.983,94.299,93.145,93.663,64.000,87.167,57.000,91.543,other,0,-1,7,0
2384,115,73.943,88.654,90.128,94.842,93.675,94.044,71.000,87.750,75.000,101.114,other,0,-1,8,0
2385,79,100.919,121.989,118.536,95.762,94.594,94.504,115.000,89.417,86.000,122.829,other,0,-1,9,0
2386,129,109.317,119.374,109.691,96.000,94.809,94.821,79.000,89.125,97.000,137.200,other,0,-1,10,0
2387,166,135.543,148.680,141.707,96.804,95.608,95.256,129.000,90.458,159.000,150.314,other,0,-1,11,0
2388,137,163.179,172.411,168.664,97.246,96.032,95.616,166.000,90.750,166.000,163.229,other,0,-1,12,0
2389,191,159.930,159.497,152.957,97.166,95.917,95.866,137.000,89.542,126.000,172.800,other,0,-1,13,0
2390,162,180.766,183.702,186.111,98.448,97.211,96.401,191.000,92.250,132.000,172.257,other,0,-1,14,0
2391,180,164.646,162.792,162.735,99.222,97.980,96.831,162.000,93.500,145.000,183.343,other,0,-1,15,0
2392,159,157.421,159.878,166.242,100.070,98.825,97.275,180.000,94.958,126.000,162.143,other,0,-1,16,0
2393,187,137.238,137.598,142.591,100.888,99.639,97.713,159.000,96.333,121.000,148.800,other,0,-1,17,0
2394,108,125.553,129.169,144.532,102.184,100.948,98.251,187.000,99.083,127.000,128.829,other,0,-1,18,0
2395,105,99.858,94.536,94.865,102.249,100.983,98.532,108.000,98.292,81.000,110.171,other,0,-1,19,0
2396,78,82.802,79.646,83.734,102.937,101.662,98.943,105.000,99.292,63.000,85.143,other,0,-1,20,0
2397,88,70.285,66.040,68.440,103.494,102.206,99.327,78.000,99.917,36.000,75.143,other,0,-1,21,0
2398,62,61.924,63.282,65.648,104.588,103.305,99.823,88.000,102.083,19.000,65.229,other,0,-1,22,0
2399,64,55.386,56.075,56.769,105.551,104.270,100.291,62.000,103.875,41.000,63.543,other,0,-1,23,0
2400,74,56.189,58.346,55.447,106.224,104.934,100.699,64.000,104.833,68.000,61.694,other,0,-1,0,1
2401,56,59.908,63.189,57.099,106.485,105.226,101.030,74.000,105.083,59.000,62.000,other,0,-1,1,1
2402,60,57.040,58.883,53.083,106.616,105.383,101.333,56.000,104.958,53.000,62.222,other,0,-1,2,1
2403,72,61.610,62.550,55.477,106.891,105.690,101.666,60.000,105.250,67.000,61.389,other,0,-1,3,1
2404,79,69.254,69.247,61.519,107.137,105.966,101.994,72.000,105.458,60.000,63.583,other,0,-1,4,1
2405,78,73.343,73.743,68.706,107.587,106.453,102.364,79.000,106.250,64.000,65.139,other,0,-1,5,1
2406,59,73.312,75.651,75.789,107.963,106.865,102.718,78.000,106.833,64.000,66.417,other,0,-1,6,1
2407,92,73.659,75.681,78.965,108.065,106.992,103.015,59.000,106.625,71.000,77.639,other,0,-1,7,1
2408,83,90.892,96.115,99.631,108.543,107.509,103.391,92.000,107.500,115.000,91.833,other,0,-1,8,1
2409,108,105.337,110.322,107.010,108.253,107.231,103.607,83.000,106.167,79.000,109.944,other,0,-1,9,1
2410,111,126.889,132.903,128.022,108.847,107.867,104.007,108.000,107.375,129.000,131.361,other,0,-1,10,1
2411,155,144.579,148.606,138.668,108.761,107.799,104.265,111.000,106.625,166.000,148.500,other,0,-1,11,1
2412,167,167.156,167.665,168.102,108.775,107.836,104.544,155.000,106.167,137.000,174.389,other,0,-1,12,1
2413,180,176.779,175.838,177.968,109.384,108.488,104.947,167.000,107.417,191.000,191.778,other,0,-1,13,1
2414,132,180.835,180.423,183.980,109.398,108.525,105.226,180.000,106.958,162.000,190.222,other,0,-1,14,1
2415,192,166.272,160.173,151.287,109.138,108.277,105.448,132.000,105.708,180.000,183.056,other,0,-1,15,1
2416,164,167.228,171.152,174.656,109.486,108.659,105.796,192.000,106.208,159.000,168.806,other,0,-1,16,1
2417,176,146.623,146.911,146.857,109.732,108.936,106.124,164.000,106.417,187.000,158.750,other,0,-1,17,1
2418,107,130.559,134.966,140.471,109.746,108.973,106.403,176.000,105.958,108.000,131.639,other,0,-1,18,1
2419,118,111.566,103.257,100.294,109.906,109.160,106.712,107.000,105.917,105.000,103.944,other,0,-1,19,1
2420,96,92.806,90.315,96.094,110.268,109.556,107.064,118.000,106.458,78.000,92.389,other,0,-1,20,1
2421,27,79.368,76.491,81.357,110.703,110.028,107.430,96.000,107.208,88.000,77.389,inside,-1,0,21,1
2422,23,74.629,61.092,56.187,109.993,109.316,107.558,27.000,104.667,62.000,64.944,inside,-1,1,22,1
2423,13,64.637,54.806,49.149,109.602,108.933,107.753,23.000,103.042,64.000,62.889,inside,-1,2,23,1
2424,56,58.948,50.862,42.471,109.037,108.370,107.911,13.000,100.917,74.000,59.639,after,-1,3,0,2
2425,52,58.819,60.455,54.120,108.653,108.033,107.907,56.000,100.167,56.000,64.167,after,-1,4,1,2
2426,74,59.506,60.368,52.176,108.472,107.905,107.946,52.000,100.000,60.000,56.194,after,-1,5,2,2
2427,44,68.959,69.538,56.804,108.552,108.047,108.040,74.000,100.583,72.000,60.528,after,-1,6,3,2
2428,68,62.367,60.149,52.993,108.023,107.559,108.006,44.000,99.417,79.000,62.444,after,-1,7,4,2
2429,48,70.919,68.877,61.575,107.740,107.327,108.024,68.000,98.958,78.000,62.833,after,-1,8,5,2
2430,53,71.927,66.099,62.822,107.182,106.809,107.984,48.000,97.708,59.000,70.472,after,-1,9,6,2
2431,85,82.159,73.724,71.444,106.972,106.651,108.017,53.000,97.458,92.000,78.639,after,-1,10,7,2
2432,91,97.169,89.151,90.172,106.747,106.479,108.047,85.000,97.167,83.000,89.639,after,-1,11,8,2
2433,91,114.533,105.276,103.939,106.740,106.531,108.122,91.000,97.500,108.000,104.833,after,-1,12,9,2
2434,140,133.203,126.357,116.182,106.370,106.208,108.122,91.000,96.792,111.000,127.694,after,-1,13,10,2
2435,160,152.816,146.739,148.121,106.667,106.575,108.261,140.000,98.000,155.000,145.361,after,-1,14,11,2
2436,168,167.252,163.932,166.484,106.616,106.582,108.327,160.000,98.208,167.000,159.222,after,-1,15,12,2
2437,170,173.317,173.811,174.838,106.507,106.530,108.381,168.000,98.250,180.000,182.222,after,-1,16,13,2
2438,167,172.385,175.938,174.755,106.239,106.312,108.402,170.000,97.833,132.000,185.000,after,-1,17,14,2
2439,168,166.618,171.165,167.127,106.623,106.769,108.559,167.000,99.292,192.000,172.750,after,-1,18,15,2
2440,167,157.873,163.263,157.201,106.152,106.341,108.537,168.000,98.292,164.000,158.694,after,-1,19,16,2
2441,149,145.256,151.216,144.492,106.072,106.318,108.597,167.000,98.417,176.000,148.139,after,-1,20,17,2
2442,133,128.601,131.228,124.339,105.558,105.846,108.567,149.000,97.292,107.000,124.722,after,-1,21,18,2
2443,125,111.069,112.004,107.058,105.811,106.168,108.696,133.000,98.375,118.000,108.833,after,-1,22,19,2
2444,126,93.508,96.923,94.838,105.789,106.205,108.769,125.000,98.667,96.000,89.361,after,-1,23,20,2
2445,98,78.854,88.929,86.501,106.100,106.587,108.911,126.000,99.917,27.000,75.500,after,-1,24,21,2
2446,60,68.582,73.939,70.010,107.006,107.583,109.176,98.000,102.875,23.000,67.139,after,-1,25,22,2
2447,54,61.903,60.307,54.456,107.418,108.070,109.339,60.000,104.417,13.000,62.722,after,-1,26,23,2
2448,63,57.065,57.582,49.025,107.889,108.617,109.514,54.000,106.125,56.000,61.389,other,0,-1,0,3
2449,60,56.389,62.839,60.641,107.663,108.436,109.287,63.000,106.417,52.000,64.194,other,0,-1,1,3
2450,56,57.291,62.928,58.654,107.451,108.269,109.063,60.000,106.750,74.000,65.056,other,0,-1,2,3
2451,71,58.594,62.441,57.847,106.862,107.713,108.759,56.000,106.000,44.000,61.583,other,0,-1,3,3
2452,61,65.238,68.752,62.512,106.926,107.831,108.592,71.000,107.125,68.000,61.250,other,0,-1,4,3
2453,70,65.156,65.552,63.699,106.497,107.440,108.323,61.000,106.833,48.000,63.500,other,0,-1,5,3
2454,80,71.637,70.128,71.100,106.488,107.483,108.141,70.000,107.750,53.000,67.778,other,0,-1,6,3
2455,96,81.083,77.027,81.299,106.551,107.602,107.974,80.000,108.875,85.000,79.889,other,0,-1,7,3
2456,85,94.989,88.980,95.955,106.383,107.480,107.758,96.000,109.333,91.000,92.417,other,0,-1,8,3
2457,118,111.554,102.430,103.935,105.968,107.104,107.491,85.000,109.083,91.000,115.000,other,0,-1,9,3
2458,153,130.547,126.165,128.202,106.032,107.222,107.324,118.000,110.208,140.000,126.583,other,0,-1,10,3
2459,139,151.366,151.285,153.930,105.892,107.130,107.115,153.000,110.750,160.000,145.861,other,0,-1,11,3
2460,118,160.785,162.520,157.376,105.261,106.529,106.803,139.000,109.875,168.000,168.111,other,0,-1,12,3
2461,147,164.332,162.145,153.457,104.209,105.493,106.403,118.000,107.792,170.000,177.472,other,0,-1,13,3
2462,215,167.792,166.835,164.213,103.548,104.862,106.085,147.000,106.833,167.000,176.694,other,0,-1,14,3
2463,142,180.984,190.965,190.462,103.915,105.295,105.981,215.000,108.833,168.000,173.972,other,0,-1,15,3
2464,157,152.609,151.744,147.790,103.211,104.619,105.654,142.000,107.750,167.000,162.111,other,0,-1,16,3
2465,158,139.145,145.026,143.277,102.738,104.183,105.375,157.000,107.333,149.000,150.028,other,0,-1,17,3
2466,106,120.774,132.915,132.090,102.541,104.031,105.154,158.000,107.708,133.000,132.389,other,0,-1,18,3
2467,101,104.256,103.616,100.564,101.822,103.340,104.823,106.000,106.583,125.000,108.528,other,0,-1,19,3
2468,118,86.446,89.118,89.603,101.147,102.694,104.502,101.000,105.583,126.000,100.083,other,0,-1,20,3
2469,83,68.845,86.424,86.674,100.703,102.287,104.229,118.000,105.250,98.000,85.306,other,0,-1,21,3
2470,71,59.084,66.150,69.379,100.158,101.776,103.935,83.000,104.625,60.000,74.778,other,0,-1,22,3
2471,51,51.277,57.854,61.026,99.990,101.654,103.720,71.000,105.083,54.000,70.444,other,0,-1,23,3
2472,57,46.688,49.620,52.762,99.619,101.323,103.462,51.000,104.958,63.000,60.917,other,0,-1,0,4
2473,51,45.608,54.439,50.148,99.247,100.944,103.083,57.000,104.708,60.000,56.972,other,0,-1,1,4
2474,45,46.174,53.555,48.124,98.831,100.519,102.695,51.000,104.333,56.000,51.583,other,0,-1,2,4
2475,47,47.082,52.509,47.418,98.386,100.065,102.300,45.000,103.875,71.000,54.556,other,0,-1,3,4
2476,54,49.933,54.102,49.673,97.753,99.416,101.866,47.000,102.875,61.000,57.139,other,0,-1,4,4
2477,42,54.357,57.599,54.833,97.367,99.022,101.484,54.000,102.583,70.000,54.694,other,0,-1,5,4
2478,63,57.506,56.508,57.527,96.676,98.313,101.038,42.000,101.417,80.000,65.167,other,0,-1,6,4
2479,76,67.488,67.607,70.792,96.144,97.768,100.626,63.000,100.708,96.000,74.667,other,0,-1,7,4
2480,87,80.502,80.840,85.268,95.569,97.179,100.204,76.000,99.875,85.000,86.667,other,0,-1,8,4
2481,133,97.492,99.379,101.744,95.313,96.920,99.849,87.000,99.958,118.000,109.861,other,0,-1,9,4
2482,126,119.894,133.043,135.044,95.245,96.855,99.533,133.000,100.583,153.000,125.222,other,0,-1,10,4
2483,124,136.255,147.426,144.195,94.568,96.161,99.090,126.000,99.458,139.000,147.361,other,0,-1,11,4
2484,160,150.163,155.841,152.289,94.066,95.647,98.684,124.000,98.833,118.000,161.111,other,0,-1,12,4
2485,203,165.523,171.186,173.795,94.389,95.987,98.450,160.000,100.583,147.000,174.694,other,0,-1,13,4
2486,199,181.737,191.076,195.112,94.915,96.537,98.258,203.000,102.917,215.000,178.167,other,0,-1,14,4
2487,137,173.795,180.524,186.745,94.397,96.008,97.849,199.000,102.250,142.000,172.583,other,0,-1,15,4
2488,172,149.606,143.229,145.853,94.040,95.644,97.472,137.000,102.042,157.000,165.472,other,0,-1,16,4
2489,159,133.793,143.536,149.261,93.972,95.579,97.157,172.000,102.667,158.000,138.861,other,0,-1,17,4
2490,134,110.565,124.338,128.977,93.701,95.305,96.798,159.000,102.708,106.000,121.333,other,0,-1,18,4
2491,88,89.683,101.670,105.565,93.821,95.435,96.522,134.000,103.875,101.000,101.944,other,0,-1,19,4
2492,70,75.557,76.621,80.090,93.348,94.951,96.122,88.000,103.333,118.000,84.222,other,0,-1,20,4
2493,87,61.482,61.448,67.943,92.367,93.942,95.615,70.000,101.333,83.000,70.889,other,0,-1,21,4
2494,83,47.186,58.619,66.076,92.139,93.712,95.266,87.000,101.500,71.000,63.889,other,0,-1,22,4
2495,45,40.857,54.264,60.360,92.028,93.603,94.941,83.000,102.000,51.000,57.111,other,0,-1,23,4
2496,40,35.852,40.558,49.483,91.656,93.224,94.562,45.000,101.750,57.000,38.722,other,0,-1,0,5
2497,38,34.555,40.735,32.624,91.381,92.894,94.309,40.000,101.042,51.000,42.139,other,0,-1,1,5
2498,35,36.109,41.810,32.695,91.165,92.625,94.068,38.000,100.500,45.000,43.389,other,0,-1,2,5
2499,48,37.882,42.264,33.610,90.992,92.401,93.836,35.000,100.083,47.000,43.528,other,0,-1,3,5
2500,32,44.654,48.625,39.080,90.978,92.341,93.637,48.000,100.125,54.000,42.111,other,0,-1,4,5
2501,45,42.569,43.925,39.780,90.632,91.937,93.369,32.000,99.208,42.000,43.028,other,0,-1,5,5
2502,53,49.413,50.996,48.851,90.647,91.908,93.177,45.000,99.333,63.000,55.167,other,0,-1,6,5
2503,55,57.129,58.774,58.948,90.474,91.683,92.945,53.000,98.917,76.000,63.917,other,0,-1,7,5
2504,89,68.429,68.368,68.744,90.142,91.294,92.679,55.000,98.042,87.000,81.722,other,0,-1,8,5
2505,89,85.655,93.235,93.913,90.143,91.250,92.484,89.000,98.125,133.000,98.167,other,0,-1,9,5
2506,101,103.318,106.991,104.814,89.477,90.516,92.149,89.000,96.292,126.000,102.556,other,0,-1,10,5
2507,124,121.873,124.142,121.028,89.087,90.066,91.872,101.000,95.250,124.000,122.722,other,0,-1,11,5
2508,126,139.204,142.431,142.064,89.059,89.992,91.670,124.000,95.250,160.000,141.028,other,0,-1,12,5
2509,157,149.191,146.283,147.239,88.538,89.408,91.366,126.000,93.833,203.000,161.333,other,0,-1,13,5
2510,157,157.625,159.313,165.945,87.844,88.644,91.025,157.000,91.917,199.000,179.778,other,0,-1,14,5
2511,191,152.409,153.875,160.004,87.207,87.940,90.696,157.000,90.167,137.000,180.472,other,0,-1,15,5
2512,171,147.883,160.787,170.162,87.961,88.675,90.658,191.000,92.417,172.000,165.833,other,0,-1,16,5
2513,120,122.945,137.344,142.095,87.919,88.585,90.453,171.000,92.375,159.000,148.556,other,0,-1,17,5
2514,109,99.768,106.553,100.179,87.326,87.926,90.133,120.000,90.750,134.000,114.861,other,0,-1,18,5
2515,76,81.217,88.502,81.786,86.935,87.477,89.856,109.000,89.708,88.000,90.528,other,0,-1,19,5
2516,86,66.945,68.684,61.502,86.733,87.223,89.618,76.000,89.208,70.000,74.972,other,0,-1,20,5
2517,47,50.805,58.906,56.965,86.937,87.388,89.465,86.000,89.875,87.000,60.444,other,0,-1,21,5
2518,43,42.535,44.022,44.247,86.329,86.714,89.142,47.000,88.208,83.000,52.389,other,0,-1,22,5
2519,40,34.704,38.861,40.406,85.722,86.040,88.819,43.000,86.542,45.000,44.139,other,0,-1,23,5
2520,28,31.047,37.235,37.769,85.621,85.891,88.603,40.000,86.333,40.000,32.472,other,0,-1,0,6
2521,24,30.352,34.262,29.535,85.698,85.908,88.676,28.000,85.833,38.000,34.500,other,0,-1,1,6
2522,27,31.510,35.221,30.244,85.745,85.894,88.743,24.000,85.250,35.000,33.361,other,0,-1,2,6
2523,38,34.897,38.325,33.225,85.880,85.971,88.829,27.000,84.917,48.000,35.222,other,0,-1,3,6
2524,28,41.303,44.458,39.315,85.985,86.018,88.908,38.000,84.500,32.000,34.028,other,0,-1,4,6
2525,39,40.142,42.245,41.796,86.177,86.154,89.006,28.000,84.333,45.000,36.611,other,0,-1,5,6
2526,45,46.386,49.308,50.792,86.341,86.261,89.097,39.000,84.083,53.000,38.694,other,0,-1,6,6
2527,47,53.132,56.914,59.812,86.475,86.337,89.183,45.000,83.750,55.000,47.194,other,0,-1,7,6
2528,55,63.732,66.531,68.197,86.610,86.414,89.268,47.000,83.417,89.000,59.167,other,0,-1,8,6
2529,76,79.688,80.314,79.039,86.367,86.101,89.275,55.000,82.000,89.000,78.778,other,0,-1,9,6
2530,68,98.595,99.041,95.980,86.429,86.103,89.345,76.000,81.458,101.000,101.278,other,0,-1,10,6
2531,99,116.037,104.635,98.014,86.201,85.805,89.355,68.000,80.083,124.000,121.778,other,0,-1,11,6
2532,149,132.354,125.129,119.156,86.090,85.626,89.389,99.000,79.042,126.000,140.833,other,0,-1,12,6
2533,139,151.494,153.906,153.436,86.673,86.168,89.568,149.000,80.000,157.000,148.472,other,0,-1,13,6
2534,148,151.458,149.243,146.005,86.663,86.094,89.623,139.000,79.250,157.000,156.639,other,0,-1,14,6
2535,122,148.519,149.548,147.992,86.782,86.156,89.706,148.000,78.875,191.000,153.306,other,0,-1,15,6
2536,145,135.205,134.058,124.015,86.033,85.318,89.607,122.000,76.000,171.000,133.083,other,0,-1,16,6
2537,116,120.369,127.888,126.174,85.907,85.125,89.638,145.000,74.917,120.000,123.667,other,0,-1,17,6
2538,101,102.356,105.737,97.125,86.099,85.262,89.735,116.000,74.750,109.000,102.583,other,0,-1,18,6
2539,81,85.100,87.052,77.714,86.234,85.338,89.821,101.000,74.417,76.000,79.889,other,0,-1,19,6
2540,74,69.825,69.915,61.170,86.556,85.610,89.945,81.000,74.625,86.000,59.111,other,0,-1,20,6
2541,40,55.833,58.026,52.896,86.633,85.627,90.019,74.000,74.125,47.000,47.306,other,0,-1,21,6
2542,29,47.398,46.315,42.884,86.782,85.718,90.107,40.000,73.833,43.000,35.306,other,0,-1,22,6
2543,32,40.074,40.786,39.256,86.829,85.705,90.175,29.000,73.250,40.000,32.556,other,0,-1,23,6
2544,42,36.647,40.932,38.883,86.963,85.782,90.260,32.000,72.917,28.000,61.343,other,0,-1,0,0
2545,81,39.541,45.320,44.599,87.506,86.311,90.641,42.000,73.500,24.000,59.743,other,0,-1,1,0
2546,50,62.139,69.444,54.766,88.672,87.485,91.152,81.000,75.875,27.000,61.829,other,0,-1,2,0
2547,67,49.146,56.044,50.361,89.346,88.149,91.560,50.000,76.833,38.000,63.543,other,0,-1,3,0
2548,72,60.664,67.189,58.845,90.106,88.904,91.986,67.000,78.042,28.000,60.000,other,0,-1,4,0
2549,56,64.183,71.633,66.300,91.084,89.883,92.457,72.000,79.875,39.000,77.171,other,0,-1,5,0
2550,49,56.075,65.748,68.568,91.670,90.457,92.847,56.000,80.583,45.000,77.686,other,0,-1,6,0
2551,87,58.853,69.051,74.020,92.068,90.837,93.198,49.000,80.750,47.000,91.543,other,0,-1,7,0
2552,82,77.907,95.485,96.551,92.988,91.756,93.657,87.000,82.417,55.000,101.114,other,0,-1,8,0
2553,123,89.802,106.490,103.252,93.719,92.480,94.077,82.000,83.542,76.000,122.829,other,0,-1,9,0
2554,130,117.815,137.504,131.318,94.740,93.504,94.558,123.000,85.500,68.000,137.200,other,0,-1,10,0
2555,158,135.689,149.337,142.229,95.978,94.753,95.084,130.000,88.083,99.000,150.314,other,0,-1,11,0
2556,149,158.994,167.778,163.654,97.173,95.957,95.601,158.000,90.542,149.000,163.229,other,0,-1,12,0
2557,208,163.183,164.378,160.186,97.514,96.277,95.939,149.000,90.542,139.000,172.800,other,0,-1,13,0
2558,184,191.434,194.566,197.568,98.853,97.631,96.486,208.000,93.417,148.000,172.257,other,0,-1,14,0
2559,177,170.868,172.337,176.885,99.715,98.490,96.933,184.000,94.917,122.000,183.343,other,0,-1,15,0
2560,173,157.060,157.948,164.356,100.852,99.634,97.438,177.000,97.208,145.000,162.143,other,0,-1,16,0
2561,157,139.807,141.384,150.794,101.598,100.373,97.861,173.000,98.375,116.000,148.800,other,0,-1,17,0
2562,127,119.048,119.054,128.655,102.532,101.308,98.324,157.000,100.083,101.000,128.829,other,0,-1,18,0
2563,114,99.483,96.121,102.133,103.249,102.017,98.741,127.000,101.167,81.000,110.171,other,0,-1,19,0
2564,87,83.114,80.199,86.540,104.067,102.831,99.179,114.000,102.542,74.000,85.143,other,0,-1,20,0
2565,79,70.377,66.626,70.795,104.595,103.346,99.557,87.000,103.083,40.000,75.143,other,0,-1,21,0
2566,61,61.459,60.431,63.614,105.501,104.250,100.013,79.000,104.708,29.000,65.229,other,0,-1,22,0
2567,53,55.731,55.155,56.524,106.304,105.049,100.448,61.000,106.042,32.000,63.543,other,0,-1,23,0
2568,49,53.929,54.050,53.153,106.949,105.683,100.850,53.000,106.917,42.000,61.694,other,0,-1,0,1
2569,62,52.940,53.398,52.227,107.224,105.990,101.184,49.000,107.208,81.000,62.000,other,0,-1,1,1
2570,67,59.423,60.639,54.236,107.123,105.907,101.439,62.000,106.417,50.000,62.222,other,0,-1,2,1
2571,42,64.846,64.980,56.839,107.543,106.364,101.802,67.000,107.125,67.000,61.389,other,0,-1,3,1
2572,65,57.660,56.908,54.918,107.355,106.191,102.039,42.000,106.083,72.000,63.583,other,0,-1,4,1
2573,48,66.723,67.185,64.795,107.427,106.288,102.330,65.000,105.792,56.000,65.139,other,0,-1,5,1
2574,51,64.897,64.792,67.394,107.485,106.370,102.618,48.000,105.458,49.000,66.417,other,0,-1,6,1
2575,83,73.282,73.242,76.177,107.688,106.602,102.937,51.000,105.542,87.000,77.639,other,0,-1,7,1
2576,95,88.969,93.020,95.832,107.804,106.744,103.237,83.000,105.375,82.000,91.833,other,0,-1,8,1
2577,110,106.801,112.034,111.314,108.167,107.141,103.589,95.000,105.917,123.000,109.944,other,0,-1,9,1
2578,138,127.385,132.820,128.645,108.152,107.148,103.862,110.000,105.375,130.000,131.361,other,0,-1,10,1
2579,145,150.079,153.379,151.980,108.442,107.470,104.198,138.000,105.708,158.000,148.500,other,0,-1,11,1
2580,160,164.076,164.609,162.799,108.428,107.477,104.471,145.000,105.167,149.000,174.389,other,0,-1,12,1
2581,190,174.590,173.184,174.194,108.761,107.843,104.817,160.000,105.625,208.000,191.778,other,0,-1,13,1
2582,165,184.833,184.521,189.942,108.674,107.775,105.075,190.000,104.875,184.000,190.222,other,0,-1,14,1
2583,196,171.129,169.296,169.281,108.573,107.693,105.330,165.000,104.083,177.000,183.056,other,0,-1,15,1
2584,162,168.692,172.271,176.707,109.022,108.179,105.699,196.000,104.875,173.000,168.806,other,0,-1,16,1
2585,170,146.725,145.462,145.341,109.037,108.216,105.978,162.000,104.417,157.000,158.750,other,0,-1,17,1
2586,124,129.950,131.838,136.550,109.399,108.613,106.330,170.000,104.958,127.000,131.639,other,0,-1,18,1
2587,111,110.451,104.597,105.708,109.529,108.770,106.633,124.000,104.833,114.000,103.944,other,0,-1,19,1
2588,90,93.532,88.221,92.721,109.660,108.927,106.937,111.000,104.708,87.000,92.389,other,0,-1,20,1
2589,84,80.040,74.577,78.637,109.877,109.174,107.258,90.000,104.833,79.000,77.389,other,0,-1,21,1
2590,79,69.653,67.725,69.707,110.124,109.451,107.585,84.000,105.042,61.000,64.944,other,0,-1,22,1
2591,72,64.399,65.280,62.153,110.558,109.922,107.952,79.000,105.792,53.000,62.889,other,0,-1,23,1
2592,57,62.888,64.545,55.912,111.007,110.409,108.322,72.000,106.583,49.000,59.639,other,0,-1,0,2
2593,59,59.191,60.856,55.467,111.000,110.461,108.397,57.000,106.917,62.000,64.167,other,0,-1,1,2
2594,59,61.176,62.831,54.690,110.833,110.348,108.439,59.000,106.792,67.000,56.194,other,0,-1,2,2
2595,64,63.580,64.052,55.073,110.594,110.161,108.466,59.000,106.458,42.000,60.528,other,0,-1,3,2
2596,61,67.439,66.774,58.180,110.789,110.423,108.584,64.000,107.375,65.000,62.444,other,0,-1,4,2
2597,67,69.031,66.758,61.378,110.608,110.295,108.623,61.000,107.208,48.000,62.833,other,0,-1,5,2
2598,74,74.714,70.888,68.498,110.760,110.512,108.731,67.000,108.000,51.000,70.472,other,0,-1,6,2
2599,71,83.858,77.748,78.120,110.970,110.789,108.852,74.000,108.958,83.000,78.639,other,0,-1,7,2
2600,87,97.150,87.482,86.869,110.673,110.541,108.867,71.000,108.458,95.000,89.639,other,0,-1,8,2
2601,102,114.984,105.203,103.216,110.434,110.354,108.894,87.000,108.125,110.000,104.833,other,0,-1,9,2
2602,137,133.832,126.103,120.888,110.195,110.166,108.921,102.000,107.792,138.000,127.694,other,0,-1,10,2
2603,130,153.051,146.570,147.194,110.057,110.083,108.969,137.000,107.750,145.000,145.361,other,0,-1,11,2
2604,160,162.809,160.236,152.972,109.716,109.790,108.974,130.000,107.125,160.000,159.222,other,0,-1,12,2
2605,181,172.253,171.818,171.385,109.593,109.723,109.025,160.000,107.125,190.000,182.222,other,0,-1,13,2
2606,170,175.917,179.505,180.719,109.339,109.520,109.049,181.000,106.750,165.000,185.000,other,0,-1,14,2
2607,170,167.436,172.179,168.894,109.288,109.527,109.115,170.000,106.958,196.000,172.750,other,0,-1,15,2
2608,140,158.313,164.116,158.482,108.788,109.070,109.088,170.000,105.875,162.000,158.694,other,0,-1,16,2
2609,144,144.453,143.349,132.290,108.346,108.672,109.072,140.000,104.958,170.000,148.139,other,0,-1,17,2
2610,132,128.586,130.197,122.743,107.847,108.214,109.045,144.000,103.875,124.000,124.722,other,0,-1,18,2
2611,112,110.891,112.268,107.685,107.839,108.267,109.120,132.000,104.208,111.000,108.833,other,0,-1,19,2
2612,73,94.488,93.866,91.529,107.730,108.214,109.174,112.000,104.250,90.000,89.361,other,0,-1,20,2
2613,102,83.144,75.132,71.458,107.361,107.891,109.174,73.000,103.542,84.000,75.500,other,0,-1,21,2
2614,67,68.398,75.532,72.875,107.498,108.093,109.279,102.000,104.292,79.000,67.139,other,0,-1,22,2
2615,70,61.276,61.763,57.112,107.201,107.845,109.294,67.000,103.792,72.000,62.722,other,0,-1,23,2
2616,70,57.887,61.871,52.908,107.049,107.748,109.339,70.000,103.708,57.000,61.389,other,0,-1,0,3
2617,61,57.419,64.977,62.335,106.909,107.656,109.130,70.000,104.250,59.000,64.194,other,0,-1,1,3
2618,58,57.389,62.845,59.139,106.611,107.400,108.887,61.000,104.333,59.000,65.056,other,0,-1,2,3
2619,61,58.994,62.764,58.552,106.269,107.098,108.635,58.000,104.292,64.000,61.583,other,0,-1,3,3
2620,63,62.214,64.541,60.680,105.897,106.767,108.378,61.000,104.167,61.000,61.250,other,0,-1,4,3
2621,54,65.574,65.953,64.375,105.599,106.510,108.135,63.000,104.250,67.000,63.500,other,0,-1,5,3
2622,66,69.454,65.529,67.354,105.083,106.029,107.847,54.000,103.708,74.000,67.778,other,0,-1,6,3
2623,83,79.612,73.536,77.395,104.639,105.623,107.574,66.000,103.375,71.000,79.889,other,0,-1,7,3
2624,93,93.758,86.206,91.717,104.485,105.516,107.362,83.000,103.875,87.000,92.417,other,0,-1,8,3
2625,106,111.098,103.002,106.373,104.244,105.320,107.131,93.000,104.125,102.000,115.000,other,0,-1,9,3
2626,108,129.758,125.243,123.392,103.975,105.093,106.895,106.000,104.292,137.000,126.583,other,0,-1,10,3
2627,126,146.352,146.312,135.952,103.227,104.372,106.558,108.000,103.083,130.000,145.861,other,0,-1,11,3
2628,136,159.080,160.365,151.917,102.841,104.026,106.298,126.000,102.917,160.000,168.111,other,0,-1,12,3
2629,152,166.007,165.822,160.385,102.166,103.379,105.976,136.000,101.917,181.000,177.472,other,0,-1,13,3
2630,196,168.254,168.285,166.147,101.418,102.658,105.640,152.000,100.708,170.000,176.694,other,0,-1,14,3
2631,163,172.774,180.626,180.962,101.467,102.762,105.470,196.000,101.792,170.000,173.972,other,0,-1,15,3
2632,179,154.490,158.249,156.845,101.038,102.370,105.200,163.000,101.500,140.000,162.111,other,0,-1,16,3
2633,181,141.409,153.852,153.288,101.275,102.668,105.070,179.000,103.125,144.000,150.028,other,0,-1,17,3
2634,134,122.647,144.010,142.033,101.484,102.937,104.933,181.000,104.667,132.000,132.389,other,0,-1,18,3
2635,98,101.573,110.841,110.047,101.185,102.680,104.690,134.000,104.750,112.000,108.528,other,0,-1,19,3
2636,109,86.240,87.655,87.063,100.654,102.184,104.399,98.000,104.167,73.000,100.083,other,0,-1,20,3
2637,67,68.954,81.869,81.782,100.848,102.437,104.260,109.000,105.667,102.000,85.306,other,0,-1,21,3
2638,80,60.007,61.084,63.086,100.014,101.626,103.905,67.000,104.208,67.000,74.778,other,0,-1,22,3
2639,76,50.754,60.528,60.578,99.874,101.535,103.696,80.000,104.750,70.000,70.444,other,0,-1,23,3
2640,49,47.561,57.194,55.356,99.633,101.338,103.465,76.000,105.000,70.000,60.917,other,0,-1,0,4
2641,52,43.705,51.342,46.333,99.044,100.734,103.041,49.000,104.125,61.000,56.972,other,0,-1,1,4
2642,39,45.780,53.697,46.023,98.628,100.310,102.652,52.000,103.750,58.000,51.583,other,0,-1,2,4
2643,65,45.278,50.236,44.224,98.068,99.735,102.234,39.000,102.958,61.000,54.556,other,0,-1,3,4
2644,60,55.023,60.983,51.496,97.840,99.506,101.885,65.000,103.125,63.000,57.139,other,0,-1,4,4
2645,75,55.619,59.656,54.649,97.511,99.172,101.514,60.000,103.000,54.000,54.694,other,0,-1,5,4
2646,74,63.393,67.126,64.895,97.530,99.197,101.217,75.000,103.875,66.000,65.167,other,0,-1,6,4
2647,72,68.871,70.896,73.532,97.361,99.028,100.880,74.000,104.208,83.000,74.667,other,0,-1,7,4
2648,74,80.494,79.838,83.815,96.916,98.573,100.485,72.000,103.750,93.000,86.667,other,0,-1,8,4
2649,97,97.791,96.612,97.081,96.356,97.999,100.067,74.000,102.958,106.000,109.861,other,0,-1,9,4
2650,106,116.784,121.918,119.814,95.940,97.575,99.678,97.000,102.583,108.000,125.222,other,0,-1,10,4
2651,162,134.854,141.709,136.214,95.626,97.255,99.311,106.000,102.500,126.000,147.361,other,0,-1,11,4
2652,154,158.242,170.969,171.661,95.862,97.506,99.059,162.000,104.000,136.000,161.111,other,0,-1,12,4
2653,160,164.766,168.534,172.039,95.837,97.486,98.752,154.000,104.750,152.000,174.694,other,0,-1,13,4
2654,219,168.915,167.469,173.891,95.668,97.317,98.415,160.000,105.083,196.000,178.167,other,0,-1,14,4
2655,198,184.187,193.561,198.197,95.716,97.372,98.124,219.000,106.042,163.000,172.583,other,0,-1,15,4
2656,169,160.608,169.385,176.809,95.937,97.607,97.869,198.000,107.500,179.000,165.472,other,0,-1,16,4
2657,176,133.668,142.201,148.357,95.507,97.168,97.477,169.000,107.083,181.000,138.861,other,0,-1,17,4
2658,110,112.250,131.893,136.674,95.149,96.804,97.101,176.000,106.875,134.000,121.333,other,0,-1,18,4
2659,112,91.033,94.666,96.360,94.517,96.155,96.667,110.000,105.875,98.000,101.944,other,0,-1,19,4
2660,94,72.037,82.059,86.415,94.434,96.075,96.348,112.000,106.458,109.000,84.222,other,0,-1,20,4
2661,64,57.854,66.779,72.757,93.931,95.561,95.942,94.000,105.833,67.000,70.889,other,0,-1,21,4
2662,101,48.209,51.463,59.383,93.603,95.227,95.572,64.000,105.708,80.000,63.889,other,0,-1,22,4
2663,61,43.133,61.697,62.617,93.621,95.252,95.274,101.000,106.583,76.000,57.111,other,0,-1,23,4
2664,41,36.080,44.973,50.683,93.119,94.738,94.868,61.000,105.958,49.000,38.722,other,0,-1,0,5
2665,43,34.039,40.451,31.675,92.975,94.543,94.642,41.000,105.625,52.000,42.139,other,0,-1,1,5
2666,45,36.765,43.100,32.525,92.816,94.334,94.413,43.000,105.250,39.000,43.389,other,0,-1,2,5
2667,39,40.375,45.642,34.604,92.875,94.350,94.229,45.000,105.500,65.000,43.528,other,0,-1,3,5
2668,33,41.076,44.534,36.381,92.470,93.885,93.949,39.000,104.417,60.000,42.111,other,0,-1,4,5
2669,49,42.283,43.849,39.383,92.051,93.406,93.666,33.000,103.292,75.000,43.028,other,0,-1,5,5
2670,48,49.995,52.056,49.451,91.646,92.942,93.385,49.000,102.208,74.000,55.167,other,0,-1,6,5
2671,169,56.087,56.807,56.989,91.242,92.478,93.105,48.000,101.125,72.000,63.917,inside,1,0,7,5
2672,220,134.881,138.527,124.332,92.619,93.857,93.197,169.000,105.167,74.000,81.722,inside,1,1,8,5
2673,303,187.428,196.634,174.048,94.706,95.972,93.437,220.000,111.250,97.000,98.167,inside,1,2,9,5
2674,426,268.231,287.071,249.736,97.662,98.985,93.858,303.000,119.833,106.000,102.556,inside,1,3,10,5
2675,405,342.539,374.061,339.883,102.269,103.708,94.625,426.000,133.167,162.000,122.722,inside,1,4,11,5
2676,148,339.645,375.390,333.159,105.761,107.276,95.158,405.000,143.292,154.000,141.028,after,1,5,12,5
2677,125,157.734,158.809,158.694,105.646,107.112,94.938,148.000,143.042,160.000,161.333,after,1,6,13,5
2678,172,159.755,147.720,144.014,105.111,106.513,94.631,125.000,141.583,219.000,179.778,after,1,7,14,5
2679,153,160.950,162.354,167.774,104.402,105.734,94.287,172.000,139.625,198.000,180.472,after,1,8,15,5
2680,172,146.847,144.995,146.428,103.722,104.985,93.949,153.000,137.750,169.000,165.833,after,1,9,16,5
2681,136,130.100,139.552,144.101,103.737,104.956,93.756,172.000,137.875,176.000,148.556,after,1,10,17,5
2682,113,110.581,114.083,111.953,103.130,104.281,93.434,136.000,136.208,110.000,114.861,after,1,11,18,5
2683,95,94.040,95.151,91.282,103.145,104.252,93.241,113.000,136.333,112.000,90.528,after,1,12,19,5
2684,92,79.253,79.025,77.548,102.871,103.923,92.988,95.000,135.625,94.000,74.972,after,1,13,20,5
2685,54,64.790,67.661,71.670,102.814,103.818,92.780,92.000,135.542,64.000,60.444,after,1,14,21,5
2686,37,57.982,54.420,59.475,102.641,103.594,92.548,54.000,135.125,101.000,52.389,after,1,15,22,5
2687,52,51.050,46.476,53.682,101.686,102.560,92.153,37.000,132.458,61.000,44.139,after,1,16,23,5
2688,27,46.083,47.010,54.635,101.527,102.351,91.924,52.000,132.083,41.000,32.472,after,1,17,0,6
2689,24,45.276,41.563,37.265,101.575,102.338,91.992,27.000,131.500,43.000,34.500,after,1,18,1,6
2690,32,45.781,41.897,37.379,101.550,102.249,92.044,24.000,130.708,45.000,33.361,after,1,19,2,6
2691,32,49.162,45.767,40.619,101.612,102.251,92.114,32.000,130.167,39.000,35.222,after,1,20,3,6
2692,29,51.065,47.279,43.353,101.760,102.343,92.203,32.000,129.875,33.000,34.028,after,1,21,4,6
2693,49,52.471,48.253,46.484,101.953,102.479,92.300,29.000,129.708,49.000,36.611,after,1,22,5,6
2694,35,59.627,58.077,57.430,102.203,102.676,92.410,49.000,129.708,48.000,38.694,after,1,23,6,6
2695,48,63.493,59.539,59.223,102.265,102.678,92.480,35.000,129.167,169.000,47.194,after,1,24,7,6
2696,46,74.771,71.541,70.384,100.762,101.060,92.224,48.000,124.125,220.000,59.167,after,1,25,8,6
2697,86,91.021,81.073,76.395,98.492,98.648,91.807,46.000,116.875,303.000,78.778,after,1,26,9,6
2698,120,106.159,104.103,101.537,95.599,95.592,91.260,86.000,107.833,426.000,101.278,after,1,27,10,6
2699,120,124.518,129.268,127.269,91.416,91.201,90.444,120.000,95.083,405.000,121.778,after,1,28,11,6
2700,154,135.879,135.314,132.121,87.538,87.125,89.691,120.000,83.208,148.000,140.833,other,0,-1,12,6
2701,170,153.173,156.904,157.143,87.875,87.412,89.819,154.000,83.458,125.000,148.472,other,0,-1,13,6
2702,164,160.256,164.387,167.880,88.778,88.283,90.065,170.000,85.333,172.000,156.639,other,0,-1,14,6
2703,173,152.744,155.961,159.197,88.912,88.360,90.151,164.000,85.000,153.000,153.306,other,0,-1,15,6
2704,130,142.511,150.232,156.740,89.452,88.856,90.321,173.000,85.833,172.000,133.083,other,0,-1,16,6
2705,105,121.735,122.797,117.963,89.094,88.423,90.303,130.000,84.083,136.000,123.667,other,0,-1,17,6
2706,114,105.261,102.851,92.646,88.895,88.155,90.319,105.000,82.792,113.000,102.583,other,0,-1,18,6
2707,85,85.746,87.599,82.767,89.160,88.367,90.432,114.000,82.833,95.000,79.889,other,0,-1,19,6
2708,46,71.156,69.208,62.863,89.265,88.413,90.511,85.000,82.417,92.000,59.111,other,0,-1,20,6
2709,51,60.904,53.929,47.960,88.849,87.920,90.482,46.000,80.500,54.000,47.306,other,0,-1,21,6
2710,33,48.250,46.749,45.612,89.056,88.072,90.582,51.000,80.375,37.000,35.306,other,0,-1,22,6
2711,39,41.638,40.360,40.853,89.248,88.208,90.680,33.000,80.208,52.000,32.556,other,0,-1,23,6
2712,59,38.958,41.505,40.961,89.310,88.210,90.750,39.000,79.667,27.000,61.343,other,0,-1,0,0
2713,50,45.995,50.696,48.907,90.114,89.009,91.185,59.000,81.000,24.000,59.743,other,0,-1,1,0
2714,80,46.568,51.233,48.253,90.831,89.719,91.602,50.000,82.083,32.000,61.829,other,0,-1,2,0
2715,46,66.970,71.105,58.300,91.866,90.758,92.086,80.000,84.083,32.000,63.543,other,0,-1,3,0
2716,55,50.388,54.736,54.051,92.409,91.287,92.467,46.000,84.667,29.000,60.000,other,0,-1,4,0
2717,78,55.364,61.005,61.826,93.126,91.997,92.884,55.000,85.750,49.000,77.171,other,0,-1,5,0
2718,65,67.386,75.934,75.953,93.886,92.751,93.310,78.000,86.958,35.000,77.686,other,0,-1,6,0
2719,61,63.651,74.636,79.725,94.661,93.520,93.739,65.000,88.208,48.000,91.543,other,0,-1,7,0
2720,75,72.529,83.641,86.619,95.190,94.035,94.117,61.000,88.750,46.000,101.114,other,0,-1,8,0
2721,114,90.023,102.984,100.445,95.950,94.789,94.543,75.000,89.958,86.000,122.829,other,0,-1,9,0
2722,122,115.104,132.193,126.742,96.696,95.528,94.966,114.000,91.125,120.000,137.200,other,0,-1,10,0
2723,156,133.930,144.824,137.863,97.065,95.878,95.311,122.000,91.208,120.000,150.314,other,0,-1,11,0
2724,183,158.462,166.117,162.486,97.927,96.737,95.758,156.000,92.708,154.000,163.229,other,0,-1,12,0
2725,173,177.716,181.863,181.878,98.687,97.491,96.184,183.000,93.917,170.000,172.800,other,0,-1,13,0
2726,179,172.981,173.099,174.283,99.071,97.856,96.531,173.000,94.042,164.000,172.257,other,0,-1,14,0
2727,191,169.304,169.634,173.632,99.628,98.400,96.915,179.000,94.667,173.000,183.343,other,0,-1,15,0
2728,203,161.049,164.289,173.358,100.229,98.990,97.308,191.000,95.417,130.000,162.143,other,0,-1,16,0
2729,145,149.809,153.837,169.196,101.627,100.403,97.867,203.000,98.458,105.000,148.800,other,0,-1,17,0
2730,160,118.069,115.851,122.445,102.546,101.323,98.327,145.000,100.125,114.000,128.829,other,0,-1,18,0
2731,116,102.084,102.409,115.572,103.553,102.332,98.804,160.000,102.042,85.000,110.171,other,0,-1,19,0
2732,92,82.865,80.216,86.417,104.342,103.116,99.237,116.000,103.333,46.000,85.143,other,0,-1,20,0
2733,108,70.047,67.339,71.173,105.349,104.125,99.714,92.000,105.250,51.000,75.143,other,0,-1,21,0
2734,61,66.337,69.015,69.753,106.515,105.299,100.225,108.000,107.625,33.000,65.229,other,0,-1,22,0
2735,65,55.473,55.519,55.831,107.260,106.039,100.648,61.000,108.792,39.000,63.543,other,0,-1,23,0
2736,53,56.616,58.564,54.935,107.977,106.748,101.065,65.000,109.875,59.000,61.694,other,0,-1,0,1
2737,69,53.583,55.140,52.106,108.064,106.860,101.359,53.000,109.625,50.000,62.000,other,0,-1,1,1
2738,73,62.141,64.089,55.097,108.513,107.346,101.729,69.000,110.417,80.000,62.222,other,0,-1,2,1
2739,49,67.714,68.140,57.462,108.586,107.443,102.020,73.000,110.125,46.000,61.389,other,0,-1,3,1
2740,64,59.597,59.767,55.951,108.803,107.690,102.342,49.000,110.250,55.000,63.583,other,0,-1,4,1
2741,67,66.393,67.170,64.326,109.108,108.027,102.681,64.000,110.625,78.000,65.139,other,0,-1,5,1
2742,87,69.236,71.139,72.048,109.122,108.064,102.960,67.000,110.167,65.000,66.417,other,0,-1,6,1
2743,73,80.563,84.110,86.795,109.615,108.596,103.339,87.000,111.083,61.000,77.639,other,0,-1,7,1
2744,80,87.956,90.950,92.519,109.963,108.978,103.688,73.000,111.583,75.000,91.833,other,0,-1,8,1
2745,94,105.741,109.655,105.659,110.209,109.254,104.015,80.000,111.792,114.000,109.944,other,0,-1,9,1
2746,121,125.904,130.612,121.859,110.093,109.157,104.267,94.000,110.958,122.000,131.361,other,0,-1,10,1
2747,128,146.760,149.909,143.820,110.253,109.343,104.576,121.000,110.917,156.000,148.500,other,0,-1,11,1
2748,175,160.809,160.700,154.243,110.021,109.126,104.804,128.000,109.750,183.000,174.389,other,0,-1,12,1
2749,170,180.992,178.740,183.127,110.079,109.208,105.092,175.000,109.417,173.000,191.778,other,0,-1,13,1
2750,188,178.331,176.302,178.770,110.210,109.364,105.395,170.000,109.292,179.000,190.222,other,0,-1,14,1
2751,180,178.256,178.564,182.866,110.514,109.701,105.735,188.000,109.667,191.000,183.056,other,0,-1,15,1
2752,150,164.591,165.526,167.818,110.529,109.738,106.014,180.000,109.208,203.000,168.806,other,0,-1,16,1
2753,149,145.663,142.446,139.500,109.935,109.146,106.166,150.000,107.000,145.000,158.750,other,0,-1,17,1
2754,170,128.220,126.242,126.934,110.167,109.408,106.490,149.000,107.167,160.000,131.639,other,0,-1,18,1
2755,88,112.365,116.612,125.130,110.485,109.759,106.833,170.000,107.583,116.000,103.944,other,0,-1,19,1
2756,103,95.315,85.538,85.914,110.254,109.541,107.061,88.000,106.417,92.000,92.389,other,0,-1,20,1
2757,72,78.949,77.095,83.214,110.587,109.908,107.406,103.000,106.875,108.000,77.389,other,0,-1,21,1
2758,60,69.142,65.283,66.864,110.239,109.571,107.610,72.000,105.375,61.000,64.944,other,0,-1,22,1
2759,61,62.245,60.256,57.693,110.399,109.757,107.919,60.000,105.333,65.000,62.889,other,0,-1,23,1
2760,67,60.136,60.988,53.062,110.515,109.899,108.219,61.000,105.167,53.000,59.639,other,0,-1,0,2
2761,62,60.714,64.293,57.080,110.594,110.041,108.313,67.000,105.750,69.000,64.167,other,0,-1,1,2
2762,62,61.787,63.981,54.907,110.370,109.869,108.343,62.000,105.458,73.000,56.194,other,0,-1,2,2
2763,53,64.470,65.212,55.276,110.087,109.636,108.360,62.000,105.000,49.000,60.528,other,0,-1,3,2
2764,50,64.297,63.002,55.626,110.022,109.628,108.424,53.000,105.167,64.000,62.444,other,0,-1,4,2
2765,56,66.681,63.433,58.698,109.696,109.351,108.432,50.000,104.583,67.000,62.833,other,0,-1,5,2
2766,57,72.836,67.891,65.490,109.413,109.118,108.450,56.000,104.125,87.000,70.472,other,0,-1,6,2
2767,81,82.348,74.244,73.129,108.855,108.600,108.410,57.000,102.875,73.000,78.639,other,0,-1,7,2
2768,108,97.287,88.549,89.500,108.848,108.652,108.486,81.000,103.208,80.000,89.639,other,0,-1,8,2
2769,94,116.389,106.898,110.460,109.130,109.004,108.621,108.000,104.375,94.000,104.833,other,0,-1,9,2
2770,150,133.515,126.274,117.689,109.007,108.937,108.672,94.000,104.375,121.000,127.694,other,0,-1,10,2
2771,139,155.543,147.819,152.962,109.303,109.304,108.811,150.000,105.583,128.000,145.361,other,0,-1,11,2
2772,212,163.665,161.147,157.031,109.340,109.401,108.896,139.000,106.042,175.000,159.222,other,0,-1,12,2
2773,172,192.035,188.836,197.533,109.752,109.888,109.059,212.000,107.583,170.000,182.222,other,0,-1,13,2
2774,178,172.980,176.793,176.258,109.658,109.850,109.116,172.000,107.667,188.000,185.000,other,0,-1,14,2
2775,169,168.545,175.118,172.889,109.390,109.632,109.137,178.000,107.250,180.000,172.750,other,0,-1,15,2
2776,207,158.161,163.686,158.033,109.107,109.399,109.154,169.000,106.792,150.000,158.694,other,0,-1,16,2
2777,154,152.443,170.447,164.889,109.810,110.186,109.378,207.000,109.167,149.000,148.139,other,0,-1,17,2
2778,125,129.225,132.736,126.710,109.759,110.193,109.444,154.000,109.375,170.000,124.722,other,0,-1,18,2
2779,109,112.360,109.709,104.493,108.984,109.451,109.359,125.000,107.500,88.000,108.833,other,0,-1,19,2
2780,88,95.680,92.424,89.720,109.164,109.698,109.474,109.000,108.375,103.000,89.361,other,0,-1,20,2
2781,83,81.850,77.041,75.008,108.824,109.405,109.479,88.000,107.750,72.000,75.500,other,0,-1,21,2
2782,74,69.563,68.819,66.396,108.860,109.502,109.564,83.000,108.208,60.000,67.139,other,0,-1,22,2
2783,51,61.978,63.124,57.935,108.939,109.644,109.657,74.000,108.792,61.000,62.722,other,0,-1,23,2
2784,38,57.443,55.879,48.239,108.671,109.427,109.678,51.000,108.375,67.000,61.389,other,0,-1,0,3
2785,57,55.025,54.411,55.874,107.923,108.705,109.341,38.000,107.167,62.000,64.194,other,0,-1,1,3
2786,56,57.106,60.930,57.945,107.523,108.344,109.078,57.000,106.958,62.000,65.056,other,0,-1,2,3
2787,68,58.991,61.643,57.738,107.109,107.968,108.811,56.000,106.708,53.000,61.583,other,0,-1,3,3
2788,59,64.580,66.851,61.750,106.998,107.906,108.608,68.000,107.333,50.000,61.250,other,0,-1,4,3
2789,87,65.186,64.467,63.203,106.801,107.755,108.386,59.000,107.708,56.000,63.500,other,0,-1,5,3
2790,75,76.406,75.764,75.402,106.922,107.933,108.231,87.000,109.000,57.000,67.778,other,0,-1,6,3
2791,71,80.936,75.697,79.940,106.855,107.916,108.037,75.000,109.750,81.000,79.889,other,0,-1,7,3
2792,84,94.565,84.620,88.301,106.383,107.480,107.758,71.000,109.333,108.000,92.417,other,0,-1,8,3
2793,99,112.063,102.613,103.746,105.708,106.834,107.437,84.000,108.333,94.000,115.000,other,0,-1,9,3
2794,126,130.563,125.499,121.530,105.452,106.622,107.203,99.000,108.542,150.000,126.583,other,0,-1,10,3
2795,151,148.011,147.957,143.784,104.777,105.976,106.882,126.000,107.542,139.000,145.861,other,0,-1,11,3
2796,157,162.823,165.454,163.067,104.623,105.870,106.670,151.000,108.042,212.000,168.111,other,0,-1,12,3
2797,174,170.000,171.735,170.109,103.499,104.759,106.255,157.000,105.750,172.000,177.472,other,0,-1,13,3
2798,202,173.464,176.515,176.975,103.200,104.502,106.012,174.000,105.833,178.000,176.694,other,0,-1,14,3
2799,188,175.333,184.323,184.975,103.220,104.576,105.836,202.000,106.833,169.000,173.972,other,0,-1,15,3
2800,168,159.818,169.060,169.547,103.168,104.574,105.645,188.000,107.625,207.000,162.111,other,0,-1,16,3
2801,131,140.572,149.008,148.547,102.275,103.703,105.278,168.000,106.000,154.000,150.028,other,0,-1,17,3
2802,103,121.921,123.102,120.671,101.614,103.072,104.960,131.000,105.042,125.000,132.389,other,0,-1,18,3
2803,104,105.502,101.919,99.323,100.968,102.455,104.645,103.000,104.125,109.000,108.528,other,0,-1,19,3
2804,91,86.709,88.615,90.277,100.568,102.094,104.381,104.000,103.917,88.000,100.083,other,0,-1,20,3
2805,82,71.631,74.573,78.137,100.283,101.853,104.142,91.000,104.042,83.000,85.306,other,0,-1,21,3
2806,64,59.487,64.531,68.957,99.941,101.551,103.890,82.000,104.000,74.000,74.778,other,0,-1,22,3
2807,64,51.774,54.412,59.415,99.469,101.115,103.611,64.000,103.583,51.000,70.444,other,0,-1,23,3
2808,50,47.076,52.125,55.480,99.329,101.023,103.402,64.000,104.125,38.000,60.917,other,0,-1,0,4
2809,54,44.489,50.685,49.147,99.218,100.914,103.077,50.000,104.625,57.000,56.972,other,0,-1,1,4
2810,50,46.761,53.496,48.964,98.889,100.579,102.707,54.000,104.500,56.000,51.583,other,0,-1,2,4
2811,44,48.196,53.289,48.648,98.517,100.200,102.327,50.000,104.250,68.000,54.556,other,0,-1,3,4
2812,63,49.268,52.167,49.344,97.884,99.551,101.894,44.000,103.250,59.000,57.139,other,0,-1,4,4
2813,50,56.907,60.272,57.059,97.656,99.321,101.545,63.000,103.417,87.000,54.694,other,0,-1,5,4
2814,59,58.357,58.134,59.625,96.835,98.477,101.072,50.000,101.875,75.000,65.167,other,0,-1,6,4
2815,61,67.554,66.243,69.744,96.318,97.948,100.662,59.000,101.208,71.000,74.667,other,0,-1,7,4
2816,60,81.137,77.358,80.389,95.888,97.509,100.271,61.000,100.792,84.000,86.667,other,0,-1,8,4
2817,116,99.465,94.446,91.827,95.255,96.860,99.837,60.000,99.792,99.000,109.861,other,0,-1,9,4
2818,123,117.845,127.503,127.788,95.216,96.825,99.527,116.000,100.500,126.000,125.222,other,0,-1,10,4
2819,139,136.390,147.068,143.484,94.887,96.491,99.157,123.000,100.375,151.000,147.361,other,0,-1,11,4
2820,183,152.695,161.645,160.180,94.428,96.022,98.760,139.000,99.875,157.000,161.111,other,0,-1,12,4
2821,165,172.231,183.581,186.298,94.519,96.122,98.477,183.000,100.958,174.000,174.694,other,0,-1,13,4
2822,203,169.791,170.072,176.085,94.103,95.698,98.089,165.000,100.583,202.000,178.167,other,0,-1,14,4
2823,204,175.346,183.060,189.315,93.833,95.423,97.731,203.000,100.625,188.000,172.583,other,0,-1,15,4
2824,123,161.535,172.954,179.451,93.779,95.374,97.418,204.000,101.292,168.000,165.472,other,0,-1,16,4
2825,156,131.606,127.082,127.082,92.842,94.410,96.921,123.000,99.417,131.000,138.861,other,0,-1,17,4
2826,145,110.538,122.811,127.572,92.919,94.495,96.635,156.000,100.458,103.000,121.333,other,0,-1,18,4
2827,109,89.314,105.226,109.563,93.242,94.835,96.401,145.000,102.208,104.000,101.944,other,0,-1,19,4
2828,77,72.869,81.061,86.068,93.029,94.621,96.055,109.000,102.417,91.000,84.222,other,0,-1,20,4
2829,85,60.442,62.378,69.313,92.541,94.122,95.652,77.000,101.833,82.000,70.889,other,0,-1,21,4
2830,62,47.172,57.614,65.198,92.299,93.877,95.299,85.000,101.958,64.000,63.889,other,0,-1,22,4
2831,64,40.213,46.776,55.633,91.985,93.558,94.932,62.000,101.875,64.000,57.111,other,0,-1,23,4
2832,35,36.645,46.283,52.603,91.699,93.269,94.571,64.000,101.875,50.000,38.722,other,0,-1,0,5
2833,47,33.560,38.818,31.717,91.454,92.969,94.324,35.000,101.250,54.000,42.139,other,0,-1,1,5
2834,34,38.213,45.085,34.168,91.324,92.790,94.101,47.000,100.958,50.000,43.389,other,0,-1,2,5
2835,42,37.322,41.700,33.358,91.064,92.476,93.851,34.000,100.292,44.000,43.528,other,0,-1,3,5
2836,32,42.225,45.998,37.688,91.007,92.371,93.643,42.000,100.208,63.000,42.111,other,0,-1,4,5
2837,73,42.337,43.703,39.677,90.530,91.832,93.348,32.000,98.917,50.000,43.028,other,0,-1,5,5
2838,37,59.077,62.602,57.066,90.835,92.102,93.216,73.000,99.875,59.000,55.167,other,0,-1,6,5
2839,50,55.581,53.830,53.832,90.488,91.698,92.948,37.000,98.958,61.000,63.917,other,0,-1,7,5
2840,77,68.356,66.742,66.879,90.301,91.459,92.713,50.000,98.500,60.000,81.722,other,0,-1,8,5
2841,90,84.858,88.244,88.321,90.519,91.639,92.562,77.000,99.208,116.000,98.167,other,0,-1,9,5
2842,138,103.518,107.374,105.501,90.114,91.175,92.282,90.000,98.125,123.000,102.556,other,0,-1,10,5
2843,122,127.755,143.956,143.398,90.304,91.326,92.126,138.000,98.750,139.000,122.722,other,0,-1,11,5
2844,117,139.223,141.507,141.052,90.029,90.996,91.873,122.000,98.042,183.000,141.028,other,0,-1,12,5
2845,175,147.817,142.608,141.969,89.045,89.933,91.471,117.000,95.292,165.000,161.333,other,0,-1,13,5
2846,155,163.159,169.189,178.044,89.162,90.008,91.300,175.000,95.708,203.000,179.778,other,0,-1,14,5
2847,164,152.632,152.927,159.122,88.438,89.214,90.953,155.000,93.708,204.000,180.472,other,0,-1,15,5
2848,169,141.012,147.624,153.393,87.831,88.540,90.630,164.000,92.042,123.000,165.833,other,0,-1,16,5
2849,93,122.782,136.584,140.986,88.469,89.155,90.568,169.000,93.958,156.000,148.556,other,0,-1,17,5
2850,246,102.347,102.128,89.569,87.528,88.136,90.176,93.000,91.333,145.000,114.861,inside,1,0,18,5
2851,224,137.019,149.560,144.633,88.963,89.576,90.280,246.000,95.542,109.000,90.528,inside,1,1,19,5
2852,129,111.997,127.169,113.645,90.601,91.225,90.426,224.000,100.333,77.000,74.972,inside,1,2,20,5
2853,132,53.273,74.811,66.947,91.326,91.931,90.381,129.000,102.500,85.000,60.444,inside,1,3,21,5
2854,101,52.294,76.654,61.451,91.979,92.561,90.322,132.000,104.458,62.000,52.389,inside,1,4,22,5
2855,108,43.006,64.425,50.531,92.516,93.071,90.238,101.000,106.083,64.000,44.139,inside,1,5,23,5
2856,41,51.681,72.886,49.594,93.125,93.656,90.170,108.000,107.917,35.000,32.472,after,1,6,0,6
2857,35,33.605,45.278,32.416,93.462,93.943,90.297,41.000,108.167,47.000,34.500,after,1,7,1,6
2858,32,34.848,45.743,32.916,93.539,93.959,90.371,35.000,107.667,34.000,33.361,after,1,8,2,6
2859,24,36.834,46.343,34.875,93.760,94.126,90.474,32.000,107.583,42.000,35.222,after,1,9,3,6
2860,36,36.851,43.948,36.798,93.750,94.053,90.530,24.000,106.833,32.000,34.028,after,1,10,4,6
2861,38,42.940,49.759,44.299,94.058,94.309,90.651,36.000,107.000,73.000,36.611,after,1,11,5,6
2862,31,46.369,52.240,50.930,93.801,93.981,90.655,38.000,105.542,37.000,38.694,after,1,12,6,6
2863,36,51.417,54.483,55.915,93.964,94.088,90.747,31.000,105.292,50.000,47.194,after,1,13,7,6
2864,54,63.496,64.551,65.041,94.012,94.074,90.814,36.000,104.708,77.000,59.167,after,1,14,8,6
2865,73,79.604,80.797,79.755,93.929,93.926,90.854,54.000,103.750,90.000,78.778,after,1,15,9,6
2866,91,98.128,98.269,96.116,93.933,93.868,90.912,73.000,103.042,138.000,101.278,after,1,16,10,6
2867,120,116.385,114.590,112.327,93.502,93.360,90.880,91.000,101.083,122.000,121.778,after,1,17,11,6
2868,135,134.982,135.329,134.714,93.724,93.527,90.983,120.000,101.000,117.000,140.833,after,1,18,12,6
2869,117,147.394,146.586,147.054,94.235,93.993,91.147,135.000,101.750,175.000,148.472,after,1,19,13,6
2870,109,146.265,141.200,134.407,93.645,93.320,91.082,117.000,99.333,155.000,156.639,after,1,20,14,6
2871,153,141.794,137.812,125.317,93.229,92.827,91.052,109.000,97.417,164.000,153.306,after,1,21,15,6
2872,143,135.809,143.936,144.492,93.320,92.859,91.128,153.000,96.958,169.000,133.083,after,1,22,16,6
2873,92,118.605,128.217,125.457,93.193,92.666,91.159,143.000,95.875,93.000,123.667,after,1,23,17,6
2874,103,102.529,103.590,86.880,93.429,92.847,91.266,92.000,95.833,246.000,102.583,after,1,24,18,6
2875,88,84.598,88.853,79.115,91.608,90.900,90.943,103.000,89.875,224.000,79.889,after,1,25,19,6
2876,68,69.414,72.206,64.579,89.888,89.058,90.641,88.000,84.208,129.000,59.111,after,1,26,20,6
2877,47,57.005,58.648,53.179,89.255,88.340,90.566,68.000,81.667,132.000,47.306,after,1,27,21,6
2878,41,47.663,48.553,45.148,88.274,87.262,90.419,47.000,78.125,101.000,35.306,after,1,28,22,6
2879,29,40.744,44.261,41.943,87.655,86.559,90.347,41.000,75.625,108.000,32.556,after,1,29,23,6
2880,54,37.197,41.081,38.725,86.761,85.572,90.218,29.000,72.333,41.000,61.343,other,0,-1,0,0
2881,37,43.417,51.009,47.710,87.289,86.086,90.595,54.000,72.875,35.000,59.743,other,0,-1,1,0
2882,49,41.274,47.933,45.255,87.658,86.436,90.940,37.000,72.958,32.000,61.829,other,0,-1,2,0
2883,52,48.772,56.104,50.321,88.245,87.010,91.330,49.000,73.667,24.000,63.543,other,0,-1,3,0
2884,77,52.340,59.604,55.149,88.991,87.749,91.753,52.000,74.833,36.000,60.000,other,0,-1,4,0
2885,75,67.165,75.040,67.865,89.925,88.684,92.215,77.000,76.542,38.000,77.171,other,0,-1,5,0
2886,71,65.079,76.026,74.666,90.801,89.558,92.666,75.000,78.083,31.000,77.686,other,0,-1,6,0
2887,86,64.918,79.056,81.571,91.720,90.477,93.125,71.000,79.750,36.000,91.543,other,0,-1,7,0
2888,91,77.482,95.724,96.160,92.785,91.546,93.615,86.000,81.833,54.000,101.114,other,0,-1,8,0
2889,127,91.566,110.883,107.215,93.661,92.420,94.065,91.000,83.375,73.000,122.829,other,0,-1,9,0
2890,145,119.421,140.175,133.396,94.784,93.549,94.567,127.000,85.625,91.000,137.200,other,0,-1,10,0
2891,148,141.634,157.583,150.772,95.906,94.678,95.069,145.000,87.875,120.000,150.314,other,0,-1,11,0
2892,165,154.599,163.035,157.532,96.652,95.418,95.492,148.000,89.042,135.000,163.229,other,0,-1,12,0
2893,161,168.435,172.562,170.175,97.427,96.187,95.921,165.000,90.292,117.000,172.800,other,0,-1,13,0
2894,180,168.709,168.426,166.521,98.404,97.166,96.392,161.000,92.125,109.000,172.257,other,0,-1,14,0
2895,177,169.454,170.940,174.239,99.773,98.550,96.945,180.000,95.083,153.000,183.343,other,0,-1,15,0
2896,189,156.791,158.866,164.290,100.461,99.229,97.357,177.000,96.083,143.000,162.143,other,0,-1,16,0
2897,178,143.792,148.525,160.372,101.467,100.239,97.834,189.000,98.000,92.000,148.800,other,0,-1,17,0
2898,136,122.842,126.052,139.269,103.053,101.847,98.433,178.000,101.583,103.000,128.829,other,0,-1,18,0
2899,99,99.340,98.714,104.947,103.872,102.662,98.871,136.000,102.958,88.000,110.171,other,0,-1,19,0
2900,77,83.529,79.447,81.142,104.371,103.146,99.243,99.000,103.417,68.000,85.143,other,0,-1,20,0
2901,69,70.842,66.401,67.435,104.842,103.600,99.608,77.000,103.792,47.000,75.143,other,0,-1,21,0
2902,61,61.149,59.230,60.133,105.501,104.250,100.013,69.000,104.708,41.000,65.229,other,0,-1,22,0
2903,55,55.907,55.865,54.898,106.131,104.869,100.412,61.000,105.542,29.000,63.543,other,0,-1,23,0
2904,60,54.549,55.253,51.906,106.847,105.579,100.829,55.000,106.625,54.000,61.694,other,0,-1,0,1
2905,44,55.696,57.568,52.656,107.108,105.870,101.160,60.000,106.875,37.000,62.000,other,0,-1,1,1
2906,51,53.990,54.478,49.395,107.384,106.177,101.493,44.000,107.167,49.000,62.222,other,0,-1,2,1
2907,53,58.571,58.820,52.260,107.586,106.409,101.811,51.000,107.250,52.000,61.389,other,0,-1,3,1
2908,77,61.268,61.173,56.004,107.775,106.626,102.127,53.000,107.292,77.000,63.583,other,0,-1,4,1
2909,51,72.403,72.511,66.804,107.949,106.828,102.439,77.000,107.292,75.000,65.139,other,0,-1,5,1
2910,76,65.429,66.089,67.353,107.775,106.670,102.679,51.000,106.292,71.000,66.417,other,0,-1,6,1
2911,58,76.923,80.372,82.906,108.021,106.947,103.006,76.000,106.500,86.000,77.639,other,0,-1,7,1
2912,84,87.082,88.332,87.104,107.790,106.729,103.234,58.000,105.333,91.000,91.833,other,0,-1,8,1
2913,88,105.624,110.287,106.756,107.862,106.826,103.525,84.000,105.042,127.000,109.944,other,0,-1,9,1
2914,113,125.168,129.956,118.864,107.471,106.443,103.719,88.000,103.417,145.000,131.361,other,0,-1,10,1
2915,143,145.051,148.516,139.483,107.182,106.165,103.935,113.000,102.083,148.000,148.500,other,0,-1,11,1
2916,165,163.796,164.020,161.689,107.283,106.292,104.232,143.000,101.875,165.000,174.389,other,0,-1,12,1
2917,164,176.552,174.863,176.968,107.457,106.494,104.545,165.000,101.875,161.000,191.778,other,0,-1,13,1
2918,168,176.197,173.918,174.905,107.675,106.741,104.866,164.000,102.000,180.000,190.222,other,0,-1,14,1
2919,163,171.854,170.323,170.928,107.675,106.763,105.142,168.000,101.500,177.000,183.056,other,0,-1,15,1
2920,154,160.797,159.249,158.007,107.646,106.755,105.412,163.000,100.917,189.000,168.806,other,0,-1,16,1
2921,153,145.562,143.391,141.110,107.313,106.432,105.618,154.000,99.458,178.000,158.750,other,0,-1,17,1
2922,131,127.997,127.197,128.622,107.124,106.259,105.855,153.000,98.417,136.000,131.639,other,0,-1,18,1
2923,128,109.442,106.040,108.779,107.226,106.386,106.152,131.000,98.208,99.000,103.944,other,0,-1,19,1
2924,115,92.293,91.820,98.685,107.820,107.023,106.552,128.000,99.417,77.000,92.389,other,0,-1,20,1
2925,84,79.063,80.407,86.239,108.544,107.795,106.980,115.000,101.000,69.000,77.389,other,0,-1,21,1
2926,69,68.924,68.560,69.963,108.936,108.221,107.337,84.000,101.625,61.000,64.944,other,0,-1,22,1
2927,68,62.596,63.391,59.961,109.226,108.543,107.674,69.000,101.958,55.000,62.889,other,0,-1,23,1
2928,58,61.288,64.318,55.136,109.588,108.940,108.026,68.000,102.500,60.000,59.639,other,0,-1,0,2
2929,62,58.718,61.976,55.551,109.435,108.842,108.071,58.000,102.417,44.000,64.167,other,0,-1,1,2
2930,80,61.450,64.773,55.229,109.573,109.044,108.176,62.000,103.167,51.000,56.194,other,0,-1,2,2
2931,56,71.256,73.323,59.290,109.870,109.411,108.315,80.000,104.375,53.000,60.528,other,0,-1,3,2
2932,53,64.732,64.612,56.623,109.790,109.388,108.375,56.000,104.500,77.000,62.444,other,0,-1,4,2
2933,72,66.852,64.741,59.656,109.319,108.961,108.354,53.000,103.500,51.000,62.833,other,0,-1,5,2
2934,74,75.509,72.649,69.619,109.500,109.208,108.468,72.000,104.375,76.000,70.472,other,0,-1,6,2
2935,70,83.379,77.805,77.944,109.348,109.110,108.513,74.000,104.292,58.000,78.639,other,0,-1,7,2
2936,98,96.632,87.343,86.467,109.398,109.222,108.601,70.000,104.792,84.000,89.639,other,0,-1,8,2
2937,117,115.016,105.808,106.993,109.478,109.364,108.694,98.000,105.375,88.000,104.833,other,0,-1,9,2
2938,108,134.460,126.182,126.754,109.774,109.731,108.833,117.000,106.583,113.000,127.694,other,0,-1,10,2
2939,150,149.602,145.932,134.545,109.579,109.588,108.869,108.000,106.375,143.000,145.361,other,0,-1,11,2
2940,181,165.447,162.157,161.987,109.557,109.626,108.941,150.000,106.667,165.000,159.222,other,0,-1,12,2
2941,179,177.668,177.169,181.521,109.665,109.798,109.040,181.000,107.333,164.000,182.222,other,0,-1,13,2
2942,179,174.768,178.842,179.583,109.759,109.955,109.137,179.000,107.958,168.000,185.000,other,0,-1,14,2
2943,150,168.816,175.428,173.345,109.795,110.052,109.221,179.000,108.417,163.000,172.750,other,0,-1,15,2
2944,159,156.375,157.815,148.824,109.484,109.789,109.233,150.000,107.875,154.000,158.694,other,0,-1,16,2
2945,184,144.912,148.771,141.177,109.433,109.796,109.299,159.000,108.083,153.000,148.139,other,0,-1,17,2
2946,122,130.383,146.390,140.878,109.759,110.193,109.444,184.000,109.375,131.000,124.722,other,0,-1,18,2
2947,92,112.133,109.648,103.413,109.505,109.990,109.468,122.000,109.000,128.000,108.833,other,0,-1,19,2
2948,84,97.498,89.810,84.405,108.860,109.383,109.410,92.000,107.500,115.000,89.361,other,0,-1,20,2
2949,72,81.872,76.770,74.344,108.288,108.850,109.367,84.000,106.208,84.000,75.500,other,0,-1,21,2
2950,57,70.001,66.674,63.893,107.991,108.603,109.382,72.000,105.708,69.000,67.139,other,0,-1,22,2
2951,53,62.000,59.174,54.205,107.694,108.355,109.397,57.000,105.208,68.000,62.722,other,0,-1,23,2
2952,63,57.002,56.620,48.655,107.353,108.062,109.403,53.000,104.583,58.000,61.389,other,0,-1,0,3
2953,75,56.451,62.099,60.631,107.098,107.851,109.169,63.000,104.792,62.000,64.194,other,0,-1,1,3
2954,59,61.434,68.034,61.612,106.958,107.759,108.960,75.000,105.333,80.000,65.056,other,0,-1,2,3
2955,66,59.468,62.863,58.401,106.326,107.158,108.648,59.000,104.458,56.000,61.583,other,0,-1,3,3
2956,55,63.867,66.182,61.415,106.144,107.022,108.429,66.000,104.875,53.000,61.250,other,0,-1,4,3
2957,68,64.221,63.261,62.375,105.845,106.765,108.187,55.000,104.958,72.000,63.500,other,0,-1,5,3
2958,184,71.392,69.248,70.545,105.459,106.419,107.926,68.000,104.792,74.000,67.778,inside,1,0,6,3
2959,214,150.970,130.151,115.766,106.725,107.781,108.010,184.000,109.375,70.000,79.889,inside,1,1,7,3
2960,284,178.849,151.892,140.285,108.483,109.654,108.197,214.000,115.375,98.000,92.417,inside,1,2,8,3
2961,308,240.087,208.431,184.688,110.850,112.156,108.511,284.000,123.125,117.000,115.000,inside,1,3,9,3
2962,311,259.429,231.675,208.327,113.289,114.732,108.840,308.000,131.083,108.000,126.583,inside,1,4,10,3
2963,136,262.218,241.842,221.072,115.902,117.489,109.206,311.000,139.542,150.000,145.861,after,1,5,11,3
2964,151,159.867,161.483,151.870,115.372,116.993,108.915,136.000,138.958,181.000,168.111,after,1,6,12,3
2965,166,167.974,169.294,161.818,114.610,116.257,108.575,151.000,137.708,179.000,177.472,after,1,7,13,3
2966,168,170.620,173.029,167.645,114.094,115.775,108.287,166.000,137.167,179.000,176.694,after,1,8,14,3
2967,213,165.873,169.031,164.152,113.607,115.324,108.005,168.000,136.708,150.000,173.972,after,1,9,15,3
2968,160,163.641,182.986,178.726,114.191,115.982,107.947,213.000,139.333,159.000,162.111,after,1,10,16,3
2969,175,140.790,147.910,145.283,113.878,115.711,107.702,160.000,139.375,184.000,150.028,after,1,11,17,3
2970,161,122.417,142.802,142.795,113.420,115.289,107.426,175.000,139.000,122.000,132.389,after,1,12,18,3
2971,109,102.866,126.059,127.530,113.658,115.587,107.295,161.000,140.625,92.000,108.528,after,1,13,19,3
2972,118,88.807,95.671,98.999,113.576,115.556,107.098,109.000,141.333,84.000,100.083,after,1,14,20,3
2973,87,72.401,89.576,94.910,113.741,115.779,106.952,118.000,142.750,72.000,85.306,after,1,15,21,3
2974,79,63.026,71.342,78.781,113.631,115.718,106.749,87.000,143.375,57.000,74.778,after,1,16,22,3
2975,67,55.797,63.763,71.397,113.622,115.761,106.567,79.000,144.292,53.000,70.444,after,1,17,23,3
2976,60,51.982,57.226,64.243,113.497,115.684,106.360,67.000,144.875,63.000,60.917,after,1,18,0,4
2977,71,51.934,57.885,57.772,113.168,115.350,105.990,60.000,144.750,75.000,56.972,after,1,19,1,4
2978,78,57.379,63.386,58.941,112.825,115.001,105.617,71.000,144.583,59.000,51.583,after,1,20,2,4
2979,46,63.126,67.733,60.689,112.815,114.996,105.313,78.000,145.375,66.000,54.556,after,1,21,3,4
2980,46,54.978,55.740,54.858,112.239,114.407,104.892,46.000,144.542,55.000,57.139,after,1,22,4,4
2981,63,57.555,56.920,57.774,111.824,113.983,104.503,46.000,144.167,68.000,54.694,after,1,23,5,4
2982,48,64.277,64.467,66.960,111.466,113.618,104.127,63.000,143.958,184.000,65.167,after,1,24,6,4
2983,65,70.790,65.836,69.377,109.211,111.290,103.354,48.000,138.292,214.000,74.667,after,1,25,7,4
2984,94,83.309,79.415,83.295,106.767,108.767,102.543,65.000,132.083,284.000,86.667,after,1,26,8,4
2985,107,99.025,101.737,105.354,103.729,105.629,101.607,94.000,124.167,308.000,109.861,after,1,27,9,4
2986,109,117.962,124.972,124.237,100.532,102.327,100.637,107.000,115.792,311.000,125.222,after,1,28,10,4
2987,133,135.457,142.750,138.076,97.321,99.009,99.665,109.000,107.375,136.000,147.361,other,0,-1,11,4
2988,146,152.145,159.131,158.414,96.992,98.675,99.295,133.000,107.250,151.000,161.111,other,0,-1,12,4
2989,143,163.303,165.148,168.878,96.634,98.311,98.919,146.000,107.042,166.000,174.694,other,0,-1,13,4
2990,151,165.387,160.429,166.079,96.016,97.676,98.488,143.000,106.083,168.000,178.167,other,0,-1,14,4
2991,180,162.222,156.972,163.261,95.484,97.132,98.075,151.000,105.375,213.000,172.583,other,0,-1,15,4
2992,160,154.840,159.604,166.489,94.721,96.348,97.614,180.000,104.000,160.000,165.472,other,0,-1,16,4
2993,126,131.423,138.772,143.388,94.435,96.059,97.253,160.000,104.000,175.000,138.861,other,0,-1,17,4
2994,148,109.064,114.202,114.612,93.440,95.035,96.744,126.000,101.958,161.000,121.333,other,0,-1,18,4
2995,95,88.182,107.703,110.563,92.966,94.551,96.344,148.000,101.417,109.000,101.944,other,0,-1,19,4
2996,77,73.289,78.973,81.465,92.478,94.051,95.940,95.000,100.833,118.000,84.222,other,0,-1,20,4
2997,81,59.372,63.869,68.743,91.599,93.147,95.455,77.000,99.125,87.000,70.889,other,0,-1,21,4
2998,58,46.527,57.708,63.584,91.227,92.768,95.076,81.000,98.875,79.000,63.889,other,0,-1,22,4
2999,54,39.599,46.835,53.833,90.637,92.164,94.651,58.000,98.000,67.000,57.111,other,0,-1,23,4
3000,48,35.282,43.975,49.587,90.164,91.680,94.250,54.000,97.458,60.000,38.722,other,0,-1,0,5
3001,47,35.360,44.594,32.698,89.962,91.425,94.013,48.000,96.958,71.000,42.139,other,0,-1,1,5
3002,30,37.802,46.204,33.125,89.586,90.991,93.738,47.000,95.958,78.000,43.389,other,0,-1,2,5
3003,26,35.886,41.259,31.583,88.863,90.197,93.391,30.000,93.958,46.000,43.528,other,0,-1,3,5
3004,39,37.495,41.066,33.526,88.545,89.823,93.129,26.000,93.125,46.000,42.111,other,0,-1,4,5
3005,51,43.480,46.938,40.608,88.415,89.643,92.906,39.000,92.833,63.000,43.028,other,0,-1,5,5
3006,50,50.132,53.653,49.932,88.213,89.389,92.668,51.000,92.333,48.000,55.167,other,0,-1,6,5
3007,53,55.865,58.183,57.519,88.214,89.345,92.473,50.000,92.417,65.000,63.917,other,0,-1,7,5
3008,64,67.433,68.091,67.657,88.012,89.090,92.235,53.000,91.917,94.000,81.722,other,0,-1,8,5
3009,82,83.610,83.956,82.102,87.549,88.566,91.942,64.000,90.667,107.000,98.167,other,0,-1,9,5
3010,127,102.029,104.169,100.944,87.159,88.117,91.665,82.000,89.625,109.000,102.556,other,0,-1,10,5
3011,140,124.270,137.230,135.985,87.392,88.312,91.518,127.000,90.375,133.000,122.722,other,0,-1,11,5
3012,121,141.270,150.832,151.624,87.465,88.343,91.337,140.000,90.667,146.000,141.028,other,0,-1,12,5
3013,179,147.428,144.161,143.725,87.075,87.894,91.060,121.000,89.625,143.000,161.333,other,0,-1,13,5
3014,151,164.091,171.559,180.194,87.568,88.359,90.967,179.000,91.125,151.000,179.778,other,0,-1,14,5
3015,146,152.120,151.107,156.593,87.540,88.285,90.766,151.000,91.125,180.000,180.472,other,0,-1,15,5
3016,131,138.920,140.506,142.944,87.020,87.700,90.461,146.000,89.708,160.000,165.833,other,0,-1,16,5
3017,113,120.446,123.882,120.740,86.571,87.191,90.172,131.000,88.500,126.000,148.556,other,0,-1,17,5
3018,86,101.640,105.150,97.480,86.355,86.922,89.931,113.000,87.958,148.000,114.861,other,0,-1,18,5
3019,77,85.769,85.165,74.949,85.429,85.918,89.541,86.000,85.375,95.000,90.528,other,0,-1,19,5
3020,71,68.819,69.054,63.089,85.140,85.574,89.285,77.000,84.625,77.000,74.972,other,0,-1,20,5
3021,131,53.644,56.388,55.278,85.025,85.410,89.065,71.000,84.375,81.000,60.444,inside,1,0,21,5
3022,117,51.745,73.044,64.813,85.721,86.085,89.015,131.000,86.458,58.000,52.389,inside,1,1,22,5
3023,116,49.443,69.281,57.875,86.548,86.895,88.992,117.000,88.917,54.000,44.139,inside,1,2,23,5
3024,83,56.277,73.883,55.622,87.418,87.750,88.978,116.000,91.500,48.000,32.472,inside,1,3,0,6
3025,22,50.825,61.963,46.667,88.175,88.471,89.193,83.000,92.958,47.000,34.500,after,1,4,1,6
3026,32,31.575,36.671,35.578,88.063,88.293,89.227,22.000,91.917,30.000,33.361,after,1,5,2,6
3027,31,36.790,42.599,40.056,88.342,88.519,89.343,32.000,92.000,26.000,35.222,after,1,6,3,6
3028,28,38.971,43.673,43.290,88.665,88.791,89.468,31.000,92.208,39.000,34.028,after,1,7,4,6
3029,19,40.480,43.960,46.895,88.756,88.823,89.544,28.000,91.750,51.000,36.611,after,1,8,5,6
3030,33,42.971,43.932,49.529,88.543,88.539,89.557,19.000,90.417,50.000,38.694,after,1,9,6,6
3031,49,51.938,53.913,59.456,88.547,88.481,89.615,33.000,89.708,53.000,47.194,after,1,10,7,6
3032,38,64.407,67.856,71.601,88.739,88.618,89.713,49.000,89.542,64.000,59.167,after,1,11,8,6
3033,66,81.432,75.613,73.799,88.613,88.425,89.744,38.000,88.458,82.000,78.778,after,1,12,9,6
3034,90,99.279,95.197,91.896,88.631,88.381,89.805,66.000,87.792,127.000,101.278,after,1,13,10,6
3035,102,117.732,113.926,109.655,88.345,88.023,89.803,90.000,86.250,140.000,121.778,after,1,14,11,6
3036,123,133.179,126.472,120.612,88.045,87.650,89.797,102.000,84.667,121.000,140.833,after,1,15,12,6
3037,150,145.765,140.969,135.714,88.324,87.877,89.913,123.000,84.750,179.000,148.472,after,1,16,13,6
3038,148,153.217,154.470,153.208,88.155,87.639,89.935,150.000,83.542,151.000,156.639,after,1,17,14,6
3039,171,148.265,149.845,147.967,88.361,87.790,90.036,148.000,83.417,146.000,153.306,after,1,18,15,6
3040,131,140.649,150.446,155.526,88.974,88.362,90.221,171.000,84.458,131.000,133.083,after,1,19,16,6
3041,119,119.805,123.913,119.188,89.224,88.558,90.330,131.000,84.458,113.000,123.667,after,1,20,17,6
3042,116,101.788,105.840,99.674,89.561,88.845,90.458,119.000,84.708,86.000,102.583,after,1,21,18,6
3043,83,83.328,88.868,84.293,90.246,89.491,90.659,116.000,85.958,77.000,79.889,after,1,22,19,6
3044,59,68.973,69.784,63.016,90.583,89.777,90.786,83.000,86.208,71.000,59.111,after,1,23,20,6
3045,65,56.773,55.769,51.127,90.660,89.794,90.860,59.000,85.708,131.000,47.306,after,1,24,21,6
3046,34,45.949,50.240,48.407,89.954,89.001,90.770,65.000,82.958,117.000,35.306,after,1,25,22,6
3047,29,39.768,41.192,40.607,89.002,87.954,90.628,34.000,79.500,116.000,32.556,after,1,26,23,6
3048,70,36.356,39.556,38.491,87.992,86.846,90.475,29.000,75.875,83.000,61.343,after,1,27,0,0
3049,71,49.557,56.885,50.403,88.144,86.971,90.774,70.000,75.333,22.000,59.743,other,0,-1,1,0
3050,65,55.740,63.134,52.368,89.194,88.025,91.261,71.000,77.375,32.000,61.829,other,0,-1,2,0
3051,47,56.778,63.450,53.977,90.012,88.839,91.699,65.000,78.750,31.000,63.543,other,0,-1,3,0
3052,50,49.866,56.128,53.838,90.584,89.398,92.086,47.000,79.417,28.000,60.000,other,0,-1,4,0
3053,64,52.285,59.388,60.089,91.243,90.048,92.491,50.000,80.333,19.000,77.171,other,0,-1,5,0
3054,70,59.376,69.109,71.135,92.235,91.042,92.965,64.000,82.208,33.000,77.686,other,0,-1,6,0
3055,67,64.607,77.530,81.288,93.111,91.916,93.415,70.000,83.750,49.000,91.543,other,0,-1,7,0
3056,90,72.361,86.364,88.762,93.712,92.506,93.808,67.000,84.500,38.000,101.114,other,0,-1,8,0
3057,120,91.584,109.444,106.941,94.806,93.605,94.304,90.000,86.667,66.000,122.829,other,0,-1,9,0
3058,130,116.903,135.812,129.912,95.928,94.734,94.806,120.000,88.917,90.000,137.200,other,0,-1,10,0
3059,133,135.973,149.199,142.419,96.848,95.653,95.265,130.000,90.583,102.000,150.314,other,0,-1,11,0
3060,186,150.349,155.376,148.893,97.637,96.437,95.697,133.000,91.875,123.000,163.229,other,0,-1,12,0
3061,173,179.787,184.093,184.038,98.890,97.701,96.226,186.000,94.500,150.000,172.800,other,0,-1,13,0
3062,154,172.991,173.383,174.466,99.563,98.365,96.634,173.000,95.458,148.000,172.257,other,0,-1,14,0
3063,220,163.474,159.515,157.896,99.990,98.775,96.991,154.000,95.708,171.000,183.343,other,0,-1,15,0
3064,146,176.871,181.250,192.794,101.040,99.829,97.478,220.000,97.750,131.000,162.143,other,0,-1,16,0
3065,135,136.551,133.679,135.493,101.598,100.373,97.861,146.000,98.375,119.000,148.800,other,0,-1,17,0
3066,128,117.873,114.807,118.166,102.170,100.933,98.248,135.000,99.042,116.000,128.829,other,0,-1,18,0
3067,102,99.256,96.743,103.270,102.684,101.432,98.623,128.000,99.542,83.000,110.171,other,0,-1,19,0
3068,78,83.335,78.965,83.836,103.299,102.037,99.019,102.000,100.333,59.000,85.143,other,0,-1,20,0
3069,103,70.649,65.689,69.721,103.915,102.641,99.415,78.000,101.125,65.000,75.143,other,0,-1,21,0
3070,82,65.049,67.363,70.621,104.805,103.530,99.868,103.000,102.708,34.000,65.229,other,0,-1,22,0
3071,53,59.474,61.901,62.694,105.841,104.569,100.352,82.000,104.708,29.000,63.543,other,0,-1,23,0
3072,46,53.760,54.352,54.933,106.529,105.249,100.763,53.000,105.708,70.000,61.694,other,0,-1,0,1
3073,55,52.204,52.615,52.889,106.355,105.091,101.002,46.000,104.708,71.000,62.000,other,0,-1,1,1
3074,49,56.806,58.074,54.200,106.297,105.053,101.266,55.000,104.042,65.000,62.222,other,0,-1,2,1
3075,56,57.550,57.836,54.398,106.239,105.015,101.530,49.000,103.375,47.000,61.389,other,0,-1,3,1
3076,72,62.023,62.135,58.995,106.544,105.352,101.870,56.000,103.750,50.000,63.583,other,0,-1,4,1
3077,59,69.728,70.328,67.724,107.036,105.883,102.249,72.000,104.667,64.000,65.139,other,0,-1,5,1
3078,85,66.899,68.351,71.221,107.138,106.010,102.546,59.000,104.458,70.000,66.417,other,0,-1,6,1
3079,81,79.506,83.400,87.116,107.529,106.437,102.904,85.000,105.083,67.000,77.639,other,0,-1,7,1
3080,88,88.529,92.938,95.826,107.906,106.849,103.258,81.000,105.667,90.000,91.833,other,0,-1,8,1
3081,132,105.774,111.075,108.961,108.051,107.021,103.564,88.000,105.583,120.000,109.944,other,0,-1,9,1
3082,146,132.673,137.927,139.036,108.398,107.403,103.913,132.000,106.083,130.000,131.361,other,0,-1,10,1
3083,163,152.340,155.702,156.107,108.804,107.844,104.274,146.000,106.750,133.000,148.500,other,0,-1,11,1
3084,176,169.357,170.203,172.516,109.413,108.496,104.677,163.000,108.000,186.000,174.389,other,0,-1,12,1
3085,174,179.663,179.258,183.127,109.442,108.548,104.959,176.000,107.583,173.000,191.778,other,0,-1,13,1
3086,174,178.429,177.947,180.542,109.630,108.765,105.274,174.000,107.625,154.000,190.222,other,0,-1,14,1
3087,187,173.093,172.779,174.436,110.094,109.267,105.647,174.000,108.458,220.000,183.056,other,0,-1,15,1
3088,232,165.364,168.581,171.717,109.790,108.974,105.860,187.000,107.083,146.000,168.806,other,0,-1,16,1
3089,169,172.022,179.045,184.407,111.209,110.465,106.432,232.000,110.667,135.000,158.750,other,0,-1,17,1
3090,115,130.355,131.571,136.120,111.876,111.176,106.847,169.000,112.083,128.000,131.639,other,0,-1,18,1
3091,101,111.570,103.572,102.422,111.862,111.183,107.120,115.000,111.542,102.000,103.944,other,0,-1,19,1
3092,91,94.885,87.077,89.454,112.021,111.370,107.430,101.000,111.500,78.000,92.389,other,0,-1,20,1
3093,81,80.528,74.860,78.905,112.383,111.767,107.781,91.000,112.042,103.000,77.389,other,0,-1,21,1
3094,70,70.207,66.986,68.491,112.239,111.639,108.027,81.000,111.125,82.000,64.944,other,0,-1,22,1
3095,90,64.013,62.430,58.924,112.239,111.661,108.303,70.000,110.625,53.000,62.889,other,0,-1,23,1
3096,59,68.965,70.776,59.146,112.949,112.418,108.727,90.000,112.167,46.000,59.639,other,0,-1,0,2
3097,51,60.017,61.201,55.160,113.014,112.545,108.818,59.000,112.708,55.000,64.167,other,0,-1,1,2
3098,53,60.004,59.891,52.570,112.832,112.417,108.857,51.000,112.542,49.000,56.194,other,0,-1,2,2
3099,54,62.522,61.726,53.434,112.767,112.409,108.920,53.000,112.708,56.000,60.528,other,0,-1,3,2
3100,59,65.083,63.122,55.735,112.615,112.312,108.965,54.000,112.625,72.000,62.444,other,0,-1,4,2
3101,63,68.980,66.005,60.580,112.303,112.049,108.977,59.000,112.083,59.000,62.833,other,0,-1,5,2
3102,58,74.347,69.748,67.272,112.238,112.041,109.040,63.000,112.250,85.000,70.472,other,0,-1,6,2
3103,72,82.983,74.635,73.624,111.723,111.568,109.009,58.000,111.125,81.000,78.639,other,0,-1,7,2
3104,94,97.516,87.612,87.032,111.470,111.366,109.033,72.000,110.750,88.000,89.639,other,0,-1,8,2
3105,91,115.566,105.683,105.690,111.433,111.388,109.102,94.000,111.000,132.000,104.833,other,0,-1,9,2
3106,176,134.182,126.556,116.809,110.716,110.706,109.029,91.000,109.292,146.000,127.694,other,0,-1,10,2
3107,139,165.756,153.296,165.395,111.027,111.087,109.171,176.000,110.542,163.000,145.361,other,0,-1,11,2
3108,163,164.539,161.314,157.494,110.556,110.660,109.150,139.000,109.542,176.000,159.222,other,0,-1,12,2
3109,209,173.525,172.748,173.301,110.245,110.397,109.161,163.000,109.000,174.000,182.222,other,0,-1,13,2
3110,185,187.018,191.163,195.747,110.629,110.854,109.318,209.000,110.458,174.000,185.000,other,0,-1,14,2
3111,198,171.278,177.863,177.000,110.665,110.951,109.403,185.000,110.917,187.000,172.750,other,0,-1,15,2
3112,192,164.732,175.822,173.163,110.701,111.048,109.487,198.000,111.375,232.000,158.694,other,0,-1,16,2
3113,150,149.022,162.009,157.268,109.998,110.381,109.417,192.000,109.708,169.000,148.139,other,0,-1,17,2
3114,125,129.406,131.215,125.185,109.599,110.028,109.411,150.000,108.917,115.000,124.722,other,0,-1,18,2
3115,102,112.439,109.439,104.451,109.621,110.110,109.492,125.000,109.333,101.000,108.833,other,0,-1,19,2
3116,93,96.547,90.575,87.392,109.512,110.058,109.546,102.000,109.375,91.000,89.361,other,0,-1,20,2
3117,68,81.197,77.690,76.672,109.418,110.020,109.603,93.000,109.458,81.000,75.500,other,0,-1,21,2
3118,58,70.867,64.949,62.562,109.106,109.757,109.615,68.000,108.917,70.000,67.139,other,0,-1,22,2
3119,53,62.394,58.440,54.257,108.809,109.509,109.630,58.000,108.417,90.000,62.722,other,0,-1,23,2
3120,70,57.453,55.589,48.363,108.150,108.887,109.569,53.000,106.875,59.000,61.389,other,0,-1,0,3
3121,43,57.961,63.750,61.577,107.981,108.765,109.354,70.000,107.333,51.000,64.194,other,0,-1,1,3
3122,68,55.158,55.846,55.136,107.538,108.359,109.081,43.000,107.000,53.000,65.056,other,0,-1,2,3
3123,61,62.146,65.621,59.873,107.427,108.298,108.877,68.000,107.625,54.000,61.583,other,0,-1,3,3
3124,58,62.636,63.809,60.134,107.201,108.116,108.650,61.000,107.917,59.000,61.250,other,0,-1,4,3
3125,65,65.045,63.838,62.836,106.859,107.815,108.398,58.000,107.875,63.000,63.500,other,0,-1,5,3
3126,68,71.297,68.201,69.695,106.560,107.558,108.156,65.000,107.958,58.000,67.778,other,0,-1,6,3
3127,73,80.547,73.986,77.891,106.377,107.422,107.937,68.000,108.375,72.000,79.889,other,0,-1,7,3
3128,76,94.702,84.890,88.852,106.064,107.150,107.692,73.000,108.417,94.000,92.417,other,0,-1,8,3
3129,97,112.759,102.293,101.161,105.476,106.594,107.389,76.000,107.667,91.000,115.000,other,0,-1,9,3
3130,122,130.856,125.611,120.944,105.235,106.397,107.158,97.000,107.917,176.000,126.583,other,0,-1,10,3
3131,166,148.028,147.762,142.540,104.125,105.301,106.746,122.000,105.667,139.000,145.861,other,0,-1,11,3
3132,159,166.054,169.382,169.755,104.189,105.420,106.579,166.000,106.792,163.000,168.111,other,0,-1,12,3
3133,148,170.391,172.962,171.590,103.803,105.073,106.318,159.000,106.625,209.000,177.472,other,0,-1,13,3
3134,363,168.626,167.822,165.871,102.592,103.873,105.885,148.000,104.083,185.000,176.694,inside,1,0,14,3
3135,394,331.652,293.818,268.816,104.842,106.255,106.175,363.000,111.500,198.000,173.972,inside,1,1,15,3
3136,331,342.389,305.491,279.249,107.354,108.906,106.519,394.000,119.667,192.000,162.111,inside,1,2,16,3
3137,149,264.193,269.982,235.275,109.040,110.704,106.691,331.000,125.458,150.000,150.028,after,1,3,17,3
3138,113,124.526,127.305,128.101,108.698,110.402,106.439,149.000,125.417,125.000,132.389,after,1,4,18,3
3139,134,104.797,101.352,100.312,108.196,109.936,106.154,113.000,124.917,102.000,108.528,after,1,5,19,3
3140,84,86.148,96.058,95.325,108.332,110.129,106.003,134.000,126.250,93.000,100.083,after,1,6,20,3
3141,69,72.188,68.201,69.655,107.874,109.708,105.727,84.000,125.875,68.000,85.306,after,1,7,21,3
3142,61,60.521,56.078,58.332,107.561,109.436,105.481,69.000,125.917,58.000,74.778,after,1,8,22,3
3143,60,52.134,48.847,50.903,107.277,109.195,105.242,61.000,126.042,53.000,70.444,after,1,9,23,3
3144,52,47.627,46.192,46.624,107.050,109.013,105.014,60.000,126.333,70.000,60.917,after,1,10,0,4
3145,49,44.972,46.204,42.430,106.504,108.454,104.599,52.000,125.583,43.000,56.972,after,1,11,1,4
3146,52,46.084,46.878,41.423,106.306,108.255,104.256,49.000,125.833,68.000,51.583,after,1,12,2,4
3147,53,49.346,49.803,42.880,105.789,107.726,103.846,52.000,125.167,61.000,54.556,after,1,13,3,4
3148,71,52.315,51.985,45.799,105.388,107.316,103.461,53.000,124.833,58.000,57.139,after,1,14,4,4
3149,45,61.003,60.961,54.355,105.291,107.222,103.139,71.000,125.375,65.000,54.694,after,1,15,5,4
3150,74,59.264,55.250,55.659,104.715,106.632,102.717,45.000,124.542,68.000,65.167,after,1,16,6,4
3151,74,71.646,70.149,72.811,104.517,106.433,102.374,74.000,124.792,73.000,74.667,after,1,17,7,4
3152,84,83.865,80.580,85.378,104.246,106.159,102.016,74.000,124.833,76.000,86.667,after,1,18,8,4
3153,93,101.420,99.852,103.560,104.077,105.989,101.679,84.000,125.167,97.000,109.861,after,1,19,9,4
3154,127,120.651,122.782,122.520,103.734,105.640,101.306,93.000,125.000,122.000,125.222,after,1,20,10,4
3155,163,141.652,150.241,151.762,103.521,105.425,100.960,127.000,125.208,166.000,147.361,after,1,21,11,4
3156,149,163.344,174.217,179.194,103.192,105.091,100.590,163.000,125.083,159.000,161.111,after,1,22,12,4
3157,172,168.243,168.102,176.777,102.762,104.652,100.198,149.000,124.667,148.000,174.694,after,1,23,13,4
3158,190,176.549,174.709,186.773,102.824,104.722,99.910,172.000,125.667,363.000,178.167,after,1,24,14,4
3159,188,175.402,175.971,186.835,100.033,101.839,99.025,190.000,118.458,394.000,172.583,after,1,25,15,4
3160,171,158.624,163.932,172.330,96.763,98.462,98.041,188.000,109.875,331.000,165.472,after,1,26,16,4
3161,123,133.698,143.082,148.949,94.160,95.774,97.196,171.000,103.208,149.000,138.861,other,0,-1,17,4
3162,128,110.741,112.913,113.790,93.498,95.095,96.756,123.000,102.125,113.000,121.333,other,0,-1,18,4
3163,85,89.925,99.666,103.196,93.430,95.030,96.440,128.000,102.750,134.000,101.944,other,0,-1,19,4
3164,74,75.871,75.838,79.071,92.435,94.006,95.931,85.000,100.708,84.000,84.222,other,0,-1,20,4
3165,90,60.796,62.025,68.709,92.005,93.567,95.540,74.000,100.292,69.000,70.889,other,0,-1,21,4
3166,56,47.006,59.466,66.553,92.024,93.592,95.242,90.000,101.167,61.000,63.889,other,0,-1,22,4
3167,60,40.440,45.108,54.522,91.666,93.228,94.866,56.000,100.958,60.000,57.111,other,0,-1,23,4
3168,43,36.312,44.737,51.900,91.381,92.939,94.505,60.000,100.958,52.000,38.722,other,0,-1,0,5
3169,39,34.876,41.246,33.083,91.222,92.729,94.276,43.000,100.583,49.000,42.139,other,0,-1,1,5
3170,37,36.110,41.655,32.881,91.049,92.505,94.044,39.000,100.167,52.000,43.389,other,0,-1,2,5
3171,45,38.191,42.521,34.024,90.804,92.206,93.797,37.000,99.542,53.000,43.528,other,0,-1,3,5
3172,31,43.343,46.944,38.498,90.660,92.011,93.571,45.000,99.208,71.000,42.111,other,0,-1,4,5
3173,47,42.179,43.259,39.592,90.052,91.337,93.248,31.000,97.542,45.000,43.028,other,0,-1,5,5
3174,47,49.705,51.435,49.452,90.053,91.293,93.053,47.000,97.625,74.000,55.167,other,0,-1,6,5
3175,38,56.226,56.642,56.988,89.634,90.814,92.769,47.000,96.500,74.000,63.917,other,0,-1,7,5
3176,78,68.748,63.824,62.516,89.084,90.200,92.459,38.000,95.000,84.000,81.722,other,0,-1,8,5
3177,76,84.674,88.523,88.595,88.969,90.035,92.239,78.000,94.750,93.000,98.167,other,0,-1,9,5
3178,109,103.332,101.814,98.097,88.695,89.706,91.986,76.000,94.042,127.000,102.556,other,0,-1,10,5
3179,151,122.509,127.795,125.477,88.406,89.362,91.730,109.000,93.292,163.000,122.722,other,0,-1,11,5
3180,101,144.667,157.455,159.056,88.204,89.107,91.492,151.000,92.792,149.000,141.028,other,0,-1,12,5
3181,144,146.233,136.639,132.274,87.481,88.314,91.145,101.000,90.792,172.000,161.333,other,0,-1,13,5
3182,147,155.020,153.112,157.698,87.047,87.819,90.858,144.000,89.625,190.000,179.778,other,0,-1,14,5
3183,143,150.733,149.577,153.854,86.396,87.100,90.527,147.000,87.833,188.000,180.472,other,0,-1,15,5
3184,148,137.682,139.716,140.931,85.716,86.351,90.189,143.000,85.958,171.000,165.833,other,0,-1,16,5
3185,128,119.980,129.166,129.146,85.355,85.932,89.917,148.000,85.000,123.000,148.556,other,0,-1,17,5
3186,105,99.581,108.763,103.530,85.399,85.933,89.731,128.000,85.208,128.000,114.861,other,0,-1,18,5
3187,78,81.929,88.466,80.558,85.038,85.513,89.460,105.000,84.250,85.000,90.528,other,0,-1,19,5
3188,58,67.344,69.803,62.307,84.908,85.334,89.237,78.000,83.958,74.000,74.972,other,0,-1,20,5
3189,56,54.432,55.137,51.109,84.648,85.020,88.987,58.000,83.292,90.000,60.444,other,0,-1,21,5
3190,46,42.326,46.649,46.315,84.128,84.436,88.682,56.000,81.875,56.000,52.389,other,0,-1,22,5
3191,46,35.084,40.756,41.420,83.955,84.211,88.450,46.000,81.458,60.000,44.139,other,0,-1,23,5
3192,30,31.768,40.216,39.256,83.724,83.927,88.206,46.000,80.875,43.000,32.472,other,0,-1,0,6
3193,34,30.893,36.389,30.316,83.786,83.929,88.277,30.000,80.333,39.000,34.500,other,0,-1,1,6
3194,31,34.161,40.376,32.659,83.963,84.050,88.371,34.000,80.125,37.000,33.361,other,0,-1,2,6
3195,48,36.104,41.330,34.632,84.127,84.157,88.463,31.000,79.875,45.000,35.222,other,0,-1,3,6
3196,31,45.508,50.475,42.492,84.421,84.399,88.581,48.000,80.000,31.000,34.028,other,0,-1,4,6
3197,33,40.925,44.571,43.177,84.671,84.595,88.691,31.000,80.000,47.000,36.611,other,0,-1,5,6
3198,38,44.766,48.162,49.599,84.718,84.582,88.758,33.000,79.417,47.000,38.694,other,0,-1,6,6
3199,42,51.923,55.385,57.927,84.838,84.643,88.841,38.000,79.042,38.000,47.194,other,0,-1,7,6
3200,52,63.541,65.712,66.632,85.146,84.900,88.962,42.000,79.208,78.000,59.167,other,0,-1,8,6
3201,72,79.755,79.920,77.882,85.020,84.707,88.993,52.000,78.125,76.000,78.778,other,0,-1,9,6
3202,97,98.423,97.876,93.908,85.212,84.843,89.091,72.000,77.958,109.000,101.278,other,0,-1,10,6
3203,98,117.718,117.601,113.142,85.289,84.860,89.164,97.000,77.458,151.000,121.778,other,0,-1,11,6
3204,121,131.698,125.121,118.078,84.771,84.262,89.114,98.000,75.250,101.000,140.833,other,0,-1,12,6
3205,176,144.838,140.383,134.257,85.311,84.759,89.284,121.000,76.083,144.000,148.472,other,0,-1,13,6
3206,139,161.671,168.389,171.391,86.025,85.435,89.490,176.000,77.417,147.000,156.639,other,0,-1,14,6
3207,109,147.469,146.312,141.716,86.160,85.512,89.576,139.000,77.083,143.000,153.306,other,0,-1,15,6
3208,140,135.708,131.064,116.528,85.917,85.198,89.583,109.000,75.667,148.000,133.083,other,0,-1,16,6
3209,116,120.484,126.461,123.454,86.052,85.275,89.668,140.000,75.333,128.000,123.667,other,0,-1,17,6
3210,123,102.861,105.707,97.437,86.128,85.292,89.741,116.000,74.833,105.000,102.583,other,0,-1,18,6
3211,72,83.848,90.425,86.016,86.639,85.758,89.905,123.000,75.583,78.000,79.889,other,0,-1,19,6
3212,44,71.475,69.179,59.064,86.802,85.865,89.997,72.000,75.333,58.000,59.111,other,0,-1,20,6
3213,38,59.861,54.920,46.957,86.850,85.852,90.064,44.000,74.750,56.000,47.306,other,0,-1,21,6
3214,44,48.051,46.110,42.525,86.839,85.778,90.119,38.000,74.000,46.000,35.306,other,0,-1,22,6
3215,31,40.400,43.914,41.769,87.061,85.945,90.223,44.000,73.917,46.000,32.556,other,0,-1,23,6
3216,51,36.957,40.747,38.753,87.094,85.917,90.287,31.000,73.292,30.000,61.343,other,0,-1,0,0
3217,60,42.352,48.952,46.489,87.738,86.551,90.689,51.000,74.167,34.000,59.743,other,0,-1,1,0
3218,47,50.184,57.760,49.711,88.455,87.260,91.106,60.000,75.250,31.000,61.829,other,0,-1,2,0
3219,82,47.904,54.548,49.471,89.027,87.820,91.493,47.000,75.917,48.000,63.543,other,0,-1,3,0
3220,66,70.764,76.225,62.884,89.860,88.649,91.934,82.000,77.333,31.000,60.000,other,0,-1,4,0
3221,75,60.461,68.178,64.431,90.707,89.493,92.379,66.000,78.792,33.000,77.171,other,0,-1,5,0
3222,58,65.289,75.552,74.618,91.656,90.442,92.844,75.000,80.542,38.000,77.686,other,0,-1,6,0
3223,65,60.890,72.710,77.030,92.285,91.062,93.243,58.000,81.375,42.000,91.543,other,0,-1,7,0
3224,91,72.105,86.072,87.901,92.959,91.726,93.651,65.000,82.333,52.000,101.114,other,0,-1,8,0
3225,96,91.698,110.199,107.276,93.864,92.630,94.107,91.000,83.958,72.000,122.829,other,0,-1,9,0
3226,131,110.232,125.383,117.639,94.552,93.310,94.518,96.000,84.958,97.000,137.200,other,0,-1,10,0
3227,181,135.923,149.767,142.725,95.385,94.139,94.960,131.000,86.375,98.000,150.314,other,0,-1,11,0
3228,149,172.786,181.933,178.062,96.927,95.703,95.549,181.000,89.833,121.000,163.229,other,0,-1,12,0
3229,189,163.379,164.077,160.083,97.673,96.442,95.972,149.000,91.000,176.000,172.800,other,0,-1,13,0
3230,211,179.396,182.376,184.621,98.201,96.956,96.350,189.000,91.542,139.000,172.257,other,0,-1,14,0
3231,150,184.243,188.027,194.950,99.585,98.355,96.906,211.000,94.542,109.000,183.343,other,0,-1,15,0
3232,163,153.049,148.086,147.811,100.519,99.289,97.369,150.000,96.250,140.000,162.143,other,0,-1,16,0
3233,164,138.285,138.018,145.029,101.192,99.954,97.777,163.000,97.208,116.000,148.800,other,0,-1,17,0
3234,120,119.918,120.897,132.393,102.228,100.993,98.260,164.000,99.208,123.000,128.829,other,0,-1,18,0
3235,94,99.954,95.049,99.879,102.524,101.267,98.590,120.000,99.083,72.000,110.171,other,0,-1,19,0
3236,79,84.370,77.578,81.046,103.183,101.917,98.994,94.000,100.000,44.000,85.143,other,0,-1,20,0
3237,68,70.929,65.392,69.496,104.030,102.761,99.439,79.000,101.458,38.000,75.143,other,0,-1,21,0
3238,62,61.128,57.967,61.769,104.805,103.530,99.868,68.000,102.708,44.000,65.229,other,0,-1,22,0
3239,37,55.855,55.185,57.057,105.406,104.120,100.261,62.000,103.458,31.000,63.543,other,0,-1,23,0
3240,49,51.510,49.351,50.161,105.833,104.529,100.617,37.000,103.708,51.000,61.694,other,0,-1,0,1
3241,55,52.871,53.118,52.261,105.978,104.701,100.924,49.000,103.625,60.000,62.000,other,0,-1,1,1
3242,71,56.870,57.619,53.016,106.080,104.828,101.221,55.000,103.417,47.000,62.222,other,0,-1,2,1
3243,53,66.772,66.459,57.850,106.601,105.390,101.606,71.000,104.417,82.000,61.389,other,0,-1,3,1
3244,52,60.979,60.599,57.209,106.355,105.157,101.830,53.000,103.208,66.000,63.583,other,0,-1,4,1
3245,54,62.238,62.140,61.853,106.326,105.149,102.100,52.000,102.625,75.000,65.139,other,0,-1,5,1
3246,68,65.795,66.365,68.864,106.196,105.036,102.349,54.000,101.750,58.000,66.417,other,0,-1,6,1
3247,90,75.029,77.424,81.037,106.515,105.388,102.692,68.000,102.167,65.000,77.639,other,0,-1,7,1
3248,74,90.196,94.946,98.334,107.051,105.964,103.080,90.000,103.208,91.000,91.833,other,0,-1,8,1
3249,112,105.246,108.657,103.127,106.979,105.911,103.341,74.000,102.500,96.000,109.944,other,0,-1,9,1
3250,145,127.369,133.182,129.428,107.384,106.353,103.701,112.000,103.167,131.000,131.361,other,0,-1,10,1
3251,123,151.669,155.186,155.347,107.761,106.765,104.056,145.000,103.750,181.000,148.500,other,0,-1,11,1
3252,168,159.396,159.738,150.929,107.095,106.097,104.193,123.000,101.333,149.000,174.389,other,0,-1,12,1
3253,185,176.720,176.008,178.329,107.544,106.584,104.563,168.000,102.125,189.000,191.778,other,0,-1,13,1
3254,165,182.277,182.292,186.674,107.660,106.726,104.863,185.000,101.958,211.000,190.222,other,0,-1,14,1
3255,187,170.710,169.465,169.004,107.168,106.238,105.036,165.000,100.042,150.000,183.056,other,0,-1,15,1
3256,165,165.600,168.337,171.418,107.878,106.995,105.460,187.000,101.583,163.000,168.806,other,0,-1,16,1
3257,152,146.849,146.543,146.859,108.080,107.227,105.779,165.000,101.667,164.000,158.750,other,0,-1,17,1
3258,126,128.417,126.809,128.217,108.081,107.249,106.055,152.000,101.167,120.000,131.639,other,0,-1,18,1
3259,121,110.164,105.061,106.703,108.341,107.541,106.385,126.000,101.417,94.000,103.944,other,0,-1,19,1
3260,113,92.843,90.097,96.057,108.906,108.147,106.779,121.000,102.542,79.000,92.389,other,0,-1,20,1
3261,73,79.451,79.448,85.412,109.573,108.859,107.194,113.000,103.958,68.000,77.389,other,0,-1,21,1
3262,61,69.522,65.738,66.802,109.819,109.136,107.522,73.000,104.167,62.000,64.944,other,0,-1,22,1
3263,46,62.706,60.719,57.637,109.979,109.323,107.831,61.000,104.125,37.000,62.889,other,0,-1,23,1
3264,59,58.759,56.949,50.164,110.283,109.659,108.171,46.000,104.500,49.000,59.639,other,0,-1,0,2
3265,81,59.359,61.653,55.763,110.305,109.742,108.252,59.000,104.917,55.000,64.167,other,0,-1,1,2
3266,47,68.316,71.644,58.964,110.558,110.064,108.382,81.000,106.000,71.000,56.194,other,0,-1,2,2
3267,78,60.613,60.186,52.800,110.087,109.636,108.360,47.000,105.000,53.000,60.528,other,0,-1,3,2
3268,73,72.858,72.408,60.933,110.326,109.943,108.487,78.000,106.042,52.000,62.444,other,0,-1,4,2
3269,66,72.714,71.001,63.908,110.507,110.190,108.602,73.000,106.917,54.000,62.833,other,0,-1,5,2
3270,52,74.521,70.671,68.160,110.557,110.302,108.689,66.000,107.417,68.000,70.472,other,0,-1,6,2
3271,78,82.443,73.715,72.203,110.202,109.994,108.692,52.000,106.750,90.000,78.639,other,0,-1,7,2
3272,77,97.120,88.258,88.800,109.905,109.747,108.706,78.000,106.250,74.000,89.639,other,0,-1,8,2
3273,95,114.941,104.947,99.710,109.825,109.724,108.767,77.000,106.375,112.000,104.833,other,0,-1,9,2
3274,127,133.514,126.228,118.105,109.456,109.401,108.766,95.000,105.667,145.000,127.694,other,0,-1,10,2
3275,135,151.552,145.969,142.747,109.072,109.064,108.763,127.000,104.917,123.000,145.361,other,0,-1,11,2
3276,145,163.240,160.637,155.208,109.122,109.176,108.850,135.000,105.417,168.000,159.222,other,0,-1,12,2
3277,189,169.330,168.600,164.121,108.666,108.763,108.832,145.000,104.458,185.000,182.222,other,0,-1,13,2
3278,203,178.465,182.316,184.732,108.600,108.755,108.895,189.000,104.625,165.000,185.000,other,0,-1,14,2
3279,205,176.590,185.507,185.876,109.028,109.257,109.061,203.000,106.208,187.000,172.750,other,0,-1,15,2
3280,188,166.687,179.370,176.518,109.165,109.459,109.166,205.000,106.958,165.000,158.694,other,0,-1,16,2
3281,123,148.747,160.105,155.104,109.375,109.736,109.287,188.000,107.917,152.000,148.139,other,0,-1,17,2
3282,114,130.043,124.461,113.272,108.832,109.234,109.250,123.000,106.708,126.000,124.722,other,0,-1,18,2
3283,104,112.744,107.067,99.764,108.534,108.986,109.265,114.000,106.208,121.000,108.833,other,0,-1,19,2
3284,94,95.437,90.773,87.565,108.165,108.663,109.265,104.000,105.500,113.000,89.361,other,0,-1,20,2
3285,77,80.227,77.507,76.326,107.766,108.311,109.258,94.000,104.708,73.000,75.500,other,0,-1,21,2
3286,61,69.085,66.325,64.212,107.701,108.303,109.322,77.000,104.875,61.000,67.139,other,0,-1,22,2
3287,67,61.326,58.570,54.301,107.578,108.235,109.373,61.000,104.875,46.000,62.722,other,0,-1,23,2
3288,67,57.540,59.170,51.087,107.759,108.482,109.487,67.000,105.750,59.000,61.389,other,0,-1,0,3
3289,84,56.862,62.426,60.081,107.547,108.316,109.263,67.000,106.083,81.000,64.194,other,0,-1,1,3
3290,66,64.576,70.976,62.167,107.263,108.074,109.023,84.000,106.208,47.000,65.056,other,0,-1,2,3
3291,61,61.305,64.655,58.794,107.210,108.073,108.832,66.000,107.000,78.000,61.583,other,0,-1,3,3
3292,65,62.374,63.614,59.529,106.636,107.531,108.532,61.000,106.292,73.000,61.250,other,0,-1,4,3
3293,72,66.311,65.969,63.858,106.193,107.125,108.259,65.000,105.958,66.000,63.500,other,0,-1,5,3
3294,59,72.392,70.165,71.023,105.952,106.929,108.029,72.000,106.208,52.000,67.778,other,0,-1,6,3
3295,79,80.096,72.052,75.227,105.726,106.747,107.801,59.000,106.500,78.000,79.889,other,0,-1,7,3
3296,111,94.515,85.633,90.434,105.412,106.476,107.556,79.000,106.542,77.000,92.417,other,0,-1,8,3
3297,115,113.011,105.839,112.917,105.577,106.699,107.410,111.000,107.958,95.000,115.000,other,0,-1,9,3
3298,131,131.050,126.185,127.240,105.539,106.712,107.222,115.000,108.792,127.000,126.583,other,0,-1,10,3
3299,152,148.552,148.236,145.382,105.270,106.486,106.985,131.000,108.958,135.000,145.861,other,0,-1,11,3
3300,171,162.999,165.454,162.993,105.188,106.454,106.788,152.000,109.667,145.000,168.111,other,0,-1,12,3
3301,185,172.485,176.570,175.831,105.237,106.558,106.618,171.000,110.750,189.000,177.472,other,0,-1,13,3
3302,154,175.725,181.365,181.684,104.851,106.211,106.357,185.000,110.583,203.000,176.694,other,0,-1,14,3
3303,204,164.274,164.246,162.150,103.814,105.190,105.960,154.000,108.542,205.000,173.972,other,0,-1,15,3
3304,170,162.811,177.341,176.442,103.472,104.889,105.709,204.000,108.500,188.000,162.111,other,0,-1,16,3
3305,144,140.388,149.954,149.274,102.883,104.332,105.405,170.000,107.750,123.000,150.028,other,0,-1,17,3
3306,154,121.491,127.276,126.291,102.860,104.361,105.220,144.000,108.625,114.000,132.389,other,0,-1,18,3
3307,98,101.605,119.450,119.085,103.112,104.674,105.093,154.000,110.292,104.000,108.528,other,0,-1,19,3
3308,101,87.778,87.632,88.563,102.697,104.298,104.826,98.000,110.042,94.000,100.083,other,0,-1,20,3
3309,249,70.782,78.523,81.254,102.471,104.116,104.598,101.000,110.333,77.000,85.306,inside,1,0,21,3
3310,201,151.298,210.083,127.200,104.635,106.408,104.870,249.000,117.500,61.000,74.778,inside,1,1,22,3
3311,196,112.140,146.445,99.326,106.335,108.220,105.045,201.000,123.333,67.000,70.444,inside,1,2,23,3
3312,183,120.704,132.149,91.872,107.876,109.868,105.187,196.000,128.708,67.000,60.917,inside,1,3,0,4
3313,180,126.719,131.826,81.665,109.271,111.317,105.176,183.000,133.542,84.000,56.972,inside,1,4,1,4
3314,139,135.156,132.067,80.772,110.376,112.467,105.106,180.000,137.542,66.000,51.583,inside,1,5,2,4
3315,47,103.253,105.391,70.956,111.149,113.272,104.965,139.000,140.583,61.000,54.556,after,1,6,3,4
3316,55,50.374,55.704,51.901,110.660,112.773,104.562,47.000,140.000,65.000,57.139,after,1,7,4,4
3317,51,55.122,59.349,57.206,110.230,112.334,104.170,55.000,139.583,72.000,54.694,after,1,8,5,4
3318,57,58.891,59.900,61.658,109.641,111.729,103.746,51.000,138.708,59.000,65.167,after,1,9,6,4
3319,68,67.887,66.716,70.698,109.326,111.410,103.379,57.000,138.625,79.000,74.667,after,1,10,7,4
3320,85,81.274,79.352,83.801,108.882,110.956,102.984,68.000,138.167,111.000,86.667,after,1,11,8,4
3321,81,98.359,99.161,101.808,108.220,110.277,102.544,85.000,137.083,115.000,109.861,after,1,12,9,4
3322,137,117.580,118.933,113.070,107.442,109.478,102.080,81.000,135.667,131.000,125.222,after,1,13,10,4
3323,117,139.247,151.262,150.223,107.244,109.278,101.737,137.000,135.917,152.000,147.361,after,1,14,11,4
3324,140,150.151,153.839,150.014,106.451,108.464,101.270,117.000,134.458,171.000,161.111,after,1,15,12,4
3325,233,162.054,162.444,165.006,105.717,107.710,100.816,140.000,133.167,185.000,174.694,after,1,16,13,4
3326,160,208.716,211.059,212.156,106.127,108.140,100.600,233.000,135.167,154.000,178.167,after,1,17,14,4
3327,193,164.645,160.657,167.949,105.928,107.941,100.257,160.000,135.417,204.000,172.583,after,1,18,15,4
3328,194,159.426,166.523,173.831,105.484,107.486,99.862,193.000,134.958,170.000,165.472,after,1,19,16,4
3329,147,139.366,155.168,160.815,105.546,107.557,99.574,194.000,135.958,144.000,138.861,after,1,20,17,4
3330,126,109.824,120.651,124.047,105.304,107.312,99.222,147.000,136.083,154.000,121.333,after,1,21,18,4
3331,112,89.493,100.157,102.638,104.613,106.603,98.776,126.000,134.917,98.000,101.944,after,1,22,19,4
3332,105,71.737,84.033,87.154,104.531,106.524,98.457,112.000,135.500,101.000,84.222,after,1,23,20,4
3333,62,56.805,73.479,76.641,104.303,106.294,98.108,105.000,135.667,249.000,70.889,after,1,24,21,4
3334,64,48.123,52.462,59.753,101.309,103.202,97.181,62.000,127.875,201.000,63.889,after,1,25,22,4
3335,49,39.503,48.352,55.441,99.039,100.859,96.406,64.000,122.167,196.000,57.111,after,1,26,23,4
3336,45,35.174,41.667,49.048,96.625,98.365,95.600,49.000,116.042,183.000,38.722,after,1,27,0,5
3337,59,34.618,42.203,32.757,94.597,96.222,94.981,45.000,110.292,180.000,42.139,after,1,28,1,5
3338,38,42.029,49.968,35.550,92.816,94.334,94.413,59.000,105.250,139.000,43.389,after,1,29,2,5
3339,51,37.990,42.894,33.210,91.325,92.745,93.906,38.000,101.042,47.000,43.528,other,0,-1,3,5
3340,49,45.253,49.478,38.854,91.355,92.731,93.716,51.000,101.208,55.000,42.111,other,0,-1,4,5
3341,48,46.786,49.797,43.113,91.240,92.567,93.496,49.000,100.958,51.000,43.028,other,0,-1,5,5
3342,45,49.592,51.709,49.159,91.168,92.447,93.285,48.000,100.833,57.000,55.167,other,0,-1,6,5
3343,61,55.617,55.922,56.023,90.966,92.193,93.048,45.000,100.333,68.000,63.917,other,0,-1,7,5
3344,65,68.204,69.985,70.935,90.837,92.014,92.825,61.000,100.042,85.000,81.722,other,0,-1,8,5
3345,75,84.222,83.934,82.974,90.519,91.639,92.562,65.000,99.208,81.000,98.167,other,0,-1,9,5
3346,132,102.967,101.460,98.103,90.404,91.475,92.343,75.000,98.958,137.000,102.556,other,0,-1,10,5
3347,110,126.269,140.236,140.003,90.304,91.326,92.126,132.000,98.750,117.000,122.722,other,0,-1,11,5
3348,124,137.503,135.918,134.294,90.174,91.146,91.903,110.000,98.458,140.000,141.028,other,0,-1,12,5
3349,129,149.085,145.406,146.755,89.914,90.832,91.653,124.000,97.792,233.000,161.333,other,0,-1,13,5
3350,152,151.767,147.152,149.064,88.380,89.199,91.137,129.000,93.458,160.000,179.778,other,0,-1,14,5
3351,201,151.226,151.745,157.458,88.236,89.004,90.911,152.000,93.125,193.000,180.472,other,0,-1,15,5
3352,149,151.913,166.838,176.506,88.323,89.050,90.733,201.000,93.458,194.000,165.833,other,0,-1,16,5
3353,121,119.636,129.495,130.048,87.643,88.301,90.395,149.000,91.583,147.000,148.556,other,0,-1,17,5
3354,111,99.206,107.156,100.545,87.239,87.836,90.115,121.000,90.500,126.000,114.861,other,0,-1,18,5
3355,62,80.618,89.391,82.421,86.993,87.537,89.868,111.000,89.875,112.000,90.528,other,0,-1,19,5
3356,68,68.626,67.772,57.910,86.241,86.713,89.515,62.000,87.792,105.000,74.972,other,0,-1,20,5
3357,53,52.324,55.846,52.793,85.677,86.084,89.202,68.000,86.250,62.000,60.444,other,0,-1,21,5
3358,50,41.961,45.357,45.229,85.518,85.875,88.973,53.000,85.875,64.000,52.389,other,0,-1,22,5
3359,41,34.600,40.843,41.517,85.287,85.590,88.729,50.000,85.292,49.000,44.139,other,0,-1,23,5
3360,24,31.058,37.786,37.856,85.143,85.396,88.503,41.000,84.958,45.000,32.472,other,0,-1,0,6
3361,36,29.640,33.315,29.019,85.089,85.278,88.549,24.000,84.083,59.000,34.500,other,0,-1,1,6
3362,38,34.614,39.839,32.678,85.006,85.130,88.589,36.000,83.125,38.000,33.361,other,0,-1,2,6
3363,38,38.463,42.995,35.816,85.257,85.326,88.699,38.000,83.125,51.000,35.222,other,0,-1,3,6
3364,36,41.098,44.723,39.671,85.319,85.328,88.769,38.000,82.583,49.000,34.028,other,0,-1,4,6
3365,37,42.464,45.571,44.179,85.381,85.330,88.839,36.000,82.042,48.000,36.611,other,0,-1,5,6
3366,34,45.634,48.837,50.533,85.472,85.361,88.916,37.000,81.583,45.000,38.694,other,0,-1,6,6
3367,45,51.285,53.560,56.454,85.562,85.393,88.992,34.000,81.125,61.000,47.194,other,0,-1,7,6
3368,71,63.376,66.091,67.622,85.581,85.350,89.053,45.000,80.458,65.000,59.167,other,0,-1,8,6
3369,66,80.328,86.673,86.175,85.918,85.636,89.181,71.000,80.708,75.000,78.778,other,0,-1,9,6
3370,72,98.147,95.460,91.077,86.038,85.698,89.263,66.000,80.333,132.000,101.278,other,0,-1,10,6
3371,128,115.463,106.487,99.824,85.419,84.995,89.192,72.000,77.833,110.000,121.778,other,0,-1,11,6
3372,139,137.048,139.664,136.629,85.930,85.461,89.356,128.000,78.583,124.000,140.833,other,0,-1,12,6
3373,172,148.704,148.692,146.214,86.398,85.883,89.511,139.000,79.208,129.000,148.472,other,0,-1,13,6
3374,140,160.649,165.677,168.692,87.271,86.724,89.750,172.000,81.000,152.000,156.639,other,0,-1,14,6
3375,149,148.320,146.263,142.529,87.347,86.741,89.824,140.000,80.500,201.000,153.306,other,0,-1,15,6
3376,148,137.899,141.463,140.568,86.844,86.158,89.776,149.000,78.333,149.000,133.083,other,0,-1,16,6
3377,101,121.344,128.090,128.084,87.080,86.339,89.883,148.000,78.292,121.000,123.667,other,0,-1,17,6
3378,86,104.616,102.821,90.943,87.041,86.236,89.932,101.000,77.458,111.000,102.583,other,0,-1,18,6
3379,71,87.933,84.707,73.282,86.929,86.058,89.966,86.000,76.417,62.000,79.889,other,0,-1,19,6
3380,56,72.043,68.210,59.377,87.310,86.389,90.103,71.000,76.792,68.000,59.111,other,0,-1,20,6
3381,53,58.429,54.952,49.986,87.386,86.406,90.176,56.000,76.292,53.000,47.306,other,0,-1,21,6
3382,35,47.055,47.325,46.113,87.636,86.603,90.286,53.000,76.292,50.000,35.306,other,0,-1,22,6
3383,28,40.486,40.929,41.241,87.669,86.574,90.350,35.000,75.667,41.000,32.556,other,0,-1,23,6
3384,71,36.854,38.839,39.283,87.731,86.576,90.420,28.000,75.125,24.000,61.343,other,0,-1,0,0
3385,61,50.462,56.820,52.360,88.752,87.600,90.901,71.000,77.083,36.000,59.743,other,0,-1,1,0
3386,42,50.855,57.126,51.521,89.455,88.295,91.315,61.000,78.125,38.000,61.829,other,0,-1,2,0
3387,58,46.031,51.111,49.799,89.853,88.674,91.666,42.000,78.292,38.000,63.543,other,0,-1,3,0
3388,68,55.639,61.092,57.664,90.483,89.294,92.064,58.000,79.125,36.000,60.000,other,0,-1,4,0
3389,59,61.790,68.302,66.166,91.286,90.093,92.500,68.000,80.458,37.000,77.171,other,0,-1,5,0
3390,57,57.526,66.290,70.392,91.945,90.742,92.905,59.000,81.375,34.000,77.686,other,0,-1,6,0
3391,64,60.903,71.480,77.410,92.619,91.406,93.313,57.000,82.333,45.000,91.543,other,0,-1,7,0
3392,96,72.263,84.957,88.019,93.234,92.011,93.708,64.000,83.125,71.000,101.114,other,0,-1,8,0
3393,92,93.228,111.690,109.808,93.936,92.705,94.122,96.000,84.167,66.000,122.829,other,0,-1,9,0
3394,115,110.038,123.258,115.844,94.653,93.414,94.540,92.000,85.250,72.000,137.200,other,0,-1,10,0
3395,149,131.965,142.015,133.962,95.616,94.379,95.008,115.000,87.042,128.000,150.314,other,0,-1,11,0
3396,149,155.226,162.612,158.037,96.261,95.013,95.410,149.000,87.917,139.000,163.229,other,0,-1,12,0
3397,212,163.317,163.963,160.044,96.746,95.482,95.779,149.000,88.333,172.000,172.800,other,0,-1,13,0
3398,179,194.538,197.279,200.176,97.665,96.402,96.238,212.000,90.000,140.000,172.257,other,0,-1,14,0
3399,173,169.111,169.596,173.526,98.571,97.306,96.694,179.000,91.625,149.000,183.343,other,0,-1,15,0
3400,125,155.857,156.137,161.830,99.258,97.985,97.105,173.000,92.625,148.000,162.143,other,0,-1,16,0
3401,136,136.998,128.732,124.605,99.265,97.960,97.374,125.000,91.667,101.000,148.800,other,0,-1,17,0
3402,119,117.996,114.477,119.051,100.113,98.804,97.819,136.000,93.125,86.000,128.829,other,0,-1,18,0
3403,90,99.534,94.879,100.087,100.931,99.618,98.257,119.000,94.500,71.000,110.171,other,0,-1,19,0
3404,101,84.212,77.018,80.747,101.546,100.223,98.653,90.000,95.292,56.000,85.143,other,0,-1,20,0
3405,75,70.044,68.981,76.231,102.538,101.217,99.127,101.000,97.167,53.000,75.143,other,0,-1,21,0
3406,61,60.631,59.357,64.560,103.197,101.866,99.532,75.000,98.083,35.000,65.229,other,0,-1,22,0
3407,56,55.082,54.979,58.400,103.914,102.576,99.949,61.000,99.167,28.000,63.543,other,0,-1,23,0
3408,63,53.905,54.927,55.831,104.660,103.315,100.372,56.000,100.333,71.000,61.694,other,0,-1,0,1
3409,59,55.889,58.266,56.769,104.718,103.397,100.660,63.000,100.000,61.000,62.000,other,0,-1,1,1
3410,66,57.876,59.537,55.560,104.863,103.569,100.967,59.000,99.917,42.000,62.222,other,0,-1,2,1
3411,60,64.062,64.736,58.528,105.385,104.130,101.352,66.000,100.917,58.000,61.389,other,0,-1,3,1
3412,49,63.418,63.714,60.445,105.587,104.362,101.670,60.000,101.000,68.000,63.583,other,0,-1,4,1
3413,59,61.100,61.319,62.748,105.486,104.279,101.925,49.000,100.208,59.000,65.139,other,0,-1,5,1
3414,64,66.643,68.147,71.549,105.660,104.481,102.237,59.000,100.208,57.000,66.417,other,0,-1,6,1
3415,63,74.124,76.464,81.003,105.935,104.788,102.571,64.000,100.500,64.000,77.639,other,0,-1,7,1
3416,66,86.744,88.764,89.926,106.095,104.975,102.880,63.000,100.458,96.000,91.833,other,0,-1,8,1
3417,130,104.920,107.613,100.669,105.834,104.727,103.102,66.000,99.208,92.000,109.944,other,0,-1,9,1
3418,110,131.464,137.121,138.022,106.559,105.499,103.529,130.000,100.792,115.000,131.361,other,0,-1,10,1
3419,135,144.134,148.108,137.952,106.660,105.626,103.826,110.000,100.583,149.000,148.500,other,0,-1,11,1
3420,176,160.994,162.106,157.112,106.631,105.618,104.096,135.000,100.000,149.000,174.389,other,0,-1,12,1
3421,184,179.149,178.968,182.817,107.196,106.224,104.490,176.000,101.125,212.000,191.778,other,0,-1,13,1
3422,183,181.373,181.825,186.018,106.965,106.007,104.718,184.000,99.958,179.000,190.222,other,0,-1,14,1
3423,182,174.849,176.183,179.344,107.197,106.268,105.042,183.000,100.125,173.000,183.056,other,0,-1,15,1
3424,187,163.930,166.038,168.739,107.501,106.605,105.382,182.000,100.500,125.000,168.806,other,0,-1,16,1
3425,283,150.605,154.174,158.806,108.573,107.737,105.882,187.000,103.083,136.000,158.750,inside,1,0,17,1
3426,253,217.211,203.261,198.269,110.876,110.142,106.639,283.000,109.208,119.000,131.639,inside,1,1,18,1
3427,208,172.507,163.248,162.891,112.991,112.353,107.356,253.000,114.792,90.000,103.944,inside,1,2,19,1
3428,206,124.083,124.484,124.511,114.875,114.324,108.026,208.000,119.708,101.000,92.389,inside,1,3,20,1
3429,160,125.892,123.930,110.961,116.570,116.100,108.656,206.000,124.083,75.000,77.389,inside,1,4,21,1
3430,78,94.398,101.989,84.503,117.975,117.576,109.225,160.000,127.625,61.000,64.944,after,1,5,22,1
3431,55,63.915,68.989,55.727,118.395,118.032,109.589,78.000,128.333,56.000,62.889,after,1,6,23,1
3432,45,59.429,63.379,46.719,118.555,118.219,109.898,55.000,128.292,63.000,59.639,after,1,7,0,2
3433,59,57.690,60.724,47.897,118.171,117.882,109.895,45.000,127.542,59.000,64.167,after,1,8,1,2
3434,57,61.178,66.661,49.329,118.047,117.814,109.946,59.000,127.542,66.000,56.194,after,1,9,2,2
3435,62,63.127,66.883,49.736,117.794,117.611,109.970,57.000,127.167,60.000,60.528,after,1,10,3,2
3436,75,67.064,69.102,53.126,117.699,117.573,110.027,62.000,127.250,49.000,62.444,after,1,11,4,2
3437,44,73.989,74.119,60.228,117.953,117.895,110.157,75.000,128.333,59.000,62.833,after,1,12,5,2
3438,68,72.542,66.674,60.172,117.612,117.603,110.162,44.000,127.708,64.000,70.472,after,1,13,6,2
3439,74,84.316,77.258,74.017,117.547,117.595,110.225,68.000,127.875,63.000,78.639,after,1,14,7,2
3440,79,98.807,88.196,86.502,117.583,117.692,110.310,74.000,128.333,66.000,89.639,after,1,15,8,2
3441,111,116.891,105.193,100.677,117.648,117.819,110.400,79.000,128.875,130.000,104.833,after,1,16,9,2
3442,175,137.769,126.302,126.168,117.249,117.466,110.394,111.000,128.083,110.000,127.694,after,1,17,10,2
3443,163,172.553,153.158,168.079,118.068,118.373,110.641,175.000,130.792,135.000,145.361,after,1,18,11,2
3444,206,174.478,165.030,172.717,118.350,118.725,110.777,163.000,131.958,176.000,159.222,after,1,19,12,2
3445,232,197.192,187.010,199.407,118.661,119.107,110.919,206.000,133.208,184.000,182.222,after,1,20,13,2
3446,163,209.437,203.585,212.299,119.233,119.759,111.115,232.000,135.208,183.000,185.000,after,1,21,14,2
3447,168,169.039,170.177,168.959,118.820,119.391,111.106,163.000,134.375,182.000,172.750,after,1,22,15,2
3448,182,160.781,163.344,159.758,118.494,119.113,111.115,168.000,133.792,187.000,158.694,after,1,23,16,2
3449,140,149.844,157.324,152.777,118.298,118.971,111.151,182.000,133.583,283.000,148.139,after,1,24,17,2
3450,115,130.356,128.474,120.557,116.104,116.759,110.769,140.000,127.625,253.000,124.722,after,1,25,18,2
3451,109,114.392,107.582,101.250,113.981,114.623,110.403,115.000,121.875,208.000,108.833,after,1,26,19,2
3452,79,96.620,92.588,91.480,112.424,113.071,110.154,109.000,117.750,206.000,89.361,after,1,27,20,2
3453,68,84.301,75.337,74.822,110.461,111.099,109.821,79.000,112.458,160.000,75.500,after,1,28,21,2
3454,70,72.019,65.173,64.682,109.005,109.652,109.594,68.000,108.625,78.000,67.139,other,0,-1,22,2
3455,65,62.757,61.597,59.246,108.766,109.464,109.621,70.000,108.292,55.000,62.722,other,0,-1,23,2
3456,64,58.658,59.317,53.529,108.787,109.547,109.702,65.000,108.708,45.000,61.389,other,0,-1,0,3
3457,67,57.445,61.956,63.627,108.735,109.545,109.511,64.000,109.500,59.000,64.194,other,0,-1,1,3
3458,58,59.600,64.354,62.703,108.523,109.378,109.286,67.000,109.833,57.000,65.056,other,0,-1,2,3
3459,41,59.762,62.139,60.754,108.210,109.107,109.041,58.000,109.875,62.000,61.583,other,0,-1,3,3
3460,73,59.416,57.636,58.637,107.578,108.506,108.729,41.000,109.000,75.000,61.250,other,0,-1,4,3
3461,83,68.557,69.188,68.146,107.221,108.189,108.474,73.000,108.917,44.000,63.500,other,0,-1,5,3
3462,68,75.021,74.181,75.764,107.458,108.488,108.343,83.000,110.542,68.000,67.778,other,0,-1,6,3
3463,65,80.479,74.075,78.928,107.131,108.201,108.095,68.000,110.542,74.000,79.889,other,0,-1,7,3
3464,72,95.022,84.015,86.974,106.673,107.780,107.819,65.000,110.167,79.000,92.417,other,0,-1,8,3
3465,106,112.986,102.300,99.860,106.244,107.388,107.549,72.000,109.875,111.000,115.000,other,0,-1,9,3
3466,123,130.094,126.099,123.770,105.843,107.027,107.285,106.000,109.667,175.000,126.583,other,0,-1,10,3
3467,155,147.249,148.120,142.178,104.762,105.961,106.879,123.000,107.500,163.000,145.861,other,0,-1,11,3
3468,164,162.607,166.677,164.282,104.319,105.555,106.606,155.000,107.167,206.000,168.111,other,0,-1,12,3
3469,191,170.506,174.270,172.705,103.383,104.639,106.231,164.000,105.417,232.000,177.472,other,0,-1,13,3
3470,177,177.124,183.663,183.997,102.461,103.738,105.858,191.000,103.708,163.000,176.694,other,0,-1,14,3
3471,155,167.697,172.678,172.665,102.336,103.661,105.652,177.000,104.292,168.000,173.972,other,0,-1,15,3
3472,167,154.187,155.717,153.618,101.820,103.180,105.364,155.000,103.750,182.000,162.111,other,0,-1,16,3
3473,155,139.970,148.560,147.793,101.275,102.668,105.070,167.000,103.125,140.000,150.028,other,0,-1,17,3
3474,153,121.069,131.081,130.729,101.165,102.607,104.866,155.000,103.750,115.000,132.389,other,0,-1,18,3
3475,92,101.379,118.691,118.356,101.388,102.890,104.733,153.000,105.333,109.000,108.528,other,0,-1,19,3
3476,72,88.578,85.844,86.437,100.814,102.349,104.433,92.000,104.625,79.000,100.083,other,0,-1,20,3
3477,61,74.661,70.266,72.932,100.385,101.957,104.163,72.000,104.333,68.000,85.306,other,0,-1,21,3
3478,61,62.119,59.419,63.910,99.956,101.566,103.893,61.000,104.042,70.000,74.778,other,0,-1,22,3
3479,58,52.081,54.179,58.792,99.498,101.145,103.617,61.000,103.667,65.000,70.444,other,0,-1,23,3
3480,60,46.907,50.906,54.207,99.068,100.753,103.347,58.000,103.375,64.000,60.917,other,0,-1,0,4
3481,42,46.085,54.893,50.872,98.725,100.404,102.974,60.000,103.208,67.000,56.972,other,0,-1,1,4
3482,45,44.468,49.810,46.657,98.078,99.740,102.537,42.000,102.167,58.000,51.583,other,0,-1,2,4
3483,34,46.997,51.983,47.484,97.604,99.256,102.137,45.000,101.625,41.000,54.556,other,0,-1,3,4
3484,59,47.538,49.394,47.181,97.217,98.861,101.754,34.000,101.333,73.000,57.139,other,0,-1,4,4
3485,63,55.588,59.008,55.851,96.729,98.362,101.351,59.000,100.750,83.000,54.694,other,0,-1,5,4
3486,57,60.268,62.410,62.655,96.154,97.773,100.929,63.000,99.917,68.000,65.167,other,0,-1,6,4
3487,68,67.424,65.820,69.015,95.710,97.319,100.535,57.000,99.458,65.000,74.667,other,0,-1,7,4
3488,69,80.844,78.869,82.636,95.468,97.074,100.183,68.000,99.583,72.000,86.667,other,0,-1,8,4
3489,97,98.720,95.853,95.117,95.139,96.740,99.813,69.000,99.458,106.000,109.861,other,0,-1,9,4
3490,131,117.075,122.260,119.524,94.723,96.316,99.424,97.000,99.083,123.000,125.222,other,0,-1,10,4
3491,152,137.133,149.680,147.268,94.554,96.146,99.087,131.000,99.417,155.000,147.361,other,0,-1,11,4
3492,173,154.935,166.950,166.463,94.225,95.812,98.717,152.000,99.292,164.000,161.111,other,0,-1,12,4
3493,172,169.025,178.059,181.134,94.070,95.657,98.383,173.000,99.667,191.000,174.694,other,0,-1,13,4
3494,169,171.225,173.336,179.362,93.509,95.083,97.965,172.000,98.875,177.000,178.167,other,0,-1,14,4
3495,145,165.762,164.676,171.562,93.108,94.674,97.579,169.000,98.542,155.000,172.583,other,0,-1,15,4
3496,140,149.802,145.618,149.472,92.678,94.234,97.188,145.000,98.125,167.000,165.472,other,0,-1,16,4
3497,132,131.137,131.757,134.095,92.002,93.540,96.745,140.000,97.000,155.000,138.861,other,0,-1,17,4
3498,105,110.553,115.205,117.265,91.383,92.906,96.314,132.000,96.042,153.000,121.333,other,0,-1,18,4
3499,131,92.815,93.920,95.352,90.402,91.897,95.808,105.000,94.042,92.000,101.944,other,0,-1,19,4
3500,75,71.152,89.443,94.112,90.682,92.192,95.565,131.000,95.667,72.000,84.222,other,0,-1,20,4
3501,73,61.305,62.776,69.988,90.440,91.948,95.213,75.000,95.792,61.000,70.889,other,0,-1,21,4
3502,60,48.253,54.812,63.920,90.329,91.839,94.888,73.000,96.292,61.000,63.889,other,0,-1,22,4
3503,60,40.515,47.097,56.782,90.029,91.534,94.524,60.000,96.250,58.000,57.111,other,0,-1,23,4
3504,39,36.365,45.772,53.467,89.773,91.275,94.169,60.000,96.333,60.000,38.722,other,0,-1,0,5
3505,45,34.333,41.236,33.493,89.440,90.886,93.904,39.000,95.458,42.000,42.139,other,0,-1,1,5
3506,38,37.703,45.358,35.003,89.456,90.856,93.711,45.000,95.583,45.000,43.389,other,0,-1,2,5
3507,36,38.460,44.176,35.193,89.326,90.677,93.488,38.000,95.292,34.000,43.528,other,0,-1,3,5
3508,42,40.454,44.545,37.452,89.327,90.632,93.293,36.000,95.375,59.000,42.111,other,0,-1,4,5
3509,44,44.815,47.997,42.885,89.053,90.303,93.039,42.000,94.667,63.000,43.028,other,0,-1,5,5
3510,45,48.969,51.032,49.121,88.749,89.944,92.780,44.000,93.875,57.000,55.167,other,0,-1,6,5
3511,60,56.069,56.488,56.657,88.547,89.689,92.542,45.000,93.375,68.000,63.917,other,0,-1,7,5
3512,89,68.456,70.039,70.704,88.403,89.495,92.316,60.000,93.042,69.000,81.722,other,0,-1,8,5
3513,76,85.383,93.333,93.695,88.665,89.721,92.175,89.000,93.875,97.000,98.167,other,0,-1,9,5
3514,105,103.522,102.014,97.695,88.333,89.331,91.910,76.000,93.000,131.000,102.556,other,0,-1,10,5
3515,119,122.053,125.977,122.507,87.928,88.867,91.630,105.000,91.917,152.000,122.722,other,0,-1,11,5
3516,174,138.073,139.968,138.050,87.422,88.298,91.328,119.000,90.542,173.000,141.028,other,0,-1,12,5
3517,175,160.391,172.355,177.197,87.408,88.239,91.130,174.000,90.583,172.000,161.333,other,0,-1,13,5
3518,140,162.554,169.147,177.000,87.423,88.209,90.937,175.000,90.708,169.000,179.778,other,0,-1,14,5
3519,176,150.965,146.915,149.375,86.975,87.700,90.648,140.000,89.500,145.000,180.472,other,0,-1,15,5
3520,150,143.690,152.837,160.510,87.396,88.090,90.540,176.000,90.792,140.000,165.833,other,0,-1,16,5
3521,128,121.270,129.256,130.611,87.513,88.166,90.368,150.000,91.208,132.000,148.556,other,0,-1,17,5
3522,93,100.820,107.955,103.840,87.427,88.031,90.154,128.000,91.042,105.000,114.861,other,0,-1,18,5
3523,72,84.417,85.581,76.900,87.225,87.777,89.917,93.000,90.542,131.000,90.528,other,0,-1,19,5
3524,86,69.236,67.805,61.378,86.342,86.818,89.536,72.000,88.083,75.000,74.972,other,0,-1,20,5
3525,39,51.739,58.654,58.143,86.473,86.909,89.368,86.000,88.542,73.000,60.444,other,0,-1,21,5
3526,51,44.565,42.671,44.220,85.953,86.325,89.063,39.000,87.125,60.000,52.389,other,0,-1,22,5
3527,57,35.236,40.796,43.335,85.794,86.115,88.835,51.000,86.750,60.000,44.139,other,0,-1,23,5
3528,28,33.386,42.734,42.233,85.723,85.996,88.624,57.000,86.625,39.000,32.472,other,0,-1,0,6
3529,34,30.664,34.430,30.929,85.814,86.027,88.700,28.000,86.167,45.000,34.500,other,0,-1,1,6
3530,18,34.368,39.069,33.511,85.905,86.059,88.777,34.000,85.708,38.000,33.361,other,0,-1,2,6
3531,37,32.743,35.284,32.721,85.865,85.956,88.826,18.000,84.875,36.000,35.222,other,0,-1,3,6
3532,26,41.079,44.220,40.313,86.130,86.167,88.938,37.000,84.917,42.000,34.028,other,0,-1,4,6
3533,29,39.886,41.612,42.335,86.148,86.124,89.000,26.000,84.250,44.000,36.611,other,0,-1,5,6
3534,27,44.359,45.770,48.771,86.181,86.096,89.064,29.000,83.625,45.000,38.694,other,0,-1,6,6
3535,37,51.494,51.167,54.632,86.171,86.023,89.119,27.000,82.875,60.000,47.194,other,0,-1,7,6
3536,57,64.167,63.241,64.932,86.088,85.874,89.159,37.000,81.917,89.000,59.167,other,0,-1,8,6
3537,72,80.501,80.573,80.069,85.875,85.591,89.172,57.000,80.583,76.000,78.778,other,0,-1,9,6
3538,94,99.439,96.998,94.002,86.067,85.728,89.270,72.000,80.417,105.000,101.278,other,0,-1,10,6
3539,140,118.594,115.396,111.614,86.158,85.760,89.346,94.000,79.958,119.000,121.778,other,0,-1,11,6
3540,154,141.142,146.152,144.588,86.712,86.271,89.519,140.000,80.833,174.000,140.833,other,0,-1,12,6
3541,137,153.376,156.492,156.593,86.673,86.168,89.568,154.000,80.000,175.000,148.472,other,0,-1,13,6
3542,136,151.783,148.109,144.346,86.373,85.795,89.563,137.000,78.417,140.000,156.639,other,0,-1,14,6
3543,171,147.871,144.736,139.879,86.565,85.931,89.660,136.000,78.250,176.000,153.306,other,0,-1,15,6
3544,134,141.468,149.662,155.043,86.743,86.053,89.755,171.000,78.042,150.000,133.083,other,0,-1,16,6
3545,135,121.210,124.016,120.077,86.761,86.010,89.816,134.000,77.375,128.000,123.667,other,0,-1,17,6
3546,118,102.772,108.367,106.094,87.113,86.311,89.947,135.000,77.667,93.000,102.583,other,0,-1,18,6
3547,65,84.812,88.658,83.698,87.726,86.882,90.132,118.000,78.708,72.000,79.889,other,0,-1,19,6
3548,50,73.385,68.085,57.041,87.874,86.974,90.221,65.000,78.417,86.000,59.111,other,0,-1,20,6
3549,52,59.972,54.888,47.754,87.603,86.631,90.222,50.000,76.917,39.000,47.306,other,0,-1,21,6
3550,24,47.899,47.734,44.782,88.042,87.023,90.370,52.000,77.458,51.000,35.306,other,0,-1,22,6
3551,35,41.819,39.717,38.154,87.901,86.814,90.398,24.000,76.333,57.000,32.556,other,0,-1,23,6
3552,68,38.214,41.273,38.883,87.833,86.681,90.442,35.000,75.417,28.000,61.343,other,0,-1,0,0
3553,43,49.258,55.724,49.559,88.752,87.600,90.901,68.000,77.083,34.000,59.743,other,0,-1,1,0
3554,72,43.631,49.052,45.412,89.223,88.055,91.267,43.000,77.458,18.000,61.829,other,0,-1,2,0
3555,45,61.320,66.953,54.996,90.345,89.184,91.768,72.000,79.708,37.000,63.543,other,0,-1,3,0
3556,73,49.575,54.996,52.641,90.801,89.623,92.131,45.000,80.042,26.000,60.000,other,0,-1,4,0
3557,61,64.721,71.346,66.053,91.822,90.647,92.612,73.000,82.000,29.000,77.171,other,0,-1,5,0
3558,61,58.437,67.523,69.706,92.626,91.447,93.047,61.000,83.333,27.000,77.686,other,0,-1,6,0
3559,72,62.110,73.418,77.766,93.459,92.276,93.488,61.000,84.750,37.000,91.543,other,0,-1,7,0
3560,108,73.905,88.350,90.403,94.306,93.120,93.932,72.000,86.208,57.000,101.114,other,0,-1,8,0
3561,135,97.767,117.782,115.069,95.385,94.204,94.425,108.000,88.333,72.000,122.829,other,0,-1,9,0
3562,159,123.892,143.790,137.797,96.638,95.468,94.954,135.000,90.958,94.000,137.200,other,0,-1,10,0
3563,186,149.825,165.192,159.159,97.920,96.762,95.489,159.000,93.667,140.000,150.314,other,0,-1,11,0
3564,162,176.434,185.294,181.442,98.926,97.771,95.967,186.000,95.583,154.000,163.229,other,0,-1,12,0
3565,172,167.873,170.432,168.331,99.382,98.211,96.329,162.000,95.917,137.000,172.800,other,0,-1,13,0
3566,179,172.725,172.977,173.628,100.229,99.055,96.773,172.000,97.375,136.000,172.257,other,0,-1,14,0
3567,172,169.617,169.886,173.653,101.193,100.019,97.242,179.000,99.167,171.000,183.343,other,0,-1,15,0
3568,145,156.181,156.332,161.245,101.547,100.354,97.583,172.000,99.208,134.000,162.143,other,0,-1,16,0
3569,148,137.520,133.934,134.991,102.047,100.838,97.955,145.000,99.667,135.000,148.800,other,0,-1,17,0
3570,140,119.148,118.098,124.684,102.575,101.353,98.333,148.000,100.208,118.000,128.829,other,0,-1,18,0
3571,103,100.604,99.734,108.330,103.234,102.002,98.738,140.000,101.125,65.000,110.171,other,0,-1,19,0
3572,97,84.858,80.383,84.027,104.125,102.891,99.191,103.000,102.708,50.000,85.143,other,0,-1,20,0
3573,98,71.715,70.064,74.399,105.146,103.915,99.672,97.000,104.667,52.000,75.143,other,0,-1,21,0
3574,49,65.149,67.257,69.329,106.152,104.924,100.149,98.000,106.583,24.000,65.229,other,0,-1,22,0
3575,55,56.323,54.105,55.304,106.855,105.619,100.563,49.000,107.625,35.000,63.543,other,0,-1,23,0
3576,66,55.557,56.333,54.717,107.485,106.238,100.962,55.000,108.458,68.000,61.694,other,0,-1,0,1
3577,79,57.898,60.793,56.714,107.630,106.410,101.268,66.000,108.375,43.000,62.000,other,0,-1,1,1
3578,54,67.267,69.559,59.306,108.325,107.152,101.690,79.000,109.875,72.000,62.222,other,0,-1,2,1
3579,61,59.865,60.935,55.462,108.238,107.084,101.948,54.000,109.125,45.000,61.389,other,0,-1,3,1
3580,56,64.408,65.236,60.145,108.644,107.525,102.308,61.000,109.792,73.000,63.583,other,0,-1,4,1
3581,74,63.780,64.895,63.891,108.572,107.472,102.569,56.000,109.083,61.000,65.139,other,0,-1,5,1
3582,74,71.584,74.534,75.191,108.934,107.869,102.921,74.000,109.625,61.000,66.417,other,0,-1,6,1
3583,65,76.406,80.360,83.780,109.296,108.266,103.273,74.000,110.167,72.000,77.639,other,0,-1,7,1
3584,124,87.321,90.025,90.497,109.369,108.363,103.564,65.000,109.875,108.000,91.833,other,0,-1,8,1
3585,98,114.075,120.291,123.922,109.774,108.805,103.924,124.000,110.542,135.000,109.944,other,0,-1,9,1
3586,130,125.637,131.541,123.605,109.412,108.452,104.125,98.000,109.000,159.000,131.361,other,0,-1,10,1
3587,141,147.588,151.890,148.015,109.166,108.219,104.349,130.000,107.792,186.000,148.500,other,0,-1,11,1
3588,201,162.687,163.874,160.609,108.688,107.746,104.526,141.000,105.917,162.000,174.389,other,0,-1,12,1
3589,175,193.586,190.571,197.697,109.427,108.533,104.956,201.000,107.542,172.000,191.778,other,0,-1,13,1
3590,163,178.777,178.310,181.167,109.645,108.780,105.277,175.000,107.667,179.000,190.222,other,0,-1,14,1
3591,169,170.552,168.889,168.218,109.587,108.742,105.541,163.000,107.000,172.000,183.056,other,0,-1,15,1
3592,136,161.709,161.640,161.671,109.717,108.899,105.845,169.000,106.875,145.000,168.806,other,0,-1,16,1
3593,161,145.818,139.483,132.859,109.761,108.966,106.130,136.000,106.500,148.000,158.750,other,0,-1,17,1
3594,131,128.942,129.861,133.018,110.123,109.363,106.481,161.000,107.042,140.000,131.639,other,0,-1,18,1
3595,104,110.270,106.600,109.633,110.167,109.430,106.766,131.000,106.667,103.000,103.944,other,0,-1,19,1
3596,77,94.475,88.074,91.803,110.355,109.646,107.082,104.000,106.708,97.000,92.389,other,0,-1,20,1
3597,73,81.711,73.610,76.581,110.239,109.549,107.334,77.000,105.875,98.000,77.389,other,0,-1,21,1
3598,76,70.030,66.139,68.210,110.051,109.376,107.570,73.000,104.833,49.000,64.944,other,0,-1,22,1
3599,62,64.156,65.069,63.029,110.616,109.982,107.964,76.000,105.958,55.000,62.889,other,0,-1,23,1
3600,90,60.993,61.854,55.049,110.892,110.289,108.298,62.000,106.250,66.000,59.639,other,0,-1,0,2
3601,60,68.058,73.865,63.988,111.116,110.581,108.422,90.000,107.250,79.000,64.167,other,0,-1,1,2
3602,52,61.593,63.572,56.379,110.717,110.228,108.415,60.000,106.458,54.000,56.194,other,0,-1,2,2
3603,69,61.950,61.997,55.151,110.565,110.131,108.460,52.000,106.375,61.000,60.528,other,0,-1,3,2
3604,57,69.377,68.930,60.427,110.558,110.183,108.535,69.000,106.708,56.000,62.444,other,0,-1,4,2
3605,70,68.214,65.749,61.580,110.449,110.130,108.590,57.000,106.750,74.000,62.833,other,0,-1,5,2
3606,78,75.250,71.909,70.023,110.268,110.002,108.628,70.000,106.583,74.000,70.472,other,0,-1,6,2
3607,61,84.092,78.756,79.746,110.202,109.994,108.692,78.000,106.750,65.000,78.639,other,0,-1,7,2
3608,94,97.064,86.682,84.252,110.021,109.867,108.731,61.000,106.583,124.000,89.639,other,0,-1,8,2
3609,100,114.489,105.543,105.671,109.463,109.349,108.691,94.000,105.333,98.000,104.833,other,0,-1,9,2
3610,121,133.049,126.112,119.889,109.369,109.311,108.748,100.000,105.417,130.000,127.694,other,0,-1,10,2
3611,125,150.153,145.909,139.745,109.115,109.109,108.772,121.000,105.042,141.000,145.361,other,0,-1,11,2
3612,161,161.581,159.824,150.101,108.760,108.801,108.775,125.000,104.375,201.000,159.222,other,0,-1,12,2
3613,174,171.697,171.804,171.111,108.057,108.134,108.705,161.000,102.708,175.000,182.222,other,0,-1,13,2
3614,141,173.233,176.993,176.493,107.920,108.051,108.753,174.000,102.667,163.000,185.000,other,0,-1,14,2
3615,200,162.677,163.686,154.134,107.478,107.653,108.737,141.000,101.750,169.000,172.750,other,0,-1,15,2
3616,146,164.238,176.879,173.491,107.803,108.050,108.882,200.000,103.042,136.000,158.694,other,0,-1,16,2
3617,150,144.264,144.960,134.927,107.825,108.132,108.963,146.000,103.458,161.000,148.139,other,0,-1,17,2
3618,134,128.269,132.080,125.171,107.542,107.900,108.981,150.000,103.000,131.000,124.722,other,0,-1,18,2
3619,117,110.489,112.882,108.138,107.462,107.877,109.041,134.000,103.125,104.000,108.833,other,0,-1,19,2
3620,86,93.647,95.199,92.672,107.527,108.004,109.132,117.000,103.667,77.000,89.361,other,0,-1,20,2
3621,74,80.845,77.384,74.396,107.535,108.071,109.210,86.000,104.042,73.000,75.500,other,0,-1,21,2
3622,74,69.113,67.354,63.872,107.426,108.018,109.264,74.000,104.083,76.000,67.139,other,0,-1,22,2
3623,50,60.953,63.757,57.588,107.273,107.920,109.309,74.000,104.000,62.000,62.722,other,0,-1,23,2
3624,48,56.373,56.126,47.563,106.976,107.673,109.324,50.000,103.500,90.000,61.389,other,0,-1,0,3
3625,59,54.351,57.486,56.638,106.040,106.757,108.948,48.000,101.750,60.000,64.194,other,0,-1,1,3
3626,63,56.774,62.058,57.352,105.698,106.455,108.697,59.000,101.708,52.000,65.056,other,0,-1,2,3
3627,72,60.190,64.593,58.242,105.530,106.334,108.481,63.000,102.167,69.000,61.583,other,0,-1,3,3
3628,48,65.602,68.746,61.844,105.246,106.092,108.242,72.000,102.292,57.000,61.250,other,0,-1,4,3
3629,63,62.805,61.313,60.162,104.787,105.671,107.966,48.000,101.917,70.000,63.500,other,0,-1,5,3
3630,74,70.307,67.835,68.737,104.358,105.280,107.696,63.000,101.625,78.000,67.778,other,0,-1,6,3
3631,72,80.137,75.301,79.059,103.973,104.933,107.435,74.000,101.458,61.000,79.889,other,0,-1,7,3
3632,78,93.792,84.499,88.126,103.804,104.812,107.220,72.000,101.917,94.000,92.417,other,0,-1,8,3
3633,140,111.619,101.914,101.328,103.245,104.285,106.923,78.000,101.250,100.000,115.000,other,0,-1,9,3
3634,137,133.538,129.372,136.452,103.497,104.599,106.795,140.000,102.917,121.000,126.583,other,0,-1,10,3
3635,176,148.538,148.530,147.303,103.401,104.552,106.595,137.000,103.583,125.000,145.861,other,0,-1,11,3
3636,154,167.928,171.569,172.554,103.812,105.030,106.500,176.000,105.708,161.000,168.111,other,0,-1,12,3
3637,214,168.680,171.058,167.882,103.383,104.639,106.231,154.000,105.417,174.000,177.472,other,0,-1,13,3
3638,184,185.986,195.426,194.775,103.635,104.952,106.103,214.000,107.083,141.000,176.694,other,0,-1,14,3
3639,166,169.301,176.056,176.240,103.930,105.310,105.984,184.000,108.875,200.000,173.972,other,0,-1,15,3
3640,196,155.444,159.791,158.663,103.110,104.514,105.633,166.000,107.458,146.000,162.111,other,0,-1,16,3
3641,137,144.347,162.896,161.908,103.506,104.977,105.535,196.000,109.542,150.000,150.028,other,0,-1,17,3
3642,112,122.284,124.789,123.481,102.990,104.496,105.248,137.000,109.000,134.000,132.389,other,0,-1,18,3
3643,142,105.368,103.847,103.090,102.344,103.880,104.932,112.000,108.083,117.000,108.528,other,0,-1,19,3
3644,85,83.963,104.278,104.143,102.378,103.968,104.759,142.000,109.125,86.000,100.083,other,0,-1,20,3
3645,87,73.410,73.142,77.251,102.036,103.666,104.508,85.000,109.083,74.000,85.306,other,0,-1,21,3
3646,64,59.956,66.600,71.168,101.897,103.575,104.298,87.000,109.625,74.000,74.778,other,0,-1,22,3
3647,76,52.688,54.928,60.423,101.424,103.139,104.019,64.000,109.208,50.000,70.444,other,0,-1,23,3
3648,68,48.749,56.818,59.022,101.473,103.242,103.849,76.000,110.292,48.000,60.917,other,0,-1,0,4
3649,51,48.548,58.097,53.495,101.478,103.252,103.549,68.000,111.125,59.000,56.972,other,0,-1,1,4
3650,48,46.855,53.025,49.384,101.076,102.843,103.163,51.000,110.792,63.000,51.583,other,0,-1,2,4
3651,67,48.387,53.141,49.128,100.574,102.329,102.757,48.000,110.167,72.000,54.556,other,0,-1,3,4
3652,51,56.440,61.633,54.789,100.216,101.964,102.381,67.000,109.958,48.000,57.139,other,0,-1,4,4
3653,48,54.328,56.288,55.028,99.974,101.720,102.029,51.000,110.083,63.000,54.694,other,0,-1,5,4
3654,79,58.807,57.933,59.716,99.472,101.206,101.622,48.000,109.458,74.000,65.167,other,0,-1,6,4
3655,71,70.296,72.636,76.208,99.259,100.991,101.276,79.000,109.667,72.000,74.667,other,0,-1,7,4
3656,86,81.434,79.770,84.131,98.959,100.687,100.912,71.000,109.625,78.000,86.667,other,0,-1,8,4
3657,112,98.496,99.506,101.903,98.789,100.518,100.575,86.000,109.958,140.000,109.861,other,0,-1,9,4
3658,115,117.940,126.415,126.252,98.098,99.808,100.129,112.000,108.792,137.000,125.222,other,0,-1,10,4
3659,119,136.195,144.767,140.084,97.494,99.189,99.701,115.000,107.875,176.000,147.361,other,0,-1,11,4
3660,146,150.566,154.696,151.183,96.383,98.045,99.168,119.000,105.500,154.000,161.111,other,0,-1,12,4
3661,175,163.295,165.221,168.127,95.982,97.636,98.783,146.000,105.167,214.000,174.694,other,0,-1,13,4
3662,137,172.386,174.365,180.837,95.132,96.762,98.303,175.000,103.542,184.000,178.167,other,0,-1,14,4
3663,155,160.126,152.138,155.837,94.166,95.768,97.800,137.000,101.583,166.000,172.583,other,0,-1,15,4
3664,181,150.059,149.093,153.794,93.721,95.314,97.406,155.000,101.125,196.000,165.472,other,0,-1,16,4
3665,134,134.545,147.884,153.151,93.218,94.800,96.999,181.000,100.500,137.000,138.861,other,0,-1,17,4
3666,121,109.172,116.371,117.906,92.890,94.465,96.629,134.000,100.375,112.000,121.333,other,0,-1,18,4
3667,102,89.404,98.532,100.391,92.735,94.311,96.295,121.000,100.750,142.000,101.944,other,0,-1,19,4
3668,77,72.623,80.573,83.810,91.870,93.422,95.813,102.000,99.083,85.000,84.222,other,0,-1,20,4
3669,64,59.511,63.869,69.019,91.469,93.012,95.428,77.000,98.750,87.000,70.889,other,0,-1,21,4
3670,46,48.019,52.886,60.030,90.850,92.378,94.997,64.000,97.792,64.000,63.889,other,0,-1,22,4
3671,52,40.408,43.745,51.816,90.304,91.819,94.581,46.000,97.042,76.000,57.111,other,0,-1,23,4
3672,44,35.237,43.203,49.539,89.671,91.170,94.148,52.000,96.042,68.000,38.722,other,0,-1,0,5
3673,48,34.536,42.875,32.090,89.295,90.736,93.873,44.000,95.042,51.000,42.139,other,0,-1,1,5
3674,42,38.158,46.363,33.408,89.224,90.616,93.663,48.000,94.917,48.000,43.389,other,0,-1,2,5
3675,52,39.249,45.588,34.010,89.109,90.452,93.443,42.000,94.667,67.000,43.528,other,0,-1,3,5
3676,42,45.663,50.908,39.229,88.863,90.153,93.196,52.000,94.042,51.000,42.111,other,0,-1,4,5
3677,38,44.402,47.954,41.527,88.705,89.943,92.967,42.000,93.667,48.000,43.028,other,0,-1,5,5
3678,51,47.290,49.122,46.463,88.532,89.719,92.735,38.000,93.250,79.000,55.167,other,0,-1,6,5
3679,62,56.043,58.436,57.913,88.098,89.225,92.449,51.000,92.083,71.000,63.917,other,0,-1,7,5
3680,64,67.851,70.817,71.133,87.940,89.015,92.220,62.000,91.708,86.000,81.722,other,0,-1,8,5
3681,77,83.753,83.980,82.072,87.593,88.611,91.951,64.000,90.792,112.000,98.167,other,0,-1,9,5
3682,396,102.132,102.292,98.310,87.058,88.012,91.644,77.000,89.333,115.000,102.556,inside,1,0,10,5
3683,433,342.723,360.118,321.732,91.100,92.150,92.292,396.000,101.042,119.000,122.722,inside,1,1,11,5
3684,584,359.748,386.257,347.785,95.621,96.783,93.040,433.000,114.125,146.000,141.028,inside,1,2,12,5
3685,596,384.773,427.705,408.624,101.938,103.274,94.164,584.000,132.375,175.000,161.333,inside,1,3,13,5
3686,462,386.190,431.450,412.571,108.008,109.511,95.236,596.000,149.917,137.000,179.778,inside,1,4,14,5
3687,567,364.251,397.910,362.870,112.688,114.309,96.017,462.000,163.458,155.000,180.472,inside,1,5,15,5
3688,147,375.891,417.866,398.626,118.628,120.411,97.062,567.000,180.625,181.000,165.833,after,1,6,16,5
3689,158,145.684,116.332,135.647,118.108,119.827,96.757,147.000,179.208,134.000,148.556,after,1,7,17,5
3690,120,120.217,101.628,123.465,118.427,120.112,96.628,158.000,180.208,121.000,114.861,after,1,8,18,5
3691,91,103.604,73.535,94.632,118.385,120.022,96.424,120.000,180.167,102.000,90.528,after,1,9,19,5
3692,81,87.406,53.947,78.785,118.197,119.783,96.189,91.000,179.708,77.000,74.972,after,1,10,20,5
3693,72,69.551,41.844,72.624,118.227,119.769,95.999,81.000,179.875,64.000,60.444,after,1,11,21,5
3694,38,56.651,34.007,68.800,118.315,119.814,95.822,72.000,180.208,46.000,52.389,after,1,12,22,5
3695,45,49.913,25.116,62.673,118.171,119.620,95.596,38.000,179.875,52.000,44.139,after,1,13,23,5
3696,24,44.593,25.172,62.226,118.041,119.440,95.373,45.000,179.583,44.000,32.472,after,1,14,0,6
3697,31,42.209,18.261,46.465,118.002,119.337,95.422,24.000,178.750,48.000,34.500,after,1,15,1,6
3698,40,44.622,21.680,47.221,118.006,119.279,95.480,31.000,178.042,42.000,33.361,after,1,16,2,6
3699,28,49.429,26.910,48.986,118.227,119.446,95.584,40.000,177.958,52.000,35.222,after,1,17,3,6
3700,38,48.863,26.107,48.198,118.130,119.282,95.621,28.000,176.958,42.000,34.028,after,1,18,4,6
3701,39,54.270,32.280,52.458,118.322,119.419,95.719,38.000,176.792,38.000,36.611,after,1,19,5,6
3702,48,58.641,36.970,56.663,118.587,119.631,95.831,39.000,176.833,51.000,38.694,after,1,20,6,6
3703,42,67.231,46.415,64.754,118.794,119.782,95.932,48.000,176.708,62.000,47.194,after,1,21,7,6
3704,84,80.863,54.561,69.489,118.754,119.679,95.981,42.000,175.875,64.000,59.167,after,1,22,8,6
3705,82,97.494,81.820,94.244,119.294,120.175,96.151,84.000,176.708,77.000,78.778,after,1,23,9,6
3706,114,119.666,92.825,101.347,119.617,120.447,96.276,82.000,176.917,396.000,101.278,after,1,24,10,6
3707,87,136.657,118.087,126.004,115.782,116.416,95.532,114.000,165.167,433.000,121.778,after,1,25,11,6
3708,109,152.733,111.769,115.319,111.020,111.426,94.595,87.000,150.750,584.000,140.833,after,1,26,12,6
3709,138,154.867,129.438,130.505,104.390,104.502,93.268,109.000,130.958,596.000,148.472,after,1,27,13,6
3710,120,154.860,146.127,147.942,98.005,97.832,91.992,138.000,111.875,462.000,156.639,after,1,28,14,6
3711,139,143.352,139.179,131.402,93.301,92.902,91.067,120.000,97.625,567.000,153.306,after,1,29,15,6
3712,144,135.044,139.875,134.419,87.351,86.683,89.882,139.000,79.792,147.000,133.083,other,0,-1,16,6
3713,133,119.461,128.909,125.649,87.558,86.834,89.983,144.000,79.667,158.000,123.667,other,0,-1,17,6
3714,106,101.095,110.498,105.026,87.446,86.656,90.017,133.000,78.625,120.000,102.583,other,0,-1,18,6
3715,58,84.125,89.504,79.354,87.494,86.643,90.084,106.000,78.042,91.000,79.889,other,0,-1,19,6
3716,50,72.672,70.206,55.331,87.266,86.345,90.094,58.000,76.667,81.000,59.111,other,0,-1,20,6
3717,34,58.511,56.970,47.602,87.067,86.076,90.110,50.000,75.375,72.000,47.306,other,0,-1,21,6
3718,26,48.339,46.943,41.079,86.767,85.703,90.104,34.000,73.792,38.000,35.306,other,0,-1,22,6
3719,32,40.735,41.296,37.842,86.843,85.720,90.178,26.000,73.292,45.000,32.556,other,0,-1,23,6
3720,46,37.293,41.550,37.850,86.905,85.722,90.248,32.000,72.750,24.000,61.343,other,0,-1,0,0
3721,49,41.178,47.201,44.513,87.564,86.371,90.653,46.000,73.667,31.000,59.743,other,0,-1,1,0
3722,62,45.720,52.466,46.303,88.165,86.960,91.046,49.000,74.417,40.000,61.829,other,0,-1,2,0
3723,64,55.664,62.081,52.082,88.824,87.610,91.451,62.000,75.333,28.000,63.543,other,0,-1,3,0
3724,60,59.145,65.379,57.145,89.686,88.469,91.898,64.000,76.833,38.000,60.000,other,0,-1,4,0
3725,56,57.434,65.011,61.991,90.345,89.118,92.303,60.000,77.750,39.000,77.171,other,0,-1,5,0
3726,100,56.281,66.004,67.899,90.931,89.693,92.693,56.000,78.458,48.000,77.686,other,0,-1,6,0
3727,84,81.463,94.910,92.155,92.025,90.792,93.189,100.000,80.625,42.000,91.543,other,0,-1,7,0
3728,74,76.904,94.826,95.069,92.973,91.741,93.654,84.000,82.375,84.000,101.114,other,0,-1,8,0
3729,101,88.607,104.349,99.583,93.169,91.911,93.962,74.000,81.958,82.000,122.829,other,0,-1,9,0
3730,148,110.831,127.918,119.871,93.784,92.515,94.358,101.000,82.750,114.000,137.200,other,0,-1,10,0
3731,147,143.342,159.124,152.342,94.617,93.344,94.799,148.000,84.167,87.000,150.314,other,0,-1,11,0
3732,160,154.260,162.340,156.704,95.826,94.563,95.319,147.000,86.667,109.000,163.229,other,0,-1,12,0
3733,178,166.617,169.728,166.771,96.905,95.647,95.812,160.000,88.792,138.000,172.800,other,0,-1,13,0
3734,174,174.434,176.410,177.238,97.825,96.567,96.271,178.000,90.458,120.000,172.257,other,0,-1,14,0
3735,182,167.643,167.892,170.174,98.947,97.696,96.773,174.000,92.708,139.000,183.343,other,0,-1,15,0
3736,188,158.143,160.620,167.381,99.910,98.660,97.242,182.000,94.500,144.000,162.143,other,0,-1,16,0
3737,127,143.486,147.631,159.714,100.888,99.639,97.713,188.000,96.333,133.000,148.800,other,0,-1,17,0
3738,120,118.141,113.678,114.186,101.141,99.869,98.033,127.000,96.083,106.000,128.829,other,0,-1,18,0
3739,103,99.554,95.728,99.785,101.684,100.398,98.414,120.000,96.667,58.000,110.171,other,0,-1,19,0
3740,74,83.265,79.171,83.376,102.676,101.392,98.889,103.000,98.542,50.000,85.143,other,0,-1,20,0
3741,94,70.918,65.289,67.844,103.364,102.071,99.300,74.000,99.542,34.000,75.143,other,0,-1,21,0
3742,88,63.107,64.448,67.631,104.573,103.290,99.820,94.000,102.042,26.000,65.229,other,0,-1,22,0
3743,61,61.188,63.867,63.473,105.812,104.539,100.345,88.000,104.625,32.000,63.543,other,0,-1,23,0
3744,70,55.575,56.850,56.065,106.572,105.294,100.772,61.000,105.833,46.000,61.694,other,0,-1,0,1
3745,41,58.604,61.182,57.698,107.094,105.855,101.157,70.000,106.833,49.000,62.000,other,0,-1,1,1
3746,62,52.982,53.179,51.639,107.152,105.937,101.445,41.000,106.500,62.000,62.222,other,0,-1,2,1
3747,66,62.665,62.997,57.230,107.326,106.139,101.757,62.000,106.500,64.000,61.389,other,0,-1,3,1
3748,57,66.485,66.281,61.416,107.529,106.371,102.075,66.000,106.583,60.000,63.583,other,0,-1,4,1
3749,68,63.904,64.361,64.402,107.659,106.528,102.379,57.000,106.458,56.000,65.139,other,0,-1,5,1
3750,75,69.632,71.533,73.901,108.007,106.910,102.727,68.000,106.958,100.000,66.417,other,0,-1,6,1
3751,78,76.546,79.980,84.295,107.819,106.737,102.964,75.000,105.917,84.000,77.639,other,0,-1,7,1
3752,70,88.057,92.128,95.007,107.906,106.849,103.258,78.000,105.667,74.000,91.833,other,0,-1,8,1
3753,106,105.104,108.477,102.300,108.022,106.991,103.558,70.000,105.500,101.000,109.944,other,0,-1,9,1
3754,137,126.548,132.347,127.154,108.268,107.268,103.886,106.000,105.708,148.000,131.361,other,0,-1,10,1
3755,170,149.654,153.253,151.515,108.283,107.305,104.165,137.000,105.250,147.000,148.500,other,0,-1,11,1
3756,181,172.813,172.545,176.390,108.790,107.851,104.547,170.000,106.208,160.000,174.389,other,0,-1,12,1
3757,162,181.969,181.136,185.994,109.268,108.368,104.923,181.000,107.083,178.000,191.778,other,0,-1,13,1
3758,156,175.281,173.328,173.682,109.210,108.330,105.187,162.000,106.417,174.000,190.222,other,0,-1,14,1
3759,178,169.436,166.381,164.273,109.123,108.262,105.445,156.000,105.667,182.000,183.056,other,0,-1,15,1
3760,183,163.330,164.756,166.674,109.239,108.404,105.745,178.000,105.500,188.000,168.806,other,0,-1,16,1
3761,130,149.408,153.186,157.007,109.341,108.531,106.042,183.000,105.292,127.000,158.750,other,0,-1,17,1
3762,119,129.010,122.388,119.114,109.558,108.778,106.363,130.000,105.417,120.000,131.639,other,0,-1,18,1
3763,98,111.093,104.305,105.214,109.718,108.965,106.673,119.000,105.375,103.000,103.944,other,0,-1,19,1
3764,91,95.133,87.021,90.235,109.819,109.092,106.970,98.000,105.167,74.000,92.389,other,0,-1,20,1
3765,80,80.306,75.303,81.047,110.239,109.549,107.334,91.000,105.875,94.000,77.389,other,0,-1,21,1
3766,75,69.875,67.361,70.768,110.210,109.541,107.604,80.000,105.292,88.000,64.944,other,0,-1,22,1
3767,87,64.031,64.479,62.724,110.196,109.548,107.877,75.000,104.750,61.000,62.889,other,0,-1,23,1
3768,47,67.358,70.610,60.972,110.747,110.139,108.268,87.000,105.833,70.000,59.639,other,0,-1,0,2
3769,51,58.116,58.085,54.763,110.290,109.727,108.249,47.000,104.875,41.000,64.167,other,0,-1,1,2
3770,63,59.484,60.318,54.406,110.312,109.809,108.330,51.000,105.292,62.000,56.194,other,0,-1,2,2
3771,73,64.779,65.631,57.023,110.203,109.756,108.385,63.000,105.333,66.000,60.528,other,0,-1,3,2
3772,64,70.672,70.298,61.083,110.181,109.793,108.457,73.000,105.625,57.000,62.444,other,0,-1,4,2
3773,80,69.736,67.833,62.958,110.159,109.830,108.529,64.000,105.917,68.000,62.833,other,0,-1,5,2
3774,82,77.847,75.009,72.442,110.210,109.942,108.616,80.000,106.417,75.000,70.472,other,0,-1,6,2
3775,90,84.759,79.725,80.828,110.188,109.979,108.689,82.000,106.708,78.000,78.639,other,0,-1,7,2
3776,82,97.747,90.233,93.044,110.238,110.092,108.776,90.000,107.208,70.000,89.639,other,0,-1,8,2
3777,105,114.521,105.120,101.621,110.289,110.204,108.863,82.000,107.708,106.000,104.833,other,0,-1,9,2
3778,144,133.299,126.083,121.882,110.151,110.121,108.911,105.000,107.667,137.000,127.694,other,0,-1,10,2
3779,171,153.347,147.084,149.828,110.129,110.158,108.984,144.000,107.958,170.000,145.361,other,0,-1,11,2
3780,180,170.174,165.957,171.478,110.020,110.105,109.038,171.000,108.000,181.000,159.222,other,0,-1,12,2
3781,124,176.434,176.998,180.423,109.883,110.022,109.086,180.000,107.958,162.000,182.222,other,0,-1,13,2
3782,156,165.819,164.675,152.410,109.209,109.385,109.022,124.000,106.375,156.000,185.000,other,0,-1,14,2
3783,155,164.581,167.882,161.341,109.086,109.317,109.073,156.000,106.375,178.000,172.750,other,0,-1,15,2
3784,178,156.222,159.485,150.882,108.629,108.905,109.054,155.000,105.417,183.000,158.694,other,0,-1,16,2
3785,181,145.616,156.277,150.354,108.433,108.762,109.090,178.000,105.208,130.000,148.139,other,0,-1,17,2
3786,119,129.511,145.286,139.844,109.049,109.459,109.296,181.000,107.333,119.000,124.722,other,0,-1,18,2
3787,116,112.139,109.857,102.678,108.926,109.391,109.347,119.000,107.333,98.000,108.833,other,0,-1,19,2
3788,121,94.197,95.835,92.864,109.063,109.593,109.452,116.000,108.083,91.000,89.361,other,0,-1,20,2
3789,64,78.764,88.686,86.342,109.374,109.975,109.594,121.000,109.333,80.000,75.500,other,0,-1,21,2
3790,58,71.093,66.661,61.658,109.019,109.667,109.597,64.000,108.667,75.000,67.139,other,0,-1,22,2
3791,67,62.123,60.884,54.113,108.650,109.345,109.597,58.000,107.958,87.000,62.722,other,0,-1,23,2
3792,71,57.892,62.004,51.047,108.237,108.977,109.587,67.000,107.125,47.000,61.389,other,0,-1,0,3
3793,50,57.903,66.171,61.993,108.257,109.050,109.411,71.000,108.125,51.000,64.194,other,0,-1,1,3
3794,46,55.692,59.847,56.373,107.914,108.749,109.159,50.000,108.083,63.000,65.056,other,0,-1,2,3
3795,64,56.848,59.411,55.574,107.341,108.208,108.859,46.000,107.375,73.000,61.583,other,0,-1,3,3
3796,75,63.195,66.223,60.741,106.882,107.786,108.583,64.000,107.000,64.000,61.250,other,0,-1,4,3
3797,83,69.038,70.752,66.706,106.714,107.665,108.368,75.000,107.458,80.000,63.500,other,0,-1,5,3
3798,74,74.736,74.622,74.292,106.430,107.423,108.128,83.000,107.583,82.000,67.778,other,0,-1,6,3
3799,67,80.098,75.543,79.493,105.986,107.017,107.856,74.000,107.250,90.000,79.889,other,0,-1,7,3
3800,96,93.925,84.012,86.876,105.325,106.386,107.537,67.000,106.292,82.000,92.417,other,0,-1,8,3
3801,103,111.088,103.258,107.525,105.201,106.309,107.331,96.000,106.875,105.000,115.000,other,0,-1,9,3
3802,143,129.836,125.012,122.503,104.844,105.993,107.076,103.000,106.792,144.000,126.583,other,0,-1,10,3
3803,121,149.491,149.257,149.717,104.502,105.691,106.825,143.000,106.750,171.000,145.861,other,0,-1,11,3
3804,163,158.782,159.502,150.148,103.450,104.655,106.425,121.000,104.667,180.000,168.111,other,0,-1,12,3
3805,181,171.042,172.756,171.671,102.876,104.114,106.125,163.000,103.958,124.000,177.472,other,0,-1,13,3
3806,195,175.080,178.996,179.567,103.374,104.682,106.049,181.000,106.333,156.000,176.694,other,0,-1,14,3
3807,195,172.994,180.612,181.350,103.611,104.980,105.918,195.000,107.958,155.000,173.972,other,0,-1,15,3
3808,152,161.582,172.522,172.868,103.863,105.293,105.790,195.000,109.625,178.000,162.111,other,0,-1,16,3
3809,112,139.624,143.143,141.459,103.159,104.617,105.463,152.000,108.542,181.000,150.028,other,0,-1,17,3
3810,93,123.035,118.927,113.252,101.831,103.296,105.006,112.000,105.667,119.000,132.389,other,0,-1,18,3
3811,103,106.717,100.417,96.120,101.127,102.620,104.678,93.000,104.583,116.000,108.528,other,0,-1,19,3
3812,88,86.815,88.569,90.409,100.611,102.139,104.390,103.000,104.042,121.000,100.083,other,0,-1,20,3
3813,110,71.998,73.773,77.882,99.805,101.358,104.042,88.000,102.667,64.000,85.306,other,0,-1,21,3
3814,66,58.775,76.336,77.219,100.144,101.761,103.932,110.000,104.583,58.000,74.778,other,0,-1,22,3
3815,65,51.653,55.193,60.746,99.932,101.594,103.708,66.000,104.917,67.000,70.444,other,0,-1,23,3
3816,54,47.138,52.564,56.603,99.575,101.278,103.453,65.000,104.833,71.000,60.917,other,0,-1,0,4
3817,44,45.090,52.139,50.659,99.044,100.734,103.041,54.000,104.125,50.000,56.972,other,0,-1,1,4
3818,59,44.802,49.922,47.962,98.672,100.355,102.661,44.000,103.875,46.000,51.583,other,0,-1,2,4
3819,49,50.840,56.923,51.128,98.575,100.260,102.339,59.000,104.417,64.000,54.556,other,0,-1,3,4
3820,56,50.455,53.991,51.038,98.072,99.746,101.933,49.000,103.792,75.000,57.139,other,0,-1,4,4
3821,70,54.937,57.663,56.048,97.511,99.172,101.514,56.000,103.000,83.000,54.694,other,0,-1,5,4
3822,49,62.057,64.825,65.198,97.038,98.687,101.114,70.000,102.458,74.000,65.167,other,0,-1,6,4
3823,71,67.360,63.900,67.205,96.390,98.023,100.677,49.000,101.417,67.000,74.667,other,0,-1,7,4
3824,85,80.808,79.558,83.791,96.163,97.794,100.328,71.000,101.583,96.000,86.667,other,0,-1,8,4
3825,77,97.866,99.044,101.022,95.718,97.339,99.934,85.000,101.125,103.000,109.861,other,0,-1,9,4
3826,125,117.660,118.273,110.789,95.056,96.660,99.494,77.000,100.042,143.000,125.222,other,0,-1,10,4
3827,147,136.318,147.461,143.949,94.510,96.101,99.078,125.000,99.292,121.000,147.361,other,0,-1,11,4
3828,155,153.736,164.709,163.430,94.602,96.201,98.796,147.000,100.375,163.000,161.111,other,0,-1,12,4
3829,192,164.453,169.152,171.569,94.200,95.792,98.410,155.000,100.042,181.000,174.694,other,0,-1,13,4
3830,216,176.922,184.099,189.206,94.074,95.668,98.083,192.000,100.500,195.000,178.167,other,0,-1,14,4
3831,169,180.835,191.571,196.074,94.093,95.693,97.785,216.000,101.375,195.000,172.583,other,0,-1,15,4
3832,172,152.916,154.681,161.097,93.431,95.014,97.345,169.000,100.292,152.000,165.472,other,0,-1,16,4
3833,146,133.790,143.388,149.348,93.436,95.024,97.045,172.000,101.125,112.000,138.861,other,0,-1,17,4
3834,109,110.379,119.176,123.255,93.643,95.245,96.786,146.000,102.542,93.000,121.333,other,0,-1,18,4
3835,134,91.684,94.198,96.233,93.589,95.195,96.474,109.000,103.208,103.000,101.944,other,0,-1,19,4
3836,77,71.018,90.088,94.016,93.753,95.371,96.206,134.000,104.500,88.000,84.222,other,0,-1,20,4
3837,59,60.085,62.269,69.098,93.308,94.916,95.812,77.000,104.042,110.000,70.889,other,0,-1,21,4
3838,63,49.028,50.091,59.198,92.284,93.862,95.296,59.000,101.917,66.000,63.889,other,0,-1,22,4
3839,56,39.883,46.685,55.527,91.956,93.528,94.926,63.000,101.792,65.000,57.111,other,0,-1,23,4
3840,40,35.772,43.140,50.819,91.540,93.104,94.538,56.000,101.417,54.000,38.722,other,0,-1,0,5
3841,42,33.939,39.929,32.351,91.309,92.819,94.294,40.000,100.833,44.000,42.139,other,0,-1,1,5
3842,43,36.522,42.578,33.153,91.252,92.715,94.086,42.000,100.750,59.000,43.389,other,0,-1,2,5
3843,41,39.695,44.676,34.884,90.992,92.401,93.836,43.000,100.083,49.000,43.528,other,0,-1,3,5
3844,48,41.710,45.158,37.355,90.848,92.206,93.610,41.000,99.750,56.000,42.111,other,0,-1,4,5
3845,43,46.567,49.231,43.363,90.704,92.012,93.384,48.000,99.417,70.000,43.028,other,0,-1,5,5
3846,45,48.596,49.782,48.093,90.285,91.533,93.101,43.000,98.292,49.000,55.167,other,0,-1,6,5
3847,53,55.877,55.799,56.207,90.199,91.398,92.887,45.000,98.125,71.000,63.917,other,0,-1,7,5
3848,69,68.171,67.393,67.915,89.910,91.054,92.631,53.000,97.375,85.000,81.722,other,0,-1,8,5
3849,57,84.533,85.150,84.633,89.650,90.740,92.381,69.000,96.708,77.000,98.167,other,0,-1,9,5
3850,88,104.210,95.480,89.316,89.332,90.366,92.119,57.000,95.875,125.000,102.556,other,0,-1,10,5
3851,127,121.413,118.464,114.160,88.768,89.737,91.805,88.000,94.333,147.000,122.722,other,0,-1,11,5
3852,176,139.541,143.798,144.410,88.450,89.362,91.543,127.000,93.500,155.000,141.028,other,0,-1,12,5
3853,137,162.067,173.772,180.179,88.726,89.603,91.405,176.000,94.375,192.000,161.333,other,0,-1,13,5
3854,198,154.501,150.026,154.065,87.901,88.704,91.037,137.000,92.083,216.000,179.778,other,0,-1,14,5
3855,160,165.405,175.955,186.862,87.613,88.360,90.781,198.000,91.333,169.000,180.472,other,0,-1,15,5
3856,136,140.621,145.426,151.497,87.454,88.150,90.552,160.000,90.958,172.000,165.833,other,0,-1,16,5
3857,120,120.316,124.631,123.394,86.905,87.536,90.241,136.000,89.458,146.000,148.556,other,0,-1,17,5
3858,108,100.835,105.684,100.241,86.500,87.072,89.961,120.000,88.375,109.000,114.861,other,0,-1,18,5
3859,72,82.072,87.414,81.666,86.457,86.983,89.756,108.000,88.333,134.000,90.528,other,0,-1,19,5
3860,81,68.513,67.070,61.088,85.531,85.979,89.367,72.000,85.750,77.000,74.972,other,0,-1,20,5
3861,45,51.465,56.935,56.662,85.561,85.964,89.177,81.000,85.917,59.000,60.444,other,0,-1,21,5
3862,44,43.014,42.877,45.085,85.330,85.680,88.933,45.000,85.333,63.000,52.389,other,0,-1,22,5
3863,36,34.595,38.550,41.990,85.027,85.321,88.674,44.000,84.542,56.000,44.139,other,0,-1,23,5
3864,40,30.552,35.705,38.658,84.709,84.946,88.412,36.000,83.708,40.000,32.472,other,0,-1,0,6
3865,33,32.420,38.043,33.017,84.959,85.143,88.522,40.000,83.708,42.000,34.500,other,0,-1,1,6
3866,24,33.338,38.288,33.318,85.079,85.205,88.604,33.000,83.333,43.000,33.361,other,0,-1,2,6
3867,35,33.534,36.997,33.906,85.054,85.116,88.656,24.000,82.542,41.000,35.222,other,0,-1,3,6
3868,29,39.667,43.028,39.788,85.217,85.223,88.748,35.000,82.292,48.000,34.028,other,0,-1,4,6
3869,37,40.060,42.303,43.003,85.192,85.135,88.800,29.000,81.500,43.000,36.611,other,0,-1,5,6
3870,29,45.560,48.194,50.978,85.356,85.241,88.891,37.000,81.250,45.000,38.694,other,0,-1,6,6
3871,39,51.004,51.279,55.154,85.374,85.198,88.953,29.000,80.583,53.000,47.194,other,0,-1,7,6
3872,86,63.615,63.425,65.565,85.422,85.185,89.020,39.000,80.000,69.000,59.167,other,0,-1,8,6
3873,63,82.947,92.824,93.300,85.918,85.636,89.181,86.000,80.708,57.000,78.778,other,0,-1,9,6
3874,111,99.364,93.681,89.692,86.255,85.923,89.309,63.000,80.958,88.000,101.278,other,0,-1,10,6
3875,112,120.773,124.376,121.370,86.839,86.464,89.488,111.000,81.917,127.000,121.778,other,0,-1,11,6
3876,120,135.540,130.982,126.603,86.872,86.436,89.552,112.000,81.292,176.000,140.833,other,0,-1,12,6
3877,145,145.598,139.763,133.775,86.311,85.793,89.493,120.000,78.958,137.000,148.472,other,0,-1,13,6
3878,150,153.149,151.911,149.686,86.677,86.109,89.626,145.000,79.292,198.000,156.639,other,0,-1,14,6
3879,186,149.071,150.648,148.995,86.232,85.586,89.591,150.000,77.292,160.000,153.306,other,0,-1,15,6
3880,157,145.539,157.352,165.370,86.859,86.173,89.779,186.000,78.375,136.000,133.083,other,0,-1,16,6
3881,140,121.715,131.015,133.297,87.413,86.684,89.952,157.000,79.250,120.000,123.667,other,0,-1,17,6
3882,79,101.810,109.858,108.210,87.953,87.181,90.122,140.000,80.083,108.000,102.583,other,0,-1,18,6
3883,65,87.175,84.631,70.167,87.784,86.942,90.144,79.000,78.875,72.000,79.889,other,0,-1,19,6
3884,56,71.659,68.184,56.855,87.932,87.034,90.233,65.000,78.583,81.000,59.111,other,0,-1,20,6
3885,47,57.695,55.141,48.704,87.821,86.856,90.267,56.000,77.542,45.000,47.306,other,0,-1,21,6
3886,36,47.151,46.383,43.567,88.100,87.082,90.383,47.000,77.625,44.000,35.306,other,0,-1,22,6
3887,26,40.472,41.002,39.830,88.234,87.159,90.468,36.000,77.292,36.000,32.556,other,0,-1,23,6
3888,73,36.902,38.147,37.334,88.340,87.206,90.547,26.000,76.875,40.000,61.343,other,0,-1,0,0
3889,50,51.620,56.897,50.852,89.158,88.020,90.986,73.000,78.250,33.000,59.743,other,0,-1,1,0
3890,68,46.161,50.974,47.149,89.744,88.594,91.376,50.000,78.958,24.000,61.829,other,0,-1,2,0
3891,63,59.060,63.515,54.297,90.722,89.574,91.847,68.000,80.792,35.000,63.543,other,0,-1,3,0
3892,35,58.515,63.107,57.566,91.468,90.313,92.270,63.000,81.958,29.000,60.000,other,0,-1,4,0
3893,62,47.552,52.086,55.894,91.895,90.722,92.627,35.000,82.208,37.000,77.171,other,0,-1,5,0
3894,76,58.864,67.303,70.306,92.597,91.417,93.041,62.000,83.250,29.000,77.686,other,0,-1,6,0
3895,94,67.450,79.903,83.344,93.618,92.441,93.521,76.000,85.208,39.000,91.543,other,0,-1,7,0
3896,81,81.427,98.423,99.611,94.755,93.585,94.026,94.000,87.500,86.000,101.114,other,0,-1,8,0
3897,106,90.096,105.713,102.897,95.023,93.829,94.349,81.000,87.292,63.000,122.829,other,0,-1,9,0
3898,157,112.708,129.163,122.628,95.986,94.794,94.818,106.000,89.083,111.000,137.200,other,0,-1,10,0
3899,143,149.063,163.829,157.938,96.993,95.803,95.295,157.000,91.000,112.000,150.314,other,0,-1,11,0
3900,179,153.540,159.887,154.559,97.782,96.587,95.728,143.000,92.292,120.000,163.229,other,0,-1,12,0
3901,170,175.634,179.646,179.198,98.977,97.791,96.244,179.000,94.750,145.000,172.800,other,0,-1,13,0
3902,198,172.161,171.812,172.305,99.679,98.485,96.659,170.000,95.792,150.000,172.257,other,0,-1,14,0
3903,185,177.188,179.738,186.217,100.715,99.524,97.142,198.000,97.792,186.000,183.343,other,0,-1,15,0
3904,159,159.328,161.469,169.494,101.040,99.829,97.478,185.000,97.750,157.000,162.143,other,0,-1,16,0
3905,125,137.949,137.008,142.856,101.409,100.179,97.822,159.000,97.833,140.000,148.800,other,0,-1,17,0
3906,127,118.984,113.048,114.034,101.532,100.273,98.115,125.000,97.208,79.000,128.829,other,0,-1,18,0
3907,87,99.819,96.453,103.122,102.568,101.312,98.599,127.000,99.208,65.000,110.171,other,0,-1,19,0
3908,72,85.234,77.375,79.636,103.227,101.962,99.004,87.000,100.125,56.000,85.143,other,0,-1,20,0
3909,88,71.649,64.805,68.537,103.799,102.521,99.390,72.000,100.792,47.000,75.143,other,0,-1,21,0
3910,48,62.606,62.469,67.285,104.733,103.455,99.853,88.000,102.500,36.000,65.229,other,0,-1,22,0
3911,93,55.037,51.849,55.181,105.247,103.955,100.228,48.000,103.000,26.000,63.543,other,0,-1,23,0
3912,80,68.322,69.291,64.015,106.558,105.279,100.769,93.000,105.792,73.000,61.694,other,0,-1,0,1
3913,76,62.682,64.921,60.574,106.833,105.586,101.102,80.000,106.083,50.000,62.000,other,0,-1,1,1
3914,46,65.661,66.539,59.506,107.384,106.177,101.493,76.000,107.167,68.000,62.222,other,0,-1,2,1
3915,70,56.880,56.438,54.657,107.239,106.049,101.739,46.000,106.250,63.000,61.389,other,0,-1,3,1
3916,63,68.352,67.720,62.967,107.514,106.356,102.072,70.000,106.542,35.000,63.583,other,0,-1,4,1
3917,59,66.181,66.418,66.501,108.094,106.978,102.469,63.000,107.708,62.000,65.139,other,0,-1,5,1
3918,70,67.144,68.241,72.112,108.224,107.135,102.773,59.000,107.583,76.000,66.417,other,0,-1,6,1
3919,67,75.564,78.337,83.364,108.311,107.247,103.067,70.000,107.333,94.000,77.639,other,0,-1,7,1
3920,79,87.229,89.644,91.721,108.094,107.044,103.298,67.000,106.208,81.000,91.833,other,0,-1,8,1
3921,141,105.292,109.432,105.954,108.239,107.216,103.604,79.000,106.125,106.000,109.944,other,0,-1,9,1
3922,114,135.893,140.445,143.642,108.920,107.942,104.022,141.000,107.583,157.000,131.361,other,0,-1,10,1
3923,148,144.918,148.866,140.040,108.471,107.500,104.204,114.000,105.792,143.000,148.500,other,0,-1,11,1
3924,135,164.355,165.514,164.098,108.717,107.776,104.532,148.000,106.000,179.000,174.389,other,0,-1,12,1
3925,171,168.600,166.259,160.019,108.254,107.319,104.711,135.000,104.167,170.000,191.778,other,0,-1,13,1
3926,174,177.478,176.800,178.543,108.442,107.536,105.026,171.000,104.208,198.000,190.222,other,0,-1,14,1
3927,158,172.665,173.025,174.261,108.269,107.378,105.266,174.000,103.208,185.000,183.056,other,0,-1,15,1
3928,146,159.760,158.347,155.711,108.051,107.175,105.497,158.000,102.083,159.000,168.806,other,0,-1,16,1
3929,125,145.152,142.171,138.125,108.037,107.182,105.770,146.000,101.542,125.000,158.750,other,0,-1,17,1
3930,110,128.554,122.454,117.481,108.211,107.384,106.082,125.000,101.542,127.000,131.639,other,0,-1,18,1
3931,138,111.213,104.006,102.761,108.139,107.331,106.343,110.000,100.833,87.000,103.944,other,0,-1,19,1
3932,79,92.801,95.326,104.710,109.051,108.297,106.810,138.000,102.958,72.000,92.389,other,0,-1,20,1
3933,83,80.635,74.350,78.111,109.327,108.604,107.143,79.000,103.250,88.000,77.389,other,0,-1,21,1
3934,81,69.232,68.721,72.236,109.428,108.731,107.440,83.000,103.042,48.000,64.944,other,0,-1,22,1
3935,52,64.322,67.172,65.916,110.080,109.428,107.852,81.000,104.417,93.000,62.889,other,0,-1,23,1
3936,69,59.151,59.271,53.612,109.660,109.015,108.041,52.000,102.708,80.000,59.639,other,0,-1,0,2
3937,62,61.068,65.648,59.281,109.378,108.782,108.059,69.000,102.250,76.000,64.167,other,0,-1,1,2
3938,87,61.627,64.525,56.589,109.051,108.505,108.067,62.000,101.667,46.000,56.194,other,0,-1,2,2
3939,61,74.678,76.238,62.181,109.522,109.051,108.242,87.000,103.375,70.000,60.528,other,0,-1,3,2
3940,49,66.219,66.174,58.762,109.268,108.849,108.266,61.000,103.000,63.000,62.444,other,0,-1,4,2
3941,54,66.200,63.547,59.858,108.942,108.571,108.275,49.000,102.417,59.000,62.833,other,0,-1,5,2
3942,59,72.190,67.765,66.207,108.747,108.428,108.311,54.000,102.208,70.000,70.472,other,0,-1,6,2
3943,66,81.911,74.891,74.581,108.464,108.196,108.329,59.000,101.750,67.000,78.639,other,0,-1,7,2
3944,84,96.383,87.018,85.585,108.326,108.113,108.377,66.000,101.708,79.000,89.639,other,0,-1,8,2
3945,117,114.052,105.029,102.122,108.275,108.120,108.443,84.000,101.917,141.000,104.833,other,0,-1,9,2
3946,98,133.886,126.082,126.445,107.804,107.692,108.421,117.000,100.917,114.000,127.694,other,0,-1,10,2
3947,164,148.845,146.257,129.935,107.449,107.385,108.424,98.000,100.250,148.000,145.361,other,0,-1,11,2
3948,151,168.165,164.289,168.029,107.558,107.557,108.523,164.000,100.917,135.000,159.222,other,0,-1,12,2
3949,193,169.322,169.763,166.213,107.666,107.729,108.623,151.000,101.583,171.000,182.222,other,0,-1,13,2
3950,207,178.412,183.871,186.150,107.862,107.991,108.741,193.000,102.500,174.000,185.000,other,0,-1,14,2
3951,174,176.672,187.415,187.446,108.216,108.418,108.891,207.000,103.875,158.000,172.750,other,0,-1,15,2
3952,214,158.635,165.408,160.347,108.325,108.590,108.991,174.000,104.542,146.000,158.694,other,0,-1,16,2
3953,165,155.157,174.796,168.484,109.187,109.541,109.248,214.000,107.375,125.000,148.139,other,0,-1,17,2
3954,120,129.477,136.622,131.520,109.643,110.073,109.420,165.000,109.042,110.000,124.722,other,0,-1,18,2
3955,101,112.429,108.161,101.716,109.664,110.155,109.501,120.000,109.458,138.000,108.833,other,0,-1,19,2
3956,93,96.075,90.098,86.168,109.005,109.533,109.440,101.000,107.917,79.000,89.361,other,0,-1,20,2
3957,59,80.612,77.413,75.548,109.085,109.675,109.534,93.000,108.500,83.000,75.500,other,0,-1,21,2
3958,66,71.211,63.073,58.992,108.614,109.247,109.512,59.000,107.500,81.000,67.139,other,0,-1,22,2
3959,53,61.464,59.988,54.508,108.273,108.955,109.518,66.000,106.875,52.000,62.722,other,0,-1,23,2
3960,68,56.881,55.421,47.184,108.164,108.902,109.572,53.000,106.917,69.000,61.389,other,0,-1,0,3
3961,52,57.211,62.913,59.678,107.822,108.601,109.320,68.000,106.875,62.000,64.194,other,0,-1,1,3
3962,95,55.857,58.545,55.335,107.350,108.164,109.041,52.000,106.458,87.000,65.056,other,0,-1,2,3
3963,68,73.463,77.602,64.119,107.138,107.998,108.817,95.000,106.792,61.000,61.583,other,0,-1,3,3
3964,67,64.474,66.337,60.377,106.911,107.816,108.589,68.000,107.083,49.000,61.250,other,0,-1,4,3
3965,62,66.947,66.766,63.851,106.844,107.800,108.395,67.000,107.833,54.000,63.500,other,0,-1,5,3
3966,73,70.871,67.293,68.276,106.633,107.633,108.171,62.000,108.167,59.000,67.778,other,0,-1,6,3
3967,76,80.944,75.062,78.790,106.508,107.557,107.965,73.000,108.750,66.000,79.889,other,0,-1,7,3
3968,94,94.744,85.259,89.555,106.325,107.420,107.746,76.000,109.167,84.000,92.417,other,0,-1,8,3
3969,78,112.342,103.481,107.177,106.142,107.284,107.528,94.000,109.583,117.000,115.000,other,0,-1,9,3
3970,123,131.487,125.682,114.376,105.250,106.412,107.161,78.000,107.958,98.000,126.583,other,0,-1,10,3
3971,168,148.308,147.746,142.948,105.284,106.501,106.988,123.000,109.000,164.000,145.861,other,0,-1,11,3
3972,136,167.156,169.620,170.547,105.014,106.274,106.752,168.000,109.167,151.000,168.111,other,0,-1,12,3
3973,244,167.268,166.529,161.994,104.469,105.763,106.457,136.000,108.542,193.000,177.472,other,0,-1,13,3
3974,205,207.407,214.006,210.706,104.880,106.241,106.363,244.000,110.667,207.000,176.694,other,0,-1,14,3
3975,179,176.311,186.308,187.018,104.524,105.925,106.108,205.000,110.583,174.000,173.972,other,0,-1,15,3
3976,161,158.282,165.092,165.675,104.268,105.713,105.875,179.000,110.792,214.000,162.111,other,0,-1,16,3
3977,139,140.453,146.199,145.562,103.173,104.632,105.466,161.000,108.583,165.000,150.028,other,0,-1,17,3
3978,151,122.185,125.134,124.108,102.469,103.956,105.139,139.000,107.500,120.000,132.389,other,0,-1,18,3
3979,94,102.007,117.216,117.540,102.590,104.134,104.984,151.000,108.792,101.000,108.528,other,0,-1,19,3
3980,74,88.603,85.519,87.086,102.161,103.743,104.714,94.000,108.500,93.000,100.083,other,0,-1,20,3
3981,89,74.459,69.673,73.571,101.558,103.172,104.408,74.000,107.708,59.000,85.306,other,0,-1,21,3
3982,75,59.309,66.450,70.958,101.665,103.335,104.250,89.000,108.958,66.000,74.778,other,0,-1,22,3
3983,61,51.688,57.487,62.268,101.468,103.184,104.028,75.000,109.333,53.000,70.444,other,0,-1,23,3
3984,63,47.180,50.969,55.428,101.256,103.017,103.804,61.000,109.667,68.000,60.917,other,0,-1,0,4
3985,68,46.800,55.254,52.116,100.898,102.653,103.428,63.000,109.458,52.000,56.972,other,0,-1,1,4
3986,57,50.915,59.127,52.172,100.845,102.603,103.115,68.000,110.125,95.000,51.583,other,0,-1,2,4
3987,50,50.291,55.905,50.497,100.009,101.744,102.639,57.000,108.542,68.000,54.556,other,0,-1,3,4
3988,65,50.833,54.194,50.989,99.463,101.185,102.223,50.000,107.792,67.000,57.139,other,0,-1,4,4
3989,75,57.758,60.992,57.831,99.148,100.866,101.856,65.000,107.708,62.000,54.694,other,0,-1,5,4
3990,68,63.918,66.713,66.366,99.051,100.771,101.534,75.000,108.250,73.000,65.167,other,0,-1,6,4
3991,63,68.699,68.793,72.692,98.694,100.407,101.158,68.000,108.042,76.000,74.667,other,0,-1,7,4
3992,105,81.504,77.832,81.348,98.220,99.922,100.758,63.000,107.500,94.000,86.667,other,0,-1,8,4
3993,143,99.234,104.863,109.529,98.094,99.798,100.430,105.000,107.958,78.000,109.861,other,0,-1,9,4
3994,122,122.884,138.010,140.408,98.750,100.483,100.265,143.000,110.667,123.000,125.222,other,0,-1,10,4
3995,104,136.867,146.958,143.028,98.451,100.179,99.901,122.000,110.625,168.000,147.361,other,0,-1,11,4
3996,194,149.908,150.601,144.121,97.238,98.930,99.346,104.000,107.958,136.000,161.111,other,0,-1,12,4
3997,171,176.860,190.177,191.928,97.793,99.510,99.161,194.000,110.375,244.000,174.694,other,0,-1,13,4
3998,163,171.323,172.680,178.525,96.450,98.126,98.579,171.000,107.333,205.000,178.167,other,0,-1,14,4
3999,163,164.706,161.953,168.004,95.556,97.207,98.091,163.000,105.583,179.000,172.583,other,0,-1,15,4
4000,198,151.810,152.304,157.619,95.039,96.678,97.681,163.000,104.917,161.000,165.472,other,0,-1,16,4
4001,115,139.197,157.012,162.124,95.290,96.943,97.432,198.000,106.458,139.000,138.861,other,0,-1,17,4
4002,105,110.868,111.679,110.720,94.657,96.294,96.998,115.000,105.458,151.000,121.333,other,0,-1,18,4
4003,87,92.071,94.536,95.356,93.705,95.315,96.498,105.000,103.542,94.000,101.944,other,0,-1,19,4
4004,77,75.600,76.986,80.153,93.319,94.921,96.116,87.000,103.250,74.000,84.222,other,0,-1,20,4
4005,75,60.380,63.485,70.061,93.077,94.676,95.763,77.000,103.375,89.000,70.889,other,0,-1,21,4
4006,64,47.769,55.259,63.714,92.589,94.177,95.360,75.000,102.792,75.000,63.889,other,0,-1,22,4
4007,48,40.225,47.878,56.732,92.144,93.723,94.966,64.000,102.333,61.000,57.111,other,0,-1,23,4
4008,42,35.862,41.437,50.244,91.670,93.239,94.565,48.000,101.792,63.000,38.722,other,0,-1,0,5
4009,36,34.913,41.295,33.239,91.338,92.849,94.300,42.000,100.917,68.000,42.139,other,0,-1,1,5
4010,38,35.662,40.891,32.603,90.846,92.295,94.001,36.000,99.583,57.000,43.389,other,0,-1,2,5
4011,27,38.755,43.175,34.437,90.543,91.936,93.742,38.000,98.792,50.000,43.528,other,0,-1,3,5
4012,41,38.491,40.593,34.937,90.182,91.517,93.471,27.000,97.833,65.000,42.111,other,0,-1,4,5
4013,35,44.823,46.970,42.096,89.806,91.083,93.197,41.000,96.833,75.000,43.028,other,0,-1,5,5
4014,58,47.576,47.744,46.252,89.198,90.409,92.874,35.000,95.167,68.000,55.167,other,0,-1,6,5
4015,35,57.903,60.506,60.679,89.025,90.184,92.642,58.000,94.750,63.000,63.917,other,0,-1,7,5
4016,71,69.026,63.524,61.464,88.592,89.690,92.356,35.000,93.583,105.000,81.722,other,0,-1,8,5
4017,97,84.457,86.093,85.260,88.071,89.106,92.051,71.000,92.167,143.000,98.167,other,0,-1,9,5
4018,131,103.375,110.375,108.671,87.377,88.342,91.710,97.000,90.250,122.000,102.556,other,0,-1,10,5
4019,113,125.511,139.570,138.294,87.479,88.402,91.536,131.000,90.625,104.000,122.722,other,0,-1,11,5
4020,139,138.047,137.228,134.789,87.581,88.463,91.361,113.000,91.000,194.000,141.028,other,0,-1,12,5
4021,156,150.894,152.191,154.642,86.756,87.564,90.993,139.000,88.708,171.000,161.333,other,0,-1,13,5
4022,142,157.458,158.741,164.848,86.511,87.265,90.746,156.000,88.083,163.000,179.778,other,0,-1,14,5
4023,151,150.589,147.626,150.727,86.178,86.875,90.481,142.000,87.208,163.000,180.472,other,0,-1,15,5
4024,145,139.205,142.328,145.564,85.977,86.621,90.243,151.000,86.708,198.000,165.833,other,0,-1,16,5
4025,109,120.623,128.001,127.627,85.181,85.752,89.881,145.000,84.500,115.000,148.556,other,0,-1,17,5
4026,99,101.694,104.630,95.745,85.066,85.588,89.661,109.000,84.250,105.000,114.861,other,0,-1,18,5
4027,75,83.493,87.223,78.893,84.951,85.423,89.442,99.000,84.000,87.000,90.528,other,0,-1,19,5
4028,63,68.642,69.147,62.103,84.749,85.169,89.204,75.000,83.500,77.000,74.972,other,0,-1,20,5
4029,52,54.418,55.469,52.921,84.518,84.885,88.960,63.000,82.917,75.000,60.444,other,0,-1,21,5
4030,58,43.264,45.602,46.457,84.157,84.466,88.688,52.000,81.958,64.000,52.389,other,0,-1,22,5
4031,45,35.603,43.527,44.516,84.041,84.301,88.468,58.000,81.708,48.000,44.139,other,0,-1,23,5
4032,45,32.126,39.583,40.177,83.970,84.182,88.258,45.000,81.583,42.000,32.472,other,0,-1,0,6
4033,31,34.746,41.393,34.290,84.264,84.423,88.376,45.000,81.708,36.000,34.500,other,0,-1,1,6
4034,39,33.755,38.905,33.300,84.441,84.545,88.471,31.000,81.500,38.000,33.361,other,0,-1,2,6
4035,38,39.307,44.417,37.579,84.706,84.757,88.584,39.000,81.542,27.000,35.222,other,0,-1,3,6
4036,28,41.512,45.628,41.152,85.116,85.118,88.727,38.000,82.000,41.000,34.028,other,0,-1,4,6
4037,32,40.478,43.207,43.374,85.178,85.120,88.797,28.000,81.458,35.000,36.611,other,0,-1,5,6
4038,64,44.959,47.630,50.141,85.385,85.271,88.897,32.000,81.333,58.000,38.694,other,0,-1,6,6
4039,37,58.599,65.639,67.808,85.722,85.558,89.025,64.000,81.583,35.000,47.194,other,0,-1,7,6
4040,66,64.063,64.279,65.285,86.001,85.784,89.141,37.000,81.667,71.000,59.167,other,0,-1,8,6
4041,78,80.561,85.000,84.225,86.179,85.906,89.235,66.000,81.458,97.000,78.778,other,0,-1,9,6
4042,91,99.176,100.463,96.949,86.154,85.818,89.288,78.000,80.667,131.000,101.278,other,0,-1,10,6
4043,120,117.534,114.787,109.715,85.825,85.415,89.276,91.000,79.000,113.000,121.778,other,0,-1,11,6
4044,161,135.848,135.509,131.205,86.176,85.716,89.407,120.000,79.292,139.000,140.833,other,0,-1,12,6
4045,136,155.364,161.331,161.004,86.745,86.243,89.583,161.000,80.208,156.000,148.472,other,0,-1,13,6
4046,155,151.525,148.310,143.263,86.706,86.139,89.632,136.000,79.375,142.000,156.639,other,0,-1,14,6
4047,128,150.448,152.628,152.267,87.145,86.531,89.781,155.000,79.917,151.000,153.306,other,0,-1,15,6
4048,147,136.957,135.576,127.601,87.062,86.383,89.822,128.000,78.958,145.000,133.083,other,0,-1,16,6
4049,99,121.571,128.393,127.714,87.341,86.609,89.937,147.000,79.042,109.000,123.667,other,0,-1,17,6
4050,76,105.333,103.305,90.450,87.446,86.656,90.017,99.000,78.625,99.000,102.583,other,0,-1,18,6
4051,60,90.037,84.804,70.542,87.363,86.508,90.057,76.000,77.667,75.000,79.889,other,0,-1,19,6
4052,64,74.626,68.394,57.303,87.396,86.479,90.121,60.000,77.042,63.000,59.111,other,0,-1,20,6
4053,46,58.231,56.655,52.319,87.661,86.691,90.234,64.000,77.083,52.000,47.306,other,0,-1,21,6
4054,29,48.287,47.014,45.515,87.825,86.798,90.325,46.000,76.833,58.000,35.306,other,0,-1,22,6
4055,38,41.402,40.501,40.780,87.655,86.559,90.347,29.000,75.625,45.000,32.556,other,0,-1,23,6
4056,72,38.352,41.989,41.491,87.804,86.651,90.436,38.000,75.333,45.000,61.343,other,0,-1,0,0
4057,66,51.216,57.773,53.242,88.535,87.375,90.856,72.000,76.458,31.000,59.743,other,0,-1,1,0
4058,50,53.659,60.242,53.414,89.382,88.220,91.300,66.000,77.917,39.000,61.829,other,0,-1,2,0
4059,45,49.691,55.376,52.329,89.882,88.704,91.672,50.000,78.375,38.000,63.543,other,0,-1,3,0
4060,50,49.682,55.058,55.051,90.323,89.129,92.031,45.000,78.667,28.000,60.000,other,0,-1,4,0
4061,64,52.908,59.358,61.654,90.982,89.778,92.436,50.000,79.583,32.000,77.171,other,0,-1,5,0
4062,62,59.827,69.140,72.516,91.786,90.577,92.871,64.000,80.917,64.000,77.686,other,0,-1,6,0
4063,80,62.273,73.916,79.519,92.097,90.867,93.204,62.000,80.833,37.000,91.543,other,0,-1,7,0
4064,103,75.766,91.945,94.580,93.060,91.831,93.672,80.000,82.625,66.000,101.114,other,0,-1,8,0
4065,119,95.459,115.459,113.275,93.936,92.705,94.122,103.000,84.167,78.000,122.829,other,0,-1,9,0
4066,139,116.174,135.365,129.411,94.871,93.639,94.585,119.000,85.875,91.000,137.200,other,0,-1,10,0
4067,174,138.871,153.735,147.258,95.906,94.678,95.069,139.000,87.875,120.000,150.314,other,0,-1,11,0
4068,184,167.278,177.248,173.440,97.029,95.808,95.570,174.000,90.125,161.000,163.229,other,0,-1,12,0
4069,213,177.500,182.857,182.167,97.702,96.472,95.978,184.000,91.083,136.000,172.800,other,0,-1,13,0
4070,176,194.212,197.762,200.766,99.158,97.946,96.550,213.000,94.292,155.000,172.257,other,0,-1,14,0
4071,165,168.489,168.017,171.550,99.802,98.580,96.952,176.000,95.167,128.000,183.343,other,0,-1,15,0
4072,178,155.300,152.886,156.995,100.678,99.454,97.402,165.000,96.708,147.000,162.143,other,0,-1,16,0
4073,162,141.186,142.869,154.230,101.467,100.239,97.834,178.000,98.000,99.000,148.800,other,0,-1,17,0
4074,109,120.323,120.051,131.886,102.720,101.503,98.363,162.000,100.625,76.000,128.829,other,0,-1,18,0
4075,91,101.870,93.723,96.057,103.538,102.317,98.801,109.000,102.000,60.000,110.171,other,0,-1,19,0
4076,101,85.780,77.374,80.530,104.328,103.101,99.233,91.000,103.292,64.000,85.143,other,0,-1,20,0
4077,77,71.548,69.062,75.584,105.204,103.975,99.684,101.000,104.833,46.000,75.143,other,0,-1,21,0
4078,63,62.311,60.007,64.335,105.993,104.760,100.116,77.000,106.125,29.000,65.229,other,0,-1,22,0
4079,53,56.856,55.697,58.168,106.826,105.589,100.557,63.000,107.542,38.000,63.543,other,0,-1,23,0
4080,58,54.715,54.023,54.311,107.383,106.133,100.941,53.000,108.167,72.000,61.694,other,0,-1,0,1
4081,56,55.520,56.336,54.925,107.354,106.125,101.211,58.000,107.583,66.000,62.000,other,0,-1,1,1
4082,57,57.723,58.188,54.078,107.384,106.177,101.493,56.000,107.167,50.000,62.222,other,0,-1,2,1
4083,64,60.903,60.676,55.720,107.659,106.484,101.827,57.000,107.458,45.000,61.389,other,0,-1,3,1
4084,55,65.695,65.148,60.462,108.108,106.971,102.196,64.000,108.250,50.000,63.583,other,0,-1,4,1
4085,57,63.591,63.400,63.428,108.354,107.248,102.524,55.000,108.458,64.000,65.139,other,0,-1,5,1
4086,60,66.900,67.517,70.449,108.427,107.345,102.815,57.000,108.167,62.000,66.417,other,0,-1,6,1
4087,84,74.322,75.438,79.372,108.572,107.516,103.121,60.000,108.083,80.000,77.639,other,0,-1,7,1
4088,95,89.214,93.362,96.696,108.804,107.778,103.446,84.000,108.250,103.000,91.833,other,0,-1,8,1
4089,90,106.735,112.017,111.610,108.862,107.860,103.734,95.000,107.917,119.000,109.944,other,0,-1,9,1
4090,115,125.568,130.014,119.980,108.616,107.627,103.958,90.000,106.708,139.000,131.361,other,0,-1,10,1
4091,154,145.309,148.750,140.492,108.442,107.470,104.198,115.000,105.708,174.000,148.500,other,0,-1,11,1
4092,180,166.383,167.068,167.527,108.326,107.372,104.450,154.000,104.875,184.000,174.389,other,0,-1,12,1
4093,128,181.571,180.617,185.386,108.442,107.514,104.750,180.000,104.708,213.000,191.778,other,0,-1,13,1
4094,163,169.139,163.722,154.906,107.385,106.441,104.805,128.000,101.167,176.000,190.222,other,0,-1,14,1
4095,171,170.268,168.917,168.022,107.370,106.448,105.078,163.000,100.625,165.000,183.056,other,0,-1,15,1
4096,203,161.811,162.389,162.534,107.631,106.740,105.409,171.000,100.875,178.000,168.806,other,0,-1,16,1
4097,150,155.668,162.427,167.576,108.167,107.317,105.797,203.000,101.917,162.000,158.750,other,0,-1,17,1
4098,120,127.983,126.785,127.383,108.167,107.339,106.073,150.000,101.417,109.000,131.639,other,0,-1,18,1
4099,132,110.068,104.678,104.394,108.501,107.706,106.419,120.000,101.875,91.000,103.944,other,0,-1,19,1
4100,82,92.517,93.118,99.769,109.269,108.522,106.855,132.000,103.583,101.000,92.389,other,0,-1,20,1
4101,86,80.146,74.239,75.974,109.167,108.439,107.110,82.000,102.792,77.000,77.389,other,0,-1,21,1
4102,53,69.187,69.029,69.817,109.472,108.776,107.449,86.000,103.167,63.000,64.944,other,0,-1,22,1
4103,49,62.350,59.539,55.235,109.501,108.828,107.731,53.000,102.750,53.000,62.889,other,0,-1,23,1
4104,54,58.722,58.223,49.754,109.617,108.970,108.032,49.000,102.583,58.000,59.639,other,0,-1,0,2
4105,79,58.354,60.391,53.566,109.436,108.842,108.071,54.000,102.417,56.000,64.167,other,0,-1,1,2
4106,55,67.346,70.942,57.357,109.645,109.119,108.191,79.000,103.375,57.000,56.194,other,0,-1,2,2
4107,70,62.228,63.054,53.178,109.493,109.021,108.236,55.000,103.292,64.000,60.528,other,0,-1,3,2
4108,60,69.396,69.327,58.300,109.457,109.044,108.306,70.000,103.542,55.000,62.444,other,0,-1,4,2
4109,62,68.556,66.701,60.236,109.406,109.051,108.372,60.000,103.750,57.000,62.833,other,0,-1,5,2
4110,67,73.488,69.691,66.517,109.355,109.058,108.438,62.000,103.958,60.000,70.472,other,0,-1,6,2
4111,60,82.708,76.331,75.588,109.333,109.095,108.510,67.000,104.250,84.000,78.639,other,0,-1,7,2
4112,108,96.965,86.520,83.147,108.862,108.667,108.489,60.000,103.250,95.000,89.639,other,0,-1,8,2
4113,98,116.261,106.886,110.393,108.927,108.795,108.579,108.000,103.792,90.000,104.833,other,0,-1,9,2
4114,124,133.443,126.085,119.189,108.920,108.847,108.654,98.000,104.125,115.000,127.694,other,0,-1,10,2
4115,134,151.134,145.843,141.387,108.927,108.914,108.733,124.000,104.500,154.000,145.361,other,0,-1,11,2
4116,179,163.179,160.384,154.667,108.514,108.546,108.723,134.000,103.667,180.000,159.222,other,0,-1,12,2
4117,176,177.685,176.480,180.551,108.376,108.463,108.771,179.000,103.625,128.000,182.222,other,0,-1,13,2
4118,167,174.495,177.850,178.225,108.948,109.115,108.967,176.000,105.625,163.000,185.000,other,0,-1,14,2
4119,165,166.896,171.173,167.409,108.883,109.107,109.031,167.000,105.792,171.000,172.750,other,0,-1,15,2
4120,169,157.900,162.328,156.073,108.673,108.950,109.064,165.000,105.542,203.000,158.694,other,0,-1,16,2
4121,153,145.397,152.187,145.751,108.057,108.372,109.012,169.000,104.125,150.000,148.139,other,0,-1,17,2
4122,148,128.537,132.801,126.398,107.977,108.349,109.072,153.000,104.250,120.000,124.722,other,0,-1,18,2
4123,104,110.176,117.292,113.497,108.259,108.701,109.208,148.000,105.417,132.000,108.833,other,0,-1,19,2
4124,93,95.564,91.784,87.873,107.730,108.214,109.174,104.000,104.250,82.000,89.361,other,0,-1,20,2
4125,67,80.494,78.609,76.372,107.766,108.311,109.258,93.000,104.708,86.000,75.500,other,0,-1,21,2
4126,66,70.314,65.666,61.792,107.368,107.958,109.252,67.000,103.917,53.000,67.139,other,0,-1,22,2
4127,46,61.384,61.369,55.618,107.433,108.085,109.342,66.000,104.458,49.000,62.722,other,0,-1,23,2
4128,65,56.774,55.065,46.836,107.266,107.973,109.384,46.000,104.333,54.000,61.389,other,0,-1,0,3
4129,60,56.586,63.011,60.465,107.098,107.851,109.169,65.000,104.792,79.000,64.194,other,0,-1,1,3
4130,58,57.232,62.370,58.046,106.495,107.280,108.863,60.000,104.000,55.000,65.056,other,0,-1,2,3
4131,56,59.052,62.680,57.696,106.211,107.038,108.623,58.000,104.125,70.000,61.583,other,0,-1,3,3
4132,57,61.034,62.698,58.859,105.680,106.542,108.332,56.000,103.542,60.000,61.250,other,0,-1,4,3
4133,73,64.393,63.949,62.356,105.309,106.211,108.075,57.000,103.417,62.000,63.500,other,0,-1,5,3
4134,66,72.254,70.845,71.434,105.141,106.089,107.859,73.000,103.875,67.000,67.778,other,0,-1,6,3
4135,85,79.823,73.560,77.099,104.798,105.788,107.608,66.000,103.833,60.000,79.889,other,0,-1,7,3
4136,71,94.117,86.632,92.278,104.833,105.876,107.435,85.000,104.875,108.000,92.417,other,0,-1,8,3
4137,103,112.317,101.844,99.201,103.969,105.035,107.074,71.000,103.333,98.000,115.000,other,0,-1,9,3
4138,127,130.083,125.275,122.676,103.714,104.823,106.840,103.000,103.542,124.000,126.583,other,0,-1,10,3
4139,124,147.663,147.687,143.754,103.430,104.582,106.601,127.000,103.667,134.000,145.861,other,0,-1,11,3
4140,152,159.273,160.344,151.756,102.957,104.146,106.322,124.000,103.250,179.000,168.111,other,0,-1,12,3
4141,196,168.703,170.031,167.590,102.238,103.454,105.992,152.000,102.125,176.000,177.472,other,0,-1,13,3
4142,184,179.664,185.719,186.635,102.200,103.468,105.803,196.000,102.958,167.000,176.694,other,0,-1,14,3
4143,162,169.669,175.494,176.190,102.119,103.436,105.606,184.000,103.667,165.000,173.972,other,0,-1,15,3
4144,181,154.965,158.059,157.029,101.748,103.105,105.349,162.000,103.542,169.000,162.111,other,0,-1,16,3
4145,127,141.901,154.792,154.473,101.594,102.998,105.136,181.000,104.042,153.000,150.028,other,0,-1,17,3
4146,117,121.782,122.060,118.891,100.890,102.322,104.809,127.000,102.958,148.000,132.389,other,0,-1,18,3
4147,92,103.646,105.109,104.173,100.113,101.571,104.466,117.000,101.667,104.000,108.528,other,0,-1,19,3
4148,102,88.033,85.731,86.203,99.611,101.105,104.181,92.000,101.167,93.000,100.083,other,0,-1,20,3
4149,91,70.064,78.285,81.093,99.414,100.953,103.960,102.000,101.542,67.000,85.306,other,0,-1,21,3
4150,73,58.576,67.904,71.032,99.434,101.026,103.784,91.000,102.542,66.000,74.778,other,0,-1,22,3
4151,61,51.140,57.457,61.197,99.208,100.845,103.557,73.000,102.833,46.000,70.444,other,0,-1,23,3
4152,58,46.654,51.562,54.680,99.097,100.783,103.353,61.000,103.458,65.000,60.917,other,0,-1,0,4
4153,58,45.423,53.946,50.370,98.711,100.389,102.971,58.000,103.167,60.000,56.972,other,0,-1,1,4
4154,60,47.507,55.474,49.489,98.396,100.070,102.604,58.000,103.083,58.000,51.583,other,0,-1,2,4
4155,72,50.875,57.628,50.361,98.140,99.810,102.249,60.000,103.167,56.000,54.556,other,0,-1,3,4
4156,61,58.067,63.718,55.000,98.087,99.761,101.936,72.000,103.833,57.000,57.139,other,0,-1,4,4
4157,56,56.128,59.740,56.544,97.859,99.531,101.587,61.000,104.000,73.000,54.694,other,0,-1,5,4
4158,79,58.952,60.091,61.099,97.328,98.987,101.174,56.000,103.292,66.000,65.167,other,0,-1,6,4
4159,90,69.878,72.478,75.771,97.231,98.893,100.853,79.000,103.833,85.000,74.667,other,0,-1,7,4
4160,76,81.927,84.979,90.388,97.018,98.678,100.507,90.000,104.042,71.000,86.667,other,0,-1,8,4
4161,109,98.100,97.096,97.670,96.805,98.464,100.161,76.000,104.250,103.000,109.861,other,0,-1,9,4
4162,108,117.303,125.151,124.363,96.606,98.264,99.818,109.000,104.500,127.000,125.222,other,0,-1,10,4
4163,127,135.224,142.394,136.178,96.046,97.690,99.399,108.000,103.708,124.000,147.361,other,0,-1,11,4
4164,157,151.016,156.967,153.874,95.804,97.446,99.047,127.000,103.833,152.000,161.111,other,0,-1,12,4
4165,204,165.028,169.693,172.399,95.591,97.231,98.701,157.000,104.042,196.000,174.694,other,0,-1,13,4
4166,164,182.486,191.239,195.168,95.422,97.062,98.364,204.000,104.375,184.000,178.167,other,0,-1,14,4
4167,152,164.779,162.301,168.640,94.847,96.473,97.942,164.000,103.542,162.000,172.583,other,0,-1,15,4
4168,155,150.445,148.080,152.510,94.416,96.033,97.551,152.000,103.125,181.000,165.472,other,0,-1,16,4
4169,135,131.712,136.917,140.841,93.754,95.354,97.111,155.000,102.042,127.000,138.861,other,0,-1,17,4
4170,118,110.082,116.425,118.547,93.585,95.185,96.774,135.000,102.375,117.000,121.333,other,0,-1,18,4
4171,118,90.554,97.323,99.722,93.314,94.910,96.416,118.000,102.417,92.000,101.944,other,0,-1,19,4
4172,82,71.555,84.963,89.406,93.405,95.011,96.134,118.000,103.500,102.000,84.222,other,0,-1,20,4
4173,71,59.347,64.524,71.102,92.830,94.422,95.712,82.000,102.667,91.000,70.889,other,0,-1,21,4
4174,73,47.657,54.188,62.638,92.255,93.832,95.290,71.000,101.833,73.000,63.889,other,0,-1,22,4
4175,53,39.773,51.087,58.503,91.970,93.543,94.929,73.000,101.833,61.000,57.111,other,0,-1,23,4
4176,44,35.475,43.279,51.189,91.569,93.134,94.544,53.000,101.500,58.000,38.722,other,0,-1,0,5
4177,40,34.588,42.694,33.734,91.338,92.849,94.300,44.000,100.917,58.000,42.139,other,0,-1,1,5
4178,37,35.945,43.093,33.507,91.049,92.505,94.044,40.000,100.167,60.000,43.389,other,0,-1,2,5
4179,41,37.828,43.491,34.422,90.688,92.086,93.773,37.000,99.208,72.000,43.528,other,0,-1,3,5
4180,40,41.700,46.186,37.946,90.211,91.547,93.477,41.000,97.917,61.000,42.111,other,0,-1,4,5
4181,33,44.012,47.012,41.944,89.878,91.158,93.212,40.000,97.042,56.000,43.028,other,0,-1,5,5
4182,82,46.780,47.341,45.798,89.517,90.738,92.941,33.000,96.083,79.000,55.167,other,0,-1,6,5
4183,53,64.989,70.988,69.366,89.532,90.709,92.748,82.000,96.208,90.000,63.917,other,0,-1,7,5
4184,92,67.909,67.823,67.976,88.968,90.080,92.434,53.000,94.667,76.000,81.722,other,0,-1,8,5
4185,85,85.624,94.646,95.238,89.172,90.245,92.281,92.000,95.333,109.000,98.167,other,0,-1,9,5
4186,62,102.928,105.419,102.449,88.796,89.811,92.007,85.000,94.333,108.000,102.556,inside,-1,0,10,5
4187,54,121.250,109.502,99.940,88.102,89.047,91.666,62.000,92.417,127.000,122.722,inside,-1,1,11,5
4188,100,134.183,116.785,102.876,87.016,87.878,91.244,54.000,89.375,157.000,141.028,inside,-1,2,12,5
4189,151,144.460,136.399,131.443,86.162,86.949,90.869,100.000,87.000,204.000,161.333,after,-1,3,13,5
4190,164,154.700,156.410,161.556,85.366,86.080,90.507,151.000,84.792,164.000,179.778,after,-1,4,14,5
4191,136,152.666,157.240,164.048,85.338,86.006,90.306,164.000,84.792,152.000,180.472,after,-1,5,15,5
4192,136,135.147,138.115,137.115,85.078,85.692,90.056,136.000,84.125,155.000,165.833,after,-1,6,16,5
4193,123,117.242,126.351,122.852,84.775,85.332,89.796,136.000,83.333,135.000,148.556,after,-1,7,17,5
4194,128,97.298,108.420,100.960,84.573,85.078,89.559,123.000,82.833,118.000,114.861,after,-1,8,18,5
4195,99,77.766,93.923,88.101,84.690,85.154,89.387,128.000,83.250,118.000,90.528,after,-1,9,19,5
4196,67,61.811,73.467,66.964,84.387,84.794,89.128,99.000,82.458,82.000,74.972,after,-1,10,20,5
4197,59,49.759,56.336,51.697,84.141,84.495,88.881,67.000,81.833,71.000,60.444,after,-1,11,21,5
4198,45,38.941,47.202,45.468,83.939,84.241,88.643,59.000,81.333,73.000,52.389,after,-1,12,22,5
4199,36,32.150,40.388,39.795,83.505,83.747,88.357,45.000,80.167,53.000,44.139,after,-1,13,23,5
4200,28,28.461,37.264,36.222,83.231,83.417,88.103,36.000,79.458,44.000,32.472,after,-1,14,0,6
4201,38,28.141,35.763,29.167,83.250,83.374,88.165,28.000,78.792,40.000,34.500,after,-1,15,1,6
4202,29,33.684,42.246,32.660,83.471,83.541,88.268,38.000,78.708,37.000,33.361,after,-1,16,2,6
4203,36,33.773,40.717,33.485,83.605,83.617,88.354,29.000,78.375,41.000,35.222,after,-1,17,3,6
4204,23,39.034,45.185,38.772,83.783,83.739,88.448,36.000,78.167,40.000,34.028,after,-1,18,4,6
4205,36,37.028,41.585,40.458,83.787,83.681,88.506,23.000,77.458,33.000,36.611,after,-1,19,5,6
4206,31,43.910,49.201,49.854,84.081,83.922,88.625,36.000,77.583,82.000,38.694,after,-1,20,6,6
4207,47,49.192,52.991,55.114,83.592,83.354,88.581,31.000,75.458,53.000,47.194,after,-1,21,7,6
4208,66,61.767,67.053,68.077,83.756,83.461,88.672,47.000,75.208,92.000,59.167,after,-1,22,8,6
4209,87,78.159,84.835,83.709,83.629,83.268,88.703,66.000,74.125,85.000,78.778,after,-1,23,9,6
4210,84,97.660,104.589,101.463,83.909,83.494,88.819,87.000,74.208,62.000,101.278,after,-1,24,10,6
4211,105,115.110,111.867,106.208,84.478,84.021,88.995,84.000,75.125,54.000,121.778,after,-1,25,11,6
4212,128,132.700,128.267,122.562,85.467,84.982,89.259,105.000,77.250,100.000,140.833,after,-1,26,12,6
4213,126,146.304,143.489,139.184,86.123,85.598,89.453,128.000,78.417,151.000,148.472,other,0,-1,13,6
4214,162,149.071,144.571,137.280,86.011,85.420,89.487,126.000,77.375,164.000,156.639,other,0,-1,14,6
4215,144,150.905,155.961,157.393,86.232,85.586,89.591,162.000,77.292,136.000,153.306,other,0,-1,15,6
4216,139,136.329,140.447,137.463,86.598,85.903,89.725,144.000,77.625,136.000,133.083,other,0,-1,16,6
4217,144,119.832,126.389,122.753,86.892,86.145,89.843,139.000,77.750,123.000,123.667,other,0,-1,17,6
4218,102,101.575,111.517,110.149,87.446,86.656,90.017,144.000,78.625,128.000,102.583,other,0,-1,18,6
4219,72,84.568,87.409,77.656,87.320,86.463,90.048,102.000,77.542,99.000,79.889,other,0,-1,19,6
4220,57,70.664,69.345,58.482,87.179,86.255,90.076,72.000,76.417,67.000,59.111,other,0,-1,20,6
4221,42,57.436,56.063,48.835,87.285,86.301,90.155,57.000,76.000,59.000,47.306,other,0,-1,21,6
4222,39,47.309,46.594,42.515,87.289,86.243,90.213,42.000,75.292,45.000,35.306,other,0,-1,22,6
4223,31,40.217,42.602,40.144,87.452,86.350,90.305,39.000,75.042,36.000,32.556,other,0,-1,23,6
4224,68,36.968,40.451,37.988,87.630,86.471,90.399,31.000,74.833,28.000,61.343,other,0,-1,0,0
4225,57,49.054,56.071,49.631,88.549,87.390,90.859,68.000,76.500,38.000,59.743,other,0,-1,1,0
4226,78,48.940,55.787,48.558,89.165,87.995,91.255,57.000,77.292,29.000,61.829,other,0,-1,2,0
4227,47,65.328,71.028,56.783,90.215,89.049,91.741,78.000,79.333,36.000,63.543,other,0,-1,3,0
4228,48,50.238,56.317,53.358,90.714,89.533,92.113,47.000,79.792,23.000,60.000,other,0,-1,4,0
4229,67,51.795,58.689,59.176,91.417,90.228,92.527,48.000,80.833,36.000,77.171,other,0,-1,5,0
4230,64,61.015,70.860,71.821,92.206,91.012,92.959,67.000,82.125,31.000,77.686,other,0,-1,6,0
4231,60,62.685,75.072,78.996,93.024,91.826,93.397,64.000,83.500,47.000,91.543,other,0,-1,7,0
4232,91,71.461,84.152,85.989,93.553,92.341,93.775,60.000,84.042,66.000,101.114,other,0,-1,8,0
4233,134,91.764,110.001,107.276,94.255,93.035,94.189,91.000,85.083,87.000,122.829,other,0,-1,9,0
4234,156,123.431,143.331,137.301,95.276,94.059,94.670,134.000,87.042,84.000,137.200,other,0,-1,10,0
4235,144,148.215,163.439,157.384,96.659,95.458,95.226,156.000,90.042,105.000,150.314,other,0,-1,11,0
4236,161,153.634,160.503,155.212,97.564,96.362,95.682,144.000,91.667,128.000,163.229,other,0,-1,12,0
4237,156,167.357,169.940,167.717,98.383,97.176,96.120,161.000,93.042,126.000,172.800,other,0,-1,13,0
4238,190,167.891,165.699,163.452,99.157,97.946,96.550,156.000,94.292,162.000,172.257,other,0,-1,14,0
4239,187,173.260,175.712,180.888,99.903,98.685,96.973,190.000,95.458,144.000,183.343,other,0,-1,15,0
4240,144,159.798,162.762,170.791,100.866,99.649,97.441,187.000,97.250,139.000,162.143,other,0,-1,16,0
4241,147,136.600,133.567,134.408,101.279,100.044,97.795,144.000,97.458,144.000,148.800,other,0,-1,17,0
4242,121,118.283,117.654,124.183,101.663,100.408,98.142,147.000,97.583,102.000,128.829,other,0,-1,18,0
4243,97,99.789,96.363,100.647,102.278,101.013,98.538,121.000,98.375,72.000,110.171,other,0,-1,19,0
4244,99,84.104,79.116,82.365,102.980,101.707,98.952,97.000,99.417,57.000,85.143,other,0,-1,20,0
4245,81,70.756,69.695,75.106,103.929,102.656,99.418,99.000,101.167,42.000,75.143,other,0,-1,21,0
4246,68,61.969,61.825,65.369,104.834,103.560,99.874,81.000,102.792,39.000,65.229,other,0,-1,22,0
4247,63,57.057,57.903,59.281,105.595,104.315,100.300,68.000,104.000,31.000,63.543,other,0,-1,23,0
4248,66,56.645,58.117,56.710,106.398,105.114,100.735,63.000,105.333,68.000,61.694,other,0,-1,0,1
4249,49,57.359,60.036,56.867,106.543,105.286,101.042,66.000,105.250,57.000,62.000,other,0,-1,1,1
4250,67,55.213,56.307,53.110,106.601,105.368,101.330,49.000,104.917,78.000,62.222,other,0,-1,2,1
4251,45,64.698,65.545,58.080,106.616,105.405,101.609,67.000,104.458,47.000,61.389,other,0,-1,3,1
4252,69,58.467,58.457,56.740,106.761,105.577,101.915,45.000,104.375,48.000,63.583,other,0,-1,4,1
4253,70,68.270,69.392,67.059,107.239,106.093,102.291,69.000,105.250,67.000,65.139,other,0,-1,5,1
4254,79,70.001,72.536,74.193,107.456,106.340,102.612,70.000,105.375,64.000,66.417,other,0,-1,6,1
4255,67,77.495,81.612,85.378,107.848,106.767,102.970,79.000,106.000,60.000,77.639,other,0,-1,7,1
4256,78,87.127,90.183,91.205,108.123,107.074,103.304,67.000,106.292,91.000,91.833,other,0,-1,8,1
4257,108,105.113,109.712,105.196,108.109,107.081,103.577,78.000,105.750,134.000,109.944,other,0,-1,9,1
4258,129,126.654,132.770,127.958,107.906,106.893,103.810,108.000,104.667,156.000,131.361,other,0,-1,10,1
4259,139,147.460,151.545,147.409,107.689,106.690,104.041,129.000,103.542,144.000,148.500,other,0,-1,11,1
4260,174,162.196,163.231,159.441,107.790,106.817,104.338,139.000,103.333,161.000,174.389,other,0,-1,12,1
4261,190,179.094,178.361,181.903,108.152,107.214,104.690,174.000,103.875,156.000,191.778,other,0,-1,13,1
4262,202,184.464,184.589,189.809,108.819,107.925,105.105,190.000,105.292,190.000,190.222,other,0,-1,14,1
4263,187,182.650,185.171,190.719,109.167,108.307,105.454,202.000,105.792,187.000,183.056,other,0,-1,15,1
4264,168,165.688,168.142,171.704,109.341,108.509,105.766,187.000,105.792,144.000,168.806,other,0,-1,16,1
4265,132,147.534,147.077,148.782,109.862,109.071,106.151,168.000,106.792,147.000,158.750,other,0,-1,17,1
4266,157,129.055,121.917,119.700,109.819,109.048,106.418,132.000,106.167,121.000,131.639,other,0,-1,18,1
4267,118,110.715,111.415,119.669,110.514,109.789,106.839,157.000,107.667,97.000,103.944,other,0,-1,19,1
4268,85,93.179,88.830,95.471,110.993,110.306,107.215,118.000,108.542,99.000,92.389,other,0,-1,20,1
4269,78,80.357,73.146,77.731,110.964,110.298,107.485,85.000,107.958,81.000,77.389,other,0,-1,21,1
4270,56,69.505,65.767,68.691,111.094,110.455,107.788,78.000,107.833,68.000,64.944,other,0,-1,22,1
4271,62,62.656,58.642,57.009,111.094,110.477,108.064,56.000,107.333,63.000,62.889,other,0,-1,23,1
4272,65,60.719,60.534,53.564,111.254,110.664,108.374,62.000,107.292,66.000,59.639,other,0,-1,0,2
4273,219,60.591,62.986,57.111,111.116,110.581,108.422,65.000,107.250,49.000,64.167,inside,1,0,1,2
4274,240,187.541,153.968,97.973,113.455,113.062,108.987,219.000,114.333,67.000,56.194,inside,1,1,2,2
4275,221,222.431,169.497,107.574,115.838,115.587,109.561,240.000,121.542,45.000,60.528,inside,1,2,3,2
4276,247,218.720,158.432,104.893,118.264,118.158,110.145,221.000,128.875,69.000,62.444,inside,1,3,4,2
4277,277,261.939,176.394,122.779,120.720,120.759,110.734,247.000,136.292,70.000,62.833,inside,1,4,5,2
4278,282,290.156,196.859,146.889,123.595,123.794,111.412,277.000,144.917,79.000,70.472,inside,1,5,6,2
4279,73,287.740,201.225,162.052,126.412,126.769,112.077,282.000,153.375,67.000,78.639,after,1,6,7,2
4280,76,98.569,88.682,90.420,126.376,126.791,112.146,73.000,153.625,78.000,89.639,after,1,7,8,2
4281,132,115.892,105.825,101.521,126.224,126.694,112.191,76.000,153.542,108.000,104.833,after,1,8,9,2
4282,154,139.519,127.491,133.617,126.448,126.986,112.315,132.000,154.542,129.000,127.694,after,1,9,10,2
4283,183,158.624,147.575,153.494,126.687,127.293,112.441,154.000,155.583,139.000,145.361,after,1,10,11,2
4284,195,177.565,167.561,174.784,127.201,127.884,112.626,183.000,157.417,174.000,159.222,after,1,11,12,2
4285,154,184.158,180.579,184.705,127.382,128.131,112.740,195.000,158.292,190.000,182.222,after,1,12,13,2
4286,161,170.089,171.600,164.359,126.737,127.524,112.682,154.000,156.792,202.000,185.000,after,1,13,14,2
4287,162,165.842,170.340,162.488,126.020,126.842,112.609,161.000,155.083,187.000,172.750,after,1,14,15,2
4288,151,157.429,163.707,154.719,125.534,126.399,112.585,162.000,154.042,168.000,158.694,after,1,15,16,2
4289,163,144.868,149.926,139.896,125.165,126.076,112.585,151.000,153.333,132.000,148.139,after,1,16,17,2
4290,129,129.024,141.251,135.931,125.491,126.473,112.729,163.000,154.625,157.000,124.722,after,1,17,18,2
4291,99,111.995,116.514,112.423,124.962,125.986,112.696,129.000,153.458,118.000,108.833,after,1,18,19,2
4292,99,97.350,95.982,93.285,124.563,125.633,112.689,99.000,152.667,85.000,89.361,after,1,19,20,2
4293,53,80.934,84.811,86.240,124.643,125.775,112.783,99.000,153.250,78.000,75.500,after,1,20,21,2
4294,70,73.677,67.448,65.064,124.157,125.333,112.758,53.000,152.208,56.000,67.139,after,1,21,22,2
4295,71,62.582,65.692,64.142,124.237,125.475,112.852,70.000,152.792,62.000,62.722,after,1,22,23,2
4296,65,59.813,64.720,59.622,124.244,125.542,112.930,71.000,153.167,65.000,61.389,after,1,23,0,3
4297,65,58.556,64.874,66.275,123.916,125.255,112.681,65.000,153.167,219.000,64.194,after,1,24,1,3
4298,63,61.114,65.628,64.404,121.358,122.660,111.967,65.000,146.750,240.000,65.056,after,1,25,2,3
4299,69,63.464,65.610,63.408,118.466,119.721,111.183,63.000,139.375,221.000,61.583,after,1,26,3,3
4300,64,68.265,68.337,65.766,115.936,117.156,110.474,69.000,133.042,247.000,61.250,after,1,27,4,3
4301,59,68.163,66.941,67.148,112.958,114.126,109.672,64.000,125.417,277.000,63.500,after,1,28,5,3
4302,68,70.891,67.272,70.099,109.472,110.571,108.764,59.000,116.333,282.000,67.778,after,1,29,6,3
4303,112,79.766,74.154,78.576,106.044,107.077,107.868,68.000,107.417,73.000,79.889,other,0,-1,7,3
4304,101,97.063,93.402,101.494,106.282,107.375,107.737,112.000,109.042,76.000,92.417,other,0,-1,8,3
4305,123,110.889,104.048,109.317,106.316,107.463,107.564,101.000,110.083,132.000,115.000,other,0,-1,9,3
4306,135,130.054,126.758,129.613,105.858,107.042,107.288,123.000,109.708,154.000,126.583,other,0,-1,10,3
4307,161,147.630,148.450,145.976,105.255,106.471,106.982,135.000,108.917,183.000,145.861,other,0,-1,11,3
4308,164,163.649,167.085,165.535,104.609,105.855,106.667,161.000,108.000,195.000,168.111,other,0,-1,12,3
4309,154,170.334,173.491,171.328,103.832,105.103,106.324,164.000,106.708,154.000,177.472,other,0,-1,13,3
4310,188,168.713,169.349,166.609,103.504,104.817,106.076,154.000,106.708,161.000,176.694,other,0,-1,14,3
4311,226,170.037,177.230,176.948,103.568,104.935,105.909,188.000,107.833,162.000,173.972,other,0,-1,15,3
4312,159,171.799,190.996,187.554,104.167,105.608,105.854,226.000,110.500,151.000,162.111,other,0,-1,16,3
4313,155,140.126,145.722,144.591,103.955,105.442,105.629,159.000,110.833,163.000,150.028,other,0,-1,17,3
4314,96,121.510,131.387,131.037,103.512,105.035,105.356,155.000,110.500,129.000,132.389,other,0,-1,18,3
4315,99,106.360,101.269,97.254,102.706,104.254,105.008,96.000,109.125,99.000,108.528,other,0,-1,19,3
4316,97,87.611,87.872,89.053,102.378,103.968,104.759,99.000,109.125,99.000,100.083,other,0,-1,20,3
4317,80,71.264,76.885,80.234,102.022,103.651,104.505,97.000,109.042,53.000,85.306,other,0,-1,21,3
4318,72,60.090,64.418,68.737,102.085,103.770,104.338,80.000,110.167,70.000,74.778,other,0,-1,22,3
4319,68,51.951,57.295,61.378,101.786,103.513,104.095,72.000,110.250,71.000,70.444,other,0,-1,23,3
4320,66,47.839,53.716,56.383,101.415,103.182,103.837,68.000,110.125,65.000,60.917,other,0,-1,0,4
4321,50,47.982,56.762,52.058,101.144,102.908,103.479,66.000,110.167,65.000,56.972,other,0,-1,1,4
4322,56,46.518,52.159,48.167,100.642,102.393,103.073,50.000,109.542,63.000,51.583,other,0,-1,2,4
4323,57,50.421,55.728,49.747,100.255,101.999,102.690,56.000,109.250,69.000,54.556,other,0,-1,3,4
4324,74,53.141,57.103,51.985,99.796,101.530,102.293,57.000,108.750,64.000,57.139,other,0,-1,4,4
4325,49,61.248,64.996,59.820,99.655,101.390,101.962,74.000,109.167,59.000,54.694,other,0,-1,5,4
4326,76,58.738,58.111,59.609,99.225,100.951,101.571,49.000,108.750,68.000,65.167,other,0,-1,6,4
4327,70,69.790,71.550,75.122,99.056,100.781,101.234,76.000,109.083,112.000,74.667,other,0,-1,7,4
4328,76,81.176,79.469,83.608,98.162,99.862,100.746,70.000,107.333,101.000,86.667,other,0,-1,8,4
4329,124,98.524,97.225,97.906,97.515,99.198,100.309,76.000,106.292,123.000,109.861,other,0,-1,9,4
4330,143,118.957,130.138,131.442,97.244,98.924,99.951,124.000,106.333,135.000,125.222,other,0,-1,10,4
4331,130,139.382,154.176,152.803,97.074,98.754,99.614,143.000,106.667,161.000,147.361,other,0,-1,11,4
4332,154,151.687,158.270,155.721,96.340,98.000,99.159,130.000,105.375,164.000,161.111,other,0,-1,12,4
4333,173,164.731,168.623,171.373,95.910,97.561,98.767,154.000,104.958,154.000,174.694,other,0,-1,13,4
4334,190,171.939,173.707,179.807,95.900,97.557,98.464,173.000,105.750,188.000,178.167,other,0,-1,14,4
4335,183,171.440,175.257,182.305,95.643,97.297,98.109,190.000,105.833,226.000,172.583,other,0,-1,15,4
4336,140,155.535,161.246,167.880,94.735,96.363,97.618,183.000,104.042,159.000,165.472,other,0,-1,16,4
4337,187,131.206,131.997,134.286,94.175,95.789,97.199,140.000,103.250,155.000,138.861,other,0,-1,17,4
4338,108,113.717,138.026,141.860,94.353,95.979,96.935,187.000,104.583,96.000,121.333,other,0,-1,18,4
4339,99,91.545,94.868,96.099,94.241,95.870,96.610,108.000,105.083,99.000,101.944,other,0,-1,19,4
4340,84,73.794,79.260,83.187,93.956,95.580,96.249,99.000,105.083,97.000,84.222,other,0,-1,20,4
4341,76,59.357,64.858,71.148,93.482,95.096,95.848,84.000,104.542,80.000,70.889,other,0,-1,21,4
4342,62,47.659,55.444,63.122,93.139,94.747,95.475,76.000,104.375,72.000,63.889,other,0,-1,22,4
4343,46,40.254,47.303,55.444,92.709,94.308,95.084,62.000,103.958,68.000,57.111,other,0,-1,23,4
4344,51,35.837,40.944,48.979,92.105,93.688,94.656,46.000,103.042,66.000,38.722,other,0,-1,0,5
4345,51,36.783,44.754,33.891,91.859,93.389,94.409,51.000,102.417,50.000,42.139,other,0,-1,1,5
4346,50,39.756,46.942,34.535,91.846,93.330,94.210,51.000,102.458,56.000,43.389,other,0,-1,2,5
4347,49,42.656,48.303,36.124,91.731,93.165,93.990,50.000,102.208,57.000,43.528,other,0,-1,3,5
4348,36,44.992,49.102,39.041,91.587,92.971,93.764,49.000,101.875,74.000,42.111,other,0,-1,4,5
4349,44,43.421,45.353,40.484,91.008,92.327,93.448,36.000,100.292,49.000,43.028,other,0,-1,5,5
4350,45,49.121,50.736,48.445,90.908,92.177,93.231,44.000,100.083,76.000,55.167,other,0,-1,6,5
4351,67,56.081,56.319,56.261,90.431,91.638,92.936,45.000,98.792,70.000,63.917,other,0,-1,7,5
4352,48,68.995,72.356,73.393,90.359,91.519,92.725,67.000,98.667,76.000,81.722,other,0,-1,8,5
4353,91,85.466,79.434,75.663,89.925,91.025,92.438,48.000,97.500,124.000,98.167,other,0,-1,9,5
4354,105,103.191,107.809,105.880,89.419,90.456,92.137,91.000,96.125,143.000,102.556,other,0,-1,10,5
4355,148,121.800,125.908,123.356,88.840,89.812,91.820,105.000,94.542,130.000,122.722,other,0,-1,11,5
4356,128,143.893,155.619,157.260,89.073,90.007,91.673,148.000,95.292,154.000,141.028,other,0,-1,12,5
4357,156,149.346,147.108,148.510,88.668,89.543,91.393,128.000,94.208,173.000,161.333,other,0,-1,13,5
4358,162,157.704,158.759,165.495,88.394,89.213,91.140,156.000,93.500,190.000,179.778,other,0,-1,14,5
4359,158,153.882,155.964,163.351,87.960,88.719,90.853,162.000,92.333,183.000,180.472,other,0,-1,15,5
4360,163,140.061,145.006,149.924,87.570,88.270,90.576,158.000,91.292,140.000,165.833,other,0,-1,16,5
4361,105,121.843,134.055,137.601,87.875,88.540,90.444,163.000,92.250,187.000,148.556,other,0,-1,17,5
4362,109,101.814,103.602,94.205,86.659,87.237,89.994,105.000,88.833,108.000,114.861,other,0,-1,18,5
4363,101,82.132,88.506,82.223,86.646,87.177,89.795,109.000,88.875,99.000,90.528,other,0,-1,19,5
4364,81,64.971,72.825,68.983,86.646,87.133,89.600,101.000,88.958,84.000,74.972,other,0,-1,20,5
4365,63,51.916,58.154,56.607,86.575,87.014,89.389,81.000,88.833,76.000,60.444,other,0,-1,21,5
4366,43,42.001,47.535,48.208,86.358,86.744,89.148,63.000,88.292,62.000,52.389,other,0,-1,22,5
4367,32,35.323,39.530,41.550,86.055,86.385,88.889,43.000,87.500,46.000,44.139,other,0,-1,23,5
4368,31,31.138,35.825,37.699,85.824,86.101,88.645,32.000,86.917,51.000,32.472,other,0,-1,0,6
4369,25,31.175,36.174,31.087,85.785,85.997,88.694,31.000,86.083,51.000,34.500,other,0,-1,1,6
4370,25,31.945,36.500,31.385,85.658,85.804,88.725,25.000,85.000,50.000,33.361,other,0,-1,2,6
4371,28,34.449,38.461,33.671,85.546,85.626,88.759,25.000,83.958,49.000,35.222,other,0,-1,3,6
4372,30,37.814,41.172,37.736,85.493,85.508,88.805,28.000,83.083,36.000,34.028,other,0,-1,4,6
4373,34,40.844,43.606,42.882,85.656,85.614,88.897,30.000,82.833,44.000,36.611,other,0,-1,5,6
4374,27,45.243,47.937,49.778,85.761,85.661,88.976,34.000,82.417,45.000,38.694,other,0,-1,6,6
4375,47,51.282,51.534,54.298,85.751,85.588,89.031,27.000,81.667,67.000,47.194,other,0,-1,7,6
4376,60,64.041,66.518,68.332,85.711,85.485,89.080,47.000,80.833,48.000,59.167,other,0,-1,8,6
4377,60,80.338,82.193,81.264,86.135,85.861,89.226,60.000,81.333,91.000,78.778,other,0,-1,9,6
4378,112,98.983,92.784,88.340,85.937,85.593,89.242,60.000,80.042,105.000,101.278,other,0,-1,10,6
4379,99,120.466,125.007,122.167,86.288,85.895,89.373,112.000,80.333,148.000,121.778,other,0,-1,11,6
4380,120,132.815,125.121,119.130,85.829,85.357,89.335,99.000,78.292,128.000,140.833,other,0,-1,12,6
4381,173,145.150,139.653,134.166,85.963,85.433,89.420,120.000,77.958,156.000,148.472,other,0,-1,13,6
4382,156,160.731,166.318,169.763,86.460,85.885,89.581,173.000,78.667,162.000,156.639,other,0,-1,14,6
4383,121,150.232,152.623,153.424,86.623,85.991,89.673,156.000,78.417,158.000,153.306,other,0,-1,15,6
4384,135,135.875,133.402,123.502,86.337,85.633,89.670,121.000,76.875,163.000,133.083,other,0,-1,16,6
4385,150,120.630,124.782,120.542,86.182,85.410,89.695,135.000,75.708,105.000,123.667,other,0,-1,17,6
4386,75,102.407,112.433,113.237,87.084,86.281,89.941,150.000,77.583,109.000,102.583,other,0,-1,18,6
4387,56,88.685,84.222,69.096,86.842,85.968,89.948,75.000,76.167,101.000,79.889,other,0,-1,19,6
4388,65,73.895,67.627,55.200,86.440,85.490,89.921,56.000,74.292,81.000,59.111,other,0,-1,20,6
4389,43,57.111,56.192,51.166,86.459,85.447,89.983,65.000,73.625,63.000,47.306,other,0,-1,21,6
4390,38,47.617,46.075,43.497,86.419,85.344,90.032,43.000,72.792,43.000,35.306,other,0,-1,22,6
4391,36,40.434,41.811,40.885,86.597,85.465,90.126,38.000,72.583,32.000,32.556,other,0,-1,23,6
4392,47,37.584,41.234,39.810,86.905,85.722,90.248,36.000,72.750,31.000,61.343,other,0,-1,0,0
4393,68,41.295,46.328,46.036,87.477,86.281,90.635,47.000,73.417,25.000,59.743,other,0,-1,1,0
4394,54,54.369,60.885,52.071,88.441,87.245,91.103,68.000,75.208,25.000,61.829,other,0,-1,2,0
4395,57,51.216,57.059,51.694,89.201,88.000,91.529,54.000,76.417,28.000,63.543,other,0,-1,3,0
4396,59,54.986,60.761,56.690,89.961,88.754,91.956,57.000,77.625,30.000,60.000,other,0,-1,4,0
4397,66,56.730,63.598,62.946,90.721,89.508,92.382,59.000,78.833,34.000,77.171,other,0,-1,5,0
4398,77,60.502,69.949,72.112,91.525,90.307,92.817,66.000,80.167,27.000,77.686,other,0,-1,6,0
4399,85,67.721,80.960,84.117,92.590,91.376,93.307,77.000,82.250,47.000,91.543,other,0,-1,7,0
4400,94,77.385,94.301,96.091,93.480,92.266,93.760,85.000,83.833,60.000,101.114,other,0,-1,8,0
4401,88,92.662,111.369,108.811,94.313,93.095,94.201,94.000,85.250,60.000,122.829,other,0,-1,9,0
4402,128,109.458,122.401,113.906,95.059,93.834,94.624,88.000,86.417,112.000,137.200,other,0,-1,10,0
4403,153,135.071,148.285,141.044,95.631,94.394,95.011,128.000,87.083,99.000,150.314,other,0,-1,11,0
4404,174,156.821,165.035,160.445,96.753,95.523,95.513,153.000,89.333,120.000,163.229,other,0,-1,12,0
4405,152,172.630,176.851,175.791,97.876,96.652,96.015,174.000,91.583,173.000,172.800,other,0,-1,13,0
4406,205,166.669,164.232,160.725,97.912,96.656,96.289,152.000,90.708,156.000,172.257,other,0,-1,14,0
4407,136,180.497,184.551,190.807,98.962,97.711,96.776,205.000,92.750,121.000,183.343,other,0,-1,15,0
4408,93,151.704,144.982,139.689,99.519,98.255,97.160,136.000,93.375,135.000,162.143,inside,-1,0,16,0
4409,63,139.040,125.261,109.158,99.251,97.945,97.371,93.000,91.625,150.000,148.800,inside,-1,1,17,0
4410,119,127.121,108.603,90.013,98.331,96.960,97.446,63.000,88.000,75.000,128.829,after,-1,2,18,0
4411,113,100.344,96.607,101.927,99.308,97.939,97.918,119.000,89.833,56.000,110.171,after,-1,3,19,0
4412,81,83.335,81.684,89.634,100.474,99.113,98.429,113.000,92.208,65.000,85.143,after,-1,4,20,0
4413,78,71.004,67.144,73.198,101.046,99.673,98.816,81.000,92.875,43.000,75.143,after,-1,5,21,0
4414,65,61.346,61.544,67.699,101.894,100.517,99.260,78.000,94.333,38.000,65.229,after,-1,6,22,0
4415,52,56.033,57.496,61.855,102.625,101.241,99.680,65.000,95.458,36.000,63.543,after,-1,7,23,0
4416,71,53.433,54.927,57.520,103.197,101.801,100.067,52.000,96.125,47.000,61.694,after,-1,8,0,1
4417,62,58.736,62.817,61.544,103.718,102.362,100.452,71.000,97.125,68.000,62.000,after,-1,9,1,1
4418,66,59.187,62.027,59.066,103.805,102.474,100.746,62.000,96.875,54.000,62.222,after,-1,10,2,1
4419,52,64.248,65.981,61.224,104.153,102.856,101.095,66.000,97.375,57.000,61.389,after,-1,11,3,1
4420,64,60.447,61.541,61.139,104.255,102.983,101.392,52.000,97.167,59.000,63.583,after,-1,12,4,1
4421,74,66.140,67.917,68.440,104.501,103.260,101.719,64.000,97.375,66.000,65.139,after,-1,13,5,1
4422,68,71.275,74.566,77.458,104.791,103.582,102.056,74.000,97.708,77.000,66.417,after,-1,14,6,1
4423,55,74.438,78.432,83.657,104.835,103.649,102.341,68.000,97.333,85.000,77.639,after,-1,15,7,1
4424,85,86.362,88.082,88.327,104.574,103.401,102.562,55.000,96.083,94.000,91.833,after,-1,16,8,1
4425,96,104.398,110.659,108.388,104.617,103.468,102.848,85.000,95.708,88.000,109.944,after,-1,17,9,1
4426,145,124.290,131.105,122.712,104.907,103.790,103.184,96.000,96.042,128.000,131.361,after,-1,18,10,1
4427,178,150.026,155.365,155.173,105.327,104.247,103.548,145.000,96.750,153.000,148.500,after,-1,19,11,1
4428,157,174.442,175.667,180.132,105.864,104.823,103.936,178.000,97.792,174.000,174.389,after,-1,20,12,1
4429,189,171.574,172.382,171.481,105.791,104.770,104.197,157.000,97.083,152.000,191.778,after,-1,21,13,1
4430,153,181.758,184.187,188.471,106.501,105.527,104.621,189.000,98.625,205.000,190.222,after,-1,22,14,1
4431,181,167.957,165.559,162.067,105.922,104.949,104.776,153.000,96.458,136.000,183.056,after,-1,23,15,1
4432,199,162.731,166.035,168.277,106.748,105.826,105.224,181.000,98.333,93.000,168.806,after,-1,24,16,1
4433,174,153.378,160.115,165.888,108.457,107.617,105.857,199.000,102.750,63.000,158.750,after,-1,25,17,1
4434,127,130.601,133.216,138.795,110.239,109.482,106.506,174.000,107.375,119.000,131.639,other,0,-1,18,1
4435,79,110.463,105.059,106.943,110.529,109.804,106.842,127.000,107.708,113.000,103.944,other,0,-1,19,1
4436,285,97.522,84.939,82.747,110.210,109.497,107.052,79.000,106.292,81.000,92.389,inside,1,0,20,1
4437,247,217.057,184.052,155.452,113.339,112.757,107.981,285.000,114.792,78.000,77.389,inside,1,1,21,1
4438,231,182.873,165.106,126.650,115.961,115.492,108.805,247.000,121.833,65.000,64.944,inside,1,2,22,1
4439,246,177.443,164.734,113.897,118.540,118.182,109.619,231.000,128.750,52.000,62.889,inside,1,3,23,1
4440,63,204.815,184.939,117.566,121.524,121.292,110.518,246.000,136.833,71.000,59.639,after,1,4,0,2
4441,83,60.278,67.125,61.497,121.285,121.105,110.545,63.000,136.500,62.000,64.167,after,1,5,1,2
4442,58,69.340,77.515,64.734,121.466,121.352,110.660,83.000,137.375,66.000,56.194,after,1,6,2,2
4443,49,63.451,67.599,60.332,121.227,121.164,110.687,58.000,137.042,52.000,60.528,after,1,7,3,2
4444,58,63.631,64.790,60.575,121.060,121.051,110.729,49.000,136.917,64.000,62.444,after,1,8,4,2
4445,40,68.579,68.405,65.779,120.850,120.894,110.762,58.000,136.667,74.000,62.833,after,1,9,5,2
4446,79,72.133,66.095,66.724,120.234,120.316,110.710,40.000,135.250,68.000,70.472,after,1,10,6,2
4447,74,85.084,80.169,82.939,120.270,120.413,110.794,79.000,135.708,55.000,78.639,after,1,11,7,2
4448,68,97.728,88.414,90.507,120.422,120.630,110.903,74.000,136.500,85.000,89.639,after,1,12,8,2
4449,105,115.897,105.276,98.862,120.053,120.308,110.902,68.000,135.792,96.000,104.833,after,1,13,9,2
4450,141,134.971,126.191,123.676,120.060,120.375,110.981,105.000,136.167,145.000,127.694,after,1,14,10,2
4451,167,156.123,146.882,150.699,119.878,120.247,111.020,141.000,136.000,178.000,145.361,after,1,15,11,2
4452,170,173.759,165.141,172.402,119.596,120.014,111.037,167.000,135.542,157.000,159.222,after,1,16,12,2
4453,196,177.155,174.373,178.552,119.661,120.141,111.128,170.000,136.083,189.000,182.222,after,1,17,13,2
4454,180,184.739,185.276,190.873,119.639,120.178,111.200,196.000,136.375,153.000,185.000,after,1,18,14,2
4455,159,171.254,175.957,175.980,119.907,120.515,111.333,180.000,137.500,181.000,172.750,after,1,19,15,2
4456,191,157.992,160.479,154.676,119.465,120.118,111.317,159.000,136.583,199.000,158.694,after,1,20,16,2
4457,127,150.075,162.431,158.055,119.226,119.930,111.344,191.000,136.250,174.000,148.139,after,1,21,17,2
4458,107,130.242,125.918,117.272,118.421,119.158,111.253,127.000,134.292,127.000,124.722,after,1,22,18,2
4459,111,114.289,106.899,100.775,118.008,118.790,111.244,107.000,133.458,79.000,108.833,after,1,23,19,2
4460,93,95.313,94.742,94.662,118.349,119.202,111.392,111.000,134.792,285.000,89.361,after,1,24,20,2
4461,68,81.134,79.721,82.204,115.444,116.256,110.862,93.000,126.792,247.000,75.500,after,1,25,21,2
4462,76,70.897,66.313,67.590,112.728,113.505,110.371,68.000,119.333,231.000,67.139,after,1,26,22,2
4463,49,61.849,64.275,62.195,110.359,111.113,109.953,76.000,112.875,246.000,62.722,after,1,27,23,2
4464,69,57.308,55.144,49.091,107.382,108.092,109.409,49.000,104.667,63.000,61.389,other,0,-1,0,3
4465,50,57.553,63.891,62.794,107.141,107.896,109.178,69.000,104.917,83.000,64.194,other,0,-1,1,3
4466,66,55.767,58.377,57.661,106.335,107.115,108.830,50.000,103.542,58.000,65.056,other,0,-1,2,3
4467,59,61.294,65.202,60.664,106.124,106.948,108.605,66.000,103.875,49.000,61.583,other,0,-1,3,3
4468,64,61.870,63.359,60.759,105.941,106.812,108.387,59.000,104.292,58.000,61.250,other,0,-1,4,3
4469,70,65.956,65.967,64.992,105.700,106.615,108.156,64.000,104.542,40.000,63.500,other,0,-1,5,3
4470,50,71.798,69.767,71.598,105.807,106.779,107.998,70.000,105.792,79.000,67.778,other,0,-1,6,3
4471,58,80.223,70.730,73.510,105.059,106.057,107.662,50.000,104.583,74.000,79.889,other,0,-1,7,3
4472,75,95.088,83.177,84.446,104.500,105.531,107.365,58.000,103.917,68.000,92.417,other,0,-1,8,3
4473,108,112.238,102.129,100.558,104.273,105.350,107.137,75.000,104.208,105.000,115.000,other,0,-1,9,3
4474,95,129.972,125.856,124.384,103.989,105.108,106.898,108.000,104.333,141.000,126.583,other,0,-1,10,3
4475,155,146.739,146.675,131.532,102.995,104.132,106.510,95.000,102.417,167.000,145.861,other,0,-1,11,3
4476,162,162.922,166.173,164.247,102.494,103.666,106.225,155.000,101.917,170.000,168.111,other,0,-1,12,3
4477,184,170.168,173.450,171.921,102.050,103.260,105.952,162.000,101.583,196.000,177.472,other,0,-1,13,3
4478,206,175.134,180.633,181.105,101.549,102.793,105.667,184.000,101.083,180.000,176.694,other,0,-1,14,3
4479,149,175.755,186.469,186.612,101.598,102.897,105.497,206.000,102.167,159.000,173.972,other,0,-1,15,3
4480,183,153.794,153.744,151.196,101.125,102.460,105.218,149.000,101.750,191.000,162.111,other,0,-1,16,3
4481,150,141.699,155.692,155.260,100.681,102.054,104.946,183.000,101.417,127.000,150.028,other,0,-1,17,3
4482,95,121.200,128.901,128.379,100.687,102.112,104.767,150.000,102.375,107.000,132.389,other,0,-1,18,3
4483,106,106.429,100.089,96.249,100.185,101.646,104.482,95.000,101.875,111.000,108.528,other,0,-1,19,3
4484,84,86.346,88.839,90.561,99.785,101.284,104.218,106.000,101.667,93.000,100.083,other,0,-1,20,3
4485,81,72.445,72.302,75.800,99.327,100.863,103.942,84.000,101.292,68.000,85.306,other,0,-1,21,3
4486,63,59.386,64.051,68.370,99.188,100.772,103.733,81.000,101.833,76.000,74.778,other,0,-1,22,3
4487,44,51.615,54.034,58.902,98.672,100.290,103.445,63.000,101.292,49.000,70.444,other,0,-1,23,3
4488,42,46.784,46.567,51.281,98.272,99.929,103.181,44.000,101.083,69.000,60.917,other,0,-1,0,4
4489,62,43.365,48.052,47.453,97.595,99.235,102.738,42.000,99.958,50.000,56.972,other,0,-1,1,4
4490,49,48.514,56.655,50.110,97.484,99.125,102.413,62.000,100.458,66.000,51.583,other,0,-1,2,4
4491,56,47.605,52.886,48.135,96.952,98.581,102.001,49.000,99.750,59.000,54.556,other,0,-1,3,4
4492,46,51.973,56.535,51.414,96.623,98.247,101.630,56.000,99.625,64.000,57.139,other,0,-1,4,4
4493,60,52.496,54.117,52.957,96.077,97.687,101.215,46.000,98.875,70.000,54.694,other,0,-1,5,4
4494,74,59.556,61.141,61.851,95.647,97.248,100.823,60.000,98.458,50.000,65.167,other,0,-1,6,4
4495,84,68.919,70.612,74.037,95.710,97.319,100.535,74.000,99.458,58.000,74.667,other,0,-1,7,4
4496,92,81.326,83.052,88.177,95.801,97.419,100.252,84.000,100.542,75.000,86.667,other,0,-1,8,4
4497,107,97.976,100.817,103.916,95.762,97.384,99.943,92.000,101.250,108.000,109.861,other,0,-1,9,4
4498,106,117.305,124.754,123.648,95.462,97.080,99.579,107.000,101.208,95.000,125.222,other,0,-1,10,4
4499,150,135.448,142.143,135.449,95.336,96.956,99.251,106.000,101.667,155.000,147.361,other,0,-1,11,4
4500,156,154.541,165.880,165.003,94.978,96.591,98.874,150.000,101.458,162.000,161.111,other,0,-1,12,4
4501,155,164.871,169.529,172.132,94.606,96.212,98.495,156.000,101.208,184.000,174.694,other,0,-1,13,4
4502,164,167.599,165.267,170.358,93.901,95.488,98.046,155.000,100.000,206.000,178.167,other,0,-1,14,4
4503,165,164.432,162.220,168.155,93.007,94.569,97.558,164.000,98.250,149.000,172.583,other,0,-1,15,4
4504,132,151.870,153.001,158.601,92.953,94.519,97.245,165.000,98.917,183.000,165.472,other,0,-1,16,4
4505,123,130.438,129.860,130.319,91.929,93.465,96.730,132.000,96.792,150.000,138.861,other,0,-1,17,4
4506,120,110.448,113.436,113.543,91.253,92.771,96.287,123.000,95.667,95.000,121.333,other,0,-1,18,4
4507,108,90.250,98.103,100.491,91.330,92.857,96.002,120.000,96.708,106.000,101.944,other,0,-1,19,4
4508,65,72.584,82.063,86.431,91.073,92.597,95.647,108.000,96.792,84.000,84.222,other,0,-1,20,4
4509,70,62.114,61.418,67.102,90.513,92.023,95.228,65.000,96.000,81.000,70.889,other,0,-1,21,4
4510,51,47.967,54.218,62.671,90.068,91.569,94.834,70.000,95.542,63.000,63.889,other,0,-1,22,4
4511,56,40.540,44.747,54.273,89.609,91.099,94.436,51.000,95.042,44.000,57.111,other,0,-1,23,4
4512,32,35.792,44.385,51.927,89.497,90.990,94.111,56.000,95.542,42.000,38.722,other,0,-1,0,5
4513,53,33.011,38.845,31.675,89.324,90.766,93.879,32.000,95.125,62.000,42.139,other,0,-1,1,5
4514,48,40.103,48.447,35.848,89.166,90.556,93.650,53.000,94.750,49.000,43.389,other,0,-1,2,5
4515,26,41.599,48.047,36.617,89.123,90.467,93.446,48.000,94.708,56.000,43.528,other,0,-1,3,5
4516,29,37.855,40.892,34.901,88.661,89.943,93.153,26.000,93.458,46.000,42.111,other,0,-1,4,5
4517,42,41.569,43.412,39.411,88.386,89.613,92.900,29.000,92.750,60.000,43.028,other,0,-1,5,5
4518,46,48.357,50.349,48.244,88.097,89.269,92.644,42.000,92.000,74.000,55.167,other,0,-1,6,5
4519,36,55.821,56.832,56.716,87.664,88.775,92.358,46.000,90.833,84.000,63.917,other,0,-1,7,5
4520,102,68.612,63.734,61.672,86.940,87.981,92.011,36.000,88.833,92.000,81.722,other,0,-1,8,5
4521,92,87.089,99.436,99.968,87.057,88.057,91.839,102.000,89.250,107.000,98.167,other,0,-1,9,5
4522,102,102.901,108.291,105.706,86.812,87.757,91.592,92.000,88.625,106.000,102.556,other,0,-1,10,5
4523,118,121.541,124.589,120.620,86.726,87.623,91.379,102.000,88.458,150.000,122.722,other,0,-1,11,5
4524,179,137.601,139.473,137.240,86.234,87.069,91.080,118.000,87.125,156.000,141.028,other,0,-1,12,5
4525,160,162.328,175.763,180.376,86.539,87.339,90.948,179.000,88.083,155.000,161.333,other,0,-1,13,5
4526,172,158.511,160.779,167.063,86.583,87.340,90.762,160.000,88.292,164.000,179.778,other,0,-1,14,5
4527,163,156.372,160.766,169.074,86.671,87.385,90.584,172.000,88.625,165.000,180.472,other,0,-1,15,5
4528,133,141.548,146.819,152.661,86.614,87.281,90.376,163.000,88.542,132.000,165.833,other,0,-1,16,5
4529,108,121.173,124.038,121.847,86.600,87.221,90.178,133.000,88.583,123.000,148.556,other,0,-1,17,5
4530,106,102.673,103.734,95.546,86.355,86.922,89.931,108.000,87.958,120.000,114.861,other,0,-1,18,5
4531,99,83.348,87.489,81.513,86.124,86.638,89.687,106.000,87.375,108.000,90.528,other,0,-1,19,5
4532,71,65.858,71.868,68.966,85.966,86.428,89.458,99.000,87.000,65.000,74.972,other,0,-1,20,5
4533,50,53.537,55.759,55.135,86.024,86.444,89.274,71.000,87.250,70.000,60.444,other,0,-1,21,5
4534,67,43.495,44.409,46.716,85.707,86.070,89.012,50.000,86.417,51.000,52.389,other,0,-1,22,5
4535,52,36.163,45.701,46.856,85.910,86.235,88.859,67.000,87.083,56.000,44.139,other,0,-1,23,5
4536,27,32.891,41.333,42.159,85.824,86.101,88.645,52.000,86.917,32.000,32.472,other,0,-1,0,6
4537,25,30.789,34.429,31.588,86.002,86.222,88.739,27.000,86.708,53.000,34.500,other,0,-1,1,6
4538,26,32.278,36.061,32.520,85.847,85.999,88.764,25.000,85.542,48.000,33.361,other,0,-1,2,6
4539,33,35.079,38.436,34.952,85.778,85.866,88.808,26.000,84.625,26.000,35.222,other,0,-1,3,6
4540,25,39.803,42.850,39.941,86.130,86.167,88.938,33.000,84.917,29.000,34.028,other,0,-1,4,6
4541,41,39.838,41.476,42.585,86.322,86.304,89.036,25.000,84.750,42.000,36.611,other,0,-1,5,6
4542,33,47.413,50.324,52.657,86.558,86.486,89.143,41.000,84.708,46.000,38.694,other,0,-1,6,6
4543,42,52.087,53.033,56.828,86.620,86.487,89.213,33.000,84.167,36.000,47.194,other,0,-1,7,6
4544,58,64.412,64.967,66.989,86.957,86.774,89.341,42.000,84.417,102.000,59.167,other,0,-1,8,6
4545,85,80.688,81.147,80.645,86.570,86.311,89.317,58.000,82.583,92.000,78.778,other,0,-1,9,6
4546,108,100.061,102.858,100.595,86.719,86.403,89.406,85.000,82.292,102.000,101.278,other,0,-1,10,6
4547,97,120.329,122.735,119.694,87.056,86.689,89.533,108.000,82.542,118.000,121.778,other,0,-1,11,6
4548,108,134.168,124.065,117.756,87.002,86.571,89.580,97.000,81.667,179.000,140.833,other,0,-1,12,6
4549,135,143.927,134.942,126.387,86.224,85.703,89.474,108.000,78.708,160.000,148.472,other,0,-1,13,6
4550,142,150.599,147.964,143.036,86.112,85.525,89.508,135.000,77.667,172.000,156.639,other,0,-1,14,6
4551,139,147.230,147.892,143.740,85.928,85.272,89.527,142.000,76.417,163.000,153.306,other,0,-1,15,6
4552,130,135.815,139.242,134.235,85.830,85.108,89.564,139.000,75.417,133.000,133.083,other,0,-1,16,6
4553,137,119.651,124.679,117.843,86.037,85.260,89.665,130.000,75.292,108.000,123.667,other,0,-1,17,6
4554,69,101.327,110.473,106.941,86.708,85.891,89.862,137.000,76.500,106.000,102.583,other,0,-1,18,6
4555,69,88.620,85.368,67.475,86.422,85.533,89.860,69.000,74.958,99.000,79.889,other,0,-1,19,6
4556,64,71.360,69.781,58.409,86.238,85.280,89.879,69.000,73.708,71.000,59.111,other,0,-1,20,6
4557,43,56.962,57.372,51.035,86.386,85.372,89.967,64.000,73.417,50.000,47.306,other,0,-1,21,6
4558,36,47.518,47.264,43.579,86.535,85.463,90.056,43.000,73.125,67.000,35.306,other,0,-1,22,6
4559,21,40.462,42.387,40.434,86.336,85.195,90.072,36.000,71.833,52.000,32.556,other,0,-1,23,6
4560,55,36.618,38.381,37.066,86.138,84.927,90.088,21.000,70.542,27.000,61.343,other,0,-1,0,0
4561,284,43.866,50.368,47.576,86.883,85.666,90.511,55.000,71.708,25.000,59.743,inside,1,0,1,0
4562,219,246.208,230.984,145.743,90.976,89.869,91.633,284.000,82.500,26.000,61.829,inside,1,1,2,0
4563,163,207.353,188.290,122.261,94.112,93.081,92.555,219.000,90.542,33.000,63.543,inside,1,2,3,0
4564,206,156.369,144.220,102.617,96.335,95.350,93.287,163.000,95.958,25.000,60.000,inside,1,3,4,0
4565,221,221.708,183.512,135.495,99.297,98.383,94.173,206.000,103.500,41.000,77.171,inside,1,4,5,0
4566,75,245.780,198.961,155.892,102.245,101.401,95.055,221.000,111.000,33.000,77.686,after,1,5,6,0
4567,90,67.901,84.998,89.085,103.194,102.350,95.521,75.000,112.750,42.000,91.543,after,1,6,7,0
4568,78,80.523,101.558,103.233,104.229,103.389,96.005,90.000,114.750,58.000,101.114,after,1,7,8,0
4569,84,89.336,108.776,105.215,104.859,104.008,96.403,78.000,115.583,85.000,122.829,after,1,8,9,0
4570,94,108.440,124.103,114.292,105.185,104.313,96.739,84.000,115.542,108.000,137.200,after,1,9,10,0
4571,129,127.588,137.377,124.179,105.322,104.423,97.035,94.000,114.958,97.000,150.314,after,1,10,11,0
4572,156,148.630,156.665,146.448,106.126,105.222,97.470,129.000,116.292,108.000,163.229,after,1,11,12,0
4573,170,165.274,170.841,164.030,107.161,106.261,97.954,156.000,118.292,135.000,172.800,after,1,12,13,0
4574,175,171.545,176.095,172.057,108.009,107.105,98.398,170.000,119.750,142.000,172.257,after,1,13,14,0
4575,150,167.653,173.084,171.929,108.827,107.919,98.836,175.000,121.125,139.000,183.343,after,1,14,15,0
4576,139,151.557,153.879,150.417,109.326,108.404,99.208,150.000,121.583,130.000,162.143,after,1,15,16,0
4577,159,135.250,137.905,136.118,109.797,108.858,99.574,139.000,121.958,137.000,148.800,after,1,16,17,0
4578,127,117.953,127.279,137.026,110.456,109.508,99.979,159.000,122.875,69.000,128.829,after,1,17,18,0
4579,123,97.759,102.623,109.670,111.636,110.697,100.492,127.000,125.292,69.000,110.171,after,1,18,19,0
4580,88,81.568,87.910,97.564,112.759,111.826,100.994,123.000,127.542,64.000,85.143,after,1,19,20,0
4581,73,68.363,71.439,78.009,113.446,112.505,101.405,88.000,128.542,43.000,75.143,after,1,20,21,0
4582,63,59.055,63.047,68.648,114.221,113.274,101.834,73.000,129.792,36.000,65.229,after,1,21,22,0
4583,79,53.885,59.160,62.835,114.953,113.999,102.254,63.000,130.917,21.000,63.543,after,1,22,23,0
4584,49,60.590,67.281,65.722,116.133,115.188,102.768,79.000,133.333,55.000,61.694,after,1,23,0,1
4585,52,51.885,55.916,57.981,116.220,115.300,103.062,49.000,133.083,284.000,62.000,after,1,24,1,1
4586,66,55.697,58.856,55.601,113.033,112.024,102.673,52.000,123.417,219.000,62.222,after,1,25,2,1
4587,66,65.697,66.417,58.877,110.991,109.932,102.522,66.000,117.042,163.000,61.389,after,1,26,3,1
4588,73,67.825,67.718,61.674,109.759,108.680,102.541,66.000,113.000,206.000,63.583,after,1,27,4,1
4589,73,71.511,71.896,67.927,108.007,106.888,102.451,73.000,107.458,221.000,65.139,after,1,28,5,1
4590,64,71.097,74.039,74.420,106.037,104.871,102.316,73.000,101.292,75.000,66.417,other,0,-1,6,1
4591,78,73.849,77.114,80.355,106.051,104.908,102.595,64.000,100.833,90.000,77.639,other,0,-1,7,1
4592,70,87.583,92.378,94.506,106.051,104.930,102.871,78.000,100.333,78.000,91.833,other,0,-1,8,1
4593,127,104.334,108.599,101.950,106.109,105.012,103.159,70.000,100.000,84.000,109.944,other,0,-1,9,1
4594,113,131.035,136.743,136.634,106.906,105.859,103.602,127.000,101.792,94.000,131.361,other,0,-1,10,1
4595,146,144.355,148.927,139.552,107.356,106.345,103.971,113.000,102.583,129.000,148.500,other,0,-1,11,1
4596,202,163.760,165.098,163.197,107.776,106.802,104.335,146.000,103.292,156.000,174.389,other,0,-1,12,1
4597,169,194.267,191.046,198.194,108.616,107.693,104.787,202.000,105.208,170.000,191.778,other,0,-1,13,1
4598,128,176.765,175.950,177.633,108.775,107.880,105.096,169.000,105.167,175.000,190.222,other,0,-1,14,1
4599,194,165.968,159.061,149.109,108.269,107.378,105.266,128.000,103.208,150.000,183.056,other,0,-1,15,1
4600,179,167.560,171.853,175.731,109.080,108.239,105.711,194.000,105.042,139.000,168.806,other,0,-1,16,1
4601,134,148.891,151.712,154.563,109.833,109.041,106.145,179.000,106.708,159.000,158.750,other,0,-1,17,1
4602,99,128.589,123.231,120.479,109.645,108.868,106.382,134.000,105.667,127.000,131.639,other,0,-1,18,1
4603,118,112.998,102.099,97.596,109.413,108.650,106.609,99.000,104.500,123.000,103.944,other,0,-1,19,1
4604,97,93.119,89.937,96.650,109.515,108.777,106.906,118.000,104.292,88.000,92.389,other,0,-1,20,1
4605,88,79.667,76.303,82.431,109.819,109.114,107.246,97.000,104.667,73.000,77.389,other,0,-1,21,1
4606,81,69.719,69.259,72.812,110.210,109.541,107.604,88.000,105.292,63.000,64.944,other,0,-1,22,1
4607,61,64.590,66.478,64.781,110.645,110.012,107.970,81.000,106.042,79.000,62.889,other,0,-1,23,1
4608,49,60.595,61.382,54.906,110.558,109.944,108.228,61.000,105.292,49.000,59.639,other,0,-1,0,2
4609,57,58.133,58.746,55.124,110.435,109.877,108.279,49.000,105.292,52.000,64.167,other,0,-1,1,2
4610,69,60.643,62.417,55.491,110.384,109.884,108.346,57.000,105.500,66.000,56.194,other,0,-1,2,2
4611,51,66.877,68.069,58.172,110.304,109.861,108.406,69.000,105.625,66.000,60.528,other,0,-1,3,2
4612,52,63.823,62.551,56.560,109.964,109.568,108.411,51.000,105.000,73.000,62.444,other,0,-1,4,2
4613,62,66.974,64.190,60.253,109.536,109.186,108.399,52.000,104.125,73.000,62.833,other,0,-1,5,2
4614,76,73.491,69.584,67.833,109.254,108.953,108.417,62.000,103.667,64.000,70.472,other,0,-1,6,2
4615,74,83.659,78.206,78.957,109.304,109.065,108.504,76.000,104.167,78.000,78.639,other,0,-1,7,2
4616,82,96.677,87.782,87.892,109.123,108.937,108.543,74.000,104.000,70.000,89.639,other,0,-1,8,2
4617,114,114.466,105.031,101.481,109.173,109.049,108.630,82.000,104.500,127.000,104.833,other,0,-1,9,2
4618,118,133.867,126.130,125.403,108.862,108.787,108.642,114.000,103.958,113.000,127.694,other,0,-1,10,2
4619,166,150.066,145.889,138.559,108.811,108.794,108.708,118.000,104.167,146.000,145.361,other,0,-1,11,2
4620,151,168.654,165.028,169.340,108.977,109.026,108.820,166.000,105.000,202.000,159.222,other,0,-1,12,2
4621,176,169.785,169.780,166.491,108.115,108.194,108.717,151.000,102.875,169.000,182.222,other,0,-1,13,2
4622,178,173.769,177.758,177.713,108.093,108.231,108.789,176.000,103.167,128.000,185.000,other,0,-1,14,2
4623,170,168.634,175.028,172.713,108.694,108.912,108.991,178.000,105.250,194.000,172.750,other,0,-1,15,2
4624,205,158.111,164.071,158.360,108.223,108.485,108.970,170.000,104.250,179.000,158.694,other,0,-1,16,2
4625,148,151.590,169.426,163.794,108.477,108.807,109.100,205.000,105.333,134.000,148.139,other,0,-1,17,2
4626,102,128.848,131.081,124.204,108.556,108.949,109.193,148.000,105.917,99.000,124.722,other,0,-1,18,2
4627,106,114.163,105.760,95.654,108.476,108.926,109.253,102.000,106.042,118.000,108.833,other,0,-1,19,2
4628,75,95.402,92.034,88.711,108.179,108.678,109.268,106.000,105.542,97.000,89.361,other,0,-1,20,2
4629,93,82.964,74.986,71.165,107.737,108.281,109.252,75.000,104.625,88.000,75.500,other,0,-1,21,2
4630,65,68.585,71.714,69.111,107.687,108.288,109.319,93.000,104.833,81.000,67.139,other,0,-1,22,2
4631,43,61.546,60.581,55.415,107.331,107.980,109.321,65.000,104.167,61.000,62.722,other,0,-1,23,2
4632,57,56.968,53.804,46.166,106.947,107.643,109.318,43.000,103.417,49.000,61.389,other,0,-1,0,3
4633,71,55.604,59.639,58.578,106.736,107.476,109.093,57.000,103.750,57.000,64.194,other,0,-1,1,3
4634,57,60.083,65.955,59.969,106.611,107.400,108.887,71.000,104.333,69.000,65.056,other,0,-1,2,3
4635,63,58.890,61.779,57.298,106.109,106.933,108.602,57.000,103.833,51.000,61.583,other,0,-1,3,3
4636,83,62.892,64.773,60.194,105.955,106.827,108.390,63.000,104.333,52.000,61.250,other,0,-1,4,3
4637,61,72.111,73.185,68.306,106.077,107.005,108.235,83.000,105.625,62.000,63.500,other,0,-1,5,3
4638,60,70.427,67.174,68.577,105.735,106.704,107.983,61.000,105.583,76.000,67.778,other,0,-1,6,3
4639,67,79.840,72.357,75.568,105.175,106.177,107.686,60.000,104.917,74.000,79.889,other,0,-1,7,3
4640,82,94.366,84.002,86.837,104.746,105.786,107.416,67.000,104.625,82.000,92.417,other,0,-1,8,3
4641,119,111.847,102.318,102.845,104.418,105.500,107.168,82.000,104.625,114.000,115.000,other,0,-1,9,3
4642,124,130.821,126.490,128.603,104.163,105.288,106.934,119.000,104.833,118.000,126.583,other,0,-1,10,3
4643,140,147.583,147.565,142.520,103.922,105.092,106.704,124.000,105.083,166.000,145.861,other,0,-1,11,3
4644,170,161.100,162.849,158.034,103.218,104.415,106.376,140.000,104.000,151.000,168.111,other,0,-1,12,3
4645,186,172.323,175.905,175.287,103.166,104.414,106.185,170.000,104.792,176.000,177.472,other,0,-1,13,3
4646,159,176.076,181.586,182.109,102.983,104.277,105.967,186.000,105.208,178.000,176.694,other,0,-1,14,3
4647,175,164.842,165.850,164.585,102.380,103.706,105.661,159.000,104.417,170.000,173.972,other,0,-1,15,3
4648,172,156.728,163.156,162.841,102.125,103.495,105.427,175.000,104.625,205.000,162.111,other,0,-1,16,3
4649,117,140.402,150.686,150.084,101.319,102.713,105.079,172.000,103.250,148.000,150.028,other,0,-1,17,3
4650,138,122.717,119.844,115.140,100.542,101.962,104.736,117.000,101.958,102.000,132.389,other,0,-1,18,3
4651,110,101.962,112.099,112.545,100.736,102.216,104.597,138.000,103.458,106.000,108.528,other,0,-1,19,3
4652,90,85.936,90.753,92.544,100.466,101.989,104.360,110.000,103.625,75.000,100.083,other,0,-1,20,3
4653,82,71.826,74.826,78.220,100.356,101.928,104.157,90.000,104.250,93.000,85.306,other,0,-1,21,3
4654,74,59.535,65.149,69.362,99.869,101.476,103.875,82.000,103.792,65.000,74.778,other,0,-1,22,3
4655,69,51.451,58.250,62.081,99.671,101.325,103.653,74.000,104.167,43.000,70.444,other,0,-1,23,3
4656,64,47.382,54.653,56.980,99.720,101.428,103.483,69.000,105.250,57.000,60.917,other,0,-1,0,4
4657,47,46.929,56.814,52.110,99.536,101.244,103.143,64.000,105.542,71.000,56.972,other,0,-1,1,4
4658,63,45.339,51.815,48.027,98.903,100.594,102.710,47.000,104.542,57.000,51.583,other,0,-1,2,4
4659,49,52.037,59.338,51.437,98.705,100.395,102.367,63.000,104.792,63.000,54.556,other,0,-1,3,4
4660,55,50.359,54.607,50.586,98.217,99.896,101.963,49.000,104.208,83.000,57.139,other,0,-1,4,4
4661,63,54.544,57.750,55.417,97.526,99.187,101.517,55.000,103.042,61.000,54.694,other,0,-1,5,4
4662,80,60.275,62.590,63.074,97.270,98.927,101.162,63.000,103.125,60.000,65.167,other,0,-1,6,4
4663,58,70.025,72.938,76.218,97.274,98.938,100.862,80.000,103.958,67.000,74.667,other,0,-1,7,4
4664,86,81.222,76.888,79.490,96.858,98.513,100.473,58.000,103.583,82.000,86.667,other,0,-1,8,4
4665,107,97.810,99.265,101.501,96.631,98.284,100.124,86.000,103.750,119.000,109.861,other,0,-1,9,4
4666,139,117.116,124.636,123.515,96.172,97.815,99.727,107.000,103.250,124.000,125.222,other,0,-1,10,4
4667,136,138.205,152.354,150.473,96.104,97.750,99.411,139.000,103.875,140.000,147.361,other,0,-1,11,4
4668,129,152.076,160.322,158.041,95.760,97.401,99.038,136.000,103.708,170.000,161.111,other,0,-1,12,4
4669,197,160.195,158.854,158.971,94.881,96.497,98.553,129.000,102.000,186.000,174.694,other,0,-1,13,4
4670,156,179.439,186.769,191.343,94.755,96.372,98.225,197.000,102.458,159.000,178.167,other,0,-1,14,4
4671,155,163.315,159.021,164.715,94.426,96.038,97.855,156.000,102.333,175.000,172.583,other,0,-1,15,4
4672,147,150.499,149.140,153.751,93.851,95.449,97.433,155.000,101.500,172.000,165.472,other,0,-1,16,4
4673,174,131.007,134.208,137.065,93.204,94.785,96.996,147.000,100.458,117.000,138.861,other,0,-1,17,4
4674,119,111.311,131.386,135.578,93.744,95.350,96.808,174.000,102.833,138.000,121.333,other,0,-1,18,4
4675,84,90.204,97.751,99.932,93.184,94.775,96.389,119.000,102.042,110.000,101.944,other,0,-1,19,4
4676,92,75.692,76.495,78.828,92.522,94.096,95.949,84.000,100.958,90.000,84.222,other,0,-1,20,4
4677,77,58.233,67.483,73.415,92.265,93.837,95.594,92.000,101.042,82.000,70.889,other,0,-1,21,4
4678,49,47.356,56.257,63.579,91.908,93.473,95.218,77.000,100.833,74.000,63.889,other,0,-1,22,4
4679,63,40.706,44.341,53.111,91.260,92.808,94.781,49.000,99.792,69.000,57.111,other,0,-1,23,4
4680,39,36.396,46.783,52.401,90.888,92.429,94.402,63.000,99.542,64.000,38.722,other,0,-1,0,5
4681,55,34.106,41.161,31.932,90.498,91.980,94.124,39.000,98.500,47.000,42.139,other,0,-1,1,5
4682,33,40.875,49.363,35.372,90.586,92.025,93.947,55.000,98.833,63.000,43.389,other,0,-1,2,5
4683,37,37.046,42.192,32.862,90.123,91.501,93.655,33.000,97.583,49.000,43.528,other,0,-1,3,5
4684,25,40.667,44.824,36.419,89.921,91.247,93.417,37.000,97.083,55.000,42.111,other,0,-1,4,5
4685,46,40.955,42.225,37.903,89.458,90.723,93.124,25.000,95.833,63.000,43.028,other,0,-1,5,5
4686,51,49.278,51.723,48.888,89.184,90.394,92.871,46.000,95.125,80.000,55.167,other,0,-1,6,5
4687,63,56.436,58.360,58.066,88.736,89.884,92.582,51.000,93.917,58.000,63.917,other,0,-1,7,5
4688,73,68.357,71.111,71.658,88.780,89.885,92.395,63.000,94.125,86.000,81.722,other,0,-1,8,5
4689,96,84.208,86.981,86.214,88.564,89.616,92.154,73.000,93.583,107.000,98.167,other,0,-1,9,5
4690,112,103.220,110.108,108.240,88.376,89.376,91.919,96.000,93.125,139.000,102.556,other,0,-1,10,5
4691,96,122.244,129.327,126.993,87.957,88.897,91.636,112.000,92.000,136.000,122.722,other,0,-1,11,5
4692,176,135.369,130.216,125.112,87.349,88.223,91.313,96.000,90.333,129.000,141.028,other,0,-1,12,5
4693,156,161.560,173.741,179.164,88.002,88.853,91.254,176.000,92.292,197.000,161.333,other,0,-1,13,5
4694,165,157.355,158.795,165.044,87.380,88.164,90.928,156.000,90.583,156.000,179.778,other,0,-1,14,5
4695,171,154.562,157.393,165.086,87.482,88.225,90.753,165.000,90.958,155.000,180.472,other,0,-1,15,5
4696,119,142.568,150.465,157.779,87.686,88.390,90.600,171.000,91.625,147.000,165.833,other,0,-1,16,5
4697,134,120.259,120.901,115.089,87.252,87.896,90.314,119.000,90.458,174.000,148.556,other,0,-1,17,5
4698,93,100.470,109.622,106.466,86.645,87.222,89.991,134.000,88.792,119.000,114.861,other,0,-1,18,5
4699,88,84.292,85.786,77.008,86.240,86.758,89.711,93.000,87.708,84.000,90.528,other,0,-1,19,5
4700,80,66.598,70.268,65.656,86.270,86.743,89.521,88.000,87.875,92.000,74.972,other,0,-1,20,5
4701,56,52.038,57.640,56.832,86.068,86.489,89.283,80.000,87.375,77.000,60.444,other,0,-1,21,5
4702,51,42.441,45.686,47.427,85.735,86.100,89.018,56.000,86.500,49.000,52.389,other,0,-1,22,5
4703,65,35.091,41.122,43.560,85.736,86.055,88.822,51.000,86.583,63.000,44.139,other,0,-1,23,5
4704,24,34.862,46.166,43.890,85.737,86.011,88.627,65.000,86.667,39.000,32.472,other,0,-1,0,6
4705,27,29.972,33.577,30.733,85.770,85.982,88.691,24.000,86.042,55.000,34.500,other,0,-1,1,6
4706,27,32.447,36.839,32.566,85.615,85.759,88.716,27.000,84.875,33.000,33.361,other,0,-1,2,6
4707,26,35.087,38.899,34.928,85.778,85.866,88.808,27.000,84.625,37.000,35.222,other,0,-1,3,6
4708,34,37.284,40.126,38.123,85.869,85.898,88.884,26.000,84.167,25.000,34.028,other,0,-1,4,6
4709,33,42.164,44.946,44.709,86.250,86.229,89.021,34.000,84.542,46.000,36.611,other,0,-1,5,6
4710,32,45.092,47.412,50.197,86.312,86.231,89.091,33.000,84.000,51.000,38.694,other,0,-1,6,6
4711,46,51.672,52.804,56.420,86.287,86.143,89.143,32.000,83.208,63.000,47.194,other,0,-1,7,6
4712,49,64.117,66.156,68.383,86.291,86.084,89.201,46.000,82.500,73.000,59.167,other,0,-1,8,6
4713,69,80.513,78.300,76.837,86.193,85.921,89.239,49.000,81.500,96.000,78.778,other,0,-1,9,6
4714,100,99.064,95.965,92.609,86.053,85.713,89.266,69.000,80.375,112.000,101.278,other,0,-1,10,6
4715,137,118.762,118.512,115.041,86.129,85.730,89.340,100.000,79.875,96.000,121.778,other,0,-1,11,6
4716,148,140.245,144.435,142.651,86.973,86.541,89.574,137.000,81.583,176.000,140.833,other,0,-1,12,6
4717,148,151.495,153.206,152.483,86.818,86.318,89.598,148.000,80.417,156.000,148.472,other,0,-1,13,6
4718,153,153.960,152.963,151.864,86.952,86.394,89.684,148.000,80.083,165.000,156.639,other,0,-1,14,6
4719,142,150.244,151.221,151.207,87.029,86.411,89.757,153.000,79.583,171.000,153.306,other,0,-1,15,6
4720,122,137.679,138.960,136.200,86.859,86.173,89.779,142.000,78.375,119.000,133.083,other,0,-1,16,6
4721,107,121.622,121.451,113.652,87.153,86.414,89.898,122.000,78.500,134.000,123.667,other,0,-1,17,6
4722,90,104.957,103.615,93.664,87.012,86.206,89.926,107.000,77.375,93.000,102.583,other,0,-1,18,6
4723,70,88.326,85.259,74.714,87.219,86.358,90.026,90.000,77.250,88.000,79.889,other,0,-1,19,6
4724,58,73.330,68.474,59.456,87.208,86.285,90.082,70.000,76.500,80.000,59.111,other,0,-1,20,6
4725,45,59.305,55.604,50.778,87.140,86.151,90.125,58.000,75.583,56.000,47.306,other,0,-1,21,6
4726,40,48.675,46.591,45.047,87.231,86.183,90.201,45.000,75.125,51.000,35.306,other,0,-1,22,6
4727,52,41.405,42.465,42.474,87.322,86.215,90.277,40.000,74.667,65.000,32.556,other,0,-1,23,6
4728,63,40.743,46.337,43.800,87.383,86.216,90.348,52.000,74.125,24.000,61.343,other,0,-1,0,0
4729,54,47.155,53.557,51.085,88.289,87.121,90.804,63.000,75.750,27.000,59.743,other,0,-1,1,0
4730,66,47.820,54.175,50.444,89.020,87.845,91.224,54.000,76.875,27.000,61.829,other,0,-1,2,0
4731,64,57.776,63.941,56.119,89.925,88.749,91.681,66.000,78.500,26.000,63.543,other,0,-1,3,0
4732,43,59.001,65.021,59.983,90.816,89.638,92.134,64.000,80.083,34.000,60.000,other,0,-1,4,0
4733,65,50.160,56.264,59.803,91.286,90.093,92.500,43.000,80.458,33.000,77.171,other,0,-1,5,0
4734,65,60.163,69.695,72.848,92.090,90.892,92.935,65.000,81.792,32.000,77.686,other,0,-1,6,0
4735,71,63.226,75.300,80.642,92.908,91.706,93.373,65.000,83.167,46.000,91.543,other,0,-1,7,0
4736,66,73.605,88.035,91.089,93.611,92.401,93.787,71.000,84.208,49.000,101.114,other,0,-1,8,0
4737,111,89.014,100.456,97.112,94.197,92.975,94.177,66.000,84.917,69.000,122.829,other,0,-1,9,0
4738,136,113.731,131.230,125.374,95.146,93.924,94.642,111.000,86.667,100.000,137.200,other,0,-1,10,0
4739,168,137.774,151.882,145.650,96.007,94.783,95.090,136.000,88.167,137.000,150.314,other,0,-1,11,0
4740,186,163.955,173.348,169.772,96.797,95.568,95.522,168.000,89.458,148.000,163.229,other,0,-1,12,0
4741,213,178.957,183.942,183.632,97.687,96.457,95.975,186.000,91.042,148.000,172.800,other,0,-1,13,0
4742,179,194.743,197.690,200.897,98.969,97.751,96.510,213.000,93.750,153.000,172.257,other,0,-1,14,0
4743,128,169.285,169.164,173.597,99.686,98.460,96.927,179.000,94.833,142.000,183.343,other,0,-1,15,0
4744,183,153.267,141.776,135.386,99.823,98.570,97.223,128.000,94.250,122.000,162.143,other,0,-1,16,0
4745,158,142.076,144.800,157.218,101.047,99.804,97.746,183.000,96.792,107.000,148.800,other,0,-1,17,0
4746,129,119.543,118.907,129.829,102.126,100.888,98.239,158.000,98.917,90.000,128.829,other,0,-1,18,0
4747,103,100.192,96.101,103.673,103.031,101.792,98.695,129.000,100.542,70.000,110.171,other,0,-1,19,0
4748,368,84.330,78.524,83.984,103.850,102.606,99.134,103.000,101.917,58.000,85.143,inside,1,0,20,0
4749,265,286.233,208.422,190.194,108.681,107.573,100.410,368.000,114.833,45.000,75.143,inside,1,1,21,0
4750,227,204.510,174.086,123.094,112.208,111.191,101.414,265.000,124.000,40.000,65.229,inside,1,2,22,0
4751,190,175.861,165.556,107.618,115.257,114.313,102.318,227.000,131.792,52.000,63.543,inside,1,3,23,0
4752,257,150.509,150.052,98.144,117.596,116.702,103.074,190.000,137.542,63.000,61.694,inside,1,4,0,1
4753,47,217.598,196.769,122.584,120.580,119.812,103.973,257.000,145.625,54.000,62.000,after,1,5,1,1
4754,58,54.684,63.125,65.907,120.653,119.909,104.264,47.000,145.333,66.000,62.222,after,1,6,2,1
4755,73,61.031,69.696,69.376,120.711,119.991,104.552,58.000,145.000,64.000,61.389,after,1,7,3,1
4756,62,70.003,77.733,75.254,121.015,120.328,104.892,73.000,145.375,43.000,63.583,after,1,8,4,1
4757,54,65.965,72.340,76.955,121.464,120.814,105.262,62.000,146.167,65.000,65.139,after,1,9,5,1
4758,25,66.275,70.828,80.245,121.479,120.851,105.541,54.000,145.708,65.000,66.417,inside,-1,0,6,1
4759,36,74.043,70.534,79.006,121.073,120.454,105.732,25.000,144.042,71.000,77.639,inside,-1,1,7,1
4760,38,88.703,86.015,88.462,120.740,120.131,105.939,36.000,142.583,66.000,91.833,inside,-1,2,8,1
4761,49,107.727,105.932,96.422,120.509,119.913,106.166,38.000,141.417,111.000,109.944,inside,-1,3,9,1
4762,113,126.251,127.156,107.767,119.785,119.185,106.291,49.000,138.833,136.000,131.361,after,-1,4,10,1
4763,115,145.700,148.176,142.908,119.625,119.043,106.534,113.000,137.875,168.000,148.500,after,-1,5,11,1
4764,163,158.525,157.672,150.265,119.031,118.450,106.686,115.000,135.667,186.000,174.389,after,-1,6,12,1
4765,207,178.014,174.117,179.246,118.872,118.307,106.928,163.000,134.708,213.000,191.778,after,-1,7,13,1
4766,220,202.677,193.486,203.649,118.959,118.419,107.223,207.000,134.458,179.000,190.222,after,-1,8,14,1
4767,205,202.813,195.970,204.798,119.727,119.236,107.659,220.000,136.167,128.000,183.056,after,-1,9,15,1
4768,187,177.490,177.143,184.683,121.016,120.592,108.204,205.000,139.375,183.000,168.806,after,-1,10,16,1
4769,144,153.137,154.441,161.206,121.248,120.854,108.529,187.000,139.542,158.000,158.750,after,-1,11,17,1
4770,115,128.088,123.405,128.328,121.220,120.846,108.799,144.000,138.958,129.000,131.639,after,-1,12,18,1
4771,101,109.906,101.287,108.288,121.191,120.838,109.069,115.000,138.375,103.000,103.944,after,-1,13,19,1
4772,84,92.850,85.037,97.354,121.336,121.010,109.375,101.000,138.292,368.000,92.389,after,-1,14,20,1
4773,72,78.868,71.328,87.423,117.395,116.954,108.828,84.000,126.458,265.000,77.389,after,-1,15,21,1
4774,106,68.089,62.718,75.857,114.774,114.263,108.557,72.000,118.417,227.000,64.944,after,-1,16,22,1
4775,45,69.790,73.404,76.098,113.195,112.651,108.503,106.000,113.375,190.000,62.889,after,-1,17,23,1
4776,70,57.152,53.822,52.965,111.268,110.679,108.377,45.000,107.333,257.000,59.639,after,-1,18,0,2
4777,66,60.601,63.049,56.685,108.436,107.808,107.862,70.000,99.542,47.000,64.167,after,-1,19,1,2
4778,48,62.098,63.327,54.943,108.588,108.025,107.970,66.000,100.333,58.000,56.194,after,-1,20,2,2
4779,68,59.955,58.438,52.222,108.320,107.807,107.991,48.000,99.917,73.000,60.528,after,-1,21,3,2
4780,80,68.241,66.617,57.953,108.124,107.664,108.027,68.000,99.708,62.000,62.444,after,-1,22,4,2
4781,64,75.192,72.202,64.554,108.261,107.866,108.133,80.000,100.458,54.000,62.833,after,-1,23,5,2
4782,53,74.112,68.795,66.952,108.283,107.949,108.214,64.000,100.875,25.000,70.472,after,-1,24,6,2
4783,85,82.705,72.744,72.000,108.565,108.300,108.350,53.000,102.042,36.000,78.639,after,-1,25,7,2
4784,85,98.599,88.764,90.718,109.152,108.967,108.549,85.000,104.083,38.000,89.639,after,-1,26,8,2
4785,112,115.752,104.883,102.405,109.709,109.604,108.742,85.000,106.042,49.000,104.833,after,-1,27,9,2
4786,115,135.183,126.232,124.871,110.499,110.481,108.984,112.000,108.667,113.000,127.694,other,0,-1,10,2
4787,159,151.151,146.070,137.721,110.404,110.443,109.041,115.000,108.750,115.000,145.361,other,0,-1,11,2
4788,177,167.913,164.145,166.542,110.919,111.035,109.225,159.000,110.583,163.000,159.222,other,0,-1,12,2
4789,164,176.414,176.644,179.892,110.998,111.177,109.319,177.000,111.167,207.000,182.222,other,0,-1,13,2
4790,170,171.947,174.296,172.301,110.252,110.464,109.240,164.000,109.375,220.000,185.000,other,0,-1,14,2
4791,163,167.342,172.216,168.735,109.404,109.647,109.140,170.000,107.292,205.000,172.750,other,0,-1,15,2
4792,189,157.374,161.717,154.925,108.673,108.950,109.064,163.000,105.542,187.000,158.694,other,0,-1,16,2
4793,139,147.689,160.895,155.712,108.578,108.912,109.121,189.000,105.625,144.000,148.139,other,0,-1,17,2
4794,139,129.046,128.688,120.580,108.382,108.769,109.157,139.000,105.417,115.000,124.722,other,0,-1,18,2
4795,85,110.634,114.212,110.334,108.607,109.061,109.280,139.000,106.417,101.000,108.833,other,0,-1,19,2
4796,98,98.453,88.852,82.093,108.252,108.753,109.283,85.000,105.750,84.000,89.361,other,0,-1,20,2
4797,81,80.118,79.926,78.653,108.331,108.895,109.376,98.000,106.333,72.000,75.500,other,0,-1,21,2
4798,53,69.163,68.913,66.425,108.338,108.963,109.455,81.000,106.708,106.000,67.139,other,0,-1,22,2
4799,54,62.271,58.377,53.033,107.447,108.100,109.345,53.000,104.500,45.000,62.722,other,0,-1,23,2
4800,62,56.991,56.935,48.800,107.454,108.167,109.424,54.000,104.875,70.000,61.389,other,0,-1,0,3
4801,40,56.236,61.769,60.154,107.011,107.761,109.151,62.000,104.542,66.000,64.194,other,0,-1,1,3
4802,56,54.431,55.723,54.599,106.307,107.085,108.824,40.000,103.458,48.000,65.056,other,0,-1,2,3
4803,52,58.656,61.804,57.571,106.095,106.918,108.599,56.000,103.792,68.000,61.583,other,0,-1,3,3
4804,51,60.255,61.243,58.302,105.535,106.392,108.302,52.000,103.125,80.000,61.250,other,0,-1,4,3
4805,82,63.443,62.065,61.239,104.787,105.671,107.966,51.000,101.917,64.000,63.500,other,0,-1,5,3
4806,85,74.421,73.859,73.861,104.721,105.654,107.771,82.000,102.667,53.000,67.778,other,0,-1,6,3
4807,79,81.835,78.287,82.517,104.856,105.848,107.620,85.000,104.000,85.000,79.889,other,0,-1,7,3
4808,80,93.905,85.605,90.460,104.442,105.471,107.353,79.000,103.750,85.000,92.417,other,0,-1,8,3
4809,111,111.741,102.161,102.127,104.042,105.110,107.089,80.000,103.542,112.000,115.000,other,0,-1,9,3
4810,150,130.139,125.692,125.492,103.700,104.808,106.837,111.000,103.500,115.000,126.583,other,0,-1,10,3
4811,156,150.347,150.935,152.604,103.879,105.047,106.695,150.000,104.958,159.000,145.861,other,0,-1,11,3
4812,174,163.083,166.217,164.236,103.508,104.715,106.437,156.000,104.833,177.000,168.111,other,0,-1,12,3
4813,156,172.867,177.264,176.575,103.137,104.384,106.179,174.000,104.708,164.000,177.472,other,0,-1,13,3
4814,135,169.332,170.284,168.291,102.693,103.977,105.906,156.000,104.375,170.000,176.694,other,0,-1,14,3
4815,168,161.572,158.539,153.592,101.858,103.166,105.552,135.000,102.917,163.000,173.972,other,0,-1,15,3
4816,166,155.297,160.324,159.103,101.603,102.955,105.318,168.000,103.125,189.000,162.111,other,0,-1,16,3
4817,182,139.584,148.298,147.164,100.942,102.324,105.000,166.000,102.167,139.000,150.028,other,0,-1,17,3
4818,153,122.111,144.633,142.885,101.237,102.682,104.881,182.000,103.958,139.000,132.389,other,0,-1,18,3
4819,85,101.136,119.178,118.656,101.112,102.605,104.675,153.000,104.542,85.000,108.528,other,0,-1,19,3
4820,90,89.543,85.496,84.444,100.785,102.319,104.427,85.000,104.542,98.000,100.083,other,0,-1,20,3
4821,81,71.968,75.579,78.054,100.341,101.913,104.154,90.000,104.208,81.000,85.306,other,0,-1,21,3
4822,64,59.832,65.675,68.786,100.014,101.626,103.905,81.000,104.208,53.000,74.778,other,0,-1,22,3
4823,63,52.113,56.119,59.317,99.845,101.505,103.690,64.000,104.667,54.000,70.444,other,0,-1,23,3
4824,87,47.253,53.516,55.011,99.648,101.353,103.468,63.000,105.042,62.000,60.917,other,0,-1,0,4
4825,45,54.082,67.545,56.014,99.725,101.438,103.183,87.000,106.083,40.000,56.972,other,0,-1,1,4
4826,70,45.316,51.931,46.885,99.512,101.224,102.837,45.000,106.292,56.000,51.583,other,0,-1,2,4
4827,69,54.907,62.991,52.192,99.429,101.144,102.518,70.000,106.875,52.000,54.556,other,0,-1,3,4
4828,75,57.023,63.227,54.234,99.390,101.110,102.208,69.000,107.583,51.000,57.139,other,0,-1,4,4
4829,65,61.363,66.278,59.836,99.453,101.180,101.920,75.000,108.583,82.000,54.694,other,0,-1,5,4
4830,78,60.855,63.689,63.439,98.921,100.636,101.507,65.000,107.875,85.000,65.167,other,0,-1,6,4
4831,66,69.632,72.456,75.543,98.534,100.242,101.125,78.000,107.583,79.000,74.667,other,0,-1,7,4
4832,106,80.800,78.610,82.128,98.061,99.758,100.724,66.000,107.042,80.000,86.667,other,0,-1,8,4
4833,95,98.613,104.841,109.596,98.152,99.858,100.442,106.000,108.125,111.000,109.861,other,0,-1,9,4
4834,114,116.892,121.537,118.338,97.635,99.329,100.032,95.000,107.458,150.000,125.222,other,0,-1,10,4
4835,146,135.359,143.819,138.859,96.828,98.500,99.562,114.000,105.958,156.000,147.361,other,0,-1,11,4
4836,162,153.790,163.662,162.727,96.398,98.060,99.171,146.000,105.542,174.000,161.111,other,0,-1,12,4
4837,185,166.238,171.708,174.594,95.939,97.591,98.774,162.000,105.042,156.000,174.694,other,0,-1,13,4
4838,165,175.356,179.635,185.254,96.073,97.736,98.500,185.000,106.250,135.000,178.167,other,0,-1,14,4
4839,165,165.216,162.786,169.567,96.223,97.897,98.230,165.000,107.500,168.000,172.583,other,0,-1,15,4
4840,131,152.268,153.091,159.133,95.894,97.562,97.860,165.000,107.375,166.000,165.472,other,0,-1,16,4
4841,134,130.613,129.603,130.318,95.102,96.748,97.393,131.000,105.917,182.000,138.861,other,0,-1,17,4
4842,118,110.256,116.257,118.219,94.121,95.739,96.886,134.000,103.917,153.000,121.333,other,0,-1,18,4
4843,82,90.902,97.464,100.007,93.329,94.925,96.419,118.000,102.458,85.000,101.944,other,0,-1,19,4
4844,67,76.679,76.044,78.962,93.000,94.591,96.049,82.000,102.333,90.000,84.222,other,0,-1,20,4
4845,61,62.117,61.453,68.012,92.381,93.957,95.618,67.000,101.375,81.000,70.889,other,0,-1,21,4
4846,63,49.209,51.709,61.172,91.806,93.368,95.197,61.000,100.542,64.000,63.889,other,0,-1,22,4
4847,54,40.095,47.694,57.236,91.507,93.063,94.832,63.000,100.500,63.000,57.111,other,0,-1,23,4
4848,37,35.833,43.355,52.151,91.091,92.639,94.444,54.000,100.125,87.000,38.722,other,0,-1,0,5
4849,38,33.734,39.824,33.049,90.338,91.815,94.091,37.000,98.042,45.000,42.139,other,0,-1,1,5
4850,41,35.749,41.863,33.627,90.209,91.636,93.868,38.000,97.750,70.000,43.389,other,0,-1,2,5
4851,42,39.291,44.572,35.615,89.761,91.126,93.579,41.000,96.542,69.000,43.528,other,0,-1,3,5
4852,57,42.256,46.174,38.566,89.341,90.647,93.296,42.000,95.417,75.000,42.111,other,0,-1,4,5
4853,46,50.230,53.613,46.578,89.053,90.303,93.039,57.000,94.667,65.000,43.028,other,0,-1,5,5
4854,54,49.370,51.381,49.642,88.749,89.944,92.780,46.000,93.875,78.000,55.167,other,0,-1,6,5
4855,64,56.993,59.139,59.561,88.373,89.510,92.506,54.000,92.875,66.000,63.917,other,0,-1,7,5
4856,64,68.588,71.311,72.250,88.316,89.405,92.298,64.000,92.792,106.000,81.722,other,0,-1,8,5
4857,109,84.549,83.805,82.067,87.680,88.701,91.970,64.000,91.042,95.000,98.167,other,0,-1,9,5
4858,85,104.619,116.359,114.877,87.855,88.837,91.810,109.000,91.625,114.000,102.556,other,0,-1,10,5
4859,125,121.525,117.522,111.168,87.406,88.327,91.521,85.000,90.417,146.000,122.722,other,0,-1,11,5
4860,153,138.920,142.881,141.340,87.074,87.938,91.256,125.000,89.542,162.000,141.028,other,0,-1,12,5
4861,171,153.829,159.518,162.838,86.916,87.729,91.027,153.000,89.167,185.000,161.333,other,0,-1,13,5
4862,186,161.203,166.822,173.828,86.685,87.445,90.783,171.000,88.583,165.000,179.778,other,0,-1,14,5
4863,178,160.262,168.600,177.872,86.961,87.685,90.645,186.000,89.458,165.000,180.472,other,0,-1,15,5
4864,103,144.258,153.796,161.714,87.121,87.805,90.482,178.000,90.000,131.000,165.833,other,0,-1,16,5
4865,110,121.782,117.629,107.670,86.687,87.311,90.196,103.000,88.833,134.000,148.556,other,0,-1,17,5
4866,118,102.366,104.223,96.395,86.311,86.877,89.922,110.000,87.833,118.000,114.861,other,0,-1,18,5
4867,73,81.812,89.878,85.793,86.283,86.803,89.720,118.000,87.833,82.000,90.528,other,0,-1,19,5
4868,90,68.889,67.785,61.978,86.125,86.593,89.491,73.000,87.458,67.000,74.972,other,0,-1,20,5
4869,72,51.259,59.435,59.550,86.430,86.864,89.359,90.000,88.417,61.000,60.444,other,0,-1,21,5
4870,63,41.501,49.007,51.052,86.561,86.954,89.190,72.000,88.875,63.000,52.389,other,0,-1,22,5
4871,49,35.403,44.261,46.316,86.533,86.880,88.989,63.000,88.875,54.000,44.139,other,0,-1,23,5
4872,27,32.082,40.141,41.882,86.433,86.730,88.772,49.000,88.667,37.000,32.472,other,0,-1,0,6
4873,37,30.289,34.102,32.148,86.538,86.777,88.851,27.000,88.250,38.000,34.500,other,0,-1,1,6
4874,34,35.152,40.449,35.517,86.774,86.959,88.958,37.000,88.208,41.000,33.361,other,0,-1,2,6
4875,27,37.247,41.504,37.397,86.923,87.050,89.046,34.000,87.917,42.000,35.222,other,0,-1,3,6
4876,35,37.494,40.282,39.282,86.956,87.022,89.111,27.000,87.292,57.000,34.028,other,0,-1,4,6
4877,34,42.454,45.122,45.734,86.887,86.889,89.154,35.000,86.375,46.000,36.611,other,0,-1,5,6
4878,38,45.293,47.527,51.120,86.964,86.905,89.227,34.000,85.875,54.000,38.694,other,0,-1,6,6
4879,56,52.305,54.431,58.846,86.982,86.862,89.288,38.000,85.208,64.000,47.194,other,0,-1,7,6
4880,50,64.946,69.465,72.575,87.117,86.939,89.374,56.000,84.875,64.000,59.167,other,0,-1,8,6
4881,69,80.656,78.567,77.495,87.164,86.925,89.441,50.000,84.292,109.000,78.778,other,0,-1,9,6
4882,87,99.217,95.882,92.736,86.835,86.522,89.430,69.000,82.625,85.000,101.278,other,0,-1,10,6
4883,110,118.235,112.292,107.859,87.114,86.749,89.546,87.000,82.708,125.000,121.778,other,0,-1,11,6
4884,176,135.101,129.952,125.490,87.147,86.721,89.610,110.000,82.083,153.000,140.833,other,0,-1,12,6
4885,126,162.378,170.977,172.436,87.731,87.262,89.789,176.000,83.042,171.000,148.472,other,0,-1,13,6
4886,175,150.730,143.932,137.182,87.329,86.784,89.763,126.000,81.167,186.000,156.639,other,0,-1,14,6
4887,104,155.163,161.776,166.527,87.420,86.816,89.839,175.000,80.708,178.000,153.306,other,0,-1,15,6
4888,142,137.384,129.853,113.873,86.598,85.903,89.725,104.000,77.625,103.000,133.083,other,0,-1,16,6
4889,150,121.146,126.674,124.757,87.413,86.684,89.952,142.000,79.250,110.000,123.667,other,0,-1,17,6
4890,88,102.727,112.612,113.685,88.243,87.480,90.183,150.000,80.917,118.000,102.583,other,0,-1,18,6
4891,66,87.697,85.251,73.705,88.059,87.227,90.202,88.000,79.667,73.000,79.889,other,0,-1,19,6
4892,58,73.059,68.327,57.927,88.208,87.319,90.290,66.000,79.375,90.000,59.111,other,0,-1,20,6
4893,48,58.486,55.726,50.062,87.994,87.036,90.303,58.000,78.042,72.000,47.306,other,0,-1,21,6
4894,22,47.668,47.177,44.650,87.897,86.873,90.340,48.000,77.042,63.000,35.306,other,0,-1,22,6
4895,36,41.365,39.386,38.319,87.553,86.455,90.326,22.000,75.333,49.000,32.556,other,0,-1,23,6
4896,68,37.742,41.639,39.615,87.615,86.456,90.396,36.000,74.792,27.000,61.343,other,0,-1,0,0
4897,78,49.085,56.042,50.337,88.549,87.390,90.859,68.000,76.500,37.000,59.743,other,0,-1,1,0
4898,68,60.347,67.238,54.360,89.484,88.325,91.321,78.000,78.208,34.000,61.829,other,0,-1,2,0
4899,57,58.967,65.291,55.006,90.316,89.154,91.762,68.000,79.625,27.000,63.543,other,0,-1,3,0
4900,66,55.126,61.404,56.623,91.091,89.923,92.191,57.000,80.875,35.000,60.000,other,0,-1,4,0
4901,61,60.652,67.913,64.948,91.880,90.707,92.624,66.000,82.167,34.000,77.171,other,0,-1,5,0
4902,58,58.385,67.895,70.538,92.612,91.432,93.044,61.000,83.292,38.000,77.686,other,0,-1,6,0
4903,67,61.151,72.403,77.420,93.242,92.051,93.443,58.000,84.125,56.000,91.543,other,0,-1,7,0
4904,85,72.694,86.455,88.984,93.741,92.536,93.814,67.000,84.583,50.000,101.114,other,0,-1,8,0
4905,119,90.688,107.321,104.862,94.588,93.380,94.259,85.000,86.042,69.000,122.829,other,0,-1,9,0
4906,118,116.366,135.212,129.410,95.653,94.449,94.748,119.000,88.125,87.000,137.200,other,0,-1,10,0
4907,141,132.572,143.579,135.660,96.442,95.233,95.180,118.000,89.417,110.000,150.314,other,0,-1,11,0
4908,148,152.585,158.863,153.315,97.231,96.017,95.613,141.000,90.708,176.000,163.229,other,0,-1,12,0
4909,218,162.783,163.951,159.468,97.166,95.917,95.866,148.000,89.542,126.000,172.800,other,0,-1,13,0
4910,208,199.839,201.880,204.350,98.839,97.616,96.483,218.000,93.375,175.000,172.257,other,0,-1,14,0
4911,170,182.548,186.065,192.972,99.657,98.430,96.921,208.000,94.750,104.000,183.343,other,0,-1,15,0
4912,163,155.598,154.805,160.093,100.953,99.739,97.459,170.000,97.500,142.000,162.143,other,0,-1,16,0
4913,161,138.180,137.680,145.188,101.598,100.373,97.861,163.000,98.375,150.000,148.800,other,0,-1,17,0
4914,113,119.359,119.663,131.352,102.097,100.858,98.233,161.000,98.833,88.000,128.829,other,0,-1,18,0
4915,109,99.806,93.585,97.465,102.800,101.552,98.647,113.000,99.875,66.000,110.171,other,0,-1,19,0
4916,94,82.758,78.686,85.696,103.763,102.516,99.115,109.000,101.667,58.000,85.143,other,0,-1,20,0
4917,57,69.827,66.993,73.371,104.624,103.376,99.563,94.000,103.167,48.000,75.143,other,0,-1,21,0
4918,68,60.537,55.301,59.337,105.095,103.830,99.928,57.000,103.542,22.000,65.229,other,0,-1,22,0
4919,52,56.190,56.175,58.666,106.102,104.839,100.406,68.000,105.458,36.000,63.543,other,0,-1,23,0
4920,56,53.232,52.848,53.589,106.674,105.399,100.793,52.000,106.125,68.000,61.694,other,0,-1,0,1
4921,61,54.203,54.946,53.929,106.674,105.421,101.069,56.000,105.625,78.000,62.000,other,0,-1,1,1
4922,56,58.851,59.529,54.409,106.601,105.368,101.330,61.000,104.917,68.000,62.222,other,0,-1,2,1
4923,57,59.998,59.698,54.807,106.601,105.390,101.606,56.000,104.417,57.000,61.389,other,0,-1,3,1
4924,81,62.415,61.749,58.222,106.775,105.592,101.918,57.000,104.417,66.000,63.583,other,0,-1,4,1
4925,50,74.322,73.639,68.988,107.167,106.018,102.276,81.000,105.042,61.000,65.139,other,0,-1,5,1
4926,71,65.132,64.900,68.121,107.181,106.055,102.555,50.000,104.583,58.000,66.417,other,0,-1,6,1
4927,76,75.833,78.114,82.163,107.543,106.452,102.907,71.000,105.125,67.000,77.639,other,0,-1,7,1
4928,86,88.120,91.178,93.636,107.848,106.789,103.246,76.000,105.500,85.000,91.833,other,0,-1,8,1
4929,95,105.914,110.272,107.894,108.036,107.006,103.561,86.000,105.542,119.000,109.944,other,0,-1,9,1
4930,125,125.728,130.533,122.037,107.862,106.848,103.801,95.000,104.542,118.000,131.361,other,0,-1,10,1
4931,147,147.031,150.516,145.370,108.138,107.155,104.135,125.000,104.833,141.000,148.500,other,0,-1,11,1
4932,138,164.546,165.087,163.732,108.399,107.447,104.465,147.000,105.083,148.000,174.389,other,0,-1,12,1
4933,158,169.595,166.747,161.905,108.428,107.499,104.747,138.000,104.667,218.000,191.778,other,0,-1,13,1
4934,176,174.349,172.122,171.332,107.732,106.801,104.878,158.000,102.167,208.000,190.222,other,0,-1,14,1
4935,155,173.354,173.745,175.384,107.443,106.523,105.094,176.000,100.833,170.000,183.056,other,0,-1,15,1
4936,189,159.394,157.336,153.792,107.400,106.500,105.361,155.000,100.208,163.000,168.806,other,0,-1,16,1
4937,141,150.949,156.052,159.817,107.950,107.092,105.752,189.000,101.292,161.000,158.750,other,0,-1,17,1
4938,126,127.739,124.970,123.338,107.834,106.994,106.003,141.000,100.458,113.000,131.639,other,0,-1,18,1
4939,120,109.513,105.769,106.767,108.197,107.391,106.355,126.000,101.000,109.000,103.944,other,0,-1,19,1
4940,92,92.310,90.608,95.946,108.530,107.758,106.701,120.000,101.458,94.000,92.389,other,0,-1,20,1
4941,89,79.131,75.672,79.265,108.675,107.929,107.007,92.000,101.375,57.000,77.389,other,0,-1,21,1
4942,78,69.119,69.786,71.394,109.312,108.611,107.416,89.000,102.708,68.000,64.944,other,0,-1,22,1
4943,70,63.619,65.845,62.067,109.631,108.963,107.759,78.000,103.125,52.000,62.889,other,0,-1,23,1
4944,64,61.854,64.718,55.593,110.066,109.435,108.125,70.000,103.875,56.000,59.639,other,0,-1,0,2
4945,64,59.871,63.776,56.403,110.058,109.487,108.201,64.000,104.208,61.000,64.167,other,0,-1,1,2
4946,16,62.113,65.215,55.274,109.979,109.464,108.261,64.000,104.333,56.000,56.194,inside,-1,0,2,2
4947,19,56.890,52.498,47.214,109.276,108.797,108.191,16.000,102.667,57.000,60.528,inside,-1,1,3,2
4948,21,59.544,54.486,49.435,108.602,108.159,108.127,19.000,101.083,81.000,62.444,inside,-1,2,4,2
4949,64,64.088,57.246,52.977,107.610,107.192,107.997,21.000,98.583,50.000,62.833,after,-1,3,5,2
4950,56,73.584,70.168,67.263,107.689,107.334,108.090,64.000,99.167,71.000,70.472,after,-1,4,6,2
4951,68,81.943,74.268,72.822,107.349,107.041,108.096,56.000,98.542,76.000,78.639,after,-1,5,7,2
4952,95,96.550,87.045,85.467,107.109,106.854,108.123,68.000,98.208,86.000,89.639,after,-1,6,8,2
4953,113,114.740,105.490,105.616,107.116,106.921,108.201,95.000,98.583,95.000,104.833,after,-1,7,9,2
4954,117,134.079,125.999,125.005,107.254,107.123,108.306,113.000,99.333,125.000,127.694,after,-1,8,10,2
4955,128,150.271,145.748,138.420,107.015,106.935,108.333,117.000,99.000,147.000,145.361,after,-1,9,11,2
4956,146,162.200,159.874,152.126,106.616,106.582,108.327,128.000,98.208,138.000,159.222,after,-1,10,12,2
4957,168,169.304,168.741,164.816,106.609,106.634,108.402,146.000,98.542,158.000,182.222,after,-1,11,13,2
4958,128,172.346,175.183,174.412,106.630,106.717,108.483,168.000,98.958,176.000,185.000,after,-1,12,14,2
4959,195,161.321,160.612,148.487,105.812,105.929,108.389,128.000,96.958,155.000,172.750,after,-1,13,15,2
4960,189,163.296,174.288,171.093,106.268,106.461,108.561,195.000,98.625,189.000,158.694,after,-1,14,16,2
4961,177,148.065,160.733,155.295,106.145,106.393,108.612,189.000,98.625,141.000,148.139,after,-1,15,17,2
4962,89,129.601,142.543,136.664,106.543,106.865,108.772,177.000,100.125,126.000,124.722,after,-1,16,18,2
4963,101,114.448,104.566,90.205,105.883,106.243,108.712,89.000,98.583,120.000,108.833,after,-1,17,19,2
4964,99,95.126,91.337,86.020,105.485,105.890,108.705,101.000,97.792,92.000,89.361,after,-1,18,20,2
4965,72,79.242,80.148,77.270,105.463,105.927,108.777,99.000,98.083,89.000,75.500,after,-1,19,21,2
4966,29,69.124,66.717,61.954,105.093,105.605,108.777,72.000,97.375,78.000,67.139,inside,-1,0,22,2
4967,17,63.986,54.676,46.047,104.260,104.802,108.680,29.000,95.333,70.000,62.722,inside,-1,1,23,2
4968,81,58.029,49.721,39.521,103.369,103.940,108.571,17.000,93.125,64.000,61.389,after,-1,2,0,3
4969,58,59.627,68.617,61.543,103.288,103.908,108.373,81.000,93.833,64.000,64.194,after,-1,3,1,3
4970,67,56.379,61.153,55.568,102.873,103.532,108.107,58.000,93.583,16.000,65.056,after,-1,4,2,3
4971,64,61.077,65.621,57.606,103.284,104.010,108.012,67.000,95.708,19.000,61.583,after,-1,5,3,3
4972,58,62.703,65.225,58.962,103.609,104.398,107.900,64.000,97.583,21.000,61.250,after,-1,6,4,3
4973,66,64.279,64.065,61.394,103.817,104.667,107.763,58.000,99.125,64.000,63.500,after,-1,7,5,3
4974,62,70.673,68.563,68.820,103.518,104.410,107.520,66.000,99.208,56.000,67.778,after,-1,8,6,3
4975,83,79.429,72.684,75.437,103.277,104.214,107.290,62.000,99.458,68.000,79.889,after,-1,9,7,3
4976,106,93.891,86.153,91.286,103.167,104.152,107.087,83.000,100.083,95.000,92.417,after,-1,10,8,3
4977,114,111.895,104.576,110.804,102.999,104.030,106.871,106.000,100.542,113.000,115.000,after,-1,11,9,3
4978,128,130.493,125.558,126.525,102.685,103.759,106.626,114.000,100.583,117.000,126.583,after,-1,12,10,3
4979,151,147.898,147.321,143.791,102.517,103.638,106.410,128.000,101.042,128.000,145.861,after,-1,13,11,3
4980,136,162.659,164.652,162.037,102.523,103.696,106.231,151.000,102.000,146.000,168.111,after,-1,14,12,3
4981,188,166.360,165.992,160.498,102.050,103.260,105.952,136.000,101.583,168.000,177.472,after,-1,15,13,3
4982,162,176.859,182.035,182.372,102.012,103.273,105.764,188.000,102.417,128.000,176.694,after,-1,16,14,3
4983,173,165.504,166.820,165.959,102.177,103.496,105.618,162.000,103.833,195.000,173.972,after,-1,17,15,3
4984,155,156.386,162.296,161.719,101.531,102.880,105.303,173.000,102.917,189.000,162.111,after,-1,18,16,3
4985,178,139.215,144.186,142.329,100.710,102.084,104.952,155.000,101.500,177.000,150.028,after,-1,19,17,3
4986,136,121.715,142.223,140.958,100.397,101.812,104.706,178.000,101.542,89.000,132.389,after,-1,20,18,3
4987,112,101.964,111.553,111.561,100.750,102.231,104.600,136.000,103.500,101.000,108.528,after,-1,21,19,3
4988,89,85.457,91.689,92.770,100.582,102.109,104.384,112.000,103.958,99.000,100.083,after,-1,22,20,3
4989,58,71.736,74.731,77.241,100.109,101.673,104.105,89.000,103.542,72.000,85.306,after,-1,23,21,3
4990,74,62.241,59.245,62.610,99.579,101.176,103.814,58.000,102.958,29.000,74.778,after,-1,24,22,3
4991,45,51.415,58.463,61.085,99.903,101.565,103.702,74.000,104.833,17.000,70.444,after,-1,25,23,3
4992,67,47.018,48.037,51.054,99.981,101.698,103.538,45.000,106.000,81.000,60.917,other,0,-1,0,4
4993,46,47.730,58.163,51.548,99.493,101.199,103.134,67.000,105.417,58.000,56.972,other,0,-1,1,4
4994,39,45.260,51.681,46.725,99.034,100.729,102.737,46.000,104.917,67.000,51.583,other,0,-1,2,4
4995,57,45.981,50.382,45.809,98.343,100.020,102.291,39.000,103.750,64.000,54.556,other,0,-1,3,4
4996,69,52.668,57.765,51.222,97.956,99.626,101.909,57.000,103.458,58.000,57.139,other,0,-1,4,4
4997,61,58.900,63.314,57.905,97.830,99.501,101.581,69.000,103.917,66.000,54.694,other,0,-1,5,4
4998,71,59.995,62.022,62.022,97.472,99.137,101.205,61.000,103.708,62.000,65.167,other,0,-1,6,4
4999,76,68.591,69.984,73.135,97.317,98.983,100.871,71.000,104.083,83.000,74.667,other,0,-1,7,4
5000,83,80.833,80.920,85.400,96.931,98.588,100.488,76.000,103.792,106.000,86.667,other,0,-1,8,4
5001,82,97.829,98.553,100.445,96.312,97.954,100.058,83.000,102.833,114.000,109.861,other,0,-1,9,4
5002,142,117.100,119.003,113.273,95.563,97.185,99.600,82.000,101.500,128.000,125.222,other,0,-1,10,4
5003,159,139.100,153.427,152.424,95.481,97.105,99.281,142.000,102.083,151.000,147.361,other,0,-1,11,4
5004,172,156.855,169.759,169.708,95.311,96.936,98.944,159.000,102.417,136.000,161.111,other,0,-1,12,4
5005,171,168.980,177.395,180.493,95.548,97.186,98.692,172.000,103.917,188.000,174.694,other,0,-1,13,4
5006,153,171.148,172.755,178.739,95.016,96.642,98.279,171.000,103.208,162.000,178.167,other,0,-1,14,4
5007,155,163.089,157.994,163.645,94.600,96.218,97.891,153.000,102.833,173.000,172.583,other,0,-1,15,4
5008,137,150.770,149.171,154.026,94.054,95.659,97.475,155.000,102.083,155.000,165.472,other,0,-1,16,4
5009,143,130.936,131.093,132.805,93.508,95.099,97.060,137.000,101.333,178.000,138.861,other,0,-1,17,4
5010,156,110.190,118.798,121.944,92.716,94.285,96.593,143.000,99.875,136.000,121.333,other,0,-1,18,4
5011,114,89.105,110.803,114.458,92.720,94.296,96.292,156.000,100.708,112.000,101.944,other,0,-1,19,4
5012,72,72.564,83.710,88.498,92.464,94.036,95.937,114.000,100.792,89.000,84.222,other,0,-1,20,4
5013,54,61.867,62.631,69.074,91.932,93.492,95.524,72.000,100.083,58.000,70.889,other,0,-1,21,4
5014,40,50.792,50.779,59.484,91.589,93.143,95.151,54.000,99.917,74.000,63.889,other,0,-1,22,4
5015,61,42.352,42.588,52.468,90.811,92.344,94.687,40.000,98.500,45.000,57.111,other,0,-1,23,4
5016,18,36.580,46.444,53.141,90.758,92.294,94.375,61.000,99.167,67.000,38.722,other,0,-1,0,5
5017,45,32.576,35.447,29.130,90.020,91.485,94.025,18.000,97.125,46.000,42.139,other,0,-1,1,5
5018,45,37.860,45.647,33.868,89.977,91.396,93.820,45.000,97.083,39.000,43.389,other,0,-1,2,5
5019,38,40.781,47.252,35.466,90.036,91.411,93.636,45.000,97.333,57.000,43.528,other,0,-1,3,5
5020,34,41.187,45.555,36.852,89.733,91.052,93.377,38.000,96.542,69.000,42.111,other,0,-1,4,5
5021,45,42.968,45.343,40.073,89.197,90.453,93.070,34.000,95.083,61.000,43.028,other,0,-1,5,5
5022,45,49.329,51.546,48.654,88.938,90.139,92.820,45.000,94.417,71.000,55.167,other,0,-1,6,5
5023,44,56.183,56.612,56.121,88.533,89.674,92.539,45.000,93.333,76.000,63.917,other,0,-1,7,5
5024,78,68.698,65.571,64.436,88.041,89.120,92.241,44.000,92.000,83.000,81.722,other,0,-1,8,5
5025,89,84.647,88.722,88.438,87.941,88.971,92.024,78.000,91.792,82.000,98.167,other,0,-1,9,5
5026,92,103.391,107.040,104.533,88.014,89.001,91.843,89.000,92.083,142.000,102.556,other,0,-1,10,5
5027,143,121.352,120.239,115.684,87.261,88.178,91.491,92.000,90.000,159.000,122.722,other,0,-1,11,5
5028,130,142.129,152.553,153.619,87.002,87.863,91.240,143.000,89.333,172.000,141.028,other,0,-1,12,5
5029,150,148.970,147.959,149.272,86.365,87.159,90.912,130.000,87.583,171.000,161.333,other,0,-1,13,5
5030,154,155.702,155.854,161.200,86.033,86.770,90.647,150.000,86.708,153.000,179.778,other,0,-1,14,5
5031,145,151.974,152.419,158.158,86.019,86.711,90.448,154.000,86.750,155.000,180.472,other,0,-1,15,5
5032,149,138.231,140.250,142.311,85.846,86.486,90.216,145.000,86.333,137.000,165.833,other,0,-1,16,5
5033,133,120.222,129.180,129.873,85.992,86.592,90.051,149.000,86.833,143.000,148.556,other,0,-1,17,5
5034,103,99.689,109.581,105.700,85.819,86.367,89.819,133.000,86.417,156.000,114.861,other,0,-1,18,5
5035,58,82.493,87.628,79.829,85.023,85.498,89.457,103.000,84.208,114.000,90.528,other,0,-1,19,5
5036,69,70.845,67.172,57.354,84.184,84.585,89.086,58.000,81.875,72.000,74.972,other,0,-1,20,5
5037,51,53.140,55.951,53.617,84.112,84.465,88.875,69.000,81.750,54.000,60.444,other,0,-1,21,5
5038,34,42.887,45.115,45.614,84.041,84.346,88.664,51.000,81.625,40.000,52.389,other,0,-1,22,5
5039,42,35.675,37.606,39.694,83.926,84.181,88.444,34.000,81.375,61.000,44.139,other,0,-1,23,5
5040,27,31.467,38.382,38.840,83.622,83.822,88.185,42.000,80.583,18.000,32.472,other,0,-1,0,6
5041,34,30.384,34.749,29.858,84.003,84.154,88.322,27.000,80.958,45.000,34.500,other,0,-1,1,6
5042,31,34.199,39.662,32.661,84.094,84.185,88.398,34.000,80.500,45.000,33.361,other,0,-1,2,6
5043,35,36.161,40.647,34.584,84.141,84.172,88.466,31.000,79.917,38.000,35.222,other,0,-1,3,6
5044,33,40.088,43.916,39.178,84.348,84.324,88.566,35.000,79.792,34.000,34.028,other,0,-1,4,6
5045,25,41.634,44.748,43.569,84.584,84.505,88.673,33.000,79.750,45.000,36.611,other,0,-1,5,6
5046,31,43.375,44.996,47.185,84.544,84.402,88.722,25.000,78.917,45.000,38.694,other,0,-1,6,6
5047,50,51.385,52.753,55.513,84.592,84.389,88.789,31.000,78.333,44.000,47.194,other,0,-1,7,6
5048,43,64.113,67.785,69.502,84.929,84.675,88.917,50.000,78.583,78.000,59.167,other,0,-1,8,6
5049,74,80.422,76.786,74.084,84.672,84.347,88.921,43.000,77.125,89.000,78.778,other,0,-1,9,6
5050,92,98.748,98.247,94.792,84.705,84.319,88.985,74.000,76.500,92.000,101.278,other,0,-1,10,6
5051,115,117.781,114.848,110.295,84.956,84.515,89.095,92.000,76.500,143.000,121.778,other,0,-1,11,6
5052,140,134.760,132.637,128.245,84.800,84.292,89.120,115.000,75.333,130.000,140.833,other,0,-1,12,6
5053,126,148.989,149.064,146.685,85.195,84.639,89.260,140.000,75.750,150.000,148.472,other,0,-1,13,6
5054,141,149.556,144.157,136.886,85.098,84.475,89.297,126.000,74.750,154.000,156.639,other,0,-1,14,6
5055,158,147.517,147.036,142.895,85.160,84.477,89.367,141.000,74.208,145.000,153.306,other,0,-1,15,6
5056,135,138.395,144.864,146.254,85.599,84.869,89.516,158.000,74.750,149.000,133.083,other,0,-1,16,6
5057,134,120.225,124.881,120.490,85.646,84.855,89.583,135.000,74.167,133.000,123.667,other,0,-1,17,6
5058,96,101.886,108.774,105.468,85.911,85.067,89.696,134.000,74.208,103.000,102.583,other,0,-1,18,6
5059,88,85.834,86.238,75.839,86.060,85.159,89.784,96.000,73.917,58.000,79.889,other,0,-1,19,6
5060,72,69.323,70.556,62.702,86.745,85.805,89.985,88.000,75.167,69.000,59.111,other,0,-1,20,6
5061,54,56.406,57.713,52.089,87.038,86.046,90.104,72.000,75.292,51.000,47.306,other,0,-1,21,6
5062,44,46.918,48.521,45.007,87.332,86.288,90.222,54.000,75.417,34.000,35.306,other,0,-1,22,6
5063,38,40.568,43.992,41.556,87.727,86.634,90.362,44.000,75.833,42.000,32.556,other,0,-1,23,6
5064,61,37.837,42.731,39.777,87.919,86.771,90.460,38.000,75.667,27.000,61.343,other,0,-1,0,0
5065,67,45.975,53.374,48.844,88.752,87.600,90.901,61.000,77.083,34.000,59.743,other,0,-1,1,0
5066,56,53.752,61.570,51.661,89.570,88.415,91.339,67.000,78.458,31.000,61.829,other,0,-1,2,0
5067,53,52.124,59.175,51.992,90.273,89.109,91.753,56.000,79.500,35.000,63.543,other,0,-1,3,0
5068,63,52.880,59.673,55.471,90.874,89.698,92.146,53.000,80.250,33.000,60.000,other,0,-1,4,0
5069,44,58.728,66.566,63.861,91.649,90.468,92.575,63.000,81.500,25.000,77.171,other,0,-1,5,0
5070,57,52.325,60.528,65.236,92.264,91.072,92.971,44.000,82.292,31.000,77.686,other,0,-1,6,0
5071,80,60.679,72.143,76.886,92.981,91.781,93.388,57.000,83.375,50.000,91.543,other,0,-1,7,0
5072,74,75.563,92.103,93.880,93.756,92.551,93.817,80.000,84.625,43.000,101.114,other,0,-1,8,0
5073,133,88.964,103.452,100.022,94.545,93.335,94.250,74.000,85.917,74.000,122.829,other,0,-1,9,0
5074,127,122.826,142.744,136.844,95.740,94.539,94.766,133.000,88.375,92.000,137.200,other,0,-1,10,0
5075,166,134.895,147.791,140.753,96.587,95.383,95.211,127.000,89.833,115.000,150.314,other,0,-1,11,0
5076,200,163.431,172.291,168.882,97.666,96.467,95.703,166.000,91.958,140.000,163.229,other,0,-1,12,0
5077,193,189.641,193.496,193.409,98.875,97.686,96.223,200.000,94.458,126.000,172.800,other,0,-1,13,0
5078,155,181.971,184.134,187.727,100.186,99.010,96.764,193.000,97.250,141.000,172.257,other,0,-1,14,0
5079,160,164.273,159.152,158.561,100.729,99.539,97.145,155.000,97.833,158.000,183.343,other,0,-1,15,0
5080,192,154.202,151.239,153.939,101.098,99.889,97.490,160.000,97.917,135.000,162.143,other,0,-1,16,0
5081,154,145.062,148.783,162.344,102.264,101.063,98.000,192.000,100.292,134.000,148.800,other,0,-1,17,0
5082,116,119.172,118.251,127.340,102.894,101.682,98.399,154.000,101.125,96.000,128.829,other,0,-1,18,0
5083,86,100.792,94.742,98.335,103.524,102.302,98.798,116.000,101.958,88.000,110.171,other,0,-1,19,0
5084,108,86.076,77.245,79.085,103.835,102.591,99.131,86.000,101.875,72.000,85.143,other,0,-1,20,0
5085,87,71.710,70.981,77.459,104.697,103.451,99.578,108.000,103.375,54.000,75.143,other,0,-1,21,0
5086,77,62.856,62.958,66.648,105.515,104.265,100.016,87.000,104.750,44.000,65.229,other,0,-1,22,0
5087,55,58.900,60.519,61.197,106.333,105.079,100.454,77.000,106.125,38.000,63.543,other,0,-1,23,0
5088,39,54.847,55.399,54.823,106.920,105.653,100.844,55.000,106.833,61.000,61.694,other,0,-1,0,1
5089,59,51.691,50.973,51.279,106.775,105.526,101.090,39.000,105.917,67.000,62.000,other,0,-1,1,1
5090,57,58.411,59.951,54.695,106.833,105.608,101.378,59.000,105.583,56.000,62.222,other,0,-1,2,1
5091,56,60.578,61.245,55.753,107.021,105.824,101.694,57.000,105.625,53.000,61.389,other,0,-1,3,1
5092,72,62.150,62.412,58.749,107.239,106.071,102.015,56.000,105.750,63.000,63.583,other,0,-1,4,1
5093,60,69.605,70.492,67.437,107.543,106.408,102.354,72.000,106.125,44.000,65.139,other,0,-1,5,1
5094,69,67.324,68.851,71.283,107.949,106.850,102.715,60.000,106.792,57.000,66.417,other,0,-1,6,1
5095,78,75.385,78.216,82.077,108.297,107.232,103.064,69.000,107.292,80.000,77.639,other,0,-1,7,1
5096,80,88.184,92.127,94.662,108.442,107.404,103.370,78.000,107.208,74.000,91.833,other,0,-1,8,1
5097,113,105.457,109.699,105.818,108.703,107.695,103.701,80.000,107.458,133.000,109.944,other,0,-1,9,1
5098,110,127.571,133.443,130.159,108.587,107.597,103.952,113.000,106.625,127.000,131.361,other,0,-1,10,1
5099,157,144.579,148.166,138.149,108.514,107.545,104.213,110.000,105.917,166.000,148.500,other,0,-1,11,1
5100,161,167.359,168.077,169.253,108.558,107.612,104.498,157.000,105.542,200.000,174.389,other,0,-1,12,1
5101,163,174.655,173.640,174.652,108.167,107.229,104.693,161.000,103.917,193.000,191.778,other,0,-1,13,1
5102,159,175.398,173.853,174.253,107.906,106.981,104.914,163.000,102.667,155.000,190.222,other,0,-1,14,1
5103,145,169.698,167.550,165.898,108.138,107.243,105.239,159.000,102.833,160.000,183.056,other,0,-1,15,1
5104,142,158.663,154.460,148.572,108.095,107.220,105.506,145.000,102.208,192.000,168.806,other,0,-1,16,1
5105,171,145.074,141.063,135.652,107.544,106.672,105.667,142.000,100.125,154.000,158.750,other,0,-1,17,1
5106,134,129.360,133.355,137.757,107.965,107.129,106.031,171.000,100.833,116.000,131.639,other,0,-1,18,1
5107,122,109.447,107.560,110.419,108.399,107.601,106.397,134.000,101.583,86.000,103.944,other,0,-1,19,1
5108,86,92.529,91.598,97.042,109.095,108.342,106.819,122.000,103.083,108.000,92.389,other,0,-1,20,1
5109,75,80.038,75.395,78.203,108.950,108.214,107.064,86.000,102.167,87.000,77.389,other,0,-1,21,1
5110,77,69.345,67.312,67.934,108.950,108.236,107.340,75.000,101.667,77.000,64.944,other,0,-1,22,1
5111,60,63.728,66.285,61.833,109.124,108.438,107.653,77.000,101.667,55.000,62.889,other,0,-1,23,1
5112,51,60.139,62.206,53.172,109.370,108.715,107.980,60.000,101.875,39.000,59.639,other,0,-1,0,2
5113,65,58.019,60.188,54.509,109.421,108.827,108.068,51.000,102.375,59.000,64.167,other,0,-1,1,2
5114,66,62.462,66.172,56.004,109.385,108.849,108.137,65.000,102.625,57.000,56.194,other,0,-1,2,2
5115,63,65.571,67.718,56.604,109.392,108.916,108.215,66.000,103.000,56.000,60.528,other,0,-1,3,2
5116,51,66.889,67.291,58.080,109.370,108.954,108.287,63.000,103.292,72.000,62.444,other,0,-1,4,2
5117,52,66.524,64.400,59.293,108.942,108.571,108.275,51.000,102.417,60.000,62.833,other,0,-1,5,2
5118,83,71.987,67.492,64.930,108.703,108.383,108.302,52.000,102.083,69.000,70.472,other,0,-1,6,2
5119,69,84.687,80.165,80.451,108.783,108.525,108.395,83.000,102.667,78.000,78.639,other,0,-1,7,2
5120,92,96.356,87.330,86.103,108.529,108.323,108.419,69.000,102.292,80.000,89.639,other,0,-1,8,2
5121,144,114.237,105.396,104.776,108.580,108.435,108.506,92.000,102.792,113.000,104.833,other,0,-1,9,2
5122,114,139.618,129.097,137.784,108.905,108.832,108.651,144.000,104.083,110.000,127.694,other,0,-1,10,2
5123,144,149.574,145.810,136.842,108.840,108.824,108.714,114.000,104.250,157.000,145.361,other,0,-1,11,2
5124,169,163.910,161.362,158.886,108.528,108.561,108.726,144.000,103.708,161.000,159.222,other,0,-1,12,2
5125,215,173.553,173.796,175.217,108.521,108.613,108.801,169.000,104.042,163.000,182.222,other,0,-1,13,2
5126,189,188.974,193.523,197.928,109.151,109.325,109.010,215.000,106.208,159.000,185.000,other,0,-1,14,2
5127,185,170.969,179.412,178.352,109.462,109.707,109.152,189.000,107.458,145.000,172.750,other,0,-1,15,2
5128,138,160.868,169.946,166.177,109.918,110.239,109.324,185.000,109.125,142.000,158.694,other,0,-1,16,2
5129,118,145.323,142.610,131.519,109.737,110.111,109.363,138.000,108.958,171.000,148.139,other,0,-1,17,2
5130,159,131.203,123.854,111.964,108.846,109.249,109.253,118.000,106.750,134.000,124.722,other,0,-1,18,2
5131,90,110.434,121.560,118.935,109.085,109.556,109.380,159.000,107.792,122.000,108.833,other,0,-1,19,2
5132,99,98.285,88.966,84.374,108.498,109.008,109.334,90.000,106.458,86.000,89.361,other,0,-1,20,2
5133,86,80.456,79.538,79.798,108.563,109.135,109.425,99.000,107.000,75.000,75.500,other,0,-1,21,2
5134,61,69.245,69.545,68.881,108.599,109.232,109.509,86.000,107.458,77.000,67.139,other,0,-1,22,2
5135,68,62.102,59.489,56.541,108.244,108.925,109.512,61.000,106.792,60.000,62.722,other,0,-1,23,2
5136,54,58.247,60.449,53.465,108.237,108.977,109.587,68.000,107.125,51.000,61.389,other,0,-1,0,3
5137,65,55.683,58.778,60.353,107.952,108.735,109.348,54.000,107.250,65.000,64.194,other,0,-1,1,3
5138,78,58.823,63.818,61.023,107.625,108.449,109.099,65.000,107.250,66.000,65.056,other,0,-1,2,3
5139,55,65.760,70.384,63.609,107.471,108.342,108.887,78.000,107.750,63.000,61.583,other,0,-1,3,3
5140,51,61.254,62.057,60.397,107.027,107.936,108.614,55.000,107.417,51.000,61.250,other,0,-1,4,3
5141,58,63.899,61.941,62.560,106.700,107.650,108.365,51.000,107.417,52.000,63.500,other,0,-1,5,3
5142,70,70.385,66.420,68.946,106.459,107.453,108.135,58.000,107.667,83.000,67.778,other,0,-1,6,3
5143,63,80.360,74.422,78.935,105.943,106.972,107.847,70.000,107.125,69.000,79.889,other,0,-1,7,3
5144,116,94.828,83.660,86.041,105.528,106.596,107.580,63.000,106.875,92.000,92.417,other,0,-1,8,3
5145,83,112.695,106.810,114.655,105.548,106.669,107.404,116.000,107.875,144.000,115.000,other,0,-1,9,3
5146,122,130.832,125.495,115.462,104.337,105.468,106.970,83.000,105.333,114.000,126.583,other,0,-1,10,3
5147,138,147.191,147.616,141.671,104.125,105.301,106.746,122.000,105.667,144.000,145.861,other,0,-1,11,3
5148,177,160.457,162.822,157.170,103.711,104.925,106.479,138.000,105.417,169.000,168.111,other,0,-1,12,3
5149,144,173.423,178.561,178.328,103.499,104.759,106.255,177.000,105.750,215.000,177.472,other,0,-1,13,3
5150,162,167.423,166.438,163.154,102.143,103.408,105.791,144.000,102.792,189.000,176.694,other,0,-1,14,3
5151,183,164.644,166.614,165.221,101.424,102.717,105.461,162.000,101.667,185.000,173.972,other,0,-1,15,3
5152,138,157.390,166.432,165.953,101.067,102.400,105.206,183.000,101.583,138.000,162.111,other,0,-1,16,3
5153,134,138.459,138.918,134.833,100.739,102.114,104.958,138.000,101.583,118.000,150.028,other,0,-1,17,3
5154,105,121.091,124.193,121.763,100.643,102.067,104.757,134.000,102.250,159.000,132.389,other,0,-1,18,3
5155,102,104.816,102.790,100.203,99.534,100.971,104.345,105.000,100.000,90.000,108.528,other,0,-1,19,3
5156,112,86.563,88.788,90.000,99.380,100.865,104.133,102.000,100.500,99.000,100.083,other,0,-1,20,3
5157,83,69.085,83.262,84.949,99.240,100.773,103.924,112.000,101.042,86.000,85.306,other,0,-1,21,3
5158,58,59.060,65.875,69.792,98.869,100.442,103.666,83.000,100.917,61.000,74.778,other,0,-1,22,3
5159,61,51.897,53.878,58.678,98.498,100.110,103.408,58.000,100.792,68.000,70.444,other,0,-1,23,3
5160,68,46.624,52.224,55.378,98.069,99.719,103.138,61.000,100.500,54.000,60.917,other,0,-1,0,4
5161,51,47.583,58.610,52.894,97.986,99.640,102.820,68.000,101.083,65.000,56.972,other,0,-1,1,4
5162,72,45.848,53.408,48.764,97.498,99.140,102.416,51.000,100.500,78.000,51.583,other,0,-1,2,4
5163,77,55.327,63.469,53.294,97.126,98.761,102.037,72.000,100.250,55.000,54.556,other,0,-1,3,4
5164,53,60.209,66.515,56.622,97.159,98.801,101.742,77.000,101.167,51.000,57.139,other,0,-1,4,4
5165,57,53.881,57.129,55.106,96.903,98.542,101.387,53.000,101.250,58.000,54.694,other,0,-1,5,4
5166,60,58.951,60.657,61.633,96.603,98.238,101.023,57.000,101.208,70.000,65.167,other,0,-1,6,4
5167,66,67.176,66.719,70.167,96.173,97.798,100.632,60.000,100.792,63.000,74.667,other,0,-1,7,4
5168,91,80.440,78.431,81.966,95.931,97.554,100.280,66.000,100.917,116.000,86.667,other,0,-1,8,4
5169,107,97.341,100.336,103.155,95.284,96.890,99.843,91.000,99.875,83.000,109.861,other,0,-1,9,4
5170,145,116.701,124.414,122.988,95.346,96.960,99.554,107.000,100.875,122.000,125.222,other,0,-1,10,4
5171,154,138.898,154.421,152.562,95.394,97.016,99.263,145.000,101.833,138.000,147.361,other,0,-1,11,4
5172,169,154.772,167.376,165.738,95.340,96.966,98.950,154.000,102.500,177.000,161.111,other,0,-1,12,4
5173,151,167.329,175.490,177.262,94.939,96.557,98.565,169.000,102.167,144.000,174.694,other,0,-1,13,4
5174,172,166.640,163.749,167.569,94.755,96.372,98.225,151.000,102.458,162.000,178.167,other,0,-1,14,4
5175,219,166.111,165.969,171.960,94.615,96.233,97.894,172.000,102.875,183.000,172.583,other,0,-1,15,4
5176,133,167.525,182.668,186.563,94.851,96.483,97.642,219.000,104.375,138.000,165.472,other,0,-1,16,4
5177,135,131.187,129.993,131.256,94.493,96.119,97.265,133.000,104.167,134.000,138.861,other,0,-1,17,4
5178,100,110.484,116.293,118.749,94.222,95.844,96.907,135.000,104.208,105.000,121.333,other,0,-1,18,4
5179,100,92.966,93.268,93.690,93.865,95.480,96.531,100.000,104.000,102.000,101.944,other,0,-1,19,4
5180,78,74.178,79.512,84.077,93.550,95.161,96.164,100.000,103.917,112.000,84.222,other,0,-1,20,4
5181,69,60.702,63.388,70.409,92.772,94.362,95.700,78.000,102.500,83.000,70.889,other,0,-1,21,4
5182,71,48.738,53.361,62.481,92.284,93.862,95.296,69.000,101.917,58.000,63.889,other,0,-1,22,4
5183,56,40.533,49.940,58.355,92.187,93.768,94.975,71.000,102.458,61.000,57.111,other,0,-1,23,4
5184,49,36.442,43.720,51.952,91.830,93.403,94.598,56.000,102.250,68.000,38.722,other,0,-1,0,5
5185,36,36.599,43.679,34.804,91.526,93.044,94.339,49.000,101.458,51.000,42.139,other,0,-1,1,5
5186,36,35.892,40.803,33.029,91.281,92.745,94.092,36.000,100.833,72.000,43.389,other,0,-1,2,5
5187,29,38.337,42.340,34.433,90.731,92.131,93.782,36.000,99.333,77.000,43.528,other,0,-1,3,5
5188,40,39.134,41.142,35.639,90.008,91.337,93.435,29.000,97.333,53.000,42.111,other,0,-1,4,5
5189,37,44.643,46.524,42.116,89.791,91.068,93.194,40.000,96.792,57.000,43.028,other,0,-1,5,5
5190,42,48.066,48.284,47.023,89.474,90.693,92.932,37.000,95.958,60.000,55.167,other,0,-1,6,5
5191,143,56.141,55.370,55.608,89.185,90.349,92.675,42.000,95.208,66.000,63.917,inside,1,0,7,5
5192,221,106.122,116.348,109.533,90.272,91.429,92.707,143.000,98.417,91.000,81.722,inside,1,1,8,5
5193,283,187.096,197.421,174.329,92.127,93.303,92.898,221.000,103.833,107.000,98.167,inside,1,2,9,5
5194,310,250.485,268.991,234.001,94.649,95.867,93.229,283.000,111.167,145.000,102.556,inside,1,3,10,5
5195,118,277.054,303.149,263.740,97.011,98.266,93.527,310.000,118.042,154.000,122.722,after,1,4,11,5
5196,159,140.435,140.874,135.745,96.461,97.652,93.216,118.000,116.542,169.000,141.028,after,1,5,12,5
5197,126,156.908,164.048,165.131,96.288,97.428,92.984,159.000,116.125,151.000,161.333,after,1,6,13,5
5198,141,155.429,147.750,144.148,95.898,96.979,92.707,126.000,115.083,172.000,179.778,after,1,7,14,5
5199,127,153.255,149.271,148.320,95.421,96.440,92.411,141.000,113.792,219.000,180.472,after,1,8,15,5
5200,141,140.627,137.874,131.146,94.060,94.986,91.931,127.000,109.958,133.000,165.833,after,1,9,16,5
5201,120,123.903,130.349,126.256,94.148,95.032,91.754,141.000,110.292,135.000,148.556,after,1,10,17,5
5202,93,105.319,111.848,102.800,93.902,94.732,91.507,120.000,109.667,100.000,114.861,after,1,11,18,5
5203,105,89.435,93.140,80.930,93.773,94.553,91.284,93.000,109.375,100.000,90.528,after,1,12,19,5
5204,74,70.627,80.274,75.922,93.817,94.553,91.097,105.000,109.583,78.000,74.972,after,1,13,20,5
5205,43,59.397,64.195,61.253,93.731,94.419,90.884,74.000,109.417,69.000,60.444,after,1,14,21,5
5206,53,51.158,51.477,50.596,93.326,93.955,90.603,43.000,108.333,71.000,52.389,after,1,15,22,5
5207,46,42.336,47.567,49.787,93.037,93.611,90.347,53.000,107.583,56.000,44.139,after,1,16,23,5
5208,38,39.077,44.419,46.281,92.864,93.386,90.115,46.000,107.167,49.000,32.472,after,1,17,0,6
5209,27,40.371,43.379,35.902,92.955,93.418,90.192,38.000,106.708,36.000,34.500,after,1,18,1,6
5210,29,40.085,41.768,35.032,93.075,93.480,90.274,27.000,106.333,36.000,33.361,after,1,19,2,6
5211,31,42.931,44.139,37.579,93.224,93.571,90.362,29.000,106.042,29.000,35.222,after,1,20,3,6
5212,37,45.657,46.376,41.292,93.503,93.798,90.478,31.000,106.125,40.000,34.028,after,1,21,4,6
5213,41,49.397,50.340,47.284,93.710,93.949,90.579,37.000,106.000,37.000,36.611,after,1,22,5,6
5214,38,52.949,54.751,54.087,94.018,94.206,90.700,41.000,106.167,42.000,38.694,after,1,23,6,6
5215,30,57.957,59.569,59.572,94.211,94.343,90.798,38.000,106.000,143.000,47.194,after,1,24,7,6
5216,54,69.621,66.774,63.387,92.824,92.845,90.566,30.000,101.292,221.000,59.167,after,1,25,8,6
5217,77,84.288,83.019,79.253,90.655,90.538,90.170,54.000,94.333,283.000,78.778,after,1,26,9,6
5218,74,101.050,100.565,96.521,87.921,87.647,89.657,77.000,85.750,310.000,101.278,after,1,27,10,6
5219,110,116.534,107.305,100.757,84.753,84.305,89.052,74.000,75.917,118.000,121.778,other,0,-1,11,6
5220,140,133.780,130.401,125.246,84.887,84.382,89.138,110.000,75.583,159.000,140.833,other,0,-1,12,6
5221,152,148.230,149.449,146.735,84.862,84.294,89.190,140.000,74.792,126.000,148.472,other,0,-1,13,6
5222,141,153.839,155.334,154.375,85.489,84.880,89.378,152.000,75.875,141.000,156.639,other,0,-1,14,6
5223,170,147.613,147.070,143.027,85.739,85.077,89.488,141.000,75.875,127.000,153.306,other,0,-1,15,6
5224,121,140.736,149.630,154.398,86.613,85.918,89.728,170.000,77.667,141.000,133.083,other,0,-1,16,6
5225,94,120.436,121.490,113.026,86.573,85.815,89.777,121.000,76.833,120.000,123.667,other,0,-1,17,6
5226,119,104.730,102.096,88.014,86.447,85.622,89.808,94.000,75.750,93.000,102.583,other,0,-1,18,6
5227,60,83.906,89.065,84.439,87.074,86.208,89.996,119.000,76.833,105.000,79.889,other,0,-1,19,6
5228,72,73.076,67.591,56.411,86.672,85.730,89.970,60.000,74.958,74.000,59.111,other,0,-1,20,6
5229,32,56.219,56.989,53.007,86.893,85.896,90.073,72.000,74.875,43.000,47.306,other,0,-1,21,6
5230,41,48.458,44.617,42.097,86.984,85.928,90.150,32.000,74.417,53.000,35.306,other,0,-1,22,6
5231,47,40.162,42.331,41.811,87.061,85.945,90.223,41.000,73.917,46.000,32.556,other,0,-1,23,6
5232,43,38.864,44.455,42.136,87.326,86.156,90.336,47.000,73.958,38.000,61.343,other,0,-1,0,0
5233,62,39.950,44.773,45.720,87.738,86.551,90.689,43.000,74.167,27.000,59.743,other,0,-1,1,0
5234,57,51.092,57.756,51.054,88.585,87.395,91.133,62.000,75.625,29.000,61.829,other,0,-1,2,0
5235,58,52.571,58.612,52.721,89.331,88.134,91.557,57.000,76.792,31.000,63.543,other,0,-1,3,0
5236,58,55.409,61.308,57.204,90.062,88.859,91.977,58.000,77.917,37.000,60.000,other,0,-1,4,0
5237,62,56.124,63.071,62.834,90.707,89.493,92.379,58.000,78.792,41.000,77.171,other,0,-1,5,0
5238,83,58.543,67.873,70.925,91.351,90.127,92.781,62.000,79.667,38.000,77.686,other,0,-1,6,0
5239,68,70.569,84.068,86.344,92.343,91.122,93.255,83.000,81.542,30.000,91.543,other,0,-1,7,0
5240,82,72.714,86.843,89.354,93.234,92.011,93.708,68.000,83.125,54.000,101.114,other,0,-1,8,0
5241,100,90.013,106.208,103.467,93.980,92.750,94.132,82.000,84.292,77.000,122.829,other,0,-1,9,0
5242,145,111.043,126.677,119.671,94.653,93.414,94.540,100.000,85.250,74.000,137.200,other,0,-1,10,0
5243,157,141.827,156.861,150.788,96.022,94.798,95.093,145.000,88.208,110.000,150.314,other,0,-1,11,0
5244,166,158.539,167.061,162.965,97.043,95.823,95.573,157.000,90.167,140.000,163.229,other,0,-1,12,0
5245,192,169.079,172.399,170.736,97.760,96.532,95.990,166.000,91.250,152.000,172.800,other,0,-1,13,0
5246,161,181.049,183.932,186.676,98.679,97.451,96.450,192.000,92.917,141.000,172.257,other,0,-1,14,0
5247,163,164.885,161.953,162.044,99.309,98.070,96.849,161.000,93.750,170.000,183.343,other,0,-1,15,0
5248,163,154.161,152.897,155.666,99.548,98.285,97.166,163.000,93.458,121.000,162.143,other,0,-1,16,0
5249,163,138.096,138.543,145.132,100.497,99.234,97.631,163.000,95.208,94.000,148.800,other,0,-1,17,0
5250,148,119.627,121.201,131.887,101.837,100.588,98.179,163.000,98.083,119.000,128.829,other,0,-1,18,0
5251,118,100.259,100.648,110.969,102.597,101.342,98.605,148.000,99.292,60.000,110.171,other,0,-1,19,0
5252,78,83.194,81.740,87.643,103.777,102.531,99.119,118.000,101.708,72.000,85.143,other,0,-1,20,0
5253,78,71.032,66.360,68.358,104.204,102.941,99.475,78.000,101.958,32.000,75.143,other,0,-1,21,0
5254,71,61.478,61.339,63.181,105.211,103.950,99.953,78.000,103.875,41.000,65.229,other,0,-1,22,0
5255,66,57.197,59.240,58.327,105.986,104.719,100.382,71.000,105.125,47.000,63.543,other,0,-1,23,0
5256,68,57.116,59.819,55.474,106.601,105.324,100.778,66.000,105.917,43.000,61.694,other,0,-1,0,1
5257,56,57.873,61.497,55.852,107.137,105.900,101.166,68.000,106.958,62.000,62.000,other,0,-1,1,1
5258,45,57.196,59.581,53.064,107.224,106.012,101.460,56.000,106.708,57.000,62.222,other,0,-1,2,1
5259,56,56.368,57.418,52.372,107.224,106.034,101.736,45.000,106.208,58.000,61.389,other,0,-1,3,1
5260,52,62.073,63.027,57.779,107.369,106.206,102.042,56.000,106.125,58.000,63.583,other,0,-1,4,1
5261,61,62.229,63.217,61.888,107.456,106.318,102.336,52.000,105.875,62.000,65.139,other,0,-1,5,1
5262,50,67.392,69.510,70.789,107.616,106.505,102.646,61.000,105.833,83.000,66.417,other,0,-1,6,1
5263,51,72.986,73.493,75.973,107.312,106.212,102.858,50.000,104.458,68.000,77.639,other,0,-1,7,1
5264,86,87.137,87.108,85.381,107.239,106.159,103.119,51.000,103.750,82.000,91.833,other,0,-1,8,1
5265,134,105.520,110.437,107.844,107.471,106.421,103.443,86.000,103.917,100.000,109.944,other,0,-1,9,1
5266,124,133.219,138.283,139.902,108.138,107.133,103.859,134.000,105.333,145.000,131.361,other,0,-1,10,1
5267,148,146.560,150.426,145.018,108.007,107.020,104.107,124.000,104.458,157.000,148.500,other,0,-1,11,1
5268,181,164.713,165.399,164.494,108.051,107.087,104.393,148.000,104.083,166.000,174.389,other,0,-1,12,1
5269,149,182.345,181.036,186.239,108.442,107.514,104.750,181.000,104.708,192.000,191.778,other,0,-1,13,1
5270,188,172.383,169.128,166.570,107.993,107.071,104.933,149.000,102.917,161.000,190.222,other,0,-1,14,1
5271,168,177.303,178.361,182.574,108.558,107.678,105.327,188.000,104.042,163.000,183.056,other,0,-1,15,1
5272,158,161.707,160.772,160.934,108.805,107.954,105.654,168.000,104.250,163.000,168.806,other,0,-1,16,1
5273,142,146.243,144.286,143.300,108.906,108.081,105.951,158.000,104.042,163.000,158.750,other,0,-1,17,1
5274,161,128.376,124.452,123.693,108.776,107.968,106.200,142.000,103.167,148.000,131.639,other,0,-1,18,1
5275,121,110.782,113.391,121.140,109.138,108.365,106.552,161.000,103.708,118.000,103.944,other,0,-1,19,1
5276,104,92.973,90.406,96.471,109.356,108.612,106.873,121.000,103.833,78.000,92.389,other,0,-1,20,1
5277,64,79.451,77.833,83.194,109.906,109.204,107.264,104.000,104.917,78.000,77.389,other,0,-1,21,1
5278,55,70.344,64.659,64.988,109.877,109.196,107.534,64.000,104.333,71.000,64.944,other,0,-1,22,1
5279,58,62.917,59.897,56.474,109.819,109.158,107.798,55.000,103.667,66.000,62.889,other,0,-1,23,1
5280,64,60.218,60.790,52.262,109.877,109.240,108.086,58.000,103.333,68.000,59.639,other,0,-1,0,2
5281,59,60.178,63.744,56.629,109.696,109.112,108.125,64.000,103.167,56.000,64.167,other,0,-1,1,2
5282,42,60.956,63.404,54.486,109.616,109.089,108.185,59.000,103.292,45.000,56.194,other,0,-1,2,2
5283,70,59.627,59.024,51.785,109.450,108.976,108.227,42.000,103.167,56.000,60.528,other,0,-1,3,2
5284,57,69.148,69.465,59.070,109.529,109.118,108.321,70.000,103.750,52.000,62.444,other,0,-1,4,2
5285,76,67.825,65.824,60.220,109.478,109.126,108.387,57.000,103.958,61.000,62.833,other,0,-1,5,2
5286,72,76.443,73.810,70.295,109.572,109.283,108.483,76.000,104.583,50.000,70.472,other,0,-1,6,2
5287,68,83.237,77.390,77.235,109.768,109.545,108.601,72.000,105.500,51.000,78.639,other,0,-1,7,2
5288,78,96.889,87.268,85.774,109.891,109.732,108.703,68.000,106.208,86.000,89.639,other,0,-1,8,2
5289,97,114.767,105.009,100.000,109.651,109.544,108.730,78.000,105.875,134.000,104.833,other,0,-1,9,2
5290,131,133.379,126.145,118.836,108.992,108.922,108.669,97.000,104.333,124.000,127.694,other,0,-1,10,2
5291,149,151.813,146.146,144.502,108.970,108.959,108.742,131.000,104.625,148.000,145.361,other,0,-1,11,2
5292,172,165.338,162.192,161.703,108.862,108.906,108.796,149.000,104.667,181.000,159.222,other,0,-1,12,2
5293,183,174.983,174.714,177.224,108.608,108.703,108.820,172.000,104.292,149.000,182.222,other,0,-1,13,2
5294,209,176.095,180.311,181.833,108.977,109.145,108.974,183.000,105.708,188.000,185.000,other,0,-1,14,2
5295,149,178.462,188.509,189.069,109.158,109.392,109.088,209.000,106.583,168.000,172.750,other,0,-1,15,2
5296,188,156.611,157.337,148.376,108.759,109.040,109.082,149.000,105.792,158.000,158.694,other,0,-1,16,2
5297,143,148.122,160.136,155.117,109.071,109.421,109.224,188.000,107.042,142.000,148.139,other,0,-1,17,2
5298,108,129.255,129.279,121.749,108.962,109.369,109.278,143.000,107.083,161.000,124.722,other,0,-1,18,2
5299,97,113.925,106.153,97.938,108.071,108.506,109.168,108.000,104.875,121.000,108.833,other,0,-1,19,2
5300,83,96.907,89.729,85.858,107.600,108.079,109.147,97.000,103.875,104.000,89.361,other,0,-1,20,2
5301,88,82.091,75.626,73.852,107.172,107.696,109.134,83.000,103.000,64.000,75.500,other,0,-1,21,2
5302,91,68.856,69.696,68.262,107.397,107.988,109.258,88.000,104.000,55.000,67.139,other,0,-1,22,2
5303,51,62.554,68.292,62.841,107.795,108.460,109.418,91.000,105.500,58.000,62.722,other,0,-1,23,2
5304,65,56.971,55.356,49.035,107.570,108.287,109.448,51.000,105.208,64.000,61.389,other,0,-1,0,3
5305,60,56.730,62.243,61.253,107.257,108.016,109.202,65.000,105.250,59.000,64.194,other,0,-1,1,3
5306,76,57.368,61.673,58.902,106.944,107.744,108.957,60.000,105.292,42.000,65.056,other,0,-1,2,3
5307,59,64.838,69.248,62.173,107.109,107.968,108.811,76.000,106.708,70.000,61.583,other,0,-1,3,3
5308,62,61.925,63.271,60.301,106.622,107.516,108.529,59.000,106.250,57.000,61.250,other,0,-1,4,3
5309,62,65.629,65.232,64.196,106.366,107.305,108.295,62.000,106.458,76.000,63.500,other,0,-1,5,3
5310,74,70.592,67.367,69.306,105.836,106.809,108.004,62.000,105.875,72.000,67.778,other,0,-1,6,3
5311,61,80.556,75.285,79.660,105.537,106.552,107.762,74.000,105.958,68.000,79.889,other,0,-1,7,3
5312,96,94.860,83.410,85.268,105.108,106.161,107.492,61.000,105.667,78.000,92.417,other,0,-1,8,3
5313,103,111.566,103.587,107.601,105.041,106.144,107.298,96.000,106.417,97.000,115.000,other,0,-1,9,3
5314,143,130.205,125.508,122.597,104.800,105.948,107.067,103.000,106.667,131.000,126.583,other,0,-1,10,3
5315,140,149.268,149.968,149.882,104.647,105.841,106.855,143.000,107.167,149.000,145.861,other,0,-1,11,3
5316,136,160.793,163.160,157.843,104.189,105.420,106.579,140.000,106.792,172.000,168.111,other,0,-1,12,3
5317,155,166.493,166.316,160.740,103.339,104.594,106.222,136.000,105.292,183.000,177.472,other,0,-1,13,3
5318,153,169.182,169.660,167.806,102.606,103.888,105.888,155.000,104.125,209.000,176.694,other,0,-1,14,3
5319,171,163.273,163.488,161.013,101.467,102.762,105.470,153.000,101.792,149.000,173.972,other,0,-1,15,3
5320,167,155.679,161.336,160.421,101.458,102.805,105.288,171.000,102.708,188.000,162.111,other,0,-1,16,3
5321,147,139.558,148.649,147.513,100.826,102.204,104.976,167.000,101.833,143.000,150.028,other,0,-1,17,3
5322,140,120.479,128.482,127.181,100.557,101.977,104.739,147.000,102.000,108.000,132.389,other,0,-1,18,3
5323,92,101.248,113.450,113.132,100.692,102.171,104.587,140.000,103.333,97.000,108.528,other,0,-1,19,3
5324,82,87.587,86.817,86.261,100.292,101.809,104.324,92.000,103.125,83.000,100.083,other,0,-1,20,3
5325,86,72.293,73.469,75.324,99.950,101.508,104.072,82.000,103.083,88.000,85.306,other,0,-1,21,3
5326,80,58.730,67.309,69.586,99.593,101.191,103.817,86.000,103.000,91.000,74.778,other,0,-1,22,3
5327,66,51.051,60.961,62.408,99.106,100.740,103.535,80.000,102.542,51.000,70.444,other,0,-1,23,3
5328,50,46.847,54.168,55.101,98.996,100.678,103.332,66.000,103.167,65.000,60.917,other,0,-1,0,4
5329,47,44.353,52.113,48.125,98.493,100.164,102.926,50.000,102.542,60.000,56.972,other,0,-1,1,4
5330,55,45.119,52.241,46.651,98.020,99.680,102.525,47.000,102.000,76.000,51.583,other,0,-1,2,4
5331,49,49.303,56.359,48.598,97.430,99.076,102.100,55.000,101.125,59.000,54.556,other,0,-1,3,4
5332,56,50.120,54.899,49.448,97.000,98.636,101.709,49.000,100.708,62.000,57.139,other,0,-1,4,4
5333,55,54.551,58.356,54.760,96.628,98.257,101.330,56.000,100.458,62.000,54.694,other,0,-1,5,4
5334,51,58.583,60.150,60.358,96.241,97.863,100.947,55.000,100.167,74.000,65.167,other,0,-1,6,4
5335,60,66.870,64.607,67.099,95.623,97.229,100.517,51.000,99.208,61.000,74.667,other,0,-1,7,4
5336,92,80.590,77.228,79.798,95.323,96.924,100.153,60.000,99.167,96.000,86.667,other,0,-1,8,4
5337,100,97.405,100.589,103.697,94.980,96.575,99.779,92.000,99.000,103.000,109.861,other,0,-1,9,4
5338,125,116.548,122.592,120.409,94.651,96.241,99.409,100.000,98.875,143.000,125.222,other,0,-1,10,4
5339,136,136.073,147.076,143.937,94.105,95.681,98.994,125.000,98.125,140.000,147.361,other,0,-1,11,4
5340,197,151.721,159.947,158.127,93.761,95.332,98.620,136.000,97.958,136.000,161.111,other,0,-1,12,4
5341,165,178.468,191.645,192.884,94.360,95.957,98.444,197.000,100.500,155.000,174.694,other,0,-1,13,4
5342,190,169.513,169.928,175.657,94.219,95.818,98.113,165.000,100.917,153.000,178.167,other,0,-1,14,4
5343,144,171.124,175.358,182.532,94.470,96.083,97.864,190.000,102.458,171.000,172.583,other,0,-1,15,4
5344,141,150.020,145.320,149.133,93.793,95.389,97.421,144.000,101.333,167.000,165.472,other,0,-1,16,4
5345,126,131.465,132.052,134.655,93.132,94.710,96.981,141.000,100.250,147.000,138.861,other,0,-1,17,4
5346,126,111.117,113.589,114.949,92.542,94.105,96.556,126.000,99.375,140.000,121.333,other,0,-1,18,4
5347,94,90.525,99.097,102.857,92.054,93.606,96.153,126.000,98.792,92.000,101.944,other,0,-1,19,4
5348,111,75.303,77.806,82.478,91.798,93.347,95.798,94.000,98.875,82.000,84.222,other,0,-1,20,4
5349,90,57.328,73.657,79.636,91.932,93.492,95.524,111.000,100.083,86.000,70.889,other,0,-1,21,4
5350,57,47.193,60.318,67.989,91.705,93.263,95.175,90.000,100.250,80.000,63.889,other,0,-1,22,4
5351,48,40.664,46.107,56.366,91.086,92.629,94.745,57.000,99.292,66.000,57.111,other,0,-1,23,4
5352,42,35.951,41.812,51.433,90.540,92.069,94.329,48.000,98.542,50.000,38.722,other,0,-1,0,5
5353,42,34.845,42.093,34.369,90.396,91.875,94.103,42.000,98.208,47.000,42.139,other,0,-1,1,5
5354,38,36.960,44.011,34.816,90.296,91.726,93.886,42.000,98.000,55.000,43.389,other,0,-1,2,5
5355,38,38.536,44.017,35.500,90.021,91.396,93.633,38.000,97.292,49.000,43.528,other,0,-1,3,5
5356,52,41.104,45.148,38.118,89.834,91.157,93.398,38.000,96.833,56.000,42.111,other,0,-1,4,5
5357,44,48.201,51.908,45.577,89.748,91.023,93.185,52.000,96.667,55.000,43.028,other,0,-1,5,5
5358,66,49.064,50.934,49.321,89.560,90.783,92.950,44.000,96.208,51.000,55.167,other,0,-1,6,5
5359,55,59.619,63.830,63.898,89.750,90.934,92.793,66.000,96.833,60.000,63.917,other,0,-1,7,5
5360,61,68.491,68.531,68.973,89.649,90.784,92.577,55.000,96.625,92.000,81.722,other,0,-1,8,5
5361,84,85.022,82.935,80.992,89.172,90.245,92.281,61.000,95.333,100.000,98.167,other,0,-1,9,5
5362,130,103.386,104.958,101.856,88.912,89.931,92.031,84.000,94.667,125.000,102.556,other,0,-1,10,5
5363,105,125.373,139.054,137.563,88.956,89.931,91.845,130.000,94.875,136.000,122.722,other,0,-1,11,5
5364,115,137.397,133.815,129.910,88.479,89.392,91.549,105.000,93.583,197.000,141.028,other,0,-1,12,5
5365,169,147.087,141.802,139.721,87.263,88.089,91.099,115.000,90.167,165.000,161.333,other,0,-1,13,5
5366,161,160.507,165.678,173.043,87.293,88.074,90.910,169.000,90.333,190.000,179.778,other,0,-1,14,5
5367,158,153.181,155.686,162.056,86.845,87.565,90.620,161.000,89.125,144.000,180.472,other,0,-1,15,5
5368,191,139.792,145.255,149.689,87.020,87.700,90.461,158.000,89.708,141.000,165.833,other,0,-1,16,5
5369,123,127.842,146.948,153.487,87.716,88.376,90.411,191.000,91.792,126.000,148.556,other,0,-1,17,5
5370,120,99.413,107.321,101.420,87.644,88.256,90.200,123.000,91.667,126.000,114.861,other,0,-1,18,5
5371,76,80.170,90.916,85.578,87.529,88.092,89.980,120.000,91.417,94.000,90.528,other,0,-1,19,5
5372,61,66.700,68.900,61.298,87.240,87.748,89.724,76.000,90.667,111.000,74.972,other,0,-1,20,5
5373,55,53.104,54.621,51.102,86.488,86.924,89.371,61.000,88.583,90.000,60.444,other,0,-1,21,5
5374,57,41.713,45.473,45.357,85.953,86.325,89.063,55.000,87.125,57.000,52.389,other,0,-1,22,5
5375,37,34.688,42.586,42.492,85.925,86.250,88.862,57.000,87.125,48.000,44.139,other,0,-1,23,5
5376,25,30.753,36.649,36.991,85.737,86.011,88.627,37.000,86.667,42.000,32.472,other,0,-1,0,6
5377,40,29.731,33.644,28.619,85.741,85.952,88.685,25.000,85.958,42.000,34.500,other,0,-1,1,6
5378,25,35.930,41.541,32.951,85.963,86.119,88.789,40.000,85.875,38.000,33.361,other,0,-1,2,6
5379,28,34.158,37.886,32.544,86.024,86.121,88.859,25.000,85.333,38.000,35.222,other,0,-1,3,6
5380,37,37.557,40.660,36.783,86.130,86.167,88.938,28.000,84.917,52.000,34.028,other,0,-1,4,6
5381,32,42.875,45.919,43.907,86.163,86.139,89.003,37.000,84.292,44.000,36.611,other,0,-1,5,6
5382,54,44.477,46.942,48.631,86.239,86.156,89.076,32.000,83.792,66.000,38.694,other,0,-1,6,6
5383,46,55.111,60.477,62.864,86.316,86.173,89.149,54.000,83.292,55.000,47.194,other,0,-1,7,6
5384,51,63.522,66.268,67.798,86.436,86.234,89.232,46.000,82.917,61.000,59.167,other,0,-1,8,6
5385,73,79.630,79.196,77.389,86.541,86.281,89.311,51.000,82.500,84.000,78.778,other,0,-1,9,6
5386,99,98.388,97.949,94.532,86.632,86.313,89.387,73.000,82.042,130.000,101.278,other,0,-1,10,6
5387,117,117.874,118.315,114.613,86.433,86.044,89.403,99.000,80.750,105.000,121.778,other,0,-1,11,6
5388,157,135.186,133.670,130.016,86.857,86.421,89.549,117.000,81.250,115.000,140.833,other,0,-1,12,6
5389,145,154.434,158.487,158.997,87.716,87.247,89.786,157.000,83.000,169.000,148.472,other,0,-1,13,6
5390,142,153.131,151.751,150.046,87.619,87.084,89.823,145.000,82.000,161.000,156.639,other,0,-1,14,6
5391,128,148.178,147.175,144.016,87.594,86.996,89.875,142.000,81.208,158.000,153.306,other,0,-1,15,6
5392,137,136.171,135.246,127.694,87.409,86.742,89.894,128.000,79.958,191.000,133.083,other,0,-1,16,6
5393,142,121.072,125.508,121.784,86.877,86.130,89.840,137.000,77.708,123.000,123.667,other,0,-1,17,6
5394,79,102.580,110.753,109.570,87.403,86.611,90.008,142.000,78.500,120.000,102.583,other,0,-1,18,6
5395,271,89.292,84.861,70.775,87.059,86.193,89.993,79.000,76.792,76.000,79.889,inside,1,0,19,6
5396,153,185.081,143.885,138.414,90.134,89.313,90.693,271.000,84.917,61.000,59.111,inside,1,1,20,6
5397,147,71.199,84.765,72.367,91.717,90.888,91.081,153.000,88.750,55.000,47.306,inside,1,2,21,6
5398,42,72.572,87.974,65.833,93.300,92.464,91.469,147.000,92.583,57.000,35.306,after,1,3,22,6
5399,29,40.929,47.345,42.894,93.333,92.436,91.533,42.000,91.958,37.000,32.556,after,1,4,23,6
5400,42,37.364,44.496,40.170,93.468,92.513,91.618,29.000,91.625,25.000,61.343,after,1,5,0,0
5401,53,40.217,50.592,46.141,94.054,93.087,92.008,42.000,92.333,40.000,59.743,after,1,6,1,0
5402,71,47.360,59.876,49.107,94.583,93.601,92.386,53.000,92.875,25.000,61.829,after,1,7,2,0
5403,50,60.945,73.125,55.460,95.589,94.611,92.863,71.000,94.792,28.000,63.543,after,1,8,3,0
5404,45,51.803,62.586,54.883,96.248,95.260,93.268,50.000,95.708,37.000,60.000,after,1,9,4,0
5405,80,50.864,61.014,58.832,96.704,95.699,93.631,45.000,96.042,32.000,77.171,after,1,10,5,0
5406,62,68.650,81.472,75.183,97.740,96.738,94.115,80.000,98.042,54.000,77.686,after,1,11,6,0
5407,71,62.361,76.091,77.788,98.196,97.178,94.477,62.000,98.375,46.000,91.543,after,1,12,7,0
5408,90,73.641,89.385,89.664,98.898,97.872,94.891,71.000,99.417,51.000,101.114,after,1,13,8,0
5409,114,92.033,110.287,106.602,99.803,98.776,95.348,90.000,101.042,73.000,122.829,after,1,14,9,0
5410,127,115.318,133.361,127.094,100.737,99.711,95.810,114.000,102.750,99.000,137.200,after,1,15,10,0
5411,149,135.538,147.991,141.865,101.483,100.450,96.233,127.000,103.917,117.000,150.314,after,1,16,11,0
5412,155,156.319,163.086,160.164,102.287,101.249,96.668,149.000,105.250,157.000,163.229,after,1,17,12,0
5413,175,165.640,167.251,166.169,102.598,101.539,97.001,155.000,105.167,145.000,172.800,after,1,18,13,0
5414,180,174.359,174.872,177.612,103.373,102.308,97.430,175.000,106.417,142.000,172.257,after,1,19,14,0
5415,195,170.074,170.846,175.612,104.264,103.197,97.883,180.000,108.000,128.000,183.343,after,1,20,15,0
5416,163,163.802,166.890,176.169,105.574,104.521,98.424,195.000,110.792,137.000,162.143,after,1,21,16,0
5417,132,137.594,138.736,144.059,106.291,105.231,98.841,163.000,111.875,142.000,148.800,after,1,22,17,0
5418,134,117.147,114.694,115.359,106.487,105.400,99.150,132.000,111.458,79.000,128.829,after,1,23,18,0
5419,113,98.650,98.328,103.175,107.624,106.544,99.654,134.000,113.750,271.000,110.171,after,1,24,19,0
5420,84,82.599,80.782,87.048,105.675,104.495,99.515,113.000,107.167,153.000,85.143,after,1,25,20,0
5421,67,70.041,66.655,71.450,105.016,103.780,99.644,84.000,104.292,147.000,75.143,after,1,26,21,0
5422,64,60.654,58.112,61.018,104.197,102.901,99.741,67.000,100.958,42.000,65.229,other,0,-1,22,0
5423,54,55.785,56.023,57.016,104.856,103.550,100.146,64.000,101.875,29.000,63.543,other,0,-1,23,0
5424,50,53.836,54.403,53.310,105.558,104.244,100.560,54.000,102.917,42.000,61.694,other,0,-1,0,1
5425,66,52.874,53.740,52.334,105.848,104.566,100.896,50.000,103.250,53.000,62.000,other,0,-1,1,1
5426,57,60.850,62.372,55.235,106.210,104.963,101.248,66.000,103.792,71.000,62.222,other,0,-1,2,1
5427,58,60.386,60.836,54.837,106.181,104.955,101.518,57.000,103.208,50.000,61.389,other,0,-1,3,1
5428,71,62.790,62.843,58.335,106.471,105.277,101.855,58.000,103.542,45.000,63.583,other,0,-1,4,1
5429,65,69.335,69.811,66.523,107.022,105.868,102.246,71.000,104.625,80.000,65.139,other,0,-1,5,1
5430,76,68.475,70.315,71.931,106.978,105.845,102.513,65.000,104.000,62.000,66.417,other,0,-1,6,1
5431,81,76.807,80.245,83.691,107.355,106.257,102.867,76.000,104.583,71.000,77.639,other,0,-1,7,1
5432,110,88.532,92.882,95.376,107.674,106.609,103.210,81.000,105.000,90.000,91.833,other,0,-1,8,1
5433,131,109.806,115.849,117.612,108.138,107.111,103.583,110.000,105.833,114.000,109.944,other,0,-1,9,1
5434,145,132.400,137.746,138.461,108.558,107.568,103.946,131.000,106.542,127.000,131.361,other,0,-1,10,1
5435,144,152.066,155.508,155.519,108.992,108.039,104.313,145.000,107.292,149.000,148.500,other,0,-1,11,1
5436,172,163.564,164.700,162.092,109.094,108.166,104.610,144.000,107.083,155.000,174.389,other,0,-1,12,1
5437,180,178.249,177.769,180.742,109.514,108.623,104.974,172.000,107.792,175.000,191.778,other,0,-1,13,1
5438,157,180.517,180.444,183.925,109.761,108.900,105.302,180.000,108.000,180.000,190.222,other,0,-1,14,1
5439,179,169.673,167.137,164.753,109.601,108.757,105.544,157.000,107.042,195.000,183.056,other,0,-1,15,1
5440,133,163.513,165.620,167.136,109.543,108.719,105.808,179.000,106.375,163.000,168.806,other,0,-1,16,1
5441,148,145.805,139.436,131.390,109.283,108.471,106.030,133.000,105.125,132.000,158.750,other,0,-1,17,1
5442,111,128.532,126.963,126.962,109.689,108.913,106.391,148.000,105.792,134.000,131.639,other,0,-1,18,1
5443,111,112.024,104.308,102.167,109.529,108.770,106.633,111.000,104.833,113.000,103.944,other,0,-1,19,1
5444,98,93.949,89.644,94.479,109.674,108.942,106.940,111.000,104.750,84.000,92.389,other,0,-1,20,1
5445,74,80.045,77.278,82.997,110.051,109.354,107.294,98.000,105.333,67.000,77.389,other,0,-1,21,1
5446,70,70.235,66.872,69.296,110.326,109.660,107.628,74.000,105.625,64.000,64.944,other,0,-1,22,1
5447,75,63.863,63.737,62.070,110.587,109.952,107.958,70.000,105.875,54.000,62.889,other,0,-1,23,1
5448,49,64.046,66.541,58.671,111.065,110.469,108.334,75.000,106.750,50.000,59.639,other,0,-1,0,2
5449,49,58.556,59.061,56.150,110.928,110.386,108.382,49.000,106.708,66.000,64.167,other,0,-1,1,2
5450,69,59.438,60.056,54.890,110.558,110.064,108.382,49.000,106.000,57.000,56.194,other,0,-1,2,2
5451,53,67.123,68.306,59.043,110.609,110.176,108.469,69.000,106.500,58.000,60.528,other,0,-1,3,2
5452,54,64.577,63.410,57.711,110.413,110.033,108.505,53.000,106.292,71.000,62.444,other,0,-1,4,2
5453,64,67.568,64.977,61.329,110.043,109.710,108.505,54.000,105.583,65.000,62.833,other,0,-1,5,2
5454,85,73.954,70.331,68.888,109.905,109.628,108.553,64.000,105.542,76.000,70.472,other,0,-1,6,2
5455,67,85.214,80.672,81.899,109.913,109.695,108.631,85.000,105.917,81.000,78.639,other,0,-1,7,2
5456,88,96.672,87.253,86.070,109.586,109.417,108.640,67.000,105.333,110.000,89.639,other,0,-1,8,2
5457,114,114.183,105.271,103.578,109.144,109.019,108.624,88.000,104.417,131.000,104.833,other,0,-1,9,2
5458,151,133.494,126.133,125.318,108.775,108.697,108.624,114.000,103.708,145.000,127.694,other,0,-1,10,2
5459,148,154.593,147.830,152.916,108.739,108.719,108.693,151.000,103.958,144.000,145.361,other,0,-1,11,2
5460,153,164.115,162.085,160.528,108.673,108.711,108.756,148.000,104.125,172.000,159.222,other,0,-1,12,2
5461,176,169.711,170.264,167.184,108.275,108.358,108.750,153.000,103.333,180.000,182.222,other,0,-1,13,2
5462,146,173.240,177.795,177.423,108.093,108.231,108.789,176.000,103.167,157.000,185.000,other,0,-1,14,2
5463,168,163.306,165.059,156.478,107.811,107.998,108.807,146.000,102.708,179.000,172.750,other,0,-1,15,2
5464,175,157.288,163.507,157.133,107.528,107.765,108.825,168.000,102.250,133.000,158.694,other,0,-1,16,2
5465,167,145.668,154.750,148.733,108.013,108.327,109.003,175.000,104.000,148.000,148.139,other,0,-1,17,2
5466,112,128.580,138.392,132.957,108.165,108.544,109.111,167.000,104.792,111.000,124.722,other,0,-1,18,2
5467,104,112.927,108.032,99.655,108.056,108.491,109.165,112.000,104.833,111.000,108.833,other,0,-1,19,2
5468,87,95.603,92.437,88.376,107.832,108.319,109.195,104.000,104.542,98.000,89.361,other,0,-1,20,2
5469,85,81.366,77.939,75.084,107.549,108.086,109.213,87.000,104.083,74.000,75.500,other,0,-1,21,2
5470,57,68.909,70.390,67.304,107.585,108.183,109.297,85.000,104.542,70.000,67.139,other,0,-1,22,2
5471,56,62.051,59.774,54.007,107.273,107.920,109.309,57.000,104.000,75.000,62.722,other,0,-1,23,2
5472,76,57.120,57.905,48.968,106.875,107.568,109.303,56.000,103.208,49.000,61.389,other,0,-1,0,3
5473,68,58.883,67.324,63.016,106.938,107.686,109.136,76.000,104.333,49.000,64.194,other,0,-1,1,3
5474,67,59.232,65.534,59.961,106.886,107.684,108.945,68.000,105.125,69.000,65.056,other,0,-1,2,3
5475,59,61.555,66.204,59.809,106.529,107.368,108.690,67.000,105.042,53.000,61.583,other,0,-1,3,3
5476,65,61.764,63.879,59.819,106.289,107.172,108.459,59.000,105.292,54.000,61.250,other,0,-1,4,3
5477,79,66.080,66.711,64.508,106.120,107.050,108.244,65.000,105.750,64.000,63.500,other,0,-1,5,3
5478,68,73.607,72.956,73.357,106.010,106.988,108.041,79.000,106.375,85.000,67.778,other,0,-1,6,3
5479,62,79.735,74.056,77.891,105.436,106.447,107.741,68.000,105.667,67.000,79.889,other,0,-1,7,3
5480,104,94.346,83.498,85.443,105.036,106.086,107.477,62.000,105.458,88.000,92.417,other,0,-1,8,3
5481,123,111.393,104.346,110.238,104.940,106.039,107.277,104.000,106.125,114.000,115.000,other,0,-1,9,3
5482,113,130.674,126.591,129.783,104.743,105.888,107.055,123.000,106.500,151.000,126.583,other,0,-1,10,3
5483,146,146.654,146.430,137.871,103.864,105.032,106.692,113.000,104.917,148.000,145.861,other,0,-1,11,3
5484,167,161.617,163.577,159.864,103.508,104.715,106.437,146.000,104.833,153.000,168.111,other,0,-1,12,3
5485,212,171.401,174.513,173.302,103.383,104.639,106.231,167.000,105.417,176.000,177.472,other,0,-1,13,3
5486,198,185.709,193.888,193.634,103.577,104.892,106.091,212.000,106.917,146.000,176.694,other,0,-1,14,3
5487,200,173.226,182.421,182.785,104.002,105.385,106.000,198.000,109.083,168.000,173.972,other,0,-1,15,3
5488,139,162.304,175.329,175.252,104.138,105.578,105.848,200.000,110.417,175.000,162.111,other,0,-1,16,3
5489,163,139.779,139.158,135.862,103.289,104.752,105.490,139.000,108.917,167.000,150.028,other,0,-1,17,3
5490,125,121.667,134.457,134.436,102.903,104.406,105.229,163.000,108.750,112.000,132.389,other,0,-1,18,3
5491,95,103.677,107.222,107.551,102.764,104.314,105.020,125.000,109.292,104.000,108.528,other,0,-1,19,3
5492,83,88.431,86.162,87.611,102.306,103.893,104.744,95.000,108.917,87.000,100.083,other,0,-1,20,3
5493,64,73.137,72.173,76.181,101.920,103.547,104.483,83.000,108.750,85.000,85.306,other,0,-1,21,3
5494,64,61.833,59.368,64.925,101.288,102.945,104.171,64.000,107.875,57.000,74.778,other,0,-1,22,3
5495,63,52.133,54.241,59.854,101.062,102.764,103.944,64.000,108.167,56.000,70.444,other,0,-1,23,3
5496,52,47.390,51.655,55.733,100.836,102.582,103.716,63.000,108.458,76.000,60.917,other,0,-1,0,4
5497,80,45.092,51.155,49.951,100.203,101.933,103.283,52.000,107.458,68.000,56.972,other,0,-1,1,4
5498,63,55.685,64.467,54.327,100.091,101.824,102.958,80.000,107.958,67.000,51.583,other,0,-1,2,4
5499,63,52.414,58.316,51.527,99.748,101.474,102.584,63.000,107.792,59.000,54.556,other,0,-1,3,4
5500,34,54.930,59.279,53.568,99.521,101.245,102.235,63.000,107.958,65.000,57.139,other,0,-1,4,4
5501,62,51.553,50.573,51.076,98.786,100.491,101.781,34.000,106.667,79.000,54.694,other,0,-1,5,4
5502,65,60.526,61.857,62.888,98.255,99.947,101.368,62.000,105.958,68.000,65.167,other,0,-1,6,4
5503,76,68.349,67.912,71.742,97.926,99.612,100.998,65.000,105.833,62.000,74.667,other,0,-1,7,4
5504,94,81.372,80.913,85.683,97.843,99.533,100.679,76.000,106.417,104.000,86.667,other,0,-1,8,4
5505,94,98.429,101.514,104.965,97.413,99.093,100.288,94.000,106.000,123.000,109.861,other,0,-1,9,4
5506,111,117.573,121.755,118.422,96.708,98.369,99.839,94.000,104.792,113.000,125.222,other,0,-1,10,4
5507,142,135.999,143.666,138.239,96.393,98.050,99.472,111.000,104.708,146.000,147.361,other,0,-1,11,4
5508,157,153.495,162.882,161.847,96.050,97.701,99.098,142.000,104.542,167.000,161.111,other,0,-1,12,4
5509,167,165.427,170.161,173.358,95.620,97.261,98.707,157.000,104.125,212.000,174.694,other,0,-1,13,4
5510,170,170.270,170.666,176.791,94.683,96.297,98.210,167.000,102.250,198.000,178.167,other,0,-1,14,4
5511,165,165.980,164.950,171.791,93.992,95.588,97.764,170.000,101.083,200.000,172.583,other,0,-1,15,4
5512,150,151.823,152.973,158.631,93.200,94.774,97.297,165.000,99.625,139.000,165.472,other,0,-1,16,4
5513,136,131.151,135.099,138.640,93.074,94.650,96.969,150.000,100.083,163.000,138.861,other,0,-1,17,4
5514,109,109.823,116.629,118.847,92.397,93.955,96.526,136.000,98.958,125.000,121.333,other,0,-1,18,4
5515,116,91.317,95.102,96.392,91.880,93.426,96.117,109.000,98.292,95.000,101.944,other,0,-1,19,4
5516,85,71.655,84.142,88.593,91.899,93.452,95.819,116.000,99.167,83.000,84.222,other,0,-1,20,4
5517,45,58.936,65.244,71.631,91.643,93.192,95.464,85.000,99.250,64.000,70.889,other,0,-1,21,4
5518,79,50.994,48.671,56.770,91.082,92.618,95.045,45.000,98.458,64.000,63.889,other,0,-1,22,4
5519,58,40.042,53.230,59.419,91.014,92.554,94.730,79.000,99.083,63.000,57.111,other,0,-1,23,4
5520,50,35.780,44.847,51.712,90.656,92.189,94.353,58.000,98.875,52.000,38.722,other,0,-1,0,5
5521,40,35.981,44.872,34.410,90.599,92.085,94.146,50.000,98.792,80.000,42.139,other,0,-1,1,5
5522,29,36.009,42.990,33.133,89.992,91.411,93.823,40.000,97.125,63.000,43.389,other,0,-1,2,5
5523,29,35.829,40.472,32.578,89.471,90.827,93.518,29.000,95.708,63.000,43.528,other,0,-1,3,5
5524,41,38.361,41.663,35.131,88.950,90.243,93.214,29.000,94.292,34.000,42.111,other,0,-1,4,5
5525,52,44.271,47.337,41.936,89.024,90.273,93.033,41.000,94.583,62.000,43.028,other,0,-1,5,5
5526,40,50.684,53.767,50.874,88.851,90.049,92.801,52.000,94.167,65.000,55.167,other,0,-1,6,5
5527,66,55.296,54.968,54.730,88.460,89.600,92.524,40.000,93.125,76.000,63.917,other,0,-1,7,5
5528,71,68.460,72.004,72.879,88.287,89.375,92.292,66.000,92.708,94.000,81.722,other,0,-1,8,5
5529,81,84.077,86.139,85.248,87.926,88.956,92.021,71.000,91.750,94.000,98.167,other,0,-1,9,5
5530,105,102.758,103.770,100.330,87.710,88.687,91.780,81.000,91.208,111.000,102.556,other,0,-1,10,5
5531,159,121.747,125.930,122.765,87.595,88.522,91.560,105.000,90.958,142.000,122.722,other,0,-1,11,5
5532,140,146.927,162.611,163.788,87.813,88.703,91.410,159.000,91.667,157.000,141.028,other,0,-1,12,5
5533,201,151.206,152.717,155.250,87.538,88.373,91.157,140.000,90.958,167.000,161.333,other,0,-1,13,5
5534,141,173.927,186.628,194.910,88.003,88.809,91.058,201.000,92.375,170.000,179.778,other,0,-1,14,5
5535,160,151.518,147.139,150.331,87.555,88.300,90.769,141.000,91.167,165.000,180.472,other,0,-1,15,5
5536,141,141.207,145.581,151.007,87.454,88.150,90.552,160.000,90.958,150.000,165.833,other,0,-1,16,5
5537,139,121.388,126.288,125.922,87.296,87.941,90.323,141.000,90.583,136.000,148.556,other,0,-1,17,5
5538,104,100.989,110.627,108.812,87.311,87.911,90.130,139.000,90.708,109.000,114.861,other,0,-1,18,5
5539,102,83.718,87.162,80.740,87.210,87.762,89.913,104.000,90.500,116.000,90.528,other,0,-1,19,5
5540,67,65.744,72.582,69.669,86.980,87.478,89.669,102.000,89.917,85.000,74.972,other,0,-1,20,5
5541,49,54.388,55.218,54.033,86.691,87.133,89.413,67.000,89.167,45.000,60.444,other,0,-1,21,5
5542,50,43.943,44.512,46.271,86.721,87.119,89.224,49.000,89.333,79.000,52.389,other,0,-1,22,5
5543,41,35.717,40.959,43.434,86.272,86.610,88.934,50.000,88.125,58.000,44.139,other,0,-1,23,5
5544,33,31.975,38.070,39.840,85.998,86.281,88.681,41.000,87.417,50.000,32.472,other,0,-1,0,6
5545,14,31.961,36.636,31.494,86.002,86.222,88.739,33.000,86.708,40.000,34.500,other,0,-1,1,6
5546,35,30.235,32.731,29.435,85.876,86.029,88.770,14.000,85.625,29.000,33.361,other,0,-1,2,6
5547,30,37.953,42.256,35.756,86.213,86.316,88.898,35.000,85.875,29.000,35.222,other,0,-1,3,6
5548,27,38.811,41.822,38.253,86.478,86.527,89.011,30.000,85.917,41.000,34.028,other,0,-1,4,6
5549,24,40.416,42.351,42.161,86.525,86.514,89.078,27.000,85.333,52.000,36.611,other,0,-1,5,6
5550,37,43.839,44.439,46.973,86.370,86.291,89.103,24.000,84.167,40.000,38.694,other,0,-1,6,6
5551,51,52.630,54.267,57.459,86.577,86.442,89.204,37.000,84.042,66.000,47.194,other,0,-1,7,6
5552,58,64.878,67.681,69.877,86.610,86.414,89.268,51.000,83.417,71.000,59.167,other,0,-1,8,6
5553,77,80.931,81.162,80.412,86.671,86.416,89.338,58.000,82.875,81.000,78.778,other,0,-1,9,6
5554,126,99.912,99.271,96.505,86.864,86.552,89.436,77.000,82.708,105.000,101.278,other,0,-1,10,6
5555,96,124.205,133.179,130.707,87.418,87.064,89.609,126.000,83.583,159.000,121.778,other,0,-1,11,6
5556,112,133.569,123.737,117.355,86.756,86.316,89.528,96.000,80.958,140.000,140.833,other,0,-1,12,6
5557,139,144.731,136.334,129.085,86.601,86.093,89.553,112.000,79.792,201.000,148.472,other,0,-1,13,6
5558,146,150.984,149.663,145.851,85.953,85.360,89.475,139.000,77.208,141.000,156.639,other,0,-1,14,6
5559,150,147.934,149.180,146.557,86.275,85.631,89.600,146.000,77.417,160.000,153.306,other,0,-1,15,6
5560,108,137.016,142.424,141.218,86.381,85.678,89.679,150.000,77.000,141.000,133.083,other,0,-1,16,6
5561,132,120.286,120.120,106.205,86.153,85.380,89.689,108.000,75.625,139.000,123.667,other,0,-1,17,6
5562,96,101.838,109.190,104.577,86.302,85.472,89.778,132.000,75.333,104.000,102.583,other,0,-1,18,6
5563,83,85.812,87.221,76.005,86.436,85.548,89.863,96.000,75.000,102.000,79.889,other,0,-1,19,6
5564,62,70.014,70.861,61.832,86.411,85.460,89.915,83.000,74.208,67.000,59.111,other,0,-1,20,6
5565,43,57.546,57.178,50.489,86.589,85.582,90.010,62.000,74.000,49.000,47.306,other,0,-1,21,6
5566,47,47.869,47.352,43.498,86.753,85.688,90.101,43.000,73.750,50.000,35.306,other,0,-1,22,6
5567,30,40.965,44.998,42.433,86.959,85.840,90.202,47.000,73.625,41.000,32.556,other,0,-1,23,6
5568,86,37.389,40.787,38.809,87.050,85.872,90.278,30.000,73.167,33.000,61.343,other,0,-1,0,0
5569,60,58.549,66.641,55.128,88.158,86.986,90.777,86.000,75.375,14.000,59.743,other,0,-1,1,0
5570,61,50.480,58.383,50.802,89.165,87.995,91.255,60.000,77.292,35.000,61.829,other,0,-1,2,0
5571,63,54.973,62.299,53.888,89.882,88.704,91.672,61.000,78.375,30.000,63.543,other,0,-1,3,0
5572,70,58.392,65.488,58.783,90.700,89.518,92.110,63.000,79.750,27.000,60.000,other,0,-1,4,0
5573,64,62.936,71.005,66.688,91.663,90.483,92.578,70.000,81.542,24.000,77.171,other,0,-1,5,0
5574,58,59.678,70.177,71.981,92.583,91.402,93.038,64.000,83.208,37.000,77.686,other,0,-1,6,0
5575,76,61.036,73.181,77.814,93.227,92.036,93.440,58.000,84.083,51.000,91.543,other,0,-1,7,0
5576,93,74.458,90.967,92.794,93.929,92.730,93.854,76.000,85.125,58.000,101.114,other,0,-1,8,0
5577,108,92.241,111.500,108.644,94.777,93.575,94.298,93.000,86.583,77.000,122.829,other,0,-1,9,0
5578,141,112.733,130.746,123.893,95.566,94.359,94.730,108.000,87.875,126.000,137.200,other,0,-1,10,0
5579,144,139.969,155.206,148.635,96.123,94.903,95.114,141.000,88.500,96.000,150.314,other,0,-1,11,0
5580,175,153.307,160.777,155.204,97.159,95.942,95.598,144.000,90.500,112.000,163.229,other,0,-1,12,0
5581,186,173.183,177.687,176.621,98.412,97.206,96.127,175.000,93.125,139.000,172.800,other,0,-1,13,0
5582,151,178.110,180.633,182.809,99.433,98.231,96.607,186.000,95.083,146.000,172.257,other,0,-1,14,0
5583,157,163.056,158.618,155.993,99.845,98.625,96.961,151.000,95.292,150.000,183.343,other,0,-1,15,0
5584,127,153.223,151.278,152.245,100.287,99.050,97.320,157.000,95.583,108.000,162.143,other,0,-1,16,0
5585,141,136.828,130.286,125.815,100.902,99.654,97.716,127.000,96.375,132.000,148.800,other,0,-1,17,0
5586,136,118.210,116.957,121.890,101.373,100.108,98.082,141.000,96.750,96.000,128.829,other,0,-1,18,0
5587,95,99.560,99.328,107.271,102.293,101.028,98.541,136.000,98.417,83.000,110.171,other,0,-1,19,0
5588,89,84.531,79.457,82.574,102.807,101.527,98.916,95.000,98.917,62.000,85.143,other,0,-1,20,0
5589,64,70.677,68.682,73.390,103.538,102.251,99.336,89.000,100.042,43.000,75.143,other,0,-1,21,0
5590,70,61.395,59.059,62.231,104.182,102.886,99.738,64.000,100.917,47.000,65.229,other,0,-1,22,0
5591,71,57.095,59.384,60.243,104.856,103.550,100.146,70.000,101.875,30.000,63.543,other,0,-1,23,0
5592,83,58.735,62.164,59.101,105.790,104.484,100.608,71.000,103.583,86.000,61.694,other,0,-1,0,1
5593,49,63.779,68.303,61.284,105.920,104.641,100.912,83.000,103.458,60.000,62.000,other,0,-1,1,1
5594,60,55.015,57.226,53.657,105.935,104.678,101.191,49.000,103.000,61.000,62.222,other,0,-1,2,1
5595,55,61.622,63.496,57.263,106.094,104.865,101.500,60.000,102.958,63.000,61.389,other,0,-1,3,1
5596,56,61.611,62.918,59.347,106.152,104.947,101.788,55.000,102.625,70.000,63.583,other,0,-1,4,1
5597,52,63.289,64.913,64.385,106.124,104.939,102.058,56.000,102.042,64.000,65.139,other,0,-1,5,1
5598,73,65.201,66.907,69.840,106.124,104.961,102.334,52.000,101.542,58.000,66.417,other,0,-1,6,1
5599,99,75.698,79.933,83.852,106.515,105.388,102.692,73.000,102.167,76.000,77.639,other,0,-1,7,1
5600,89,92.243,98.545,102.640,107.022,105.934,103.074,99.000,103.125,93.000,91.833,other,0,-1,8,1
5601,119,105.306,111.571,109.586,107.138,106.076,103.374,89.000,102.958,108.000,109.944,other,0,-1,9,1
5602,136,128.079,135.045,133.019,107.471,106.443,103.719,119.000,103.417,141.000,131.361,other,0,-1,10,1
5603,137,148.447,153.260,150.854,107.573,106.570,104.017,136.000,103.208,144.000,148.500,other,0,-1,11,1
5604,183,161.154,162.939,158.187,107.645,106.667,104.308,137.000,102.917,175.000,174.389,other,0,-1,12,1
5605,176,182.219,182.163,186.826,107.935,106.989,104.644,183.000,103.250,186.000,191.778,other,0,-1,13,1
5606,231,178.411,178.848,181.388,107.964,107.041,104.926,176.000,102.833,151.000,190.222,other,0,-1,14,1
5607,174,200.407,202.397,208.077,109.297,108.442,105.481,231.000,106.167,157.000,183.056,other,0,-1,15,1
5608,167,162.768,163.029,164.440,109.717,108.899,105.845,174.000,106.875,127.000,168.806,other,0,-1,16,1
5609,143,147.566,146.900,148.399,110.471,109.700,106.278,167.000,108.542,141.000,158.750,other,0,-1,17,1
5610,91,128.984,124.314,124.637,110.674,109.932,106.596,143.000,108.625,136.000,131.639,other,0,-1,18,1
5611,106,114.424,100.685,95.232,110.196,109.460,106.773,91.000,106.750,95.000,103.944,other,0,-1,19,1
5612,83,94.338,86.894,92.903,110.529,109.826,107.118,106.000,107.208,89.000,92.389,other,0,-1,20,1
5613,71,80.934,72.741,78.791,110.616,109.938,107.412,83.000,106.958,64.000,77.389,other,0,-1,21,1
5614,52,70.067,64.039,68.827,110.891,110.245,107.746,71.000,107.250,70.000,64.944,other,0,-1,22,1
5615,61,63.049,57.264,57.959,110.804,110.177,108.004,52.000,106.500,71.000,62.889,other,0,-1,23,1
5616,87,60.935,59.339,55.050,110.834,110.229,108.286,61.000,106.083,83.000,59.639,other,0,-1,0,2
5617,66,67.066,70.708,63.093,110.768,110.221,108.349,87.000,106.250,49.000,64.167,other,0,-1,1,2
5618,75,63.425,64.117,57.611,110.891,110.408,108.451,66.000,106.958,60.000,56.194,other,0,-1,2,2
5619,59,69.600,69.098,59.748,110.985,110.565,108.548,75.000,107.583,55.000,60.528,other,0,-1,3,2
5620,50,66.345,64.052,58.525,110.920,110.558,108.611,59.000,107.750,56.000,62.444,other,0,-1,4,2
5621,65,67.191,62.776,60.234,110.710,110.400,108.644,50.000,107.500,52.000,62.833,other,0,-1,5,2
5622,71,74.687,69.812,68.943,110.775,110.527,108.734,65.000,108.042,73.000,70.472,other,0,-1,6,2
5623,84,83.699,76.747,77.918,110.622,110.429,108.779,71.000,107.958,99.000,78.639,other,0,-1,7,2
5624,95,97.718,89.010,91.155,110.282,110.137,108.785,84.000,107.333,89.000,89.639,other,0,-1,8,2
5625,99,115.167,105.660,106.103,110.245,110.159,108.854,95.000,107.583,119.000,104.833,other,0,-1,9,2
5626,112,133.671,126.232,119.530,109.832,109.791,108.845,99.000,106.750,136.000,127.694,other,0,-1,10,2
5627,148,150.205,146.062,135.940,109.361,109.364,108.823,112.000,105.750,137.000,145.361,other,0,-1,11,2
5628,165,164.791,162.271,160.643,109.397,109.461,108.908,148.000,106.208,183.000,159.222,other,0,-1,12,2
5629,160,172.643,173.093,173.126,109.013,109.123,108.904,165.000,105.458,176.000,182.222,other,0,-1,13,2
5630,182,170.562,172.996,169.624,108.658,108.815,108.907,160.000,104.792,231.000,185.000,other,0,-1,14,2
5631,168,169.065,176.476,174.188,107.825,108.013,108.810,182.000,102.750,174.000,172.750,other,0,-1,15,2
5632,180,157.665,163.423,157.142,107.615,107.855,108.843,168.000,102.500,167.000,158.694,other,0,-1,16,2
5633,123,146.314,156.748,151.147,107.680,107.982,108.933,180.000,103.042,143.000,148.139,other,0,-1,17,2
5634,139,129.815,125.136,113.858,107.267,107.615,108.924,123.000,102.208,91.000,124.722,other,0,-1,18,2
5635,87,110.434,114.237,110.246,107.839,108.267,109.120,139.000,104.208,106.000,108.833,other,0,-1,19,2
5636,71,97.733,89.057,82.598,107.441,107.914,109.114,87.000,103.417,83.000,89.361,other,0,-1,20,2
5637,76,83.304,74.609,70.311,107.143,107.666,109.128,71.000,102.917,71.000,75.500,other,0,-1,21,2
5638,77,69.223,67.313,64.794,107.093,107.673,109.195,76.000,103.125,52.000,67.139,other,0,-1,22,2
5639,57,61.268,64.123,58.999,107.331,107.980,109.321,77.000,104.167,61.000,62.722,other,0,-1,23,2
5640,56,56.810,57.427,49.682,107.150,107.853,109.360,57.000,104.000,87.000,61.389,other,0,-1,0,3
5641,50,55.276,59.476,58.815,106.373,107.101,109.018,56.000,102.708,66.000,64.194,other,0,-1,1,3
5642,50,55.372,58.480,56.291,105.814,106.575,108.721,50.000,102.042,75.000,65.056,other,0,-1,2,3
5643,47,57.284,59.472,56.271,105.124,105.914,108.396,50.000,101.000,59.000,61.583,other,0,-1,3,3
5644,69,59.241,59.426,57.197,104.623,105.448,108.111,47.000,100.500,50.000,61.250,other,0,-1,4,3
5645,73,67.198,67.742,65.179,104.570,105.446,107.920,69.000,101.292,65.000,63.500,other,0,-1,5,3
5646,80,72.267,70.684,71.576,104.358,105.280,107.696,73.000,101.625,71.000,67.778,other,0,-1,6,3
5647,97,81.023,76.801,81.029,104.161,105.128,107.474,80.000,102.000,84.000,79.889,other,0,-1,7,3
5648,87,95.049,89.129,96.034,104.022,105.036,107.265,97.000,102.542,95.000,92.417,other,0,-1,8,3
5649,126,111.363,102.515,104.332,103.578,104.630,106.992,87.000,102.208,99.000,115.000,other,0,-1,9,3
5650,106,131.031,127.065,130.879,103.642,104.748,106.825,126.000,103.333,112.000,126.583,other,0,-1,10,3
5651,140,146.500,146.283,135.135,103.227,104.372,106.558,106.000,103.083,148.000,145.861,other,0,-1,11,3
5652,160,160.647,162.523,157.328,102.783,103.966,106.286,140.000,102.750,165.000,168.111,other,0,-1,12,3
5653,149,169.789,172.237,170.147,102.383,103.604,106.022,160.000,102.542,160.000,177.472,other,0,-1,13,3
5654,187,168.117,167.654,164.914,101.896,103.153,105.740,149.000,102.083,182.000,176.694,other,0,-1,14,3
5655,168,169.920,176.579,176.576,101.641,102.942,105.506,187.000,102.292,168.000,173.972,other,0,-1,15,3
5656,169,155.369,160.241,159.119,101.313,102.655,105.258,168.000,102.292,180.000,162.111,other,0,-1,16,3
5657,134,139.979,149.500,148.549,100.826,102.204,104.976,169.000,101.833,123.000,150.028,other,0,-1,17,3
5658,128,121.182,124.346,121.835,100.658,102.082,104.760,134.000,102.292,139.000,132.389,other,0,-1,18,3
5659,124,102.381,108.883,108.585,100.171,101.631,104.479,128.000,101.833,87.000,108.528,other,0,-1,19,3
5660,76,84.031,96.242,97.081,100.379,101.899,104.342,124.000,103.375,71.000,100.083,other,0,-1,20,3
5661,65,73.289,71.728,73.792,100.124,101.688,104.108,76.000,103.583,76.000,85.306,other,0,-1,21,3
5662,75,60.963,60.801,64.498,99.637,101.236,103.826,65.000,103.125,77.000,74.778,other,0,-1,22,3
5663,39,51.164,58.749,61.495,99.280,100.920,103.572,75.000,103.042,57.000,70.444,other,0,-1,23,3
5664,57,47.002,46.373,50.015,98.692,100.364,103.269,39.000,102.292,56.000,60.917,other,0,-1,0,4
5665,68,45.447,54.017,49.771,98.421,100.089,102.910,57.000,102.333,50.000,56.972,other,0,-1,1,4
5666,54,50.812,60.021,51.002,98.396,100.070,102.604,68.000,103.083,50.000,51.583,other,0,-1,2,4
5667,59,49.261,55.556,48.833,98.169,99.840,102.255,54.000,103.250,47.000,54.556,other,0,-1,3,4
5668,62,53.294,58.396,51.914,98.058,99.731,101.930,59.000,103.750,69.000,57.139,other,0,-1,4,4
5669,60,56.579,60.364,56.489,97.671,99.336,101.548,62.000,103.458,73.000,54.694,other,0,-1,5,4
5670,59,59.713,61.589,61.912,97.197,98.852,101.147,60.000,102.917,80.000,65.167,other,0,-1,6,4
5671,73,67.316,66.465,69.601,96.608,98.248,100.722,59.000,102.042,97.000,74.667,other,0,-1,7,4
5672,89,80.545,80.065,84.265,95.975,97.599,100.289,73.000,101.042,87.000,86.667,other,0,-1,8,4
5673,98,97.622,99.911,102.616,95.718,97.339,99.934,89.000,101.125,126.000,109.861,other,0,-1,9,4
5674,110,116.730,122.217,119.676,95.027,96.630,99.488,98.000,99.958,106.000,125.222,other,0,-1,10,4
5675,158,135.101,142.862,137.184,94.800,96.401,99.139,110.000,100.125,140.000,147.361,other,0,-1,11,4
5676,154,156.313,169.162,168.785,94.775,96.381,98.832,158.000,100.875,160.000,161.111,other,0,-1,12,4
5677,171,164.271,168.475,171.028,94.403,96.002,98.453,154.000,100.625,149.000,174.694,other,0,-1,13,4
5678,204,171.006,172.591,178.501,94.437,96.042,98.158,171.000,101.542,187.000,178.167,other,0,-1,14,4
5679,155,176.004,183.480,189.490,94.397,96.008,97.849,204.000,102.250,168.000,172.583,other,0,-1,15,4
5680,149,150.962,149.135,154.311,93.924,95.524,97.448,155.000,101.708,169.000,165.472,other,0,-1,16,4
5681,133,131.557,134.681,138.318,93.349,94.934,97.026,149.000,100.875,134.000,138.861,other,0,-1,17,4
5682,122,110.334,115.570,117.755,93.049,94.630,96.662,133.000,100.833,128.000,121.333,other,0,-1,18,4
5683,137,90.402,98.027,101.115,92.677,94.251,96.283,122.000,100.583,124.000,101.944,other,0,-1,19,4
5684,72,70.873,91.944,95.652,92.580,94.156,95.961,137.000,101.125,76.000,84.222,other,0,-1,20,4
5685,86,61.058,61.927,68.507,92.236,93.807,95.588,72.000,100.958,65.000,70.889,other,0,-1,21,4
5686,47,46.958,58.612,65.988,92.255,93.832,95.290,86.000,101.833,75.000,63.889,other,0,-1,22,4
5687,58,40.899,43.301,53.248,91.564,93.123,94.845,47.000,100.667,39.000,57.111,other,0,-1,23,4
5688,40,36.000,44.747,52.030,91.554,93.119,94.541,58.000,101.458,57.000,38.722,other,0,-1,0,5
5689,32,34.149,41.109,32.979,91.280,92.789,94.288,40.000,100.750,68.000,42.139,other,0,-1,1,5
5690,43,34.382,40.007,31.984,90.730,92.175,93.977,32.000,99.250,54.000,43.389,other,0,-1,2,5
5691,41,39.849,45.706,35.399,90.543,91.936,93.742,43.000,98.792,59.000,43.528,other,0,-1,3,5
5692,42,41.841,46.053,37.806,90.254,91.592,93.486,41.000,98.042,62.000,42.111,other,0,-1,4,5
5693,43,44.733,47.637,42.283,89.936,91.217,93.224,42.000,97.208,60.000,43.028,other,0,-1,5,5
5694,45,48.656,50.402,48.378,89.662,90.888,92.971,43.000,96.500,59.000,55.167,other,0,-1,6,5
5695,48,55.896,56.272,56.358,89.431,90.604,92.727,45.000,95.917,73.000,63.917,other,0,-1,7,5
5696,73,68.187,66.356,66.075,89.041,90.155,92.450,48.000,94.875,89.000,81.722,other,0,-1,8,5
5697,81,84.400,86.748,86.286,88.781,89.840,92.199,73.000,94.208,98.000,98.167,other,0,-1,9,5
5698,98,103.103,103.700,100.590,88.506,89.511,91.946,81.000,93.500,110.000,102.556,other,0,-1,10,5
5699,152,121.687,122.750,119.203,88.304,89.257,91.708,98.000,93.000,158.000,122.722,other,0,-1,11,5
5700,156,144.846,158.067,159.738,88.189,89.093,91.489,152.000,92.750,154.000,141.028,other,0,-1,12,5
5701,158,154.992,161.224,166.177,88.190,89.048,91.293,156.000,92.833,171.000,161.333,other,0,-1,13,5
5702,130,158.376,159.724,166.723,87.974,88.779,91.052,158.000,92.292,204.000,179.778,other,0,-1,14,5
5703,127,149.541,143.393,143.827,86.874,87.595,90.626,130.000,89.208,155.000,180.472,other,0,-1,15,5
5704,166,137.735,134.661,132.243,86.440,87.101,90.340,127.000,88.042,149.000,165.833,other,0,-1,16,5
5705,134,122.346,135.367,139.000,86.658,87.281,90.190,166.000,88.750,133.000,148.556,other,0,-1,17,5
5706,115,100.367,109.852,106.353,86.645,87.222,89.991,134.000,88.792,122.000,114.861,other,0,-1,18,5
5707,97,81.978,89.976,84.255,86.515,87.042,89.768,115.000,88.500,137.000,90.528,other,0,-1,19,5
5708,42,65.990,72.410,67.816,85.908,86.368,89.446,97.000,86.833,72.000,74.972,other,0,-1,20,5
5709,59,58.443,53.213,48.254,85.445,85.844,89.153,42.000,85.583,86.000,60.444,other,0,-1,21,5
5710,56,42.880,47.151,47.320,85.026,85.365,88.870,59.000,84.458,47.000,52.389,other,0,-1,22,5
5711,50,35.622,43.446,43.654,85.128,85.426,88.695,56.000,84.833,58.000,44.139,other,0,-1,23,5
5712,31,32.599,41.737,40.433,84.984,85.231,88.469,50.000,84.500,40.000,32.472,other,0,-1,0,6
5713,31,31.424,37.088,30.464,85.104,85.293,88.552,31.000,84.125,32.000,34.500,other,0,-1,1,6
5714,24,33.618,39.610,32.013,85.340,85.474,88.659,31.000,84.083,43.000,33.361,other,0,-1,2,6
5715,41,34.348,38.970,33.034,85.315,85.386,88.711,24.000,83.292,41.000,35.222,other,0,-1,3,6
5716,35,42.629,47.434,40.515,85.565,85.583,88.820,41.000,83.292,42.000,34.028,other,0,-1,4,6
5717,43,42.515,46.290,44.005,85.714,85.674,88.909,35.000,83.000,43.000,36.611,other,0,-1,5,6
5718,36,47.790,52.020,52.413,85.964,85.871,89.018,43.000,83.000,45.000,38.694,other,0,-1,6,6
5719,50,52.203,54.720,57.170,86.084,85.933,89.101,36.000,82.625,48.000,47.194,other,0,-1,7,6
5720,70,64.471,68.097,69.596,86.363,86.159,89.217,50.000,82.708,73.000,59.167,other,0,-1,8,6
5721,99,80.916,86.430,85.791,86.570,86.311,89.317,70.000,82.583,81.000,78.778,other,0,-1,9,6
5722,119,101.568,110.561,107.984,87.081,86.777,89.481,99.000,83.333,98.000,101.278,other,0,-1,10,6
5723,112,122.167,129.537,126.264,87.636,87.289,89.654,119.000,84.208,152.000,121.778,other,0,-1,11,6
5724,133,134.843,131.616,126.669,87.306,86.886,89.643,112.000,82.542,156.000,140.833,other,0,-1,12,6
5725,135,147.468,146.140,142.266,87.223,86.737,89.683,133.000,81.583,158.000,148.472,other,0,-1,13,6
5726,155,150.593,148.329,142.992,87.141,86.589,89.723,135.000,80.625,130.000,156.639,other,0,-1,14,6
5727,145,150.011,152.992,152.559,87.753,87.161,89.909,155.000,81.667,127.000,153.306,other,0,-1,15,6
5728,146,137.164,140.851,138.191,88.264,87.627,90.073,145.000,82.417,166.000,133.083,other,0,-1,16,6
5729,107,121.112,128.486,126.987,88.225,87.524,90.122,146.000,81.583,134.000,123.667,other,0,-1,17,6
5730,130,103.901,105.051,93.546,88.084,87.316,90.150,107.000,80.458,115.000,102.583,other,0,-1,18,6
5731,73,84.448,92.269,88.855,88.551,87.737,90.305,130.000,81.083,97.000,79.889,other,0,-1,19,6
5732,52,72.048,70.120,59.449,88.454,87.574,90.342,73.000,80.083,42.000,59.111,other,0,-1,20,6
5733,38,59.553,56.408,48.641,88.849,87.920,90.482,52.000,80.500,59.000,47.306,other,0,-1,21,6
5734,41,49.106,46.818,42.621,88.795,87.802,90.528,38.000,79.625,56.000,35.306,other,0,-1,22,6
5735,32,41.500,43.575,41.218,88.828,87.774,90.592,41.000,79.000,50.000,32.556,other,0,-1,23,6
5736,67,38.231,41.168,38.813,88.818,87.700,90.647,32.000,78.250,31.000,61.343,other,0,-1,0,0
5737,71,49.300,55.918,49.841,89.679,88.560,91.095,67.000,79.750,31.000,59.743,other,0,-1,1,0
5738,63,56.677,63.481,52.357,90.599,89.479,91.554,71.000,81.417,24.000,61.829,other,0,-1,2,0
5739,57,56.546,62.712,53.484,91.504,90.383,92.010,63.000,83.042,41.000,63.543,other,0,-1,3,0
5740,59,55.587,61.624,56.300,92.076,90.942,92.397,57.000,83.708,35.000,60.000,other,0,-1,4,0
5741,41,57.269,64.392,62.591,92.764,91.622,92.808,59.000,84.708,43.000,77.171,other,0,-1,5,0
5742,67,52.260,59.450,64.189,93.075,91.911,93.141,41.000,84.625,36.000,77.686,other,0,-1,6,0
5743,74,64.059,76.579,80.246,93.864,92.696,93.573,67.000,85.917,50.000,91.543,other,0,-1,7,0
5744,82,74.375,89.677,91.498,94.552,93.375,93.984,74.000,86.917,70.000,101.114,other,0,-1,8,0
5745,110,90.335,106.474,103.404,95.066,93.874,94.358,82.000,87.417,99.000,122.829,other,0,-1,9,0
5746,109,113.520,131.040,124.693,95.566,94.359,94.730,110.000,87.875,119.000,137.200,other,0,-1,10,0
5747,155,130.489,139.944,130.862,95.761,94.529,95.038,109.000,87.458,112.000,150.314,other,0,-1,11,0
5748,171,157.834,165.984,161.849,96.724,95.493,95.507,155.000,89.250,133.000,163.229,other,0,-1,12,0
5749,203,171.434,175.087,174.059,97.615,96.382,95.960,171.000,90.833,135.000,172.800,other,0,-1,13,0
5750,131,188.144,190.807,194.227,98.940,97.721,96.504,203.000,93.667,155.000,172.257,other,0,-1,14,0
5751,203,160.972,151.874,143.944,98.933,97.681,96.770,131.000,92.667,145.000,183.343,other,0,-1,15,0
5752,165,166.275,170.760,181.274,100.113,98.870,97.284,203.000,95.083,146.000,162.143,other,0,-1,16,0
5753,164,138.153,138.746,146.177,100.729,99.474,97.680,165.000,95.875,107.000,148.800,other,0,-1,17,0
5754,117,119.565,120.990,132.239,101.894,100.648,98.191,164.000,98.250,130.000,128.829,other,0,-1,18,0
5755,108,99.549,94.759,98.620,102.046,100.773,98.490,117.000,97.708,73.000,110.171,other,0,-1,19,0
5756,108,82.891,79.382,85.013,102.894,101.617,98.934,108.000,99.167,52.000,85.143,other,0,-1,20,0
5757,85,70.724,70.910,76.674,104.045,102.776,99.442,108.000,101.500,38.000,75.143,other,0,-1,21,0
5758,61,61.612,62.364,65.480,105.066,103.800,99.922,85.000,103.458,41.000,65.229,other,0,-1,22,0
5759,59,55.321,55.674,56.863,105.696,104.419,100.321,61.000,104.292,32.000,63.543,other,0,-1,23,0
5760,69,54.848,56.605,54.810,106.427,105.144,100.741,59.000,105.417,67.000,61.694,other,0,-1,0,1
5761,51,57.977,61.193,56.382,106.630,105.376,101.060,69.000,105.500,71.000,62.000,other,0,-1,1,1
5762,56,55.373,57.001,52.370,106.514,105.278,101.312,51.000,104.667,63.000,62.222,other,0,-1,2,1
5763,60,59.870,60.923,54.782,106.587,105.375,101.603,56.000,104.375,57.000,61.389,other,0,-1,3,1
5764,67,63.468,64.072,58.891,106.804,105.622,101.924,60.000,104.500,59.000,63.583,other,0,-1,4,1
5765,51,67.380,68.464,65.618,107.094,105.943,102.261,67.000,104.833,41.000,65.139,other,0,-1,5,1
5766,62,65.158,66.008,68.505,107.413,106.295,102.603,51.000,105.250,67.000,66.417,other,0,-1,6,1
5767,67,74.032,76.164,79.607,107.514,106.422,102.900,62.000,105.042,74.000,77.639,other,0,-1,7,1
5768,81,87.095,89.648,90.685,107.587,106.519,103.192,67.000,104.750,82.000,91.833,other,0,-1,8,1
5769,88,105.306,109.672,106.031,107.746,106.706,103.501,81.000,104.708,110.000,109.944,other,0,-1,9,1
5770,154,125.053,129.836,119.134,107.602,106.578,103.747,88.000,103.792,109.000,131.361,other,0,-1,10,1
5771,142,155.867,157.802,160.370,108.427,107.455,104.195,154.000,105.667,155.000,148.500,other,0,-1,11,1
5772,145,163.194,163.795,161.268,108.413,107.462,104.468,142.000,105.125,171.000,174.389,other,0,-1,12,1
5773,205,170.690,168.651,165.928,108.210,107.274,104.702,145.000,104.042,203.000,191.778,other,0,-1,13,1
5774,169,193.113,192.032,198.889,108.413,107.506,105.020,205.000,104.125,131.000,190.222,other,0,-1,14,1
5775,206,172.204,170.521,171.682,109.138,108.277,105.448,169.000,105.708,203.000,183.056,other,0,-1,15,1
5776,164,172.897,177.198,182.637,109.355,108.524,105.769,206.000,105.833,165.000,168.806,other,0,-1,16,1
5777,133,147.015,145.734,146.456,109.515,108.711,106.078,164.000,105.792,164.000,158.750,other,0,-1,17,1
5778,136,128.731,122.133,119.882,109.239,108.448,106.297,133.000,104.500,117.000,131.639,other,0,-1,18,1
5779,111,109.864,106.275,110.830,109.689,108.935,106.667,136.000,105.292,108.000,103.944,other,0,-1,19,1
5780,65,93.406,87.721,93.219,109.906,109.182,106.988,111.000,105.417,108.000,92.389,other,0,-1,20,1
5781,55,82.550,71.044,72.411,109.457,108.739,107.170,65.000,103.625,85.000,77.389,other,0,-1,21,1
5782,61,70.799,61.892,62.815,109.196,108.491,107.392,55.000,102.375,61.000,64.944,other,0,-1,22,1
5783,81,62.714,59.518,58.053,109.370,108.693,107.704,61.000,102.375,59.000,62.889,other,0,-1,23,1
5784,51,65.127,66.784,58.013,109.863,109.225,108.083,81.000,103.292,69.000,59.639,other,0,-1,0,2
5785,59,58.261,58.200,54.394,109.479,108.887,108.080,51.000,102.542,51.000,64.167,other,0,-1,1,2
5786,54,61.012,62.016,54.752,109.472,108.939,108.155,59.000,102.875,56.000,56.194,other,0,-1,2,2
5787,65,62.114,61.582,54.197,109.319,108.841,108.200,54.000,102.792,60.000,60.528,other,0,-1,3,2
5788,77,67.647,66.464,58.325,109.268,108.849,108.266,65.000,103.000,67.000,62.444,other,0,-1,4,2
5789,81,74.001,71.822,64.806,109.290,108.931,108.348,77.000,103.417,51.000,62.833,other,0,-1,5,2
5790,73,78.400,74.866,71.838,109.601,109.313,108.489,81.000,104.667,62.000,70.472,other,0,-1,6,2
5791,74,83.689,77.223,77.719,109.637,109.410,108.574,73.000,105.125,67.000,78.639,other,0,-1,7,2
5792,94,97.168,87.661,87.669,109.615,109.447,108.646,74.000,105.417,81.000,89.639,other,0,-1,8,2
5793,136,115.121,105.555,105.555,109.680,109.574,108.736,94.000,105.958,88.000,104.833,other,0,-1,9,2
5794,116,137.648,128.111,134.460,110.253,110.226,108.933,136.000,107.958,154.000,127.694,other,0,-1,10,2
5795,133,150.458,145.943,137.719,109.579,109.588,108.869,116.000,106.375,142.000,145.361,other,0,-1,11,2
5796,115,162.972,160.465,153.841,109.325,109.386,108.893,133.000,106.000,145.000,159.222,other,0,-1,12,2
5797,157,166.024,163.939,149.833,108.767,108.868,108.853,115.000,104.750,205.000,182.222,other,0,-1,13,2
5798,150,170.141,171.949,168.079,107.949,108.081,108.759,157.000,102.750,169.000,185.000,other,0,-1,14,2
5799,164,163.804,166.120,158.428,107.550,107.728,108.752,150.000,101.958,206.000,172.750,other,0,-1,15,2
5800,154,156.873,162.351,155.050,106.818,107.031,108.676,164.000,100.208,164.000,158.694,other,0,-1,16,2
5801,133,143.836,147.859,138.566,106.550,106.813,108.697,154.000,99.792,133.000,148.139,other,0,-1,17,2
5802,116,128.197,128.333,117.902,106.427,106.745,108.748,133.000,99.792,136.000,124.722,other,0,-1,18,2
5803,121,111.447,109.649,101.450,106.014,106.378,108.739,116.000,98.958,111.000,108.833,other,0,-1,19,2
5804,111,92.821,97.398,94.773,106.035,106.460,108.820,121.000,99.375,65.000,89.361,other,0,-1,20,2
5805,74,78.233,85.048,83.001,106.578,107.082,109.010,111.000,101.292,55.000,75.500,other,0,-1,21,2
5806,52,68.801,68.497,64.483,106.730,107.299,109.119,74.000,102.083,61.000,67.139,other,0,-1,22,2
5807,72,61.444,59.380,53.057,106.477,107.096,109.143,52.000,101.708,81.000,62.722,other,0,-1,23,2
5808,61,57.802,63.431,52.581,106.223,106.893,109.167,72.000,101.333,51.000,61.389,other,0,-1,0,3
5809,53,55.597,62.348,59.553,106.040,106.757,108.948,61.000,101.750,59.000,64.194,other,0,-1,1,3
5810,52,55.566,60.576,56.595,105.626,106.380,108.681,53.000,101.500,54.000,65.056,other,0,-1,2,3
5811,55,57.414,61.133,56.458,105.269,106.064,108.427,52.000,101.417,65.000,61.583,other,0,-1,3,3
5812,56,60.511,62.823,58.649,104.796,105.628,108.148,55.000,101.000,77.000,61.250,other,0,-1,4,3
5813,80,63.798,63.973,62.140,104.165,105.026,107.836,56.000,100.125,81.000,63.500,other,0,-1,5,3
5814,58,73.547,73.381,73.258,103.822,104.725,107.584,80.000,100.083,73.000,67.778,other,0,-1,6,3
5815,104,78.976,72.070,74.879,103.277,104.214,107.290,58.000,99.458,74.000,79.889,other,0,-1,7,3
5816,88,95.686,90.728,98.160,103.384,104.377,107.132,104.000,100.708,94.000,92.417,other,0,-1,8,3
5817,115,110.739,102.206,104.411,102.970,104.000,106.865,88.000,100.458,136.000,115.000,other,0,-1,9,3
5818,138,129.870,125.216,126.395,102.338,103.399,106.553,115.000,99.583,116.000,126.583,other,0,-1,10,3
5819,150,148.337,147.950,146.992,102.329,103.443,106.371,138.000,100.500,133.000,145.861,other,0,-1,11,3
5820,163,161.764,163.921,160.775,102.247,103.411,106.174,150.000,101.208,115.000,168.111,other,0,-1,12,3
5821,125,169.880,173.148,170.926,102.615,103.844,106.070,163.000,103.208,157.000,177.472,other,0,-1,13,3
5822,182,164.751,161.300,154.415,101.824,103.078,105.725,125.000,101.875,150.000,176.694,other,0,-1,14,3
5823,138,168.417,174.352,173.953,101.960,103.271,105.573,182.000,103.208,164.000,173.972,other,0,-1,15,3
5824,189,152.120,150.641,145.427,101.255,102.595,105.246,138.000,102.125,154.000,162.111,other,0,-1,16,3
5825,133,142.416,158.965,157.860,101.435,102.833,105.103,189.000,103.583,133.000,150.028,other,0,-1,17,3
5826,148,121.071,124.245,121.529,101.107,102.547,104.854,133.000,103.583,116.000,132.389,other,0,-1,18,3
5827,109,101.074,117.056,116.616,101.243,102.740,104.702,148.000,104.917,121.000,108.528,other,0,-1,19,3
5828,94,85.665,91.385,92.220,100.741,102.274,104.417,109.000,104.417,111.000,100.083,other,0,-1,20,3
5829,72,71.040,76.943,79.248,100.167,101.733,104.117,94.000,103.708,74.000,85.306,other,0,-1,21,3
5830,69,60.436,63.203,66.536,99.811,101.416,103.863,72.000,103.625,52.000,74.778,other,0,-1,22,3
5831,69,51.524,57.654,60.488,99.729,101.385,103.665,69.000,104.333,72.000,70.444,other,0,-1,23,3
5832,44,47.366,55.431,56.317,99.358,101.053,103.408,69.000,104.208,61.000,60.917,other,0,-1,0,4
5833,45,44.089,50.456,47.581,98.827,100.509,102.995,44.000,103.500,53.000,56.972,other,0,-1,1,4
5834,71,45.120,51.835,46.792,98.425,100.100,102.610,45.000,103.167,52.000,51.583,other,0,-1,2,4
5835,64,55.251,63.438,52.325,98.415,100.095,102.306,71.000,103.958,55.000,54.556,other,0,-1,3,4
5836,47,55.014,61.045,53.071,98.260,99.941,101.972,64.000,104.333,56.000,57.139,other,0,-1,4,4
5837,45,52.944,55.498,53.171,97.845,99.516,101.584,47.000,103.958,80.000,54.694,other,0,-1,5,4
5838,52,57.771,57.467,58.167,97.052,98.702,101.117,45.000,102.500,58.000,65.167,other,0,-1,6,4
5839,63,67.135,64.978,67.617,96.680,98.323,100.738,52.000,102.250,104.000,74.667,other,0,-1,7,4
5840,82,80.612,77.865,80.874,95.801,97.419,100.252,63.000,100.542,88.000,86.667,other,0,-1,8,4
5841,108,97.534,98.234,99.842,95.429,97.040,99.873,82.000,100.292,115.000,109.861,other,0,-1,9,4
5842,136,116.876,124.721,123.936,95.042,96.645,99.491,108.000,100.000,138.000,125.222,other,0,-1,10,4
5843,134,137.629,150.990,149.113,94.728,96.326,99.124,136.000,99.917,150.000,147.361,other,0,-1,11,4
5844,192,151.468,159.343,157.199,94.210,95.797,98.714,134.000,99.250,163.000,161.111,other,0,-1,12,4
5845,152,176.332,188.402,190.170,94.345,95.942,98.441,192.000,100.458,125.000,174.694,other,0,-1,13,4
5846,201,167.039,164.292,169.352,94.451,96.057,98.161,152.000,101.583,182.000,178.167,other,0,-1,14,4
5847,194,174.871,181.734,188.064,94.441,96.053,97.858,201.000,102.375,138.000,172.583,other,0,-1,15,4
5848,151,158.898,167.120,174.454,94.967,96.603,97.666,194.000,104.708,189.000,165.472,other,0,-1,16,4
5849,174,131.966,135.207,139.590,94.131,95.744,97.190,151.000,103.125,133.000,138.861,other,0,-1,17,4
5850,147,111.936,130.818,135.768,94.440,96.069,96.953,174.000,104.833,148.000,121.333,other,0,-1,18,4
5851,101,89.315,106.164,110.308,94.140,95.765,96.589,147.000,104.792,109.000,101.944,other,0,-1,19,4
5852,96,73.764,79.087,83.453,93.739,95.356,96.203,101.000,104.458,94.000,84.222,other,0,-1,20,4
5853,58,58.241,67.673,73.893,93.482,95.096,95.848,96.000,104.542,72.000,70.889,other,0,-1,21,4
5854,73,49.620,50.501,58.813,92.994,94.597,95.445,58.000,103.958,69.000,63.889,other,0,-1,22,4
5855,52,40.338,50.526,57.304,92.767,94.367,95.096,73.000,104.125,69.000,57.111,other,0,-1,23,4
5856,38,36.033,42.517,49.754,92.235,93.823,94.683,52.000,103.417,44.000,38.722,other,0,-1,0,5
5857,35,34.229,40.044,31.355,92.120,93.659,94.463,38.000,103.167,45.000,42.139,other,0,-1,1,5
5858,33,35.377,40.727,31.254,91.947,93.435,94.231,35.000,102.750,71.000,43.389,other,0,-1,2,5
5859,38,37.298,41.502,32.307,91.369,92.790,93.915,33.000,101.167,64.000,43.528,other,0,-1,3,5
5860,42,41.192,44.550,36.022,90.964,92.326,93.634,38.000,100.083,47.000,42.111,other,0,-1,4,5
5861,65,44.992,47.360,41.305,90.863,92.177,93.418,42.000,99.875,45.000,43.028,other,0,-1,5,5
5862,49,55.601,58.870,54.038,91.125,92.402,93.276,65.000,100.708,52.000,55.167,other,0,-1,6,5
5863,52,56.602,57.410,57.264,91.053,92.283,93.066,49.000,100.583,63.000,63.917,other,0,-1,7,5
5864,76,68.426,67.455,67.492,90.866,92.044,92.831,52.000,100.125,82.000,81.722,other,0,-1,8,5
5865,116,84.817,87.910,87.903,90.751,91.879,92.611,76.000,99.875,108.000,98.167,other,0,-1,9,5
5866,99,106.468,120.164,119.950,90.839,91.925,92.433,116.000,100.208,136.000,102.556,other,0,-1,10,5
5867,139,121.884,123.327,120.453,90.275,91.296,92.120,99.000,98.667,134.000,122.722,other,0,-1,11,5
5868,133,142.070,150.442,152.112,90.319,91.296,91.933,139.000,98.875,192.000,141.028,other,0,-1,12,5
5869,154,149.951,149.461,152.193,89.436,90.337,91.553,133.000,96.417,152.000,161.333,other,0,-1,13,5
5870,194,157.476,157.874,164.844,89.437,90.293,91.357,154.000,96.500,201.000,179.778,other,0,-1,14,5
5871,202,164.013,173.520,184.443,89.308,90.113,91.135,194.000,96.208,194.000,180.472,other,0,-1,15,5
5872,163,152.660,167.155,177.597,89.395,90.159,90.957,202.000,96.542,151.000,165.833,other,0,-1,16,5
5873,135,122.200,133.799,137.990,89.541,90.264,90.792,163.000,97.042,174.000,148.556,other,0,-1,17,5
5874,122,99.968,109.585,106.848,88.948,89.605,90.472,135.000,95.417,147.000,114.861,other,0,-1,18,5
5875,91,80.816,90.623,86.504,88.558,89.156,90.195,122.000,94.375,101.000,90.528,other,0,-1,19,5
5876,85,65.544,70.274,65.557,88.385,88.932,89.963,91.000,93.958,96.000,74.972,other,0,-1,20,5
5877,56,51.300,58.059,56.752,88.197,88.693,89.728,85.000,93.500,58.000,60.444,other,0,-1,21,5
5878,45,42.155,45.162,46.034,88.140,88.588,89.520,56.000,93.417,73.000,52.389,other,0,-1,22,5
5879,47,35.094,38.980,40.942,87.706,88.094,89.234,45.000,92.250,52.000,44.139,other,0,-1,23,5
5880,42,32.125,39.011,39.088,87.606,87.945,89.017,47.000,92.042,38.000,32.472,other,0,-1,0,6
5881,35,33.893,38.726,32.105,87.914,88.201,89.139,42.000,92.208,35.000,34.500,other,0,-1,1,6
5882,37,34.892,38.999,32.491,88.164,88.398,89.248,35.000,92.208,33.000,33.361,other,0,-1,2,6
5883,32,38.673,42.136,35.522,88.473,88.654,89.370,37.000,92.375,38.000,35.222,other,0,-1,3,6
5884,29,39.446,41.786,38.146,88.636,88.761,89.462,32.000,92.125,42.000,34.028,other,0,-1,4,6
5885,35,40.845,42.413,42.228,88.698,88.763,89.532,29.000,91.583,65.000,36.611,other,0,-1,5,6
5886,50,45.751,47.584,49.754,88.514,88.509,89.551,35.000,90.333,49.000,38.694,other,0,-1,6,6
5887,48,54.654,58.531,61.668,88.778,88.721,89.664,50.000,90.375,52.000,47.194,other,0,-1,7,6
5888,53,64.271,66.620,68.765,88.971,88.858,89.761,48.000,90.208,76.000,59.167,other,0,-1,8,6
5889,81,80.224,79.515,78.452,88.888,88.709,89.801,53.000,89.250,116.000,78.778,other,0,-1,9,6
5890,107,99.298,100.956,98.777,88.631,88.381,89.805,81.000,87.792,99.000,101.278,other,0,-1,10,6
5891,122,119.941,122.173,119.586,88.997,88.698,89.939,107.000,88.125,139.000,121.778,other,0,-1,11,6
5892,120,136.698,136.089,133.573,89.001,88.640,89.997,122.000,87.417,133.000,140.833,other,0,-1,12,6
5893,149,145.753,139.530,134.618,89.063,88.641,90.067,120.000,86.875,154.000,148.472,other,0,-1,13,6
5894,175,154.116,153.593,153.212,89.241,88.763,90.162,149.000,86.667,194.000,156.639,other,0,-1,14,6
5895,125,155.468,161.736,167.021,89.216,88.675,90.214,175.000,85.875,202.000,153.306,other,0,-1,15,6
5896,123,135.781,134.715,126.075,88.351,87.717,90.091,125.000,82.667,163.000,133.083,other,0,-1,16,6
5897,147,120.723,122.480,114.241,88.022,87.314,90.079,123.000,81.000,135.000,123.667,other,0,-1,17,6
5898,121,102.543,112.215,112.196,88.446,87.690,90.225,147.000,81.500,122.000,102.583,other,0,-1,18,6
5899,77,84.273,90.118,85.129,88.682,87.872,90.332,121.000,81.458,91.000,79.889,other,0,-1,19,6
5900,47,71.130,69.773,60.280,88.729,87.859,90.399,77.000,80.875,85.000,59.111,other,0,-1,20,6
5901,40,59.839,55.294,47.421,88.429,87.486,90.394,47.000,79.292,56.000,47.306,other,0,-1,21,6
5902,40,48.403,46.467,42.729,88.447,87.442,90.455,40.000,78.625,45.000,35.306,other,0,-1,22,6
5903,29,40.940,43.018,40.877,88.625,87.564,90.550,40.000,78.417,47.000,32.556,other,0,-1,23,6
5904,73,37.435,40.185,38.149,88.615,87.491,90.605,29.000,77.667,42.000,61.343,other,0,-1,0,0
5905,58,51.678,58.885,50.852,89.404,88.275,91.037,73.000,78.958,35.000,59.743,other,0,-1,1,0
5906,65,49.671,56.639,48.888,90.077,88.939,91.445,58.000,79.917,37.000,61.829,other,0,-1,2,0
5907,46,57.367,63.750,53.413,90.823,89.679,91.868,65.000,81.083,32.000,63.543,other,0,-1,3,0
5908,61,50.079,56.032,53.024,91.366,90.208,92.249,46.000,81.667,29.000,60.000,other,0,-1,4,0
5909,80,58.038,65.261,62.673,92.170,91.007,92.684,61.000,83.000,35.000,77.171,other,0,-1,5,0
5910,59,68.564,78.204,76.052,93.162,92.001,93.159,80.000,84.875,50.000,77.686,other,0,-1,6,0
5911,83,61.517,72.969,77.186,93.633,92.456,93.524,59.000,85.250,48.000,91.543,other,0,-1,7,0
5912,89,76.818,93.519,94.890,94.480,93.300,93.969,83.000,86.708,53.000,101.114,other,0,-1,8,0
5913,110,91.611,109.301,106.378,95.342,94.159,94.416,89.000,88.208,81.000,122.829,other,0,-1,9,0
5914,128,113.609,131.191,124.656,96.102,94.914,94.842,110.000,89.417,107.000,137.200,other,0,-1,10,0
5915,156,135.277,148.304,141.179,96.746,95.548,95.244,128.000,90.292,122.000,150.314,other,0,-1,11,0
5916,181,158.361,166.704,162.492,97.579,96.377,95.685,156.000,91.708,120.000,163.229,other,0,-1,12,0
5917,159,176.591,181.005,180.580,98.803,97.611,96.208,181.000,94.250,149.000,172.800,other,0,-1,13,0
5918,179,168.652,166.940,165.350,99.288,98.081,96.577,159.000,94.667,175.000,172.257,other,0,-1,14,0
5919,178,169.092,170.252,173.645,99.686,98.460,96.927,179.000,94.833,125.000,183.343,other,0,-1,15,0
5920,168,157.111,158.875,165.030,100.794,99.574,97.426,178.000,97.042,123.000,162.143,other,0,-1,16,0
5921,167,138.741,140.222,147.827,101.786,100.568,97.901,168.000,98.917,147.000,148.800,other,0,-1,17,0
5922,125,120.229,122.434,133.974,102.416,101.188,98.300,167.000,99.750,121.000,128.829,other,0,-1,18,0
5923,104,99.411,96.547,101.659,102.814,101.567,98.650,125.000,99.917,77.000,110.171,other,0,-1,19,0
5924,92,83.342,79.533,83.736,103.545,102.292,99.070,104.000,101.042,47.000,85.143,other,0,-1,20,0
5925,91,70.283,68.206,72.340,104.537,103.286,99.545,92.000,102.917,40.000,75.143,other,0,-1,21,0
5926,67,62.731,64.306,66.803,105.616,104.370,100.037,91.000,105.042,40.000,65.229,other,0,-1,22,0
5927,62,56.464,57.659,58.087,106.348,105.094,100.457,67.000,106.167,29.000,63.543,other,0,-1,23,0
5928,58,55.963,57.890,55.483,107.166,105.908,100.896,62.000,107.542,73.000,61.694,other,0,-1,0,1
5929,47,54.920,57.151,54.079,107.123,105.885,101.163,58.000,106.917,58.000,62.000,other,0,-1,1,1
5930,59,54.523,55.698,51.611,107.137,105.922,101.442,47.000,106.458,65.000,62.222,other,0,-1,2,1
5931,47,61.337,62.213,55.389,107.224,106.034,101.736,59.000,106.208,46.000,61.389,other,0,-1,3,1
5932,75,59.050,59.206,56.214,107.413,106.251,102.051,47.000,106.250,61.000,63.583,other,0,-1,4,1
5933,69,71.296,71.948,67.625,107.789,106.663,102.406,75.000,106.833,80.000,65.139,other,0,-1,5,1
5934,62,69.814,72.087,73.122,107.804,106.700,102.685,69.000,106.375,59.000,66.417,other,0,-1,6,1
5935,71,74.148,76.363,79.628,108.021,106.947,103.006,62.000,106.500,83.000,77.639,other,0,-1,7,1
5936,94,87.403,90.644,92.021,108.022,106.969,103.282,71.000,106.000,89.000,91.833,other,0,-1,8,1
5937,135,106.499,112.090,111.107,108.268,107.246,103.610,94.000,106.208,110.000,109.944,other,0,-1,9,1
5938,128,133.883,138.721,140.434,108.804,107.822,103.998,135.000,107.250,128.000,131.361,other,0,-1,10,1
5939,120,147.482,151.415,147.016,108.978,108.024,104.310,128.000,107.250,156.000,148.500,other,0,-1,11,1
5940,196,159.006,159.371,149.749,108.630,107.686,104.514,120.000,105.750,181.000,174.389,other,0,-1,12,1
5941,179,190.837,188.023,194.890,109.022,108.113,104.871,196.000,106.375,159.000,191.778,other,0,-1,13,1
5942,199,180.521,179.845,183.596,109.485,108.615,105.244,179.000,107.208,179.000,190.222,other,0,-1,14,1
5943,132,181.712,183.680,189.070,109.949,109.117,105.617,199.000,108.042,178.000,183.056,other,0,-1,15,1
5944,563,158.732,151.072,141.947,109.457,108.629,105.790,132.000,106.125,168.000,168.806,inside,1,0,16,1
5945,503,390.187,352.897,367.132,115.353,114.752,107.297,563.000,122.583,167.000,158.750,inside,1,1,17,1
5946,385,369.982,333.386,326.992,120.394,119.991,108.626,503.000,136.583,125.000,131.639,inside,1,2,18,1
5947,428,311.681,262.133,234.766,124.334,124.091,109.725,385.000,147.417,104.000,103.944,inside,1,3,19,1
5948,244,325.153,270.447,234.816,129.202,129.150,111.018,428.000,160.917,92.000,92.389,inside,1,4,20,1
5949,239,169.736,143.337,106.839,131.577,131.630,111.790,244.000,167.250,91.000,77.389,inside,1,5,21,1
5950,65,173.625,146.938,90.979,133.895,134.051,112.550,239.000,173.417,67.000,64.944,after,1,6,22,1
5951,71,62.673,67.950,39.167,134.040,134.223,112.856,65.000,173.333,62.000,62.889,after,1,7,23,1
5952,52,63.037,71.975,36.035,134.345,134.559,113.196,71.000,173.708,58.000,59.639,after,1,8,0,2
5953,73,59.247,66.391,35.988,134.134,134.402,113.229,52.000,173.458,47.000,64.167,after,1,9,1,2
5954,60,66.738,75.227,38.550,134.388,134.724,113.358,73.000,174.542,59.000,56.194,after,1,10,2,2
5955,53,65.430,71.269,38.459,134.279,134.671,113.412,60.000,174.583,47.000,60.528,after,1,11,3,2
5956,75,66.215,68.976,41.094,134.243,134.693,113.482,53.000,174.833,75.000,62.444,after,1,12,4,2
5957,68,76.460,76.534,50.469,134.119,134.625,113.533,75.000,174.833,69.000,62.833,after,1,13,5,2
5958,68,79.011,74.662,57.652,133.981,134.542,113.581,68.000,174.792,62.000,70.472,after,1,14,6,2
5959,80,88.613,78.574,68.674,133.945,134.565,113.650,68.000,175.042,71.000,78.639,after,1,15,7,2
5960,75,105.281,89.901,85.580,133.952,134.632,113.728,80.000,175.417,94.000,89.639,after,1,16,8,2
5961,114,122.173,105.658,99.682,133.554,134.279,113.722,75.000,174.625,135.000,104.833,after,1,17,9,2
5962,101,148.801,127.097,130.850,133.126,133.896,113.709,114.000,173.750,128.000,127.694,after,1,18,10,2
5963,167,157.917,146.850,140.842,132.612,133.424,113.679,101.000,172.625,120.000,145.361,after,1,19,11,2
5964,158,193.790,166.688,182.691,133.169,134.061,113.872,167.000,174.583,196.000,159.222,after,1,20,12,2
5965,174,188.791,172.192,183.561,132.496,133.423,113.808,158.000,173.000,179.000,182.222,after,1,21,13,2
5966,157,191.954,177.936,189.678,132.300,133.281,113.844,174.000,172.792,199.000,185.000,after,1,22,14,2
5967,214,173.894,168.309,172.090,131.568,132.583,113.768,157.000,171.042,132.000,172.750,after,1,23,15,2
5968,177,193.643,184.941,187.960,132.633,133.745,114.067,214.000,174.458,563.000,158.694,after,1,24,16,2
5969,199,153.367,155.676,150.530,126.918,127.890,112.951,177.000,158.375,503.000,148.139,after,1,25,17,2
5970,162,139.762,156.386,145.726,122.391,123.265,112.082,199.000,145.708,385.000,124.722,after,1,26,18,2
5971,108,111.835,125.041,116.914,119.037,119.854,111.458,162.000,136.417,428.000,108.833,after,1,27,19,2
5972,76,94.937,93.300,88.690,114.278,114.990,110.541,108.000,123.083,244.000,89.361,after,1,28,20,2
5973,86,82.460,75.576,70.757,111.721,112.403,110.084,76.000,116.083,239.000,75.500,after,1,29,21,2
5974,68,68.685,69.834,64.933,109.381,110.042,109.673,86.000,109.708,65.000,67.139,other,0,-1,22,2
5975,62,61.318,61.706,53.959,109.302,110.019,109.733,68.000,109.833,71.000,62.722,other,0,-1,23,2
5976,57,57.230,59.081,47.719,109.048,109.816,109.756,62.000,109.458,52.000,61.389,other,0,-1,0,3
5977,75,55.510,60.152,56.626,108.793,109.605,109.523,57.000,109.667,73.000,64.194,other,0,-1,1,3
5978,61,61.390,68.097,58.799,108.494,109.348,109.280,75.000,109.750,60.000,65.056,other,0,-1,2,3
5979,66,59.948,63.720,56.284,108.181,109.077,109.035,61.000,109.792,53.000,61.583,other,0,-1,3,3
5980,62,63.932,66.311,59.217,108.041,108.985,108.825,66.000,110.333,75.000,61.250,other,0,-1,4,3
5981,74,65.670,65.594,62.083,107.525,108.504,108.537,62.000,109.792,68.000,63.500,other,0,-1,5,3
5982,67,72.883,71.235,70.699,107.285,108.308,108.307,74.000,110.042,68.000,67.778,other,0,-1,6,3
5983,79,80.339,73.854,76.828,106.942,108.006,108.055,67.000,110.000,80.000,79.889,other,0,-1,7,3
5984,75,94.600,85.702,90.298,106.600,107.705,107.804,79.000,109.958,75.000,92.417,other,0,-1,8,3
5985,121,112.666,102.057,100.877,106.273,107.418,107.555,75.000,109.958,114.000,115.000,other,0,-1,9,3
5986,142,132.102,126.770,130.134,106.046,107.237,107.327,121.000,110.250,101.000,126.583,other,0,-1,10,3
5987,158,150.694,149.777,150.633,106.313,107.565,107.203,142.000,111.958,167.000,145.861,other,0,-1,11,3
5988,171,165.310,166.826,166.552,105.854,107.144,106.927,158.000,111.583,158.000,168.111,other,0,-1,12,3
5989,163,173.872,176.492,176.886,105.715,107.052,106.718,171.000,112.125,174.000,177.472,other,0,-1,13,3
5990,184,171.764,172.766,172.810,105.228,106.601,106.436,163.000,111.667,157.000,176.694,other,0,-1,14,3
5991,172,170.861,175.862,177.147,105.292,106.719,106.269,184.000,112.792,214.000,173.972,other,0,-1,15,3
5992,149,156.849,162.037,161.986,104.355,105.803,105.893,172.000,111.042,177.000,162.111,other,0,-1,16,3
5993,139,139.435,142.213,140.145,103.622,105.097,105.560,149.000,109.875,199.000,150.028,other,0,-1,17,3
5994,134,121.559,125.649,124.167,102.425,103.911,105.130,139.000,107.375,162.000,132.389,other,0,-1,18,3
5995,104,102.481,110.765,111.348,101.692,103.205,104.796,134.000,106.208,108.000,108.528,other,0,-1,19,3
5996,93,87.069,89.205,91.079,101.306,102.859,104.535,104.000,106.042,76.000,100.083,other,0,-1,20,3
5997,76,71.791,75.988,79.715,101.225,102.827,104.338,93.000,106.750,86.000,85.306,other,0,-1,21,3
5998,61,60.525,63.605,68.555,100.752,102.391,104.059,76.000,106.333,68.000,74.778,other,0,-1,22,3
5999,56,52.448,54.585,59.887,100.323,101.999,103.789,61.000,106.042,62.000,70.444,other,0,-1,23,3
6000,49,47.236,50.683,54.935,99.909,101.623,103.523,56.000,105.792,57.000,60.917,other,0,-1,0,4
6001,53,44.891,51.325,49.871,99.507,101.214,103.137,49.000,105.458,75.000,56.972,other,0,-1,1,4
6002,69,46.897,54.009,49.591,98.903,100.594,102.710,53.000,104.542,61.000,51.583,other,0,-1,2,4
6003,62,54.496,61.915,53.088,98.734,100.425,102.373,69.000,104.875,66.000,54.556,other,0,-1,3,4
6004,78,54.389,59.662,53.653,98.391,100.076,101.999,62.000,104.708,62.000,57.139,other,0,-1,4,4
6005,68,62.557,67.174,61.248,98.337,100.026,101.687,78.000,105.375,74.000,54.694,other,0,-1,5,4
6006,63,61.618,64.414,64.728,97.965,99.647,101.307,68.000,105.125,67.000,65.167,other,0,-1,6,4
6007,81,67.895,67.591,71.288,97.622,99.297,100.934,63.000,104.958,79.000,74.667,other,0,-1,7,4
6008,109,81.101,82.292,87.342,97.365,99.038,100.579,81.000,105.042,75.000,86.667,other,0,-1,8,4
6009,102,98.957,105.949,110.766,97.573,99.258,100.321,109.000,106.458,121.000,109.861,other,0,-1,9,4
6010,113,117.077,123.340,121.137,97.012,98.684,99.902,102.000,105.667,142.000,125.222,other,0,-1,10,4
6011,148,135.486,143.762,138.139,96.307,97.960,99.453,113.000,104.458,158.000,147.361,other,0,-1,11,4
6012,139,153.991,164.728,163.427,95.876,97.521,99.062,148.000,104.042,171.000,161.111,other,0,-1,12,4
6013,163,161.550,162.235,163.288,95.127,96.752,98.604,139.000,102.708,163.000,174.694,other,0,-1,13,4
6014,164,168.983,168.513,173.731,94.842,96.462,98.243,163.000,102.708,184.000,178.167,other,0,-1,14,4
6015,208,164.436,162.163,167.991,94.267,95.873,97.821,164.000,101.875,172.000,172.583,other,0,-1,15,4
6016,198,163.252,175.258,180.538,94.503,96.123,97.569,208.000,103.375,149.000,165.472,other,0,-1,16,4
6017,148,139.437,156.982,162.266,94.928,96.568,97.356,198.000,105.417,139.000,138.861,other,0,-1,17,4
6018,127,109.607,120.589,124.078,94.773,96.414,97.022,148.000,105.792,134.000,121.333,other,0,-1,18,4
6019,101,89.218,99.853,102.494,94.386,96.020,96.640,127.000,105.500,104.000,101.944,other,0,-1,19,4
6020,76,72.727,79.836,82.999,94.057,95.685,96.270,101.000,105.375,93.000,84.222,other,0,-1,20,4
6021,66,59.552,63.012,67.969,93.526,95.141,95.857,76.000,104.667,76.000,70.889,other,0,-1,21,4
6022,52,47.842,52.634,59.452,93.096,94.702,95.466,66.000,104.250,61.000,63.889,other,0,-1,22,4
6023,74,40.079,44.410,51.829,92.680,94.278,95.077,52.000,103.875,56.000,57.111,other,0,-1,23,4
6024,47,37.792,50.043,52.589,92.655,94.258,94.771,74.000,104.625,49.000,38.722,other,0,-1,0,5
6025,34,35.394,42.953,31.793,92.598,94.154,94.563,47.000,104.542,53.000,42.139,other,0,-1,1,5
6026,51,34.702,40.147,30.103,92.295,93.794,94.304,34.000,103.750,69.000,43.389,other,0,-1,2,5
6027,48,42.812,48.343,34.952,92.006,93.450,94.048,51.000,103.000,62.000,43.528,other,0,-1,3,5
6028,58,44.392,48.365,37.610,91.775,93.166,93.804,48.000,102.417,78.000,42.111,other,0,-1,4,5
6029,40,50.697,53.840,44.960,91.457,92.792,93.542,58.000,101.583,68.000,43.028,other,0,-1,5,5
6030,54,47.962,49.294,46.613,91.024,92.297,93.255,40.000,100.417,63.000,55.167,other,0,-1,6,5
6031,67,56.868,59.142,58.744,90.865,92.088,93.026,54.000,100.042,81.000,63.917,other,0,-1,7,5
6032,64,68.678,72.364,73.186,90.634,91.804,92.782,67.000,99.458,109.000,81.722,other,0,-1,8,5
6033,78,83.939,83.843,82.404,89.954,91.055,92.444,64.000,97.583,102.000,98.167,other,0,-1,9,5
6034,102,102.402,102.651,99.426,89.578,90.621,92.170,78.000,96.583,113.000,102.556,other,0,-1,10,5
6035,129,121.311,124.583,121.929,89.391,90.381,91.935,102.000,96.125,148.000,122.722,other,0,-1,11,5
6036,141,139.350,144.900,145.518,89.088,90.022,91.676,129.000,95.333,139.000,141.028,other,0,-1,12,5
6037,149,151.322,153.212,156.992,89.088,89.978,91.480,141.000,95.417,163.000,161.333,other,0,-1,13,5
6038,155,156.052,155.444,161.437,88.858,89.693,91.236,149.000,94.833,164.000,179.778,other,0,-1,14,5
6039,173,152.500,152.887,159.452,88.699,89.484,91.008,155.000,94.458,208.000,180.472,other,0,-1,15,5
6040,128,142.711,151.576,159.008,88.164,88.885,90.700,173.000,93.000,198.000,165.833,other,0,-1,16,5
6041,124,119.687,123.324,119.309,87.122,87.761,90.287,128.000,90.083,148.000,148.556,other,0,-1,17,5
6042,99,100.234,107.603,102.004,86.746,87.327,90.012,124.000,89.083,127.000,114.861,other,0,-1,18,5
6043,90,82.975,87.056,78.801,86.312,86.833,89.726,99.000,87.917,101.000,90.528,other,0,-1,19,5
6044,63,65.935,70.957,65.927,86.125,86.593,89.491,90.000,87.458,76.000,74.972,other,0,-1,20,5
6045,58,53.723,55.081,52.653,85.908,86.324,89.250,63.000,86.917,66.000,60.444,other,0,-1,21,5
6046,52,42.012,46.412,47.304,85.764,86.130,89.024,58.000,86.583,52.000,52.389,other,0,-1,22,5
6047,49,34.823,41.668,43.166,85.736,86.055,88.822,52.000,86.583,74.000,44.139,other,0,-1,23,5
6048,24,31.888,40.595,40.511,85.346,85.606,88.545,49.000,85.542,47.000,32.472,other,0,-1,0,6
6049,43,29.657,33.760,30.092,85.263,85.458,88.585,24.000,84.583,34.000,34.500,other,0,-1,1,6
6050,35,36.952,43.431,35.304,85.644,85.789,88.722,43.000,84.958,51.000,33.361,other,0,-1,2,6
6051,18,37.349,42.354,36.266,85.662,85.746,88.783,35.000,84.292,48.000,35.222,other,0,-1,3,6
6052,26,34.802,37.440,36.028,85.478,85.493,88.802,18.000,83.042,58.000,34.028,other,0,-1,4,6
6053,41,39.516,42.055,42.327,85.265,85.210,88.815,26.000,81.708,40.000,36.611,other,0,-1,5,6
6054,31,46.874,50.559,52.300,85.530,85.421,88.928,41.000,81.750,54.000,38.694,other,0,-1,6,6
6055,38,51.271,52.656,55.902,85.447,85.273,88.968,31.000,80.792,67.000,47.194,other,0,-1,7,6
6056,51,63.604,63.844,65.295,85.277,85.035,88.990,38.000,79.583,64.000,59.167,other,0,-1,8,6
6057,73,80.063,79.021,77.553,85.339,85.037,89.060,51.000,79.042,78.000,78.778,other,0,-1,9,6
6058,110,98.834,97.783,94.471,85.517,85.158,89.155,73.000,78.833,102.000,101.278,other,0,-1,10,6
6059,119,120.005,123.959,120.760,85.883,85.475,89.288,110.000,79.167,129.000,121.778,other,0,-1,11,6
6060,144,135.823,134.606,130.915,85.988,85.521,89.368,119.000,78.750,141.000,140.833,other,0,-1,12,6
6061,137,150.212,151.131,149.601,86.282,85.763,89.487,144.000,78.875,149.000,148.472,other,0,-1,13,6
6062,153,151.648,148.305,144.295,86.358,85.780,89.560,137.000,78.375,155.000,156.639,other,0,-1,14,6
6063,149,149.940,151.398,151.117,86.580,85.946,89.663,153.000,78.292,173.000,153.306,other,0,-1,15,6
6064,149,137.847,141.460,140.566,86.482,85.783,89.701,149.000,77.292,128.000,133.083,other,0,-1,16,6
6065,118,121.346,128.367,128.618,87.037,86.294,89.874,149.000,78.167,124.000,123.667,other,0,-1,17,6
6066,109,103.073,105.444,98.175,87.200,86.401,89.965,118.000,77.917,99.000,102.583,other,0,-1,18,6
6067,63,85.173,87.587,80.581,87.595,86.748,90.105,109.000,78.333,90.000,79.889,other,0,-1,19,6
6068,69,73.348,68.143,56.847,87.454,86.539,90.133,63.000,77.208,63.000,59.111,other,0,-1,20,6
6069,56,57.314,56.984,52.012,87.792,86.826,90.261,69.000,77.458,58.000,47.306,other,0,-1,21,6
6070,32,47.431,48.508,45.931,88.013,86.993,90.364,56.000,77.375,52.000,35.306,other,0,-1,22,6
6071,45,41.177,41.086,39.938,87.973,86.889,90.414,32.000,76.542,49.000,32.556,other,0,-1,23,6
6072,59,39.322,44.244,41.274,88.166,87.026,90.511,45.000,76.375,24.000,61.343,other,0,-1,0,0
6073,47,45.541,51.777,48.721,89.013,87.870,90.955,59.000,77.833,43.000,59.743,other,0,-1,1,0
6074,62,44.975,50.883,47.284,89.411,88.250,91.306,47.000,78.000,35.000,61.829,other,0,-1,2,0
6075,72,55.471,61.511,53.400,90.142,88.974,91.726,62.000,79.125,18.000,63.543,other,0,-1,3,0
6076,48,63.861,69.434,60.552,91.265,90.103,92.228,72.000,81.375,26.000,60.000,other,0,-1,4,0
6077,65,51.958,58.504,59.822,91.924,90.752,92.633,48.000,82.292,41.000,77.171,other,0,-1,5,0
6078,76,60.129,69.626,71.651,92.612,91.432,93.044,65.000,83.292,31.000,77.686,other,0,-1,6,0
6079,89,67.351,80.555,83.608,93.604,92.426,93.518,76.000,85.167,38.000,91.543,other,0,-1,7,0
6080,117,79.085,96.330,97.660,94.683,93.510,94.011,89.000,87.292,51.000,101.114,other,0,-1,8,0
6081,104,102.266,123.032,119.712,95.979,94.819,94.549,117.000,90.042,73.000,122.829,other,0,-1,9,0
6082,174,112.260,128.834,121.752,96.768,95.603,94.981,104.000,91.333,110.000,137.200,other,0,-1,10,0
6083,178,161.561,175.423,168.456,98.036,96.882,95.513,174.000,94.000,119.000,150.314,other,0,-1,11,0
6084,177,170.630,180.019,176.355,99.230,98.086,96.030,178.000,96.458,144.000,163.229,other,0,-1,12,0
6085,151,174.328,178.749,178.010,100.049,98.900,96.468,177.000,97.833,137.000,172.800,other,0,-1,13,0
6086,151,167.163,163.836,160.384,100.592,99.430,96.849,151.000,98.417,153.000,172.257,other,0,-1,14,0
6087,170,163.347,159.027,155.979,100.903,99.719,97.181,151.000,98.333,149.000,183.343,other,0,-1,15,0
6088,131,155.514,156.288,160.106,101.547,100.354,97.583,170.000,99.208,149.000,162.143,other,0,-1,16,0
6089,136,137.294,131.857,127.819,101.627,100.403,97.867,131.000,98.458,118.000,148.800,other,0,-1,17,0
6090,107,118.940,116.856,119.315,102.228,100.993,98.260,136.000,99.208,109.000,128.829,other,0,-1,18,0
6091,109,102.166,96.376,96.376,102.539,101.282,98.593,107.000,99.125,63.000,110.171,other,0,-1,19,0
6092,90,84.532,82.250,87.150,103.545,102.292,99.070,109.000,101.042,69.000,85.143,other,0,-1,20,0
6093,81,71.803,69.876,74.007,104.190,102.926,99.472,90.000,101.917,56.000,75.143,other,0,-1,21,0
6094,74,62.913,63.485,66.557,104.892,103.620,99.886,81.000,102.958,32.000,65.229,other,0,-1,22,0
6095,60,58.871,61.344,62.025,105.841,104.569,100.352,74.000,104.708,45.000,63.543,other,0,-1,23,0
6096,54,56.572,58.660,57.263,106.398,105.114,100.735,60.000,105.333,59.000,61.694,other,0,-1,0,1
6097,64,54.663,56.970,55.788,106.500,105.241,101.033,54.000,105.125,47.000,62.000,other,0,-1,1,1
6098,66,60.653,63.366,57.553,106.920,105.697,101.396,64.000,105.833,62.000,62.222,other,0,-1,2,1
6099,68,64.706,66.335,59.374,107.152,105.959,101.721,66.000,106.000,72.000,61.389,other,0,-1,3,1
6100,60,67.472,68.633,62.974,107.268,106.101,102.021,68.000,105.833,48.000,63.583,other,0,-1,4,1
6101,85,65.084,66.828,66.067,107.616,106.483,102.370,60.000,106.333,65.000,65.139,other,0,-1,5,1
6102,78,76.263,79.546,79.435,108.079,106.985,102.742,85.000,107.167,76.000,66.417,other,0,-1,6,1
6103,84,77.145,82.093,85.910,108.282,107.217,103.061,78.000,107.250,89.000,77.639,other,0,-1,7,1
6104,122,88.544,94.600,97.577,108.384,107.344,103.358,84.000,107.042,117.000,91.833,other,0,-1,8,1
6105,101,112.802,119.968,123.419,108.630,107.620,103.685,122.000,107.250,104.000,109.944,other,0,-1,9,1
6106,125,125.299,132.344,125.014,108.761,107.777,103.989,101.000,107.125,174.000,131.361,other,0,-1,10,1
6107,188,145.888,151.184,145.350,108.225,107.245,104.153,125.000,105.083,178.000,148.500,other,0,-1,11,1
6108,193,182.265,180.167,186.249,108.543,107.597,104.495,188.000,105.500,177.000,174.389,other,0,-1,12,1
6109,187,187.287,186.795,192.573,108.949,108.038,104.856,193.000,106.167,151.000,191.778,other,0,-1,13,1
6110,168,182.138,183.546,187.781,109.645,108.780,105.277,187.000,107.667,151.000,190.222,other,0,-1,14,1
6111,189,171.283,170.718,170.894,110.065,109.237,105.641,168.000,108.375,170.000,183.056,other,0,-1,15,1
6112,149,165.683,169.525,173.020,110.514,109.723,106.011,189.000,109.167,131.000,168.806,other,0,-1,16,1
6113,175,146.520,142.295,139.571,110.949,110.195,106.378,149.000,109.917,136.000,158.750,other,0,-1,17,1
6114,125,130.840,134.081,140.149,111.688,110.982,106.808,175.000,111.542,107.000,131.639,other,0,-1,18,1
6115,110,111.303,105.245,107.254,112.122,111.453,107.175,125.000,112.292,109.000,103.944,other,0,-1,19,1
6116,71,94.547,88.603,93.716,112.311,111.670,107.490,110.000,112.333,90.000,92.389,other,0,-1,20,1
6117,68,83.178,72.722,74.771,112.209,111.587,107.745,71.000,111.542,81.000,77.389,other,0,-1,21,1
6118,92,70.935,64.938,66.973,112.195,111.594,108.018,68.000,111.000,74.000,64.944,other,0,-1,22,1
6119,58,67.453,69.710,66.820,112.630,112.066,108.385,92.000,111.750,60.000,62.889,other,0,-1,23,1
6120,71,60.927,60.166,53.830,112.775,112.238,108.691,58.000,111.667,54.000,59.639,other,0,-1,0,2
6121,74,62.521,65.684,59.877,112.898,112.425,108.794,71.000,112.375,64.000,64.167,other,0,-1,1,2
6122,52,66.327,68.477,59.211,112.919,112.507,108.875,74.000,112.792,66.000,56.194,other,0,-1,2,2
6123,66,62.444,61.709,55.192,112.593,112.229,108.884,52.000,112.208,68.000,60.528,other,0,-1,3,2
6124,68,68.751,67.517,59.817,112.441,112.132,108.929,66.000,112.125,60.000,62.444,other,0,-1,4,2
6125,60,71.562,69.138,63.995,112.433,112.184,109.004,68.000,112.458,85.000,62.833,other,0,-1,5,2
6126,57,73.849,69.064,67.640,111.948,111.741,108.979,60.000,111.417,78.000,70.472,other,0,-1,6,2
6127,79,82.826,74.518,74.142,111.521,111.359,108.967,57.000,110.542,84.000,78.639,other,0,-1,7,2
6128,72,97.245,88.487,89.614,111.325,111.216,109.003,79.000,110.333,122.000,89.639,other,0,-1,8,2
6129,150,115.364,104.978,98.230,110.477,110.399,108.903,72.000,108.250,101.000,104.833,other,0,-1,9,2
6130,94,141.356,130.742,140.574,111.064,111.065,109.102,150.000,110.292,125.000,127.694,other,0,-1,10,2
6131,146,149.868,146.890,128.776,110.491,110.533,109.059,94.000,109.000,188.000,145.361,other,0,-1,11,2
6132,170,164.705,161.954,160.078,109.760,109.835,108.983,146.000,107.250,193.000,159.222,other,0,-1,12,2
6133,204,174.303,174.272,175.970,109.303,109.423,108.965,170.000,106.292,187.000,182.222,other,0,-1,13,2
6134,213,183.837,188.594,192.321,109.426,109.610,109.067,204.000,107.000,168.000,185.000,other,0,-1,14,2
6135,205,180.114,190.615,191.095,109.955,110.217,109.255,213.000,108.875,189.000,172.750,other,0,-1,15,2
6136,156,166.202,179.400,176.542,110.063,110.389,109.354,205.000,109.542,149.000,158.694,other,0,-1,16,2
6137,128,145.701,147.314,139.744,110.041,110.426,109.426,156.000,109.833,175.000,148.139,other,0,-1,17,2
6138,142,130.422,125.362,115.865,109.237,109.654,109.335,128.000,107.875,125.000,124.722,other,0,-1,18,2
6139,96,111.077,114.216,111.458,109.360,109.841,109.438,142.000,108.583,110.000,108.833,other,0,-1,19,2
6140,82,97.140,89.165,85.722,109.034,109.563,109.446,96.000,108.000,71.000,89.361,other,0,-1,20,2
6141,85,82.246,75.049,73.831,109.070,109.660,109.531,82.000,108.458,68.000,75.500,other,0,-1,21,2
6142,74,69.144,68.438,67.762,109.193,109.847,109.633,85.000,109.167,92.000,67.139,other,0,-1,22,2
6143,69,61.706,62.017,58.587,108.809,109.509,109.630,74.000,108.417,58.000,62.722,other,0,-1,23,2
6144,60,58.229,59.887,52.784,108.845,109.607,109.714,69.000,108.875,71.000,61.389,other,0,-1,0,3
6145,61,56.214,60.026,60.222,108.358,109.155,109.432,60.000,108.417,74.000,64.194,other,0,-1,1,3
6146,71,57.816,61.604,59.032,107.842,108.674,109.144,61.000,107.875,52.000,65.056,other,0,-1,2,3
6147,80,63.208,66.763,61.054,107.790,108.672,108.953,71.000,108.667,66.000,61.583,other,0,-1,3,3
6148,50,69.161,71.336,64.656,107.665,108.596,108.747,80.000,109.250,68.000,61.250,other,0,-1,4,3
6149,70,63.814,61.299,61.594,107.076,108.039,108.444,50.000,108.500,60.000,63.500,other,0,-1,5,3
6150,53,72.243,69.603,71.251,106.893,107.903,108.225,70.000,108.917,57.000,67.778,other,0,-1,6,3
6151,69,80.490,71.114,74.165,106.508,107.557,107.965,53.000,108.750,79.000,79.889,other,0,-1,7,3
6152,92,94.835,84.319,87.696,106.035,107.120,107.686,69.000,108.333,72.000,92.417,other,0,-1,8,3
6153,105,112.098,103.333,106.436,105.997,107.134,107.497,92.000,109.167,150.000,115.000,other,0,-1,9,3
6154,114,130.737,125.822,123.713,105.018,106.173,107.113,105.000,107.292,94.000,126.583,other,0,-1,10,3
6155,171,147.447,147.337,139.102,104.980,106.186,106.925,114.000,108.125,146.000,145.861,other,0,-1,11,3
6156,205,166.797,170.836,171.470,105.014,106.274,106.752,171.000,109.167,170.000,168.111,other,0,-1,12,3
6157,192,183.585,190.978,191.658,105.194,106.513,106.609,205.000,110.625,204.000,177.472,other,0,-1,13,3
6158,162,177.269,184.977,185.480,104.692,106.046,106.324,192.000,110.125,213.000,176.694,other,0,-1,14,3
6159,195,165.333,167.249,166.091,103.626,104.995,105.921,162.000,108.000,205.000,173.972,other,0,-1,15,3
6160,160,159.989,172.639,172.327,103.153,104.559,105.642,195.000,107.583,156.000,162.111,other,0,-1,16,3
6161,148,140.053,145.847,144.928,102.883,104.332,105.405,160.000,107.750,128.000,150.028,other,0,-1,17,3
6162,113,121.765,128.266,127.981,102.845,104.346,105.217,148.000,108.583,142.000,132.389,other,0,-1,18,3
6163,126,105.312,103.821,103.408,102.098,103.625,104.881,113.000,107.375,96.000,108.528,other,0,-1,19,3
6164,96,84.871,96.285,98.371,102.204,103.788,104.723,126.000,108.625,82.000,100.083,other,0,-1,20,3
6165,74,71.806,76.252,80.477,102.080,103.711,104.517,96.000,109.208,85.000,85.306,other,0,-1,21,3
6166,83,61.083,62.400,68.089,101.593,103.260,104.235,74.000,108.750,74.000,74.778,other,0,-1,22,3
6167,63,52.024,61.212,64.961,101.395,103.109,104.013,83.000,109.125,69.000,70.444,other,0,-1,23,3
6168,63,47.550,52.364,56.590,100.981,102.732,103.747,63.000,108.875,60.000,60.917,other,0,-1,0,4
6169,55,47.109,56.072,52.803,100.739,102.488,103.394,63.000,109.000,61.000,56.972,other,0,-1,1,4
6170,36,47.377,54.509,50.359,100.367,102.108,103.015,55.000,108.750,71.000,51.583,other,0,-1,2,4
6171,40,45.833,48.955,47.165,99.574,101.294,102.548,36.000,107.292,80.000,54.556,other,0,-1,3,4
6172,63,48.892,51.267,49.430,98.709,100.405,102.066,40.000,105.625,50.000,57.139,other,0,-1,4,4
6173,51,57.044,60.614,57.720,98.612,100.311,101.744,63.000,106.167,70.000,54.694,other,0,-1,5,4
6174,56,58.850,58.659,60.403,98.052,99.737,101.326,51.000,105.375,53.000,65.167,other,0,-1,6,4
6175,99,67.888,65.654,69.295,97.810,99.492,100.974,56.000,105.500,69.000,74.667,other,0,-1,7,4
6176,96,83.571,88.291,93.947,97.959,99.653,100.703,99.000,106.750,92.000,86.667,other,0,-1,8,4
6177,98,98.368,102.069,105.751,97.732,99.423,100.354,96.000,106.917,105.000,109.861,other,0,-1,9,4
6178,133,117.536,122.691,119.987,97.345,99.029,99.972,98.000,106.625,114.000,125.222,other,0,-1,10,4
6179,110,137.607,150.629,148.132,97.335,99.024,99.668,133.000,107.417,171.000,147.361,other,0,-1,11,4
6180,160,150.047,152.234,146.720,96.166,97.821,99.123,110.000,104.875,205.000,161.111,other,0,-1,12,4
6181,174,165.870,171.155,174.387,95.229,96.857,98.625,160.000,103.000,192.000,174.694,other,0,-1,13,4
6182,179,171.907,173.920,180.049,94.683,96.297,98.210,174.000,102.250,162.000,178.167,other,0,-1,14,4
6183,165,168.231,169.281,176.598,94.644,96.263,97.900,179.000,102.958,195.000,172.583,other,0,-1,15,4
6184,184,151.971,153.013,158.908,93.924,95.524,97.448,165.000,101.708,160.000,165.472,other,0,-1,16,4
6185,174,135.634,149.291,155.084,93.986,95.594,97.160,184.000,102.708,148.000,138.861,other,0,-1,17,4
6186,156,111.549,131.200,135.615,94.078,95.694,96.877,174.000,103.792,113.000,121.333,other,0,-1,18,4
6187,86,88.974,110.658,113.674,94.415,96.050,96.646,156.000,105.583,126.000,101.944,other,0,-1,19,4
6188,75,74.677,76.550,78.535,93.550,95.161,96.164,86.000,103.917,96.000,84.222,other,0,-1,20,4
6189,80,59.764,62.801,67.811,92.961,94.556,95.739,75.000,103.042,74.000,70.889,other,0,-1,21,4
6190,63,46.806,56.729,62.787,92.762,94.357,95.396,80.000,103.292,83.000,63.889,other,0,-1,22,4
6191,67,39.652,47.679,54.252,92.187,93.768,94.975,63.000,102.458,63.000,57.111,other,0,-1,23,4
6192,43,36.690,47.859,51.460,91.960,93.538,94.626,67.000,102.625,63.000,38.722,other,0,-1,0,5
6193,43,34.515,42.134,31.103,91.642,93.164,94.363,43.000,101.792,55.000,42.139,other,0,-1,1,5
6194,57,36.903,44.018,31.630,91.440,92.910,94.125,43.000,101.292,36.000,43.389,other,0,-1,2,5
6195,44,45.267,51.659,36.186,91.716,93.150,93.987,57.000,102.167,40.000,43.528,other,0,-1,3,5
6196,46,42.838,47.277,36.773,91.746,93.136,93.798,44.000,102.333,63.000,42.111,other,0,-1,4,5
6197,35,45.951,49.250,41.920,91.472,92.807,93.545,46.000,101.625,51.000,43.028,other,0,-1,5,5
6198,62,47.059,47.996,45.262,91.212,92.492,93.295,35.000,100.958,56.000,55.167,other,0,-1,6,5
6199,47,58.468,62.205,61.466,91.271,92.508,93.111,62.000,101.208,99.000,63.917,other,0,-1,7,5
6200,51,67.725,66.242,65.525,90.489,91.654,92.752,47.000,99.042,96.000,81.722,other,0,-1,8,5
6201,79,84.443,80.041,76.907,89.809,90.905,92.414,51.000,97.167,98.000,98.167,other,0,-1,9,5
6202,72,102.434,102.936,100.034,89.506,90.546,92.155,79.000,96.375,133.000,102.556,other,0,-1,10,5
6203,115,119.676,112.558,105.982,88.594,89.557,91.769,72.000,93.833,110.000,122.722,other,0,-1,11,5
6204,150,137.113,137.987,137.390,88.639,89.557,91.582,115.000,94.042,160.000,141.028,other,0,-1,12,5
6205,162,153.177,157.764,163.180,88.466,89.333,91.350,150.000,93.625,174.000,161.333,other,0,-1,13,5
6206,150,158.882,161.739,170.120,88.264,89.079,91.112,162.000,93.125,179.000,179.778,other,0,-1,14,5
6207,167,151.062,150.646,156.627,87.815,88.569,90.823,150.000,91.917,165.000,180.472,other,0,-1,15,5
6208,130,141.120,148.635,155.709,87.816,88.525,90.627,167.000,92.000,184.000,165.833,other,0,-1,16,5
6209,135,118.975,123.414,120.323,87.006,87.641,90.262,130.000,89.750,174.000,148.556,other,0,-1,17,5
6210,103,99.276,109.814,106.562,86.413,86.982,89.943,135.000,88.125,156.000,114.861,other,0,-1,18,5
6211,95,81.907,87.075,79.765,85.617,86.113,89.581,103.000,85.917,86.000,90.528,other,0,-1,19,5
6212,80,64.591,71.264,66.787,85.719,86.174,89.406,95.000,86.292,75.000,74.972,other,0,-1,20,5
6213,52,50.889,57.566,55.862,85.764,86.174,89.220,80.000,86.500,80.000,60.444,other,0,-1,21,5
6214,45,41.645,44.834,45.615,85.330,85.680,88.933,52.000,85.333,63.000,52.389,other,0,-1,22,5
6215,46,34.024,39.613,41.366,85.041,85.336,88.677,45.000,84.583,67.000,44.139,other,0,-1,23,5
6216,26,30.784,39.525,39.405,84.709,84.946,88.412,46.000,83.708,43.000,32.472,other,0,-1,0,6
6217,24,29.104,34.301,29.918,84.713,84.888,88.470,26.000,83.000,43.000,34.500,other,0,-1,1,6
6218,35,30.586,35.939,30.931,84.688,84.800,88.522,24.000,82.208,57.000,33.361,other,0,-1,2,6
6219,31,36.659,42.309,35.493,84.619,84.667,88.565,35.000,81.292,44.000,35.222,other,0,-1,3,6
6220,24,37.864,42.217,38.252,84.681,84.668,88.636,31.000,80.750,46.000,34.028,other,0,-1,4,6
6221,72,38.316,41.188,41.235,84.613,84.535,88.679,24.000,79.833,35.000,36.611,inside,1,0,5,6
6222,84,60.732,65.555,61.872,85.399,85.286,88.900,72.000,81.375,62.000,38.694,inside,1,1,6,6
6223,107,68.224,76.053,74.816,85.968,85.813,89.077,84.000,82.292,47.000,47.194,inside,1,2,7,6
6224,128,84.589,97.119,94.743,87.088,86.909,89.368,107.000,84.792,51.000,59.167,inside,1,3,8,6
6225,72,102.699,120.685,115.915,88.453,88.260,89.710,128.000,88.000,79.000,78.778,after,1,4,9,6
6226,110,98.712,98.791,94.128,88.602,88.351,89.799,72.000,87.708,72.000,101.278,after,1,5,10,6
6227,116,120.350,125.277,120.888,89.403,89.118,90.024,110.000,89.292,115.000,121.778,after,1,6,11,6
6228,120,135.792,134.423,129.123,89.668,89.329,90.136,116.000,89.333,150.000,140.833,after,1,7,12,6
6229,156,145.663,141.226,133.804,89.483,89.076,90.155,120.000,88.083,162.000,148.472,after,1,8,13,6
6230,134,155.481,158.680,157.231,89.647,89.183,90.247,156.000,87.833,150.000,156.639,after,1,9,14,6
6231,116,147.201,146.658,138.598,89.665,89.139,90.308,134.000,87.167,167.000,153.306,after,1,10,15,6
6232,113,135.983,135.335,120.681,89.177,88.571,90.263,116.000,85.042,130.000,133.083,after,1,11,16,6
6233,125,121.330,123.621,109.240,89.181,88.513,90.321,113.000,84.333,135.000,123.667,after,1,12,17,6
6234,97,103.073,110.573,102.210,89.286,88.560,90.401,125.000,83.917,103.000,102.583,after,1,13,18,6
6235,96,86.984,90.119,77.506,89.449,88.666,90.492,97.000,83.667,95.000,79.889,after,1,14,19,6
6236,55,69.773,74.957,66.635,89.714,88.878,90.605,96.000,83.708,80.000,59.111,after,1,15,20,6
6237,45,59.492,58.815,50.172,89.602,88.700,90.639,55.000,82.667,52.000,47.306,after,1,16,21,6
6238,38,48.542,49.575,44.916,89.751,88.791,90.727,45.000,82.375,45.000,35.306,after,1,17,22,6
6239,27,41.361,44.648,41.913,89.900,88.883,90.816,38.000,82.083,46.000,32.556,after,1,18,23,6
6240,49,37.661,41.468,39.179,89.875,88.795,90.868,27.000,81.292,26.000,61.343,after,1,19,0,0
6241,65,42.928,49.619,47.116,90.548,89.459,91.276,49.000,82.250,24.000,59.743,after,1,20,1,0
6242,55,54.274,61.759,51.996,91.483,90.393,91.739,65.000,83.958,35.000,61.829,after,1,21,2,0
6243,55,53.153,59.867,52.388,92.113,91.013,92.137,55.000,84.792,31.000,63.543,after,1,22,3,0
6244,52,55.402,61.877,56.526,92.800,91.692,92.548,55.000,85.792,24.000,60.000,after,1,23,4,0
6245,78,54.724,62.108,61.251,93.546,92.431,92.972,52.000,86.958,72.000,77.171,after,1,24,5,0
6246,64,68.193,78.317,76.165,93.973,92.841,93.328,78.000,87.208,84.000,77.686,after,1,25,6,0
6247,77,63.355,76.357,79.434,94.024,92.861,93.606,64.000,86.375,107.000,91.543,after,1,26,7,0
6248,85,75.018,91.778,92.713,93.929,92.730,93.854,77.000,85.125,128.000,101.114,after,1,27,8,0
6249,110,90.434,108.095,104.615,93.647,92.405,94.062,85.000,83.333,72.000,122.829,other,0,-1,9,0
6250,95,113.166,131.530,124.575,94.537,93.295,94.515,110.000,84.917,110.000,137.200,other,0,-1,10,0
6251,152,128.306,135.236,123.528,94.660,93.389,94.808,95.000,84.292,116.000,150.314,other,0,-1,11,0
6252,153,156.079,164.742,159.903,95.522,94.248,95.256,152.000,85.792,120.000,163.229,other,0,-1,12,0
6253,175,164.056,166.260,162.586,96.340,95.063,95.694,153.000,87.167,156.000,172.800,other,0,-1,13,0
6254,183,172.969,174.929,175.439,96.956,95.667,96.090,175.000,87.958,134.000,172.257,other,0,-1,14,0
6255,168,170.068,172.328,176.133,98.006,96.721,96.576,183.000,90.000,116.000,183.343,other,0,-1,15,0
6256,160,154.501,154.963,158.626,99.099,97.820,97.072,168.000,92.167,113.000,162.143,other,0,-1,16,0
6257,564,137.145,137.771,143.071,100.120,98.844,97.553,160.000,94.125,125.000,148.800,inside,1,0,17,0
6258,399,375.186,375.831,377.931,106.820,105.745,99.219,564.000,112.417,97.000,128.829,inside,1,1,18,0
6259,359,315.478,229.806,255.398,111.535,110.592,100.471,399.000,125.000,96.000,110.171,inside,1,2,19,0
6260,258,282.885,184.639,190.163,115.685,114.854,101.605,359.000,135.958,55.000,85.143,inside,1,3,20,0
6261,287,189.303,141.467,106.191,118.966,118.217,102.558,258.000,144.417,45.000,75.143,inside,1,4,21,0
6262,261,225.154,171.844,105.727,122.812,122.164,103.628,287.000,154.500,38.000,65.229,inside,1,5,22,0
6263,63,209.127,172.083,91.907,126.382,125.827,104.641,261.000,163.792,27.000,63.543,after,1,6,23,0
6264,63,55.246,73.554,44.301,127.244,126.686,105.089,63.000,165.292,49.000,61.694,after,1,7,0,1
6265,72,56.058,72.795,43.282,127.621,127.097,105.443,63.000,165.875,65.000,62.000,after,1,8,1,1
6266,63,63.818,79.383,45.075,127.896,127.404,105.777,72.000,166.167,55.000,62.222,after,1,9,2,1
6267,65,63.289,76.627,46.109,128.186,127.726,106.113,63.000,166.500,55.000,61.389,after,1,10,3,1
6268,49,66.510,77.447,50.713,128.505,128.078,106.456,65.000,166.917,52.000,63.583,after,1,11,4,1
6269,63,61.924,70.432,54.012,128.635,128.235,106.759,49.000,166.792,78.000,65.139,after,1,12,5,1
6270,62,69.308,76.429,64.701,128.592,128.212,107.026,63.000,166.167,64.000,66.417,after,1,13,6,1
6271,65,75.819,80.257,74.508,128.737,128.384,107.332,62.000,166.083,77.000,77.639,after,1,14,7,1
6272,88,89.038,91.423,86.983,128.737,128.406,107.608,65.000,165.583,85.000,91.833,after,1,15,8,1
6273,116,110.028,112.007,107.841,128.954,128.653,107.930,88.000,165.708,110.000,109.944,after,1,16,9,1
6274,118,136.351,134.735,133.406,129.215,128.945,108.260,116.000,165.958,95.000,131.361,after,1,17,10,1
6275,168,151.827,149.788,146.893,129.722,129.491,108.642,118.000,166.917,152.000,148.500,after,1,18,11,1
6276,199,188.212,172.211,182.694,130.128,129.933,109.003,168.000,167.583,153.000,174.389,after,1,19,12,1
6277,200,213.697,189.861,205.068,130.968,130.824,109.454,199.000,169.500,175.000,191.778,after,1,20,13,1
6278,158,207.509,189.616,203.624,131.504,131.401,109.842,200.000,170.542,183.000,190.222,after,1,21,14,1
6279,130,173.682,166.747,170.667,131.316,131.228,110.079,158.000,169.500,168.000,183.056,after,1,22,15,1
6280,186,156.351,150.192,142.965,130.940,130.860,110.277,130.000,167.917,160.000,168.806,after,1,23,16,1
6281,153,157.208,154.443,155.970,131.490,131.452,110.667,186.000,169.000,564.000,158.750,after,1,24,17,1
6282,119,129.163,128.172,126.568,125.710,125.493,109.736,153.000,151.875,399.000,131.639,after,1,25,18,1
6283,76,111.091,105.090,105.619,121.828,121.497,109.202,119.000,140.208,359.000,103.944,after,1,26,19,1
6284,81,98.808,85.383,88.914,117.902,117.457,108.658,76.000,128.417,258.000,92.389,after,1,27,20,1
6285,84,81.641,74.220,85.322,115.512,115.005,108.435,81.000,121.042,287.000,77.389,after,1,28,21,1
6286,249,70.121,68.420,77.176,112.746,112.164,108.133,84.000,112.583,261.000,64.944,inside,1,0,22,1
6287,225,195.299,170.815,125.947,112.746,112.186,108.409,249.000,112.083,63.000,62.889,inside,1,1,23,1
6288,208,182.632,162.293,113.107,115.266,114.816,109.211,225.000,118.833,63.000,59.639,inside,1,2,0,2
6289,177,164.903,149.372,103.026,117.244,116.922,109.701,208.000,124.875,72.000,64.167,inside,1,3,1,2
6290,63,143.945,130.059,91.223,118.641,118.428,110.070,177.000,129.250,63.000,56.194,after,1,4,2,2
6291,56,64.978,67.137,62.194,118.518,118.361,110.121,63.000,129.250,65.000,60.528,after,1,5,3,2
6292,63,65.276,65.311,62.641,118.264,118.158,110.145,56.000,128.875,49.000,62.444,after,1,6,4,2
6293,47,69.773,68.590,67.689,118.344,118.300,110.238,63.000,129.458,63.000,62.833,after,1,7,5,2
6294,83,72.302,66.765,68.929,117.989,117.992,110.241,47.000,128.792,62.000,70.472,after,1,8,6,2
6295,91,85.479,80.641,85.051,118.170,118.239,110.356,83.000,129.667,65.000,78.639,after,1,9,7,2
6296,104,98.427,90.836,96.390,118.423,118.561,110.485,91.000,130.750,88.000,89.639,after,1,10,8,2
6297,130,115.779,106.731,111.255,118.532,118.733,110.585,104.000,131.417,116.000,104.833,after,1,11,9,2
6298,116,136.692,127.320,132.790,118.611,118.876,110.678,130.000,132.000,118.000,127.694,after,1,12,10,2
6299,152,150.043,146.009,137.628,118.459,118.778,110.723,116.000,131.917,168.000,145.361,after,1,13,11,2
6300,163,165.753,162.510,162.016,118.104,118.470,110.726,152.000,131.250,199.000,159.222,after,1,14,12,2
6301,164,172.501,172.297,171.495,117.459,117.863,110.668,163.000,129.750,200.000,182.222,after,1,15,13,2
6302,160,171.184,173.999,170.969,116.814,117.255,110.610,164.000,128.250,158.000,185.000,after,1,16,14,2
6303,157,165.143,169.156,163.216,116.720,117.217,110.667,160.000,128.333,130.000,172.750,after,1,17,15,2
6304,187,156.768,160.342,152.519,116.988,117.554,110.800,157.000,129.458,186.000,158.694,after,1,18,16,2
6305,495,147.843,161.033,156.090,116.879,117.502,110.854,187.000,129.500,153.000,148.139,inside,1,0,17,2
6306,373,404.861,328.871,308.383,121.710,122.561,111.940,495.000,143.750,119.000,124.722,inside,1,1,18,2
6307,278,319.914,303.081,229.183,125.266,126.301,112.759,373.000,154.333,76.000,108.833,inside,1,2,19,2
6308,311,198.115,232.366,160.231,128.069,129.261,113.421,278.000,162.750,81.000,89.361,inside,1,3,20,2
6309,187,241.191,268.762,162.711,131.277,132.641,114.168,311.000,172.333,84.000,75.500,inside,1,4,21,2
6310,196,106.157,138.899,91.203,132.646,134.117,114.531,187.000,176.625,249.000,67.139,inside,1,5,22,2
6311,47,125.569,143.309,82.751,131.755,133.255,114.422,196.000,174.417,225.000,62.722,after,1,6,23,2
6312,70,56.929,63.643,36.469,129.053,130.519,113.934,47.000,167.000,208.000,61.389,after,1,7,0,3
6313,59,58.161,73.092,49.972,126.726,128.164,113.268,70.000,161.250,177.000,64.194,after,1,8,1,3
6314,58,57.690,69.847,46.806,124.689,126.108,112.663,59.000,156.333,63.000,65.056,after,1,9,2,3
6315,56,59.847,69.826,47.591,124.289,125.747,112.399,58.000,156.125,56.000,61.583,after,1,10,3,3
6316,56,62.000,68.655,50.207,123.962,125.460,112.150,56.000,156.125,63.000,61.250,after,1,11,4,3
6317,72,65.434,68.111,55.264,123.533,125.069,111.880,56.000,155.833,47.000,63.500,after,1,12,5,3
6318,51,74.178,73.659,66.276,123.567,125.157,111.707,72.000,156.875,83.000,67.778,after,1,13,6,3
6319,98,81.448,72.474,70.772,122.776,124.391,111.362,51.000,155.542,91.000,79.889,after,1,14,7,3
6320,115,100.373,90.261,96.412,122.549,124.210,111.134,98.000,155.833,104.000,92.417,after,1,15,8,3
6321,108,120.492,106.708,117.147,122.381,124.088,110.919,115.000,156.292,130.000,115.000,after,1,16,9,3
6322,118,136.575,125.612,129.998,121.735,123.472,110.604,108.000,155.375,116.000,126.583,after,1,17,10,3
6323,181,153.443,147.061,147.824,121.436,123.216,110.361,118.000,155.458,152.000,145.861,after,1,18,11,3
6324,143,188.534,173.641,184.540,121.528,123.364,110.200,181.000,156.667,163.000,168.111,after,1,19,12,3
6325,154,173.342,168.133,172.906,120.911,122.778,109.891,143.000,155.833,164.000,177.472,after,1,20,13,3
6326,168,174.792,169.618,176.183,120.439,122.341,109.612,154.000,155.417,160.000,176.694,after,1,21,14,3
6327,143,172.724,169.187,175.797,120.227,122.175,109.388,168.000,155.750,157.000,173.972,after,1,22,15,3
6328,164,153.367,152.245,153.323,119.696,121.679,109.097,143.000,155.167,187.000,162.111,after,1,23,16,3
6329,167,143.041,147.936,149.296,119.035,121.047,108.778,164.000,154.208,495.000,150.028,after,1,24,17,3
6330,146,122.699,137.670,136.375,113.956,115.844,107.538,167.000,140.542,373.000,132.389,after,1,25,18,3
6331,101,101.499,117.522,115.812,110.340,112.155,106.602,146.000,131.083,278.000,108.528,after,1,26,19,3
6332,105,86.811,90.306,90.058,107.448,109.215,105.818,101.000,123.708,311.000,100.083,after,1,27,20,3
6333,74,69.967,82.094,83.229,104.137,105.840,104.946,105.000,115.125,187.000,85.306,after,1,28,21,3
6334,71,60.357,64.445,67.644,102.172,103.860,104.356,74.000,110.417,196.000,74.778,after,1,29,22,3
6335,56,51.585,58.304,61.194,100.034,101.699,103.729,71.000,105.208,47.000,70.444,other,0,-1,23,3
6336,46,46.974,51.571,53.912,99.836,101.548,103.508,56.000,105.583,70.000,60.917,other,0,-1,0,4
6337,70,44.387,51.266,48.235,99.203,100.899,103.074,46.000,104.583,59.000,56.972,other,0,-1,1,4
6338,60,51.655,61.858,51.837,99.077,100.774,102.746,70.000,105.042,58.000,51.583,other,0,-1,2,4
6339,52,51.264,58.828,50.355,98.821,100.515,102.391,60.000,105.125,56.000,54.556,other,0,-1,3,4
6340,63,51.312,56.393,50.737,98.478,100.166,102.018,52.000,104.958,56.000,57.139,other,0,-1,4,4
6341,58,56.912,61.315,56.968,98.294,99.981,101.678,63.000,105.250,72.000,54.694,other,0,-1,5,4
6342,76,59.419,61.331,61.586,97.806,99.482,101.274,58.000,104.667,51.000,65.167,other,0,-1,6,4
6343,71,69.272,71.781,74.904,97.882,99.567,100.989,76.000,105.708,98.000,74.667,other,0,-1,7,4
6344,76,80.598,79.711,83.723,97.206,98.873,100.546,71.000,104.583,115.000,86.667,other,0,-1,8,4
6345,98,97.860,97.032,97.619,96.356,97.999,100.067,76.000,102.958,108.000,109.861,other,0,-1,9,4
6346,124,116.686,122.183,119.642,95.926,97.560,99.675,98.000,102.542,118.000,125.222,other,0,-1,10,4
6347,138,136.110,146.864,143.470,95.727,97.360,99.332,124.000,102.792,181.000,147.361,other,0,-1,11,4
6348,150,152.121,160.578,159.078,94.819,96.426,98.841,138.000,101.000,143.000,161.111,other,0,-1,12,4
6349,194,163.322,166.543,169.053,94.635,96.242,98.501,150.000,101.292,154.000,174.694,other,0,-1,13,4
6350,198,178.521,184.985,190.250,94.929,96.552,98.261,194.000,102.958,168.000,178.167,other,0,-1,14,4
6351,184,174.047,179.772,186.586,95.078,96.713,97.991,198.000,104.208,143.000,172.583,other,0,-1,15,4
6352,167,156.287,161.756,169.271,95.387,97.038,97.754,184.000,105.917,164.000,165.472,other,0,-1,16,4
6353,143,133.322,141.363,147.259,95.145,96.793,97.402,167.000,106.042,167.000,138.861,other,0,-1,17,4
6354,126,110.118,118.429,122.000,94.512,96.144,96.968,143.000,105.042,146.000,121.333,other,0,-1,18,4
6355,97,89.946,98.897,102.304,93.937,95.555,96.546,126.000,104.208,101.000,101.944,other,0,-1,19,4
6356,84,73.868,78.103,82.265,93.594,95.206,96.173,97.000,104.042,105.000,84.222,other,0,-1,20,4
6357,76,59.065,64.064,70.814,93.004,94.601,95.748,84.000,103.167,74.000,70.889,other,0,-1,21,4
6358,53,47.307,54.668,62.823,92.748,94.342,95.393,76.000,103.250,71.000,63.889,other,0,-1,22,4
6359,49,40.212,44.054,53.475,92.202,93.783,94.978,53.000,102.500,56.000,57.111,other,0,-1,23,4
6360,29,35.466,41.093,49.403,91.815,93.389,94.595,49.000,102.208,46.000,38.722,other,0,-1,0,5
6361,25,32.437,36.503,30.431,91.541,93.059,94.342,29.000,101.500,70.000,42.139,other,0,-1,1,5
6362,31,32.970,36.644,30.021,90.861,92.310,94.004,25.000,99.625,60.000,43.389,other,0,-1,2,5
6363,37,36.349,40.091,32.334,90.413,91.801,93.715,31.000,98.417,52.000,43.528,other,0,-1,3,5
6364,46,40.536,43.570,36.178,90.167,91.502,93.468,37.000,97.792,63.000,42.111,other,0,-1,4,5
6365,48,45.939,48.381,42.542,89.893,91.173,93.215,46.000,97.083,58.000,43.028,other,0,-1,5,5
6366,56,49.777,51.553,49.221,89.720,90.948,92.983,48.000,96.667,76.000,55.167,other,0,-1,6,5
6367,75,57.304,59.366,59.559,89.402,90.574,92.721,56.000,95.833,71.000,63.917,other,0,-1,7,5
6368,79,69.960,75.041,76.436,89.432,90.559,92.531,75.000,96.000,76.000,81.722,other,0,-1,8,5
6369,88,84.747,88.960,89.118,89.447,90.530,92.339,79.000,96.125,98.000,98.167,other,0,-1,9,5
6370,123,103.351,106.571,104.373,89.274,90.306,92.107,88.000,95.708,124.000,102.556,other,0,-1,10,5
6371,118,124.456,135.130,134.039,89.232,90.216,91.902,123.000,95.667,138.000,122.722,other,0,-1,11,5
6372,176,138.515,139.595,138.556,88.914,89.842,91.640,118.000,94.833,150.000,141.028,other,0,-1,12,5
6373,183,161.995,173.898,179.760,89.262,90.157,91.517,176.000,95.917,194.000,161.333,other,0,-1,13,5
6374,157,166.150,174.186,183.383,89.075,89.918,91.282,183.000,95.458,198.000,179.778,other,0,-1,14,5
6375,173,153.810,153.698,160.447,88.453,89.229,90.956,157.000,93.750,184.000,180.472,other,0,-1,15,5
6376,140,143.528,151.321,159.053,88.265,88.990,90.721,173.000,93.292,167.000,165.833,other,0,-1,16,5
6377,132,121.421,126.114,125.543,87.846,88.511,90.438,140.000,92.167,143.000,148.556,other,0,-1,17,5
6378,157,101.284,108.874,105.743,87.659,88.271,90.203,132.000,91.708,126.000,114.861,other,0,-1,18,5
6379,85,82.153,101.045,100.774,88.080,88.661,90.095,157.000,93.000,97.000,90.528,other,0,-1,19,5
6380,66,67.644,69.635,64.634,87.878,88.407,89.857,85.000,92.500,84.000,74.972,other,0,-1,20,5
6381,60,54.303,55.100,53.433,87.589,88.063,89.601,66.000,91.750,76.000,60.444,other,0,-1,21,5
6382,59,42.752,46.507,47.813,87.329,87.749,89.351,60.000,91.083,53.000,52.389,other,0,-1,22,5
6383,54,35.831,43.434,44.516,87.388,87.764,89.167,59.000,91.333,49.000,44.139,other,0,-1,23,5
6384,32,33.350,42.288,41.499,87.432,87.765,88.981,54.000,91.542,29.000,32.472,other,0,-1,0,6
6385,26,31.834,36.476,30.900,87.726,88.006,89.099,32.000,91.667,25.000,34.500,other,0,-1,1,6
6386,31,32.663,36.877,31.282,87.991,88.218,89.212,26.000,91.708,31.000,33.361,other,0,-1,2,6
6387,32,36.771,40.824,34.649,88.241,88.414,89.322,31.000,91.708,37.000,35.222,other,0,-1,3,6
6388,37,39.657,42.795,38.453,88.419,88.536,89.416,32.000,91.500,46.000,34.028,other,0,-1,4,6
6389,29,43.639,46.368,44.529,88.539,88.598,89.499,37.000,91.125,48.000,36.611,other,0,-1,5,6
6390,46,44.759,46.177,48.278,88.514,88.509,89.551,29.000,90.333,56.000,38.694,other,0,-1,6,6
6391,51,54.098,57.483,60.442,88.619,88.556,89.630,46.000,89.917,75.000,47.194,other,0,-1,7,6
6392,81,64.925,67.786,69.959,88.522,88.393,89.667,51.000,88.917,79.000,59.167,other,0,-1,8,6
6393,230,82.680,90.742,90.988,88.801,88.619,89.783,81.000,89.000,88.000,78.778,inside,1,0,9,6
6394,351,216.640,226.194,196.429,91.108,90.945,90.322,230.000,94.917,123.000,101.278,inside,1,1,10,6
6395,359,327.054,349.462,297.178,94.661,94.559,91.122,351.000,104.417,118.000,121.778,inside,1,2,11,6
6396,528,334.516,358.885,307.933,98.403,98.369,91.960,359.000,114.458,176.000,140.833,inside,1,3,12,6
6397,460,382.903,439.397,394.386,103.752,103.842,93.135,528.000,129.125,183.000,148.472,inside,1,4,13,6
6398,130,371.780,418.296,368.165,108.015,108.191,94.083,460.000,140.667,157.000,156.639,after,1,5,14,6
6399,167,167.385,136.519,137.314,107.874,107.983,94.110,130.000,139.542,173.000,153.306,after,1,6,15,6
6400,131,154.610,140.208,154.039,108.038,108.090,94.202,167.000,139.292,140.000,133.083,after,1,7,16,6
6401,115,143.443,114.569,121.158,108.158,108.151,94.284,131.000,138.917,132.000,123.667,after,1,8,17,6
6402,94,128.236,96.068,101.579,108.162,108.093,94.343,115.000,138.208,157.000,102.583,after,1,9,18,6
6403,88,113.595,78.146,83.591,107.499,107.345,94.262,94.000,135.583,85.000,79.889,after,1,10,19,6
6404,63,93.729,64.391,74.438,107.793,107.587,94.380,88.000,135.708,66.000,59.111,after,1,11,20,6
6405,47,81.254,52.277,64.990,108.000,107.738,94.481,63.000,135.583,60.000,47.306,after,1,12,21,6
6406,28,69.009,44.229,60.745,108.062,107.740,94.551,47.000,135.042,59.000,35.306,after,1,13,22,6
6407,33,60.933,38.421,57.152,107.863,107.472,94.567,28.000,133.750,54.000,32.556,after,1,14,23,6
6408,66,53.949,38.019,57.445,107.809,107.354,94.613,33.000,132.875,32.000,61.343,after,1,15,0,0
6409,58,57.748,49.167,62.724,108.642,108.183,95.055,66.000,134.292,26.000,59.743,after,1,16,1,0
6410,69,58.229,50.399,61.351,109.445,108.982,95.490,58.000,135.625,31.000,61.829,after,1,17,2,0
6411,66,65.196,59.381,65.048,110.336,109.871,95.943,69.000,137.208,32.000,63.543,after,1,18,3,0
6412,56,65.652,60.365,66.936,111.169,110.701,96.384,66.000,138.625,37.000,60.000,after,1,19,4,0
6413,61,62.748,57.614,68.232,111.784,111.305,96.780,56.000,139.417,29.000,77.171,after,1,20,5,0
6414,68,65.844,63.124,74.935,112.588,112.104,97.215,61.000,140.750,46.000,77.686,after,1,21,6,0
6415,68,71.949,72.046,83.854,113.247,112.754,97.620,68.000,141.667,51.000,91.543,after,1,22,7,0
6416,100,82.812,82.102,91.362,113.833,113.328,98.010,68.000,142.375,81.000,101.114,after,1,23,8,0
6417,74,100.292,108.518,112.757,114.449,113.932,98.406,100.000,143.167,230.000,122.829,after,1,24,9,0
6418,119,122.781,111.107,108.344,112.529,111.913,98.273,74.000,136.667,351.000,137.200,after,1,25,10,0
6419,140,139.130,138.258,136.620,109.509,108.755,97.909,119.000,127.000,359.000,150.314,after,1,26,11,0
6420,190,156.436,154.075,153.115,106.676,105.791,97.585,140.000,117.875,528.000,163.229,after,1,27,12,0
6421,163,181.675,185.168,186.639,102.120,101.044,96.901,190.000,103.792,460.000,172.800,after,1,28,13,0
6422,226,169.426,168.646,167.816,98.158,96.911,96.341,163.000,91.417,130.000,172.257,other,0,-1,14,0
6423,166,196.255,198.491,205.417,99.889,98.670,96.970,226.000,95.417,167.000,183.343,other,0,-1,15,0
6424,161,154.686,153.354,157.546,100.215,98.975,97.305,166.000,95.375,131.000,162.143,other,0,-1,16,0
6425,150,137.785,137.107,143.923,100.989,99.744,97.734,161.000,96.625,115.000,148.800,other,0,-1,17,0
6426,104,118.160,116.919,125.372,101.837,100.588,98.179,150.000,98.083,94.000,128.829,other,0,-1,18,0
6427,90,100.480,92.591,94.005,102.322,101.058,98.547,104.000,98.500,88.000,110.171,other,0,-1,19,0
6428,88,83.941,76.350,80.294,102.691,101.407,98.892,90.000,98.583,63.000,85.143,other,0,-1,20,0
6429,64,69.707,65.754,72.257,103.393,102.101,99.306,88.000,99.625,47.000,75.143,other,0,-1,21,0
6430,71,60.254,56.248,61.347,103.980,102.676,99.695,64.000,100.333,28.000,65.229,other,0,-1,22,0
6431,58,56.450,56.810,59.880,104.943,103.640,100.164,71.000,102.125,33.000,63.543,other,0,-1,23,0
6432,45,54.273,54.509,55.530,105.645,104.334,100.578,58.000,103.167,66.000,61.694,other,0,-1,0,1
6433,74,51.643,51.093,52.416,105.515,104.221,100.827,45.000,102.292,58.000,62.000,other,0,-1,1,1
6434,62,64.382,64.857,57.961,105.920,104.663,101.188,74.000,102.958,69.000,62.222,other,0,-1,2,1
6435,61,62.387,61.963,56.901,105.993,104.760,101.479,62.000,102.667,66.000,61.389,other,0,-1,3,1
6436,84,63.989,63.212,59.914,106.094,104.887,101.776,61.000,102.458,56.000,63.583,other,0,-1,4,1
6437,70,76.209,74.979,70.667,106.674,105.509,102.173,84.000,103.625,61.000,65.139,other,0,-1,5,1
6438,65,70.255,71.535,74.097,106.978,105.845,102.513,70.000,104.000,68.000,66.417,other,0,-1,6,1
6439,81,74.589,76.395,81.049,107.109,106.002,102.816,65.000,103.875,68.000,77.639,other,0,-1,7,1
6440,96,88.647,92.422,95.879,107.471,106.399,103.167,81.000,104.417,100.000,91.833,other,0,-1,8,1
6441,139,106.856,112.161,112.162,107.587,106.541,103.468,96.000,104.250,74.000,109.944,other,0,-1,9,1
6442,139,135.340,139.830,142.432,108.703,107.717,103.977,139.000,106.958,119.000,131.361,other,0,-1,10,1
6443,159,149.895,153.862,152.374,109.166,108.219,104.349,139.000,107.792,140.000,148.500,other,0,-1,11,1
6444,134,167.625,168.891,170.034,109.615,108.706,104.719,159.000,108.583,190.000,174.389,other,0,-1,12,1
6445,165,168.652,166.197,159.459,108.978,108.068,104.862,134.000,106.250,163.000,191.778,other,0,-1,13,1
6446,159,175.910,174.755,175.082,109.181,108.300,105.181,165.000,106.333,226.000,190.222,other,0,-1,14,1
6447,168,169.442,168.083,165.686,108.384,107.498,105.290,159.000,103.542,166.000,183.056,other,0,-1,15,1
6448,131,161.182,161.963,161.050,108.587,107.730,105.609,168.000,103.625,161.000,168.806,other,0,-1,16,1
6449,163,145.222,139.557,130.666,108.327,107.482,105.830,131.000,102.375,150.000,158.750,other,0,-1,17,1
6450,134,128.617,131.520,134.562,108.689,107.878,106.182,163.000,102.917,104.000,131.639,other,0,-1,18,1
6451,106,109.676,108.426,111.007,109.298,108.530,106.585,134.000,104.167,90.000,103.944,other,0,-1,19,1
6452,82,93.839,89.701,92.337,109.703,108.972,106.946,106.000,104.833,88.000,92.389,other,0,-1,20,1
6453,71,80.807,75.560,77.666,109.790,109.084,107.240,82.000,104.583,64.000,77.389,other,0,-1,21,1
6454,60,69.974,67.022,67.733,110.066,109.391,107.573,71.000,104.875,71.000,64.944,other,0,-1,22,1
6455,67,63.072,61.927,58.499,110.080,109.428,107.852,60.000,104.417,58.000,62.889,other,0,-1,23,1
6456,59,61.932,64.312,55.346,110.385,109.764,108.192,67.000,104.792,45.000,59.639,other,0,-1,0,2
6457,55,59.503,62.542,56.709,110.464,109.907,108.285,59.000,105.375,74.000,64.167,other,0,-1,1,2
6458,71,60.299,62.391,54.639,110.065,109.554,108.279,55.000,104.583,62.000,56.194,other,0,-1,2,2
6459,62,67.647,69.415,58.160,110.073,109.621,108.357,71.000,104.958,61.000,60.528,other,0,-1,3,2
6460,66,66.780,66.753,58.360,109.964,109.568,108.411,62.000,105.000,84.000,62.444,other,0,-1,4,2
6461,62,70.162,68.977,62.924,109.580,109.231,108.408,66.000,104.250,70.000,62.833,other,0,-1,5,2
6462,59,73.350,69.973,67.616,109.341,109.043,108.435,62.000,103.917,65.000,70.472,other,0,-1,6,2
6463,95,82.017,75.137,74.279,109.130,108.885,108.468,59.000,103.667,81.000,78.639,other,0,-1,7,2
6464,80,98.054,91.307,94.386,109.210,109.027,108.561,95.000,104.250,96.000,89.639,other,0,-1,8,2
6465,135,114.178,105.080,100.702,108.855,108.720,108.564,80.000,103.583,139.000,104.833,other,0,-1,9,2
6466,147,136.874,127.684,133.874,108.674,108.592,108.603,135.000,103.417,139.000,127.694,other,0,-1,10,2
6467,114,153.919,147.160,151.060,108.666,108.644,108.678,147.000,103.750,159.000,145.361,other,0,-1,11,2
6468,160,160.490,159.038,145.082,107.891,107.902,108.593,114.000,101.875,134.000,159.222,other,0,-1,12,2
6469,178,171.325,171.590,170.511,108.144,108.224,108.723,160.000,102.958,165.000,182.222,other,0,-1,13,2
6470,163,174.088,178.380,178.422,108.209,108.351,108.813,178.000,103.500,159.000,185.000,other,0,-1,14,2
6471,185,165.502,169.933,164.804,108.144,108.343,108.876,163.000,103.667,168.000,172.750,other,0,-1,15,2
6472,161,160.369,170.056,165.792,108.267,108.530,108.979,185.000,104.375,131.000,158.694,other,0,-1,16,2
6473,172,145.029,149.585,141.998,108.578,108.912,109.121,161.000,105.625,163.000,148.139,other,0,-1,17,2
6474,134,129.123,140.523,135.175,108.585,108.979,109.199,172.000,106.000,134.000,124.722,other,0,-1,18,2
6475,150,110.854,112.983,108.008,108.462,108.911,109.250,134.000,106.000,106.000,108.833,other,0,-1,19,2
6476,73,93.088,107.934,104.846,108.976,109.503,109.434,150.000,107.833,82.000,89.361,other,0,-1,20,2
6477,59,83.000,75.539,70.036,108.722,109.300,109.458,73.000,107.458,71.000,75.500,other,0,-1,21,2
6478,62,71.210,64.815,59.367,108.425,109.053,109.473,59.000,106.958,60.000,67.139,other,0,-1,22,2
6479,69,61.582,60.761,54.142,108.331,109.015,109.530,62.000,107.042,67.000,62.722,other,0,-1,23,2
6480,71,58.007,61.717,50.815,108.237,108.977,109.587,69.000,107.125,59.000,61.389,other,0,-1,0,3
6481,71,57.864,65.457,61.050,108.083,108.870,109.375,71.000,107.625,55.000,64.194,other,0,-1,1,3
6482,59,60.191,66.828,59.674,107.987,108.824,109.174,71.000,108.292,71.000,65.056,other,0,-1,2,3
6483,73,59.465,63.257,57.384,107.485,108.357,108.890,59.000,107.792,62.000,61.583,other,0,-1,3,3
6484,60,66.180,69.292,62.034,107.317,108.236,108.674,73.000,108.250,66.000,61.250,other,0,-1,4,3
6485,86,65.133,65.089,62.749,106.902,107.860,108.407,60.000,108.000,62.000,63.500,other,0,-1,5,3
6486,78,76.011,75.553,74.679,106.922,107.933,108.231,86.000,109.000,59.000,67.778,other,0,-1,6,3
6487,77,81.052,76.488,80.447,106.870,107.931,108.040,78.000,109.792,95.000,79.889,other,0,-1,7,3
6488,96,94.130,85.333,89.871,106.282,107.375,107.737,77.000,109.042,80.000,92.417,other,0,-1,8,3
6489,115,111.713,103.363,107.673,106.186,107.328,107.537,96.000,109.708,135.000,115.000,other,0,-1,9,3
6490,143,130.840,125.804,127.210,105.568,106.742,107.228,115.000,108.875,147.000,126.583,other,0,-1,10,3
6491,145,150.211,149.317,150.111,105.183,106.396,106.967,143.000,108.708,114.000,145.861,other,0,-1,11,3
6492,140,161.939,163.646,160.034,105.304,106.574,106.812,145.000,110.000,160.000,168.111,other,0,-1,12,3
6493,160,167.159,167.018,162.529,104.687,105.988,106.503,140.000,109.167,178.000,177.472,other,0,-1,13,3
6494,179,170.394,171.143,170.132,104.098,105.432,106.200,160.000,108.417,163.000,176.694,other,0,-1,14,3
6495,179,168.816,173.176,173.500,104.002,105.385,106.000,179.000,109.083,185.000,173.972,other,0,-1,15,3
6496,148,157.578,164.777,164.589,103.588,105.009,105.733,179.000,108.833,161.000,162.111,other,0,-1,16,3
6497,172,138.938,142.023,139.455,103.072,104.527,105.445,148.000,108.292,172.000,150.028,other,0,-1,17,3
6498,116,121.574,139.291,138.338,102.744,104.241,105.196,172.000,108.292,134.000,132.389,other,0,-1,18,3
6499,88,103.555,105.669,104.138,102.156,103.685,104.893,116.000,107.542,150.000,108.528,other,0,-1,19,3
6500,92,88.581,85.884,85.368,100.930,102.469,104.457,88.000,104.958,73.000,100.083,other,0,-1,20,3
6501,83,71.304,75.877,78.609,100.877,102.467,104.266,92.000,105.750,59.000,85.306,other,0,-1,21,3
6502,71,59.304,65.979,69.313,100.897,102.541,104.090,83.000,106.750,62.000,74.778,other,0,-1,22,3
6503,61,51.461,57.686,60.933,100.700,102.389,103.868,71.000,107.125,69.000,70.444,other,0,-1,23,3
6504,37,46.963,52.242,54.654,100.256,101.983,103.595,61.000,106.792,71.000,60.917,other,0,-1,0,4
6505,59,43.528,47.637,46.371,99.478,101.184,103.131,37.000,105.375,71.000,56.972,other,0,-1,1,4
6506,46,48.193,56.316,49.417,99.019,100.714,102.734,59.000,104.875,59.000,51.583,other,0,-1,2,4
6507,75,47.389,52.606,47.412,98.546,100.230,102.333,46.000,104.333,73.000,54.556,other,0,-1,3,4
6508,77,59.642,65.353,55.465,98.289,99.971,101.978,75.000,104.417,60.000,57.139,other,0,-1,4,4
6509,58,62.234,66.709,60.229,98.250,99.936,101.669,77.000,105.125,86.000,54.694,other,0,-1,5,4
6510,64,59.428,60.986,61.511,97.559,99.227,101.223,58.000,103.958,78.000,65.167,other,0,-1,6,4
6511,59,67.742,67.863,71.165,97.071,98.728,100.819,64.000,103.375,77.000,74.667,other,0,-1,7,4
6512,79,80.994,77.094,79.683,96.525,98.169,100.404,59.000,102.625,96.000,86.667,other,0,-1,8,4
6513,97,97.829,97.656,98.755,95.994,97.624,99.991,79.000,101.917,115.000,109.861,other,0,-1,9,4
6514,137,116.791,122.018,119.234,95.447,97.065,99.576,97.000,101.167,143.000,125.222,other,0,-1,10,4
6515,125,137.959,151.400,149.629,95.075,96.686,99.196,137.000,100.917,145.000,147.361,other,0,-1,11,4
6516,156,150.482,156.271,153.076,94.500,96.097,98.775,125.000,100.083,140.000,161.111,other,0,-1,12,4
6517,188,164.735,169.289,172.072,94.447,96.047,98.462,156.000,100.750,160.000,174.694,other,0,-1,13,4
6518,212,176.058,181.584,187.211,94.567,96.177,98.185,188.000,101.917,179.000,178.167,other,0,-1,14,4
6519,182,179.642,188.757,194.066,94.760,96.383,97.924,212.000,103.292,179.000,172.583,other,0,-1,15,4
6520,153,155.566,160.737,167.997,94.518,96.138,97.572,182.000,103.417,148.000,165.472,other,0,-1,16,4
6521,162,132.016,135.942,140.565,94.305,95.924,97.226,153.000,103.625,172.000,138.861,other,0,-1,17,4
6522,100,110.707,125.415,130.244,93.875,95.485,96.835,162.000,103.208,116.000,121.333,other,0,-1,18,4
6523,110,92.480,92.585,93.181,93.358,94.955,96.425,100.000,102.542,88.000,101.944,other,0,-1,19,4
6524,91,72.434,81.424,86.278,93.391,94.996,96.131,110.000,103.458,92.000,84.222,other,0,-1,20,4
6525,72,58.312,65.919,72.683,93.091,94.691,95.766,91.000,103.417,83.000,70.889,other,0,-1,21,4
6526,63,47.633,53.452,62.013,92.647,94.237,95.372,72.000,102.958,71.000,63.889,other,0,-1,22,4
6527,44,39.870,46.773,55.535,92.245,93.828,94.987,63.000,102.625,61.000,57.111,other,0,-1,23,4
6528,35,35.431,39.622,48.656,91.714,93.284,94.574,44.000,101.917,37.000,38.722,other,0,-1,0,5
6529,32,33.235,38.291,31.610,91.657,93.179,94.366,35.000,101.833,59.000,42.139,other,0,-1,1,5
6530,49,34.266,38.911,31.459,91.237,92.700,94.083,32.000,100.708,46.000,43.389,other,0,-1,2,5
6531,61,41.882,47.141,36.071,91.253,92.671,93.891,49.000,100.833,75.000,43.528,other,0,-1,3,5
6532,37,49.962,53.868,41.810,91.022,92.386,93.646,61.000,100.250,77.000,42.111,other,0,-1,4,5
6533,34,43.315,45.056,40.785,90.414,91.712,93.324,37.000,98.583,58.000,43.028,other,0,-1,5,5
6534,35,47.058,46.946,45.716,90.039,91.278,93.050,34.000,97.583,64.000,55.167,other,0,-1,6,5
6535,58,55.275,53.081,53.087,89.590,90.769,92.760,35.000,96.375,59.000,63.917,other,0,-1,7,5
6536,64,68.264,68.930,69.772,89.548,90.679,92.555,58.000,96.333,79.000,81.722,other,0,-1,8,5
6537,83,84.563,83.566,82.379,89.302,90.380,92.308,64.000,95.708,97.000,98.167,other,0,-1,9,5
6538,104,103.225,104.403,101.815,89.071,90.096,92.064,83.000,95.125,137.000,102.556,other,0,-1,10,5
6539,112,122.047,125.390,122.939,88.565,89.527,91.763,104.000,93.750,125.000,122.722,other,0,-1,11,5
6540,119,137.733,136.698,135.108,88.349,89.257,91.522,112.000,93.208,156.000,141.028,other,0,-1,12,5
6541,156,148.186,143.234,143.334,87.785,88.628,91.208,119.000,91.667,188.000,161.333,other,0,-1,13,5
6542,141,157.531,158.684,165.695,87.293,88.074,90.910,156.000,90.333,212.000,179.778,other,0,-1,14,5
6543,153,149.624,147.285,150.489,86.236,86.935,90.493,141.000,87.375,182.000,180.472,other,0,-1,15,5
6544,132,138.580,143.212,146.790,85.788,86.426,90.204,153.000,86.167,153.000,165.833,other,0,-1,16,5
6545,126,118.950,124.413,121.054,85.456,86.037,89.939,132.000,85.292,162.000,148.556,other,0,-1,17,5
6546,111,99.527,108.204,102.602,84.906,85.423,89.628,126.000,83.792,100.000,114.861,other,0,-1,18,5
6547,85,80.951,89.412,82.494,85.038,85.513,89.460,111.000,84.250,110.000,90.528,other,0,-1,19,5
6548,65,65.919,70.495,64.020,84.647,85.064,89.182,85.000,83.208,91.000,74.972,other,0,-1,20,5
6549,62,52.890,55.715,52.459,84.243,84.600,88.902,65.000,82.125,72.000,60.444,other,0,-1,21,5
6550,50,41.300,47.653,47.382,84.070,84.376,88.670,62.000,81.708,63.000,52.389,other,0,-1,22,5
6551,34,34.469,41.557,42.074,83.853,84.106,88.429,50.000,81.167,44.000,44.139,other,0,-1,23,5
6552,35,30.505,36.671,37.347,83.680,83.882,88.197,34.000,80.750,35.000,32.472,other,0,-1,0,6
6553,25,31.396,38.046,31.431,83.930,84.079,88.307,35.000,80.750,32.000,34.500,other,0,-1,1,6
6554,36,31.385,37.024,31.152,84.079,84.170,88.395,25.000,80.458,49.000,33.361,other,0,-1,2,6
6555,28,37.473,43.433,35.852,84.141,84.172,88.466,36.000,79.917,61.000,35.222,other,0,-1,3,6
6556,33,37.304,41.665,37.670,83.914,83.874,88.475,28.000,78.542,37.000,34.028,other,0,-1,4,6
6557,27,41.233,45.220,43.656,84.106,84.010,88.573,33.000,78.375,34.000,36.611,other,0,-1,5,6
6558,39,43.230,45.952,47.836,84.255,84.102,88.661,27.000,78.083,35.000,38.694,other,0,-1,6,6
6559,47,51.736,55.537,58.191,84.563,84.359,88.783,39.000,78.250,58.000,47.194,other,0,-1,7,6
6560,69,63.371,67.007,68.414,84.654,84.390,88.860,47.000,77.792,64.000,59.167,other,0,-1,8,6
6561,83,80.010,86.064,85.252,84.977,84.662,88.984,69.000,78.000,83.000,78.778,other,0,-1,9,6
6562,85,98.804,102.672,99.421,85.227,84.858,89.094,83.000,78.000,104.000,101.278,other,0,-1,10,6
6563,112,116.635,112.123,106.616,85.202,84.770,89.146,85.000,77.208,112.000,121.778,other,0,-1,11,6
6564,117,134.078,131.509,126.577,85.452,84.967,89.256,112.000,77.208,119.000,140.833,other,0,-1,12,6
6565,137,144.576,138.745,131.874,85.673,85.133,89.359,117.000,77.125,156.000,148.472,other,0,-1,13,6
6566,186,150.666,148.940,144.255,85.649,85.045,89.412,137.000,76.333,141.000,156.639,other,0,-1,14,6
6567,143,158.926,168.137,174.389,86.551,85.916,89.657,186.000,78.208,153.000,153.306,other,0,-1,15,6
6568,129,136.693,139.880,136.812,86.656,85.963,89.737,143.000,77.792,132.000,133.083,other,0,-1,16,6
6569,110,120.075,123.674,117.291,86.863,86.115,89.837,129.000,77.667,126.000,123.667,other,0,-1,17,6
6570,82,102.818,104.696,94.624,86.881,86.071,89.899,110.000,77.000,111.000,102.583,other,0,-1,18,6
6571,70,87.369,85.060,71.783,86.712,85.833,89.921,82.000,75.792,85.000,79.889,other,0,-1,19,6
6572,52,71.317,68.654,58.999,86.745,85.805,89.985,70.000,75.167,65.000,59.111,other,0,-1,20,6
6573,55,58.255,54.950,49.048,86.807,85.807,90.055,52.000,74.625,62.000,47.306,other,0,-1,21,6
6574,41,46.628,47.775,46.292,86.955,85.898,90.144,55.000,74.333,50.000,35.306,other,0,-1,22,6
6575,32,40.294,42.158,42.117,87.075,85.960,90.226,41.000,73.958,34.000,32.556,other,0,-1,23,6
6576,54,37.087,39.785,39.914,87.297,86.126,90.330,32.000,73.875,35.000,61.343,other,0,-1,0,0
6577,55,43.553,48.756,48.508,87.912,86.731,90.726,54.000,74.667,25.000,59.743,other,0,-1,1,0
6578,50,48.098,53.835,50.054,88.687,87.500,91.155,55.000,75.917,36.000,61.829,other,0,-1,2,0
6579,56,49.456,54.642,51.554,89.230,88.030,91.535,50.000,76.500,28.000,63.543,other,0,-1,3,0
6580,70,54.595,59.871,57.131,89.976,88.769,91.959,56.000,77.667,33.000,60.000,other,0,-1,4,0
6581,70,62.965,69.334,66.738,90.852,89.643,92.409,70.000,79.208,27.000,77.171,other,0,-1,5,0
6582,73,62.666,71.917,73.909,91.815,90.607,92.877,70.000,81.000,39.000,77.686,other,0,-1,6,0
6583,67,66.039,78.879,83.009,92.648,91.436,93.319,73.000,82.417,47.000,91.543,other,0,-1,7,0
6584,106,72.601,86.500,89.177,93.278,92.056,93.718,67.000,83.250,69.000,101.114,other,0,-1,8,0
6585,84,96.730,116.953,114.475,94.154,92.930,94.168,106.000,84.792,83.000,122.829,other,0,-1,9,0
6586,130,108.869,120.924,112.065,94.508,93.265,94.509,84.000,84.833,85.000,137.200,other,0,-1,10,0
6587,180,135.702,149.187,142.158,95.500,94.259,94.984,130.000,86.708,112.000,150.314,other,0,-1,11,0
6588,184,172.033,181.207,177.370,96.826,95.598,95.528,180.000,89.542,117.000,163.229,other,0,-1,12,0
6589,174,177.832,182.697,182.301,98.136,96.922,96.069,184.000,92.333,137.000,172.800,other,0,-1,13,0
6590,179,173.193,173.651,174.740,99.013,97.796,96.519,174.000,93.875,186.000,172.257,other,0,-1,14,0
6591,194,169.108,169.813,173.496,99.251,98.010,96.837,179.000,93.583,143.000,183.343,other,0,-1,15,0
6592,167,162.121,165.796,175.318,100.330,99.094,97.329,194.000,95.708,129.000,162.143,other,0,-1,16,0
6593,139,138.970,139.210,147.475,101.221,99.984,97.783,167.000,97.292,110.000,148.800,other,0,-1,17,0
6594,103,118.619,114.976,120.257,101.981,100.738,98.209,139.000,98.500,82.000,128.829,other,0,-1,18,0
6595,98,101.698,93.173,93.952,102.626,101.372,98.611,103.000,99.375,70.000,110.171,other,0,-1,19,0
6596,97,84.322,77.964,82.762,103.372,102.112,99.034,98.000,100.542,52.000,85.143,other,0,-1,20,0
6597,63,70.720,68.174,74.725,104.364,103.106,99.508,97.000,102.417,55.000,75.143,other,0,-1,21,0
6598,59,61.410,57.031,61.261,104.820,103.545,99.871,63.000,102.750,41.000,65.229,other,0,-1,22,0
6599,66,55.714,54.273,57.069,105.421,104.135,100.264,59.000,103.500,32.000,63.543,other,0,-1,23,0
6600,44,57.227,57.928,57.004,106.253,104.964,100.705,66.000,104.917,54.000,61.694,other,0,-1,0,1
6601,60,52.129,51.445,52.297,106.282,105.016,100.987,44.000,104.500,55.000,62.000,other,0,-1,1,1
6602,68,58.753,59.383,55.073,106.529,105.293,101.315,60.000,104.708,50.000,62.222,other,0,-1,2,1
6603,69,65.446,64.978,58.257,106.964,105.764,101.681,68.000,105.458,56.000,61.389,other,0,-1,3,1
6604,67,67.946,67.051,61.834,107.326,106.161,102.033,69.000,106.000,70.000,63.583,other,0,-1,4,1
6605,68,67.726,67.785,66.461,107.456,106.318,102.336,67.000,105.875,70.000,65.139,other,0,-1,5,1
6606,70,69.618,71.123,73.535,107.601,106.490,102.643,68.000,105.792,73.000,66.417,other,0,-1,6,1
6607,65,75.562,78.138,82.495,107.732,106.647,102.946,70.000,105.667,67.000,77.639,other,0,-1,7,1
6608,95,87.261,89.176,90.403,107.877,106.819,103.252,65.000,105.583,106.000,91.833,other,0,-1,8,1
6609,118,106.577,112.000,111.694,107.891,106.856,103.531,95.000,105.125,84.000,109.944,other,0,-1,9,1
6610,127,128.450,134.448,132.445,108.558,107.568,103.946,118.000,106.542,130.000,131.361,other,0,-1,10,1
6611,172,146.980,151.079,146.314,108.688,107.724,104.250,127.000,106.417,180.000,148.500,other,0,-1,11,1
6612,184,173.168,173.302,177.272,108.746,107.806,104.538,172.000,106.083,184.000,174.389,other,0,-1,12,1
6613,161,182.968,182.454,187.448,108.920,108.008,104.850,184.000,106.083,174.000,191.778,other,0,-1,13,1
6614,164,174.966,173.045,172.884,108.906,108.015,105.123,161.000,105.542,179.000,190.222,other,0,-1,14,1
6615,185,170.761,169.092,168.560,108.863,107.992,105.390,164.000,104.917,194.000,183.056,other,0,-1,15,1
6616,156,164.774,167.655,170.520,108.906,108.059,105.675,185.000,104.542,167.000,168.806,other,0,-1,16,1
6617,122,146.223,144.117,142.804,108.921,108.096,105.954,156.000,104.083,139.000,158.750,other,0,-1,17,1
6618,157,129.791,121.279,115.828,108.848,108.043,106.215,122.000,103.375,103.000,131.639,other,0,-1,18,1
6619,94,110.524,112.566,120.164,109.805,109.055,106.691,157.000,105.625,98.000,103.944,other,0,-1,19,1
6620,77,95.795,86.822,88.252,109.921,109.197,106.991,94.000,105.458,97.000,92.389,other,0,-1,20,1
6621,61,81.907,73.547,76.171,109.805,109.099,107.243,77.000,104.625,63.000,77.389,other,0,-1,21,1
6622,67,71.091,64.129,65.105,109.950,109.271,107.549,61.000,104.542,59.000,64.944,other,0,-1,22,1
6623,60,63.561,62.387,60.436,110.240,109.593,107.886,67.000,104.875,66.000,62.889,other,0,-1,23,1
6624,65,60.812,60.935,53.891,110.327,109.704,108.180,60.000,104.625,44.000,59.639,other,0,-1,0,2
6625,53,60.684,63.678,58.279,110.507,109.951,108.294,65.000,105.500,60.000,64.167,other,0,-1,1,2
6626,73,59.999,60.957,54.707,110.283,109.779,108.324,53.000,105.208,68.000,56.194,other,0,-1,2,2
6627,65,68.442,69.488,58.893,110.232,109.786,108.391,73.000,105.417,69.000,60.528,other,0,-1,3,2
6628,75,67.795,67.201,59.230,110.051,109.658,108.430,65.000,105.250,67.000,62.444,other,0,-1,4,2
6629,58,73.275,71.669,65.185,110.043,109.710,108.505,75.000,105.583,68.000,62.833,other,0,-1,5,2
6630,68,73.048,68.565,66.872,109.775,109.493,108.526,58.000,105.167,70.000,70.472,other,0,-1,6,2
6631,30,82.776,76.472,76.777,109.623,109.395,108.571,68.000,105.083,65.000,78.639,inside,-1,0,7,2
6632,34,100.405,85.897,75.458,108.993,108.802,108.516,30.000,103.625,95.000,89.639,inside,-1,1,8,2
6633,114,118.753,107.107,86.044,107.986,107.820,108.382,34.000,101.083,118.000,104.833,after,-1,2,9,2
6634,114,133.691,126.134,125.293,107.804,107.692,108.421,114.000,100.917,127.000,127.694,after,-1,3,10,2
6635,131,149.750,145.939,136.786,107.493,107.430,108.433,114.000,100.375,172.000,145.361,after,-1,4,11,2
6636,116,162.245,160.236,152.928,106.776,106.747,108.360,131.000,98.667,184.000,159.222,after,-1,5,12,2
6637,189,165.335,163.812,150.245,105.667,105.660,108.205,116.000,95.833,161.000,182.222,after,-1,6,13,2
6638,192,178.118,182.140,184.274,105.949,106.012,108.341,189.000,97.000,164.000,185.000,after,-1,7,14,2
6639,187,172.400,180.357,179.705,106.232,106.364,108.477,192.000,98.167,185.000,172.750,after,-1,8,15,2
6640,170,161.178,170.529,166.772,106.137,106.326,108.534,187.000,98.250,156.000,158.694,after,-1,9,16,2
6641,140,145.649,152.139,145.933,106.217,106.468,108.628,170.000,98.833,122.000,148.139,after,-1,10,17,2
6642,111,128.629,128.199,120.022,106.354,106.670,108.733,140.000,99.583,157.000,124.722,after,-1,11,18,2
6643,114,112.350,106.312,98.389,105.565,105.913,108.645,111.000,97.667,94.000,108.833,after,-1,12,19,2
6644,101,93.722,93.029,90.607,105.731,106.145,108.757,114.000,98.500,77.000,89.361,after,-1,13,20,2
6645,65,78.952,79.501,77.994,105.956,106.437,108.880,101.000,99.500,61.000,75.500,after,-1,14,21,2
6646,72,69.526,64.117,60.613,105.890,106.429,108.943,65.000,99.667,67.000,67.139,after,-1,15,22,2
6647,61,60.514,61.845,56.267,105.839,106.436,109.010,72.000,99.875,60.000,62.722,after,-1,16,23,2
6648,69,56.349,57.847,49.135,105.731,106.383,109.064,61.000,99.917,65.000,61.389,after,-1,17,0,3
6649,56,56.538,63.633,59.687,105.461,106.157,108.827,69.000,100.083,53.000,64.194,after,-1,18,1,3
6650,81,55.681,60.159,55.931,105.177,105.916,108.588,56.000,100.208,73.000,65.056,after,-1,19,2,3
6651,44,66.168,71.419,61.038,104.965,105.749,108.363,81.000,100.542,65.000,61.583,after,-1,20,3,3
6652,52,58.183,58.228,55.478,104.333,105.148,108.051,44.000,99.667,75.000,61.250,after,-1,21,4,3
6653,52,63.025,61.927,60.353,103.672,104.517,107.733,52.000,98.708,58.000,63.500,after,-1,22,5,3
6654,80,69.045,64.637,65.596,103.257,104.140,107.466,52.000,98.458,68.000,67.778,after,-1,23,6,3
6655,67,80.961,76.663,80.302,103.104,104.034,107.254,80.000,98.958,30.000,79.889,after,-1,24,7,3
6656,97,94.187,83.847,86.493,103.312,104.302,107.117,67.000,100.500,34.000,92.417,after,-1,25,8,3
6657,100,111.756,103.484,107.810,103.897,104.960,107.059,97.000,103.125,114.000,115.000,other,0,-1,9,3
6658,101,130.313,125.062,121.586,103.366,104.464,106.768,100.000,102.542,114.000,126.583,other,0,-1,10,3
6659,133,146.623,146.162,133.931,102.850,103.982,106.480,101.000,102.000,131.000,145.861,other,0,-1,11,3
6660,165,160.315,161.404,155.413,102.552,103.726,106.237,133.000,102.083,116.000,168.111,other,0,-1,12,3
6661,177,171.228,174.229,173.451,102.934,104.174,106.137,165.000,104.125,189.000,177.472,other,0,-1,13,3
6662,233,173.774,177.665,178.185,102.432,103.708,105.852,177.000,103.625,192.000,176.694,other,0,-1,14,3
6663,181,189.722,202.736,200.178,102.698,104.036,105.727,233.000,105.333,187.000,173.972,other,0,-1,15,3
6664,156,157.953,165.765,166.035,102.284,103.659,105.460,181.000,105.083,170.000,162.111,other,0,-1,16,3
6665,193,139.805,144.334,143.103,101.753,103.163,105.169,156.000,104.500,140.000,150.028,other,0,-1,17,3
6666,93,124.880,151.172,147.774,102.193,103.671,105.081,193.000,106.708,111.000,132.389,other,0,-1,18,3
6667,92,106.283,99.818,95.293,101.605,103.115,104.778,93.000,105.958,114.000,108.528,other,0,-1,19,3
6668,101,87.990,85.208,85.575,100.959,102.499,104.463,92.000,105.042,101.000,100.083,other,0,-1,20,3
6669,97,70.266,77.307,79.912,100.631,102.212,104.214,101.000,105.042,65.000,85.306,other,0,-1,21,3
6670,56,58.509,69.719,71.589,100.767,102.406,104.062,97.000,106.375,72.000,74.778,other,0,-1,22,3
6671,77,51.922,51.932,56.496,100.207,101.879,103.765,56.000,105.708,61.000,70.444,other,0,-1,23,3
6672,52,48.111,56.344,56.863,100.111,101.833,103.565,77.000,106.375,69.000,60.917,other,0,-1,0,4
6673,67,44.420,51.092,48.360,99.580,101.289,103.152,52.000,105.667,56.000,56.972,other,0,-1,1,4
6674,54,50.266,58.578,50.254,99.454,101.164,102.825,67.000,106.125,81.000,51.583,other,0,-1,2,4
6675,55,49.081,54.625,48.376,98.777,100.470,102.382,54.000,105.000,44.000,54.556,other,0,-1,3,4
6676,71,51.905,56.038,50.670,98.651,100.345,102.054,55.000,105.458,52.000,57.139,other,0,-1,4,4
6677,65,59.724,63.472,58.225,98.641,100.341,101.750,71.000,106.250,52.000,54.694,other,0,-1,5,4
6678,70,60.994,62.910,63.016,98.544,100.246,101.428,65.000,106.792,80.000,65.167,other,0,-1,6,4
6679,87,68.695,69.385,72.815,98.114,99.807,101.037,70.000,106.375,67.000,74.667,other,0,-1,7,4
6680,78,82.053,84.068,89.389,98.119,99.818,100.736,87.000,107.208,97.000,86.667,other,0,-1,8,4
6681,126,98.380,97.603,98.790,97.558,99.243,100.318,78.000,106.417,100.000,109.861,other,0,-1,9,4
6682,136,119.652,130.891,132.654,97.649,99.344,100.035,126.000,107.500,101.000,125.222,other,0,-1,10,4
6683,147,138.486,151.520,149.789,97.871,99.579,99.780,136.000,108.958,133.000,147.361,other,0,-1,11,4
6684,157,154.564,164.901,164.108,97.789,99.499,99.461,147.000,109.542,165.000,161.111,other,0,-1,12,4
6685,222,165.657,170.205,173.179,97.387,99.090,99.076,157.000,109.208,177.000,174.694,other,0,-1,13,4
6686,134,192.273,204.685,205.917,97.754,99.475,98.851,222.000,111.083,233.000,178.167,other,0,-1,14,4
6687,161,161.144,151.524,154.482,96.034,97.702,98.190,134.000,106.958,181.000,172.583,other,0,-1,15,4
6688,173,151.782,151.544,156.709,95.459,97.113,97.769,161.000,106.125,156.000,165.472,other,0,-1,16,4
6689,182,133.960,144.177,149.645,95.420,97.078,97.459,173.000,106.833,193.000,138.861,other,0,-1,17,4
6690,134,112.788,135.406,139.623,94.976,96.624,97.065,182.000,106.375,93.000,121.333,other,0,-1,18,4
6691,99,89.855,102.119,105.854,95.284,96.949,96.828,134.000,108.083,92.000,101.944,other,0,-1,19,4
6692,88,74.408,79.567,83.637,95.100,96.765,96.488,99.000,108.375,101.000,84.222,other,0,-1,20,4
6693,77,59.458,66.327,72.758,94.627,96.280,96.087,88.000,107.833,97.000,70.889,other,0,-1,21,4
6694,44,48.081,56.195,63.993,94.052,95.691,95.666,77.000,107.000,56.000,63.889,other,0,-1,22,4
6695,69,41.889,43.321,52.606,93.593,95.222,95.268,44.000,106.500,77.000,57.111,other,0,-1,23,4
6696,29,37.665,49.021,53.989,93.191,94.813,94.883,69.000,106.167,52.000,38.722,other,0,-1,0,5
6697,41,33.442,38.170,30.372,92.830,94.393,94.611,29.000,105.208,67.000,42.139,other,0,-1,1,5
6698,57,37.120,43.728,32.665,92.425,93.929,94.331,41.000,104.125,54.000,43.389,other,0,-1,2,5
6699,33,45.779,52.065,37.416,92.441,93.900,94.139,57.000,104.250,55.000,43.528,other,0,-1,3,5
6700,43,40.149,43.466,35.466,92.094,93.496,93.870,33.000,103.333,71.000,42.111,other,0,-1,4,5
6701,35,45.606,48.377,41.955,91.660,93.001,93.584,43.000,102.167,65.000,43.028,other,0,-1,5,5
6702,58,47.859,48.218,45.800,91.197,92.477,93.292,35.000,100.917,70.000,55.167,other,0,-1,6,5
6703,64,58.146,60.818,60.392,90.995,92.223,93.054,58.000,100.417,87.000,63.917,other,0,-1,7,5
6704,67,69.001,71.431,72.125,90.634,91.804,92.782,64.000,99.458,78.000,81.722,other,0,-1,8,5
6705,72,84.888,84.945,83.770,90.447,91.564,92.547,67.000,99.000,126.000,98.167,other,0,-1,9,5
6706,80,103.426,100.504,96.422,89.636,90.680,92.182,72.000,96.750,136.000,102.556,other,0,-1,10,5
6707,164,120.911,115.509,109.875,88.797,89.767,91.811,80.000,94.417,147.000,122.722,other,0,-1,11,5
6708,141,149.414,166.063,168.223,89.015,89.947,91.661,164.000,95.125,157.000,141.028,other,0,-1,12,5
6709,175,151.576,153.192,157.037,88.755,89.633,91.411,141.000,94.458,222.000,161.333,other,0,-1,13,5
6710,157,162.770,169.121,178.055,88.046,88.854,91.067,175.000,92.500,134.000,179.778,other,0,-1,14,5
6711,145,153.077,153.609,160.823,88.351,89.124,90.935,157.000,93.458,161.000,180.472,other,0,-1,15,5
6712,140,138.679,139.994,142.867,88.092,88.810,90.685,145.000,92.792,173.000,165.833,other,0,-1,16,5
6713,151,120.357,126.098,125.429,87.585,88.241,90.383,140.000,91.417,182.000,148.556,other,0,-1,17,5
6714,122,100.444,114.406,114.170,87.108,87.702,90.088,151.000,90.125,134.000,114.861,other,0,-1,18,5
6715,87,81.238,90.923,86.743,86.906,87.447,89.850,122.000,89.625,99.000,90.528,other,0,-1,19,5
6716,52,66.821,69.995,64.929,86.704,87.193,89.612,87.000,89.125,88.000,74.972,other,0,-1,20,5
6717,41,55.927,53.305,50.221,86.155,86.579,89.301,52.000,87.625,77.000,60.444,other,0,-1,21,5
6718,45,44.218,43.188,43.996,85.605,85.965,88.991,41.000,86.125,44.000,52.389,other,0,-1,22,5
6719,47,35.143,39.763,41.700,85.591,85.905,88.792,45.000,86.167,69.000,44.139,other,0,-1,23,5
6720,38,31.832,39.889,39.851,85.245,85.501,88.524,47.000,85.250,29.000,32.472,other,0,-1,0,6
6721,38,32.390,38.499,31.550,85.625,85.833,88.661,38.000,85.625,41.000,34.500,other,0,-1,1,6
6722,27,35.298,41.422,33.206,85.832,85.984,88.761,38.000,85.500,57.000,33.361,other,0,-1,2,6
6723,36,34.818,39.209,33.433,85.648,85.731,88.780,27.000,84.250,33.000,35.222,other,0,-1,3,6
6724,38,40.416,44.417,39.072,85.942,85.973,88.899,36.000,84.375,43.000,34.028,other,0,-1,4,6
6725,22,43.332,46.755,44.555,86.119,86.094,88.994,38.000,84.167,35.000,36.611,other,0,-1,5,6
6726,45,42.981,43.954,46.113,86.181,86.096,89.064,22.000,83.625,58.000,38.694,other,0,-1,6,6
6727,37,53.295,57.074,59.940,86.243,86.098,89.134,45.000,83.083,64.000,47.194,other,0,-1,7,6
6728,73,63.947,63.386,64.589,86.102,85.889,89.162,37.000,81.958,67.000,59.167,other,0,-1,8,6
6729,76,81.115,87.087,87.058,86.440,86.176,89.290,73.000,82.208,72.000,78.778,other,0,-1,9,6
6730,114,99.441,99.022,95.987,86.748,86.432,89.412,76.000,82.375,80.000,101.278,other,0,-1,10,6
6731,120,121.368,126.204,123.277,87.491,87.139,89.624,114.000,83.792,164.000,121.778,other,0,-1,11,6
6732,134,136.285,135.222,131.707,87.104,86.676,89.601,120.000,81.958,141.000,140.833,other,0,-1,12,6
6733,151,148.208,146.124,143.041,87.252,86.767,89.689,134.000,81.667,175.000,148.472,other,0,-1,13,6
6734,160,154.199,154.796,153.909,87.155,86.604,89.726,151.000,80.667,157.000,156.639,other,0,-1,14,6
6735,142,151.272,154.633,156.016,87.449,86.846,89.845,160.000,80.792,145.000,153.306,other,0,-1,15,6
6736,119,137.183,139.332,136.264,87.656,86.997,89.946,142.000,80.667,140.000,133.083,other,0,-1,16,6
6737,117,121.121,121.416,112.019,87.602,86.879,89.992,119.000,79.792,151.000,123.667,other,0,-1,17,6
6738,96,103.634,105.759,97.953,87.359,86.566,89.998,117.000,78.375,122.000,102.583,other,0,-1,18,6
6739,102,87.171,86.462,76.639,87.233,86.373,90.029,96.000,77.292,87.000,79.889,other,0,-1,19,6
6740,67,69.284,72.658,67.708,87.701,86.794,90.184,102.000,77.917,52.000,59.111,other,0,-1,20,6
6741,50,57.904,57.259,52.238,88.168,87.216,90.340,67.000,78.542,41.000,47.306,other,0,-1,21,6
6742,31,48.080,48.005,45.620,88.549,87.547,90.476,50.000,78.917,45.000,35.306,other,0,-1,22,6
6743,37,41.496,41.350,40.633,88.596,87.534,90.544,31.000,78.333,47.000,32.556,other,0,-1,23,6
6744,58,38.517,42.401,40.778,88.702,87.581,90.623,37.000,77.917,38.000,61.343,other,0,-1,0,0
6745,66,45.457,51.953,48.975,89.332,88.200,91.022,58.000,78.750,38.000,59.743,other,0,-1,1,0
6746,57,53.725,60.989,52.078,90.077,88.939,91.445,66.000,79.917,27.000,61.829,other,0,-1,2,0
6747,68,53.131,59.646,52.813,90.852,89.709,91.874,57.000,81.167,36.000,63.543,other,0,-1,3,0
6748,56,61.557,67.842,59.873,91.656,90.508,92.309,68.000,82.500,38.000,60.000,other,0,-1,4,0
6749,74,55.624,62.894,62.290,92.257,91.097,92.702,56.000,83.250,22.000,77.171,other,0,-1,5,0
6750,65,64.998,74.998,74.809,93.350,92.196,93.198,74.000,85.417,45.000,77.686,other,0,-1,6,0
6751,94,63.356,75.712,79.846,93.980,92.816,93.597,65.000,86.250,37.000,91.543,other,0,-1,7,0
6752,107,81.349,99.239,99.847,95.146,93.990,94.108,94.000,88.625,73.000,101.114,other,0,-1,8,0
6753,91,97.332,117.866,114.905,95.979,94.819,94.549,107.000,90.042,76.000,122.829,other,0,-1,9,0
6754,126,110.054,123.712,115.452,96.536,95.363,94.933,91.000,90.667,114.000,137.200,other,0,-1,10,0
6755,126,134.612,147.523,140.135,97.050,95.863,95.308,126.000,91.167,120.000,150.314,other,0,-1,11,0
6756,162,148.568,152.712,144.764,97.478,96.272,95.664,126.000,91.417,134.000,163.229,other,0,-1,12,0
6757,187,167.557,170.798,168.402,98.223,97.012,96.087,162.000,92.583,151.000,172.800,other,0,-1,13,0
6758,194,178.719,181.523,183.528,99.085,97.871,96.534,187.000,94.083,160.000,172.257,other,0,-1,14,0
6759,217,174.976,178.252,183.608,99.918,98.700,96.976,194.000,95.500,142.000,183.343,other,0,-1,15,0
6760,173,174.916,179.406,190.758,101.344,100.144,97.541,217.000,98.625,119.000,162.143,other,0,-1,16,0
6761,179,139.643,141.610,150.782,102.467,101.273,98.043,173.000,100.875,117.000,148.800,other,0,-1,17,0
6762,135,123.114,125.497,140.033,103.705,102.522,98.569,179.000,103.458,96.000,128.829,other,0,-1,18,0
6763,123,98.669,97.228,104.623,104.610,103.426,99.025,135.000,105.083,102.000,110.171,other,0,-1,19,0
6764,109,82.517,81.332,88.653,105.255,104.060,99.427,123.000,105.958,67.000,85.143,other,0,-1,20,0
6765,67,70.420,70.473,75.597,106.203,105.010,99.893,109.000,107.708,50.000,75.143,other,0,-1,21,0
6766,70,59.857,57.495,59.784,106.790,105.584,100.282,67.000,108.417,31.000,65.229,other,0,-1,22,0
6767,69,56.224,57.249,57.193,107.695,106.488,100.739,70.000,110.042,37.000,63.543,other,0,-1,23,0
6768,51,57.577,59.184,55.371,108.499,107.287,101.174,69.000,111.375,58.000,61.694,other,0,-1,0,1
6769,54,52.980,53.739,51.338,108.571,107.384,101.465,51.000,111.083,66.000,62.000,other,0,-1,1,1
6770,40,56.512,57.254,51.577,108.571,107.406,101.741,54.000,110.583,57.000,62.222,inside,-1,0,2,1
6771,39,54.887,54.248,50.453,108.499,107.354,102.002,40.000,109.875,68.000,61.389,inside,-1,1,3,1
6772,37,56.760,55.594,53.322,108.253,107.121,102.227,39.000,108.667,56.000,63.583,inside,-1,2,4,1
6773,48,58.775,57.239,57.659,108.152,107.038,102.482,37.000,107.875,74.000,65.139,after,-1,3,5,1
6774,58,64.862,64.417,66.548,107.949,106.850,102.715,48.000,106.792,65.000,66.417,after,-1,4,6,1
6775,79,73.862,74.501,77.408,108.021,106.947,103.006,58.000,106.500,94.000,77.639,after,-1,5,7,1
6776,113,88.678,91.691,93.854,107.978,106.924,103.273,79.000,105.875,107.000,91.833,after,-1,6,8,1
6777,115,111.505,116.036,118.278,108.239,107.216,103.604,113.000,106.125,91.000,109.944,after,-1,7,9,1
6778,91,129.003,133.656,130.849,108.761,107.777,103.989,115.000,107.125,126.000,131.361,after,-1,8,10,1
6779,174,143.303,146.019,129.418,108.427,107.455,104.195,91.000,105.667,126.000,148.500,after,-1,9,11,1
6780,146,176.059,173.882,179.176,109.297,108.376,104.653,174.000,107.667,162.000,174.389,after,-1,10,12,1
6781,185,171.739,168.830,166.929,109.239,108.338,104.917,146.000,107.000,187.000,191.778,after,-1,11,13,1
6782,127,183.721,182.118,187.503,109.384,108.510,105.223,185.000,106.917,194.000,190.222,after,-1,12,14,1
6783,142,165.798,158.689,148.821,108.587,107.708,105.333,127.000,104.125,217.000,183.056,after,-1,13,15,1
6784,140,158.223,153.703,146.848,107.675,106.785,105.418,142.000,101.000,173.000,168.806,after,-1,14,16,1
6785,162,144.862,140.621,134.143,107.371,106.492,105.631,140.000,99.625,179.000,158.750,after,-1,15,17,1
6786,117,128.345,130.513,132.753,107.298,106.439,105.891,162.000,98.917,135.000,131.639,after,-1,16,18,1
6787,106,110.579,104.961,103.572,107.212,106.371,106.149,117.000,98.167,123.000,103.944,after,-1,17,19,1
6788,95,93.631,89.029,92.060,107.139,106.318,106.410,106.000,97.458,109.000,92.389,after,-1,18,20,1
6789,63,79.461,77.011,81.399,107.110,106.310,106.680,95.000,96.875,67.000,77.389,after,-1,19,21,1
6790,61,70.186,65.406,65.707,107.226,106.452,106.980,63.000,96.708,70.000,64.944,after,-1,20,22,1
6791,52,62.669,62.066,58.839,107.270,106.519,107.266,61.000,96.333,69.000,62.889,after,-1,21,23,1
6792,59,59.214,59.835,51.821,107.198,106.466,107.526,52.000,95.625,51.000,59.639,after,-1,22,0,2
6793,65,59.092,62.589,56.552,107.190,106.519,107.602,59.000,95.958,54.000,64.167,after,-1,23,1,2
6794,57,62.373,66.036,56.488,107.226,106.616,107.686,65.000,96.417,40.000,56.194,after,-1,24,2,2
6795,52,62.653,64.281,55.305,107.349,106.803,107.789,57.000,97.125,39.000,60.528,after,-1,25,3,2
6796,76,63.693,63.445,56.278,107.414,106.930,107.879,52.000,97.667,37.000,62.444,after,-1,26,4,2
6797,49,73.314,72.627,65.184,107.856,107.447,108.048,76.000,99.292,48.000,62.833,other,0,-1,5,2
6798,71,71.667,66.886,64.613,107.747,107.394,108.102,49.000,99.333,58.000,70.472,other,0,-1,6,2
6799,74,82.563,77.321,77.439,107.812,107.521,108.193,71.000,99.875,79.000,78.639,other,0,-1,7,2
6800,88,96.064,87.907,87.724,107.616,107.378,108.228,74.000,99.667,113.000,89.639,other,0,-1,8,2
6801,117,113.712,105.140,103.271,107.131,106.936,108.204,88.000,98.625,115.000,104.833,other,0,-1,9,2
6802,429,133.438,126.054,126.310,107.037,106.898,108.261,117.000,98.708,91.000,127.694,inside,1,0,10,2
6803,468,374.873,301.037,290.518,111.810,111.897,109.335,429.000,112.792,174.000,145.361,inside,1,1,11,2
6804,630,390.074,320.674,319.085,115.945,116.237,110.275,468.000,125.042,146.000,159.222,inside,1,2,12,2
6805,625,411.683,356.717,382.353,122.833,123.424,111.790,630.000,145.208,185.000,182.222,inside,1,3,13,2
6806,607,412.014,357.254,383.541,129.084,129.953,113.172,625.000,163.542,127.000,185.000,inside,1,4,14,2
6807,619,408.617,354.009,377.744,135.914,137.080,114.676,607.000,183.542,142.000,172.750,inside,1,5,15,2
6808,172,404.645,353.080,377.142,142.701,144.163,116.170,619.000,203.417,140.000,158.694,after,1,6,16,2
6809,110,157.974,146.464,151.092,143.041,144.575,116.318,172.000,204.750,162.000,148.139,after,1,7,17,2
6810,115,156.550,110.346,113.679,142.164,143.728,116.211,110.000,202.583,117.000,124.722,after,1,8,18,2
6811,135,134.416,93.284,106.840,142.012,143.630,116.256,115.000,202.500,106.000,108.833,after,1,9,19,2
6812,89,109.316,83.991,105.599,142.309,143.997,116.395,135.000,203.708,95.000,89.361,after,1,10,20,2
6813,79,99.796,62.302,87.596,142.099,143.839,116.428,89.000,203.458,63.000,75.500,after,1,11,21,2
6814,60,86.259,53.279,81.328,142.207,144.011,116.528,79.000,204.125,61.000,67.139,after,1,12,22,2
6815,60,77.877,46.024,74.845,142.069,143.929,116.576,60.000,204.083,52.000,62.722,after,1,13,23,2
6816,59,71.667,44.445,72.242,142.062,143.981,116.651,60.000,204.417,59.000,61.389,after,1,14,0,3
6817,69,69.260,49.224,82.838,141.734,143.694,116.402,59.000,204.417,65.000,64.194,after,1,15,1,3
6818,49,70.320,54.340,82.662,141.464,143.468,116.166,69.000,204.583,57.000,65.056,after,1,16,2,3
6819,68,69.817,50.619,78.931,141.021,143.061,115.893,49.000,204.250,52.000,61.583,after,1,17,3,3
6820,81,74.283,59.522,81.267,140.925,143.015,115.693,68.000,204.917,76.000,61.250,after,1,18,4,3
6821,79,79.568,67.538,84.299,140.670,142.803,115.459,81.000,205.125,49.000,63.500,after,1,19,5,3
6822,76,84.439,70.833,86.552,140.777,142.967,115.301,79.000,206.375,71.000,67.778,after,1,20,6,3
6823,81,93.639,76.867,90.604,140.521,142.755,115.068,76.000,206.583,74.000,79.889,after,1,21,7,3
6824,89,107.618,90.060,99.368,140.295,142.574,114.840,81.000,206.875,88.000,92.417,after,1,22,8,3
6825,109,124.850,110.240,112.275,139.982,142.302,114.595,89.000,206.917,117.000,115.000,after,1,23,9,3
6826,116,141.117,136.915,132.221,139.538,141.896,114.322,109.000,206.583,429.000,126.583,after,1,24,10,3
6827,139,158.788,159.078,148.837,134.676,136.917,113.126,116.000,193.542,468.000,145.861,after,1,25,11,3
6828,139,170.714,173.344,169.428,129.583,131.699,111.882,139.000,179.833,630.000,168.111,after,1,26,12,3
6829,172,177.869,172.296,173.613,122.142,124.052,110.148,139.000,159.375,625.000,177.472,after,1,27,13,3
6830,176,181.526,178.721,184.144,115.252,116.975,108.529,172.000,140.500,607.000,176.694,after,1,28,14,3
6831,141,173.378,172.913,176.059,108.681,110.227,106.977,176.000,122.542,619.000,173.972,after,1,29,15,3
6832,168,152.442,151.380,146.870,101.429,102.775,105.282,141.000,102.625,172.000,162.111,other,0,-1,16,3
6833,115,139.568,149.097,147.935,101.044,102.429,105.021,168.000,102.458,110.000,150.028,other,0,-1,17,3
6834,152,122.051,119.886,114.248,100.788,102.217,104.788,115.000,102.667,115.000,132.389,other,0,-1,18,3
6835,113,100.844,118.896,118.118,100.997,102.485,104.651,152.000,104.208,135.000,108.528,other,0,-1,19,3
6836,86,84.950,92.389,93.473,100.350,101.869,104.336,113.000,103.292,89.000,100.083,other,0,-1,20,3
6837,71,71.744,74.303,76.882,99.979,101.538,104.078,86.000,103.167,79.000,85.306,other,0,-1,21,3
6838,70,60.105,62.520,66.325,99.536,101.131,103.805,71.000,102.833,60.000,74.778,other,0,-1,22,3
6839,59,51.067,57.539,60.814,99.353,100.995,103.587,70.000,103.250,60.000,70.444,other,0,-1,23,3
6840,51,46.480,51.902,54.424,99.011,100.693,103.335,59.000,103.208,59.000,60.917,other,0,-1,0,4
6841,40,44.316,52.424,49.127,98.609,100.284,102.950,51.000,102.875,69.000,56.972,other,0,-1,1,4
6842,54,43.841,49.809,46.190,97.904,99.560,102.501,40.000,101.667,49.000,51.583,other,0,-1,2,4
6843,56,49.053,55.998,49.139,97.691,99.346,102.155,54.000,101.875,68.000,54.556,other,0,-1,3,4
6844,35,52.112,57.545,51.507,97.232,98.876,101.757,56.000,101.375,81.000,57.139,other,0,-1,4,4
6845,60,50.914,51.595,50.637,96.280,97.897,101.257,35.000,99.458,79.000,54.694,other,0,-1,5,4
6846,76,59.417,61.672,61.885,95.720,97.323,100.839,60.000,98.667,76.000,65.167,other,0,-1,6,4
6847,80,68.936,71.535,74.616,95.434,97.034,100.477,76.000,98.667,81.000,74.667,other,0,-1,7,4
6848,69,80.565,81.882,86.605,95.134,96.729,100.113,80.000,98.625,89.000,86.667,other,0,-1,8,4
6849,84,98.043,95.688,94.802,94.559,96.140,99.692,69.000,97.792,109.000,109.861,other,0,-1,9,4
6850,105,116.637,119.208,113.587,93.912,95.476,99.255,84.000,96.750,116.000,125.222,other,0,-1,10,4
6851,113,134.536,141.462,134.781,93.467,95.022,98.860,105.000,96.292,139.000,147.361,other,0,-1,11,4
6852,160,148.917,152.431,147.519,92.805,94.343,98.421,113.000,95.208,139.000,161.111,other,0,-1,12,4
6853,176,165.324,170.838,173.957,92.824,94.368,98.123,160.000,96.083,172.000,174.694,other,0,-1,13,4
6854,143,171.997,174.750,180.843,92.597,94.139,97.774,176.000,96.250,176.000,178.167,other,0,-1,14,4
6855,139,160.776,154.021,158.347,91.833,93.355,97.313,143.000,94.875,141.000,172.583,other,0,-1,15,4
6856,148,148.243,143.648,146.196,91.519,93.035,96.946,139.000,94.792,168.000,165.472,other,0,-1,16,4
6857,158,130.412,134.399,137.300,90.944,92.446,96.524,148.000,93.958,115.000,138.861,other,0,-1,17,4
6858,129,109.355,124.226,127.962,91.282,92.801,96.293,158.000,95.750,152.000,121.333,other,0,-1,18,4
6859,82,88.755,100.480,103.109,90.663,92.167,95.863,129.000,94.792,113.000,101.944,other,0,-1,19,4
6860,89,75.337,75.914,77.693,89.929,91.413,95.408,82.000,93.500,86.000,84.222,other,0,-1,20,4
6861,54,57.780,66.474,72.002,89.687,91.169,95.056,89.000,93.625,71.000,70.889,other,0,-1,21,4
6862,65,48.989,50.416,57.890,89.155,90.624,94.643,54.000,92.917,70.000,63.889,other,0,-1,22,4
6863,51,39.056,48.670,55.666,88.798,90.260,94.267,65.000,92.708,59.000,57.111,other,0,-1,23,4
6864,48,34.753,42.915,49.534,88.396,89.851,93.881,51.000,92.375,51.000,38.722,other,0,-1,0,5
6865,43,34.777,44.563,33.002,88.325,89.731,93.671,48.000,92.250,40.000,42.139,other,0,-1,1,5
6866,42,36.089,44.650,32.739,88.340,89.702,93.478,43.000,92.375,54.000,43.389,other,0,-1,2,5
6867,46,38.704,45.824,34.206,88.138,89.447,93.240,42.000,91.875,56.000,43.528,other,0,-1,3,5
6868,52,42.810,48.550,38.049,87.965,89.223,93.008,46.000,91.458,35.000,42.111,other,0,-1,4,5
6869,51,47.426,52.084,44.182,88.183,89.404,92.858,52.000,92.167,60.000,43.028,other,0,-1,5,5
6870,47,49.835,53.657,50.237,88.025,89.194,92.629,51.000,91.792,76.000,55.167,other,0,-1,6,5
6871,54,55.193,57.124,56.680,87.577,88.685,92.340,47.000,90.583,80.000,63.917,other,0,-1,7,5
6872,61,67.199,68.177,68.038,87.172,88.221,92.059,54.000,89.500,69.000,81.722,other,0,-1,8,5
6873,118,83.665,82.928,80.711,87.028,88.027,91.833,61.000,89.167,84.000,98.167,other,0,-1,9,5
6874,123,105.809,121.235,120.136,87.492,88.462,91.735,118.000,90.583,105.000,102.556,other,0,-1,10,5
6875,134,123.566,135.075,133.026,87.725,88.657,91.587,123.000,91.333,113.000,122.722,other,0,-1,11,5
6876,144,140.202,147.600,147.125,88.001,88.898,91.449,134.000,92.208,160.000,141.028,other,0,-1,12,5
6877,160,151.688,154.787,157.249,87.741,88.583,91.199,144.000,91.542,176.000,161.333,other,0,-1,13,5
6878,180,158.163,160.903,166.849,87.481,88.269,90.949,160.000,90.875,143.000,179.778,other,0,-1,14,5
6879,157,158.463,165.224,174.187,87.989,88.749,90.859,180.000,92.417,139.000,180.472,other,0,-1,15,5
6880,149,140.606,144.617,149.344,88.222,88.945,90.712,157.000,93.167,148.000,165.833,other,0,-1,16,5
6881,127,121.278,129.090,130.158,88.208,88.885,90.513,149.000,93.208,158.000,148.556,other,0,-1,17,5
6882,125,101.105,107.993,103.558,87.731,88.346,90.218,127.000,91.917,129.000,114.861,other,0,-1,18,5
6883,91,81.525,91.869,88.246,87.645,88.212,90.004,125.000,91.750,82.000,90.528,other,0,-1,19,5
6884,69,66.716,70.995,66.414,87.747,88.272,89.830,91.000,92.125,89.000,74.972,other,0,-1,20,5
6885,54,53.890,55.933,54.194,87.430,87.898,89.568,69.000,91.292,54.000,60.444,other,0,-1,21,5
6886,38,43.356,45.670,46.803,87.401,87.824,89.366,54.000,91.292,65.000,52.389,other,0,-1,22,5
6887,37,36.214,38.374,40.984,86.982,87.344,89.083,38.000,90.167,51.000,44.139,other,0,-1,23,5
6888,30,31.981,37.013,38.698,86.751,87.060,88.839,37.000,89.583,48.000,32.472,other,0,-1,0,6
6889,36,31.728,35.633,30.541,86.741,86.987,88.894,30.000,88.833,43.000,34.500,other,0,-1,1,6
6890,33,35.572,40.406,33.144,86.890,87.079,88.982,36.000,88.542,42.000,33.361,other,0,-1,2,6
6891,33,37.564,41.419,35.056,87.010,87.140,89.065,33.000,88.167,46.000,35.222,other,0,-1,3,6
6892,29,40.090,43.033,38.661,87.072,87.142,89.135,33.000,87.625,52.000,34.028,other,0,-1,4,6
6893,38,41.189,43.131,42.415,86.989,86.994,89.175,29.000,86.667,51.000,36.611,other,0,-1,5,6
6894,36,46.827,49.329,50.773,87.051,86.995,89.245,38.000,86.125,47.000,38.694,other,0,-1,6,6
6895,42,52.597,54.162,57.031,87.141,87.027,89.322,36.000,85.667,54.000,47.194,other,0,-1,7,6
6896,62,64.502,65.096,66.468,87.218,87.044,89.395,42.000,85.167,61.000,59.167,other,0,-1,8,6
6897,100,80.935,82.960,82.160,87.483,87.255,89.508,62.000,85.208,118.000,78.778,other,0,-1,9,6
6898,92,101.976,110.616,108.549,87.472,87.182,89.563,100.000,84.458,123.000,101.278,other,0,-1,10,6
6899,95,118.285,114.866,110.701,87.273,86.914,89.579,92.000,83.167,134.000,121.778,other,0,-1,11,6
6900,166,132.934,123.468,116.827,86.959,86.526,89.570,95.000,81.542,144.000,140.833,other,0,-1,12,6
6901,146,157.771,164.252,165.363,87.528,87.052,89.747,166.000,82.458,160.000,148.472,other,0,-1,13,6
6902,151,153.443,152.263,150.717,87.575,87.039,89.814,146.000,81.875,180.000,156.639,other,0,-1,14,6
6903,123,149.542,150.780,149.975,87.405,86.801,89.836,151.000,80.667,157.000,153.306,other,0,-1,15,6
6904,126,136.223,134.191,124.707,87.163,86.488,89.843,123.000,79.250,149.000,133.083,other,0,-1,16,6
6905,131,121.020,123.043,115.716,87.080,86.339,89.883,126.000,78.292,127.000,123.667,other,0,-1,17,6
6906,88,102.649,108.474,104.237,87.388,86.596,90.005,131.000,78.458,125.000,102.583,other,0,-1,18,6
6907,51,87.987,85.806,73.739,87.103,86.238,90.002,88.000,76.917,91.000,79.889,other,0,-1,19,6
6908,65,75.903,68.100,54.584,86.774,85.835,89.991,51.000,75.250,69.000,59.111,other,0,-1,20,6
6909,47,57.950,56.854,51.821,86.966,85.971,90.088,65.000,75.083,54.000,47.306,other,0,-1,21,6
6910,39,48.062,47.298,44.952,87.115,86.063,90.177,47.000,74.792,38.000,35.306,other,0,-1,22,6
6911,30,41.072,42.639,41.885,87.379,86.275,90.290,39.000,74.833,37.000,32.556,other,0,-1,23,6
6912,68,37.587,40.222,39.605,87.528,86.366,90.378,30.000,74.542,30.000,61.343,other,0,-1,0,0
6913,55,49.369,56.216,51.635,88.419,87.256,90.831,68.000,76.125,36.000,59.743,other,0,-1,1,0
6914,68,48.352,54.941,50.041,89.034,87.860,91.227,55.000,76.917,33.000,61.829,other,0,-1,2,0
6915,66,59.105,65.311,56.012,89.882,88.704,91.672,68.000,78.375,33.000,63.543,other,0,-1,3,0
6916,68,60.310,66.377,59.944,90.700,89.518,92.110,66.000,79.750,29.000,60.000,other,0,-1,4,0
6917,61,61.910,69.138,66.393,91.605,90.423,92.566,68.000,81.375,38.000,77.171,other,0,-1,5,0
6918,74,58.497,68.032,71.232,92.278,91.087,92.974,61.000,82.333,36.000,77.686,other,0,-1,6,0
6919,69,66.547,79.931,83.598,93.169,91.976,93.428,74.000,83.917,42.000,91.543,other,0,-1,7,0
6920,73,73.188,87.675,90.144,93.900,92.700,93.848,69.000,85.042,62.000,101.114,other,0,-1,8,0
6921,132,89.185,103.186,99.891,94.400,93.185,94.219,73.000,85.500,100.000,122.829,other,0,-1,9,0
6922,153,122.000,142.252,136.367,95.204,93.984,94.654,132.000,86.833,92.000,137.200,other,0,-1,10,0
6923,162,145.900,161.675,155.518,96.428,95.218,95.177,153.000,89.375,95.000,150.314,other,0,-1,11,0
6924,190,160.670,169.988,165.972,97.738,96.542,95.719,162.000,92.167,166.000,163.229,other,0,-1,12,0
6925,144,181.412,186.818,186.200,98.426,97.221,96.130,190.000,93.167,146.000,172.800,other,0,-1,13,0
6926,175,165.521,160.982,155.781,98.737,97.511,96.462,144.000,93.083,151.000,172.257,other,0,-1,14,0
6927,184,167.785,168.400,170.938,99.425,98.190,96.873,175.000,94.083,123.000,183.343,other,0,-1,15,0
6928,140,158.710,161.553,168.976,100.649,99.424,97.396,184.000,96.625,126.000,162.143,other,0,-1,16,0
6929,143,137.090,132.694,132.616,101.192,99.954,97.777,140.000,97.208,131.000,148.800,other,0,-1,17,0
6930,142,118.657,116.975,122.785,101.706,100.453,98.151,143.000,97.708,88.000,128.829,other,0,-1,18,0
6931,116,100.195,100.040,109.467,102.829,101.582,98.653,142.000,99.958,51.000,110.171,other,0,-1,19,0
6932,89,83.743,82.057,88.133,104.110,102.876,99.188,116.000,102.667,65.000,85.143,other,0,-1,20,0
6933,58,71.170,68.597,72.306,104.798,103.556,99.599,89.000,103.667,47.000,75.143,other,0,-1,21,0
6934,82,62.204,58.038,59.752,105.298,104.040,99.971,58.000,104.125,39.000,65.229,other,0,-1,22,0
6935,66,60.129,63.077,61.914,106.261,105.004,100.439,82.000,105.917,30.000,63.543,other,0,-1,23,0
6936,51,57.655,60.017,56.945,107.123,105.863,100.887,66.000,107.417,68.000,61.694,other,0,-1,0,1
6937,61,53.655,55.341,53.482,107.050,105.810,101.147,51.000,106.708,55.000,62.000,other,0,-1,1,1
6938,65,59.178,61.535,55.147,107.311,106.102,101.478,61.000,106.958,68.000,62.222,other,0,-1,2,1
6939,65,63.950,65.313,57.394,107.442,106.259,101.781,65.000,106.833,66.000,61.389,other,0,-1,3,1
6940,70,65.866,66.774,60.674,107.601,106.446,102.091,65.000,106.792,68.000,63.583,other,0,-1,4,1
6941,65,68.775,70.283,66.968,107.804,106.678,102.409,70.000,106.875,61.000,65.139,other,0,-1,5,1
6942,61,68.525,71.100,72.584,108.036,106.940,102.733,65.000,107.042,74.000,66.417,other,0,-1,6,1
6943,81,73.958,76.462,79.722,108.021,106.947,103.006,61.000,106.500,69.000,77.639,other,0,-1,7,1
6944,73,88.336,93.268,95.768,108.369,107.329,103.355,81.000,107.000,73.000,91.833,other,0,-1,8,1
6945,109,105.122,109.150,103.243,108.543,107.531,103.667,73.000,107.000,132.000,109.944,other,0,-1,9,1
6946,138,126.704,132.953,128.407,108.384,107.388,103.910,109.000,106.042,153.000,131.361,other,0,-1,10,1
6947,163,149.594,153.556,151.998,108.341,107.365,104.177,138.000,105.417,162.000,148.500,other,0,-1,11,1
6948,171,169.516,170.123,172.487,108.529,107.582,104.492,163.000,105.458,190.000,174.389,other,0,-1,12,1
6949,212,177.870,177.264,180.221,108.428,107.499,104.747,171.000,104.667,144.000,191.778,other,0,-1,13,1
6950,187,196.582,195.904,202.919,109.587,108.720,105.265,212.000,107.500,175.000,190.222,other,0,-1,14,1
6951,175,176.674,177.838,181.960,109.934,109.102,105.614,187.000,108.000,184.000,183.056,other,0,-1,15,1
6952,139,163.004,163.149,164.982,109.978,109.169,105.899,175.000,107.625,140.000,168.806,other,0,-1,16,1
6953,163,146.360,139.137,134.245,110.137,109.356,106.208,139.000,107.583,143.000,158.750,other,0,-1,17,1
6954,136,129.478,129.347,133.771,110.601,109.857,106.581,163.000,108.417,142.000,131.639,other,0,-1,18,1
6955,94,110.438,106.327,111.311,110.688,109.969,106.875,136.000,108.167,116.000,103.944,other,0,-1,19,1
6956,92,96.002,85.558,88.454,110.543,109.841,107.121,94.000,107.250,89.000,92.389,other,0,-1,20,1
6957,84,80.479,74.440,80.746,110.761,110.088,107.443,92.000,107.375,58.000,77.389,other,0,-1,21,1
6958,69,70.057,67.405,71.720,111.311,110.680,107.834,84.000,108.458,82.000,64.944,other,0,-1,22,1
6959,53,63.673,62.097,61.310,111.297,110.687,108.107,69.000,107.917,66.000,62.889,other,0,-1,23,1
6960,51,59.896,58.195,52.884,111.283,110.694,108.380,53.000,107.375,51.000,59.639,other,0,-1,0,2
6961,58,58.707,58.719,55.894,111.159,110.626,108.431,51.000,107.375,61.000,64.167,other,0,-1,1,2
6962,58,61.157,62.212,55.962,110.993,110.513,108.473,58.000,107.250,65.000,56.194,other,0,-1,2,2
6963,86,63.518,63.452,56.199,110.768,110.341,108.503,58.000,106.958,65.000,60.528,other,0,-1,3,2
6964,56,76.840,75.517,63.869,110.949,110.588,108.617,86.000,107.833,70.000,62.444,other,0,-1,4,2
6965,44,68.096,64.998,61.182,110.623,110.310,108.626,56.000,107.250,65.000,62.833,other,0,-1,5,2
6966,75,72.272,65.198,63.799,110.195,109.927,108.613,44.000,106.375,61.000,70.472,other,0,-1,6,2
6967,67,83.898,77.785,78.667,110.275,110.069,108.707,75.000,106.958,81.000,78.639,other,0,-1,7,2
6968,101,97.202,86.940,85.802,109.949,109.792,108.716,67.000,106.375,73.000,89.639,other,0,-1,8,2
6969,67,115.260,106.197,108.169,110.231,110.144,108.851,101.000,107.542,109.000,104.833,other,0,-1,9,2
6970,156,134.715,128.521,107.730,109.499,109.446,108.775,67.000,105.792,138.000,127.694,other,0,-1,10,2
6971,142,156.465,148.917,155.587,109.637,109.648,108.881,156.000,106.542,163.000,145.361,other,0,-1,11,2
6972,139,163.822,161.580,158.259,109.209,109.266,108.868,142.000,105.667,171.000,159.222,other,0,-1,12,2
6973,164,168.331,167.685,161.114,108.622,108.718,108.823,139.000,104.333,212.000,182.222,other,0,-1,13,2
6974,198,171.243,174.018,171.854,107.804,107.931,108.728,164.000,102.333,187.000,185.000,other,0,-1,14,2
6975,209,174.110,183.131,182.861,107.840,108.028,108.813,198.000,102.792,175.000,172.750,other,0,-1,15,2
6976,197,167.601,181.516,178.416,108.209,108.470,108.967,209.000,104.208,139.000,158.694,other,0,-1,16,2
6977,135,150.602,164.756,159.609,108.926,109.272,109.193,197.000,106.625,163.000,148.139,other,0,-1,17,2
6978,121,129.278,127.294,118.228,108.397,108.784,109.160,135.000,105.458,136.000,124.722,other,0,-1,18,2
6979,116,111.945,108.786,102.375,108.056,108.491,109.165,121.000,104.833,94.000,108.833,other,0,-1,19,2
6980,87,94.122,93.990,91.407,108.252,108.753,109.283,116.000,105.750,92.000,89.361,other,0,-1,20,2
6981,86,80.936,76.551,73.708,108.056,108.611,109.319,87.000,105.542,84.000,75.500,other,0,-1,21,2
6982,88,68.584,69.158,66.001,107.962,108.573,109.376,86.000,105.625,69.000,67.139,other,0,-1,22,2
6983,65,62.043,67.065,60.042,108.114,108.790,109.485,88.000,106.417,53.000,62.722,other,0,-1,23,2
6984,45,57.391,59.164,49.935,108.164,108.902,109.572,65.000,106.917,51.000,61.389,other,0,-1,0,3
6985,55,54.443,55.810,55.279,107.750,108.526,109.305,45.000,106.667,58.000,64.194,other,0,-1,1,3
6986,56,56.223,59.859,55.835,107.378,108.194,109.047,55.000,106.542,58.000,65.056,other,0,-1,2,3
6987,62,58.580,61.318,56.200,107.022,107.878,108.793,56.000,106.458,86.000,61.583,other,0,-1,3,3
6988,50,62.558,64.318,59.125,106.346,107.232,108.471,62.000,105.458,56.000,61.250,other,0,-1,4,3
6989,57,63.379,61.509,60.140,105.932,106.855,108.205,50.000,105.208,44.000,63.500,other,0,-1,5,3
6990,61,70.057,66.070,67.047,105.793,106.764,107.995,57.000,105.750,75.000,67.778,other,0,-1,6,3
6991,66,80.006,72.504,75.450,105.262,106.267,107.704,61.000,105.167,67.000,79.889,other,0,-1,7,3
6992,78,94.670,83.895,86.411,104.920,105.966,107.453,66.000,105.125,101.000,92.417,other,0,-1,8,3
6993,113,112.368,102.162,101.645,104.259,105.335,107.134,78.000,104.167,67.000,115.000,other,0,-1,9,3
6994,158,131.067,126.072,126.788,104.598,105.738,107.025,113.000,106.083,156.000,126.583,other,0,-1,10,3
6995,170,153.563,152.906,156.855,104.299,105.481,106.782,158.000,106.167,142.000,145.861,other,0,-1,11,3
6996,171,167.316,170.341,171.325,104.377,105.615,106.618,170.000,107.333,139.000,168.111,other,0,-1,12,3
6997,173,172.833,177.023,176.713,104.513,105.808,106.467,171.000,108.667,164.000,177.472,other,0,-1,13,3
6998,190,173.191,176.969,177.227,104.315,105.656,106.245,173.000,109.042,198.000,176.694,other,0,-1,14,3
6999,189,171.294,178.878,179.621,103.872,105.250,105.972,190.000,108.708,209.000,173.972,other,0,-1,15,3
7000,144,159.384,169.710,169.879,103.254,104.664,105.663,189.000,107.875,197.000,162.111,other,0,-1,16,3
7001,133,139.579,140.532,137.820,102.159,103.583,105.254,144.000,105.667,135.000,150.028,other,0,-1,17,3
7002,151,122.298,123.564,121.766,101.802,103.267,104.999,133.000,105.583,121.000,132.389,other,0,-1,18,3
7003,149,101.736,117.628,117.994,101.909,103.430,104.842,151.000,106.833,116.000,108.528,other,0,-1,19,3
7004,106,83.636,108.775,106.692,102.060,103.638,104.693,149.000,108.208,87.000,100.083,other,0,-1,20,3
7005,75,70.635,80.398,83.331,102.007,103.636,104.502,106.000,109.000,86.000,85.306,other,0,-1,21,3
7006,72,61.015,63.259,68.182,101.520,103.185,104.220,75.000,108.542,88.000,74.778,other,0,-1,22,3
7007,58,52.179,57.860,62.205,100.961,102.659,103.923,72.000,107.875,65.000,70.444,other,0,-1,23,3
7008,40,47.551,51.408,55.281,100.532,102.267,103.653,58.000,107.583,45.000,60.917,other,0,-1,0,4
7009,57,44.454,48.723,48.368,100.174,101.903,103.277,40.000,107.375,55.000,56.972,other,0,-1,1,4
7010,57,47.984,55.937,50.388,99.917,101.644,102.921,57.000,107.458,56.000,51.583,other,0,-1,2,4
7011,52,50.461,57.179,50.735,99.647,101.369,102.563,57.000,107.500,62.000,54.556,other,0,-1,3,4
7012,59,51.494,56.003,51.581,99.216,100.930,102.172,52.000,107.083,50.000,57.139,other,0,-1,4,4
7013,74,55.910,59.474,56.673,99.061,100.776,101.838,59.000,107.458,57.000,54.694,other,0,-1,5,4
7014,50,63.319,66.868,66.271,99.022,100.741,101.528,74.000,108.167,61.000,65.167,other,0,-1,6,4
7015,69,67.887,64.451,67.607,98.578,100.287,101.134,50.000,107.708,66.000,74.667,other,0,-1,7,4
7016,79,81.257,79.284,83.352,98.336,100.042,100.782,69.000,107.833,78.000,86.667,other,0,-1,8,4
7017,111,98.524,97.880,99.128,98.065,99.768,100.424,79.000,107.875,113.000,109.861,other,0,-1,9,4
7018,115,117.707,126.038,125.757,97.751,99.449,100.057,111.000,107.792,158.000,125.222,other,0,-1,10,4
7019,118,135.960,144.653,140.101,96.843,98.515,99.565,115.000,106.000,170.000,147.361,other,0,-1,11,4
7020,197,150.216,154.327,150.748,95.804,97.446,99.047,118.000,103.833,171.000,161.111,other,0,-1,12,4
7021,189,179.207,191.726,193.815,95.895,97.546,98.764,197.000,104.917,173.000,174.694,other,0,-1,13,4
7022,193,176.795,182.476,188.706,95.842,97.497,98.452,189.000,105.583,190.000,178.167,other,0,-1,14,4
7023,162,172.417,177.050,184.541,95.600,97.252,98.100,193.000,105.708,189.000,172.583,other,0,-1,15,4
7024,149,152.024,151.824,158.029,94.923,96.558,97.657,162.000,104.583,144.000,165.472,other,0,-1,16,4
7025,170,131.826,134.587,138.648,94.711,96.344,97.311,149.000,104.792,133.000,138.861,other,0,-1,17,4
7026,112,111.442,129.041,133.919,94.961,96.609,97.062,170.000,106.333,151.000,121.333,other,0,-1,18,4
7027,107,91.532,95.192,97.447,94.111,95.735,96.583,112.000,104.708,149.000,101.944,other,0,-1,19,4
7028,91,73.093,80.672,85.691,93.217,94.816,96.094,107.000,102.958,106.000,84.222,other,0,-1,20,4
7029,67,58.635,66.071,73.193,92.715,94.302,95.688,91.000,102.333,75.000,70.889,other,0,-1,21,4
7030,72,48.389,52.395,61.560,92.313,93.892,95.302,67.000,102.000,72.000,63.889,other,0,-1,22,4
7031,70,40.050,50.035,58.074,92.028,93.603,94.941,72.000,102.000,58.000,57.111,other,0,-1,23,4
7032,48,37.274,48.594,54.233,91.917,93.493,94.617,70.000,102.500,40.000,38.722,other,0,-1,0,5
7033,35,35.678,43.522,34.299,92.004,93.539,94.439,48.000,102.833,57.000,42.139,other,0,-1,1,5
7034,43,34.978,40.655,32.524,91.657,93.135,94.171,35.000,101.917,57.000,43.389,other,0,-1,2,5
7035,37,39.847,45.305,35.425,91.427,92.850,93.927,43.000,101.333,52.000,43.528,other,0,-1,3,5
7036,41,40.623,44.162,37.005,91.181,92.551,93.680,37.000,100.708,59.000,42.111,other,0,-1,4,5
7037,40,44.479,46.967,42.085,90.892,92.207,93.424,41.000,99.958,74.000,43.028,other,0,-1,5,5
7038,37,48.134,49.128,47.588,90.372,91.623,93.119,40.000,98.542,50.000,55.167,other,0,-1,6,5
7039,68,55.517,53.822,53.924,90.155,91.353,92.878,37.000,98.000,69.000,63.917,other,0,-1,7,5
7040,69,69.092,72.471,73.829,90.113,91.264,92.673,68.000,97.958,79.000,81.722,other,0,-1,8,5
7041,85,84.672,85.315,84.638,89.940,91.040,92.441,69.000,97.542,111.000,98.167,other,0,-1,9,5
7042,98,103.349,105.242,102.793,89.535,90.576,92.161,85.000,96.458,115.000,102.556,other,0,-1,10,5
7043,131,121.950,122.749,119.410,89.261,90.246,91.908,98.000,95.750,118.000,122.722,other,0,-1,11,5
7044,128,140.527,145.988,146.525,89.421,90.367,91.746,131.000,96.292,197.000,141.028,other,0,-1,12,5
7045,180,149.319,147.092,148.548,88.393,89.258,91.335,128.000,93.417,189.000,161.333,other,0,-1,13,5
7046,117,164.671,172.171,181.220,88.235,89.049,91.106,180.000,93.042,193.000,179.778,other,0,-1,14,5
7047,147,147.671,139.592,136.633,87.106,87.835,90.675,117.000,89.875,162.000,180.472,other,0,-1,15,5
7048,177,138.314,141.056,143.377,86.860,87.536,90.428,147.000,89.250,149.000,165.833,other,0,-1,16,5
7049,169,123.937,140.149,145.251,87.238,87.881,90.311,177.000,90.417,170.000,148.556,other,0,-1,17,5
7050,93,101.613,121.325,122.790,87.195,87.791,90.106,169.000,90.375,112.000,114.861,other,0,-1,18,5
7051,95,83.133,86.232,76.259,86.892,87.432,89.847,93.000,89.583,107.000,90.528,other,0,-1,19,5
7052,75,65.068,71.997,66.484,86.690,87.178,89.609,95.000,89.083,91.000,74.972,other,0,-1,20,5
7053,58,52.085,57.336,54.218,86.430,86.864,89.359,75.000,88.417,67.000,60.444,other,0,-1,21,5
7054,42,41.972,46.894,46.027,86.271,86.654,89.130,58.000,88.042,72.000,52.389,other,0,-1,22,5
7055,46,35.011,39.754,39.968,85.809,86.130,88.838,42.000,86.792,70.000,44.139,other,0,-1,23,5
7056,27,31.637,40.214,38.374,85.433,85.696,88.563,46.000,85.792,48.000,32.472,other,0,-1,0,6
7057,27,30.222,35.462,28.618,85.379,85.578,88.609,27.000,84.917,35.000,34.500,other,0,-1,1,6
7058,31,32.197,37.772,30.076,85.513,85.654,88.695,27.000,84.583,43.000,33.361,other,0,-1,2,6
7059,34,36.069,41.301,33.362,85.590,85.671,88.768,31.000,84.083,37.000,35.222,other,0,-1,3,6
7060,32,39.654,44.070,37.798,85.797,85.823,88.869,34.000,83.958,41.000,34.028,other,0,-1,4,6
7061,32,41.248,44.814,42.302,85.917,85.884,88.951,32.000,83.583,40.000,36.611,other,0,-1,5,6
7062,38,44.565,47.626,48.374,86.051,85.961,89.037,32.000,83.250,37.000,38.694,other,0,-1,6,6
7063,39,51.955,55.165,57.226,86.316,86.173,89.149,38.000,83.292,68.000,47.194,other,0,-1,7,6
7064,63,63.460,64.428,65.081,86.146,85.934,89.171,39.000,82.083,69.000,59.167,other,0,-1,8,6
7065,61,79.931,83.438,82.449,86.309,86.041,89.263,63.000,81.833,85.000,78.778,other,0,-1,9,6
7066,104,98.305,93.304,88.836,86.212,85.878,89.300,61.000,80.833,98.000,101.278,other,0,-1,10,6
7067,112,118.792,120.849,117.594,86.549,86.164,89.428,104.000,81.083,131.000,121.778,other,0,-1,11,6
7068,168,134.135,131.200,127.093,86.524,86.076,89.480,112.000,80.292,128.000,140.833,other,0,-1,12,6
7069,121,158.570,165.496,167.021,87.354,86.872,89.710,168.000,81.958,180.000,148.472,other,0,-1,13,6
7070,161,148.327,142.437,134.363,86.749,86.184,89.642,121.000,79.500,117.000,156.639,other,0,-1,14,6
7071,156,151.289,154.827,157.030,87.637,87.041,89.884,161.000,81.333,147.000,153.306,other,0,-1,15,6
7072,128,138.368,143.684,145.304,88.018,87.372,90.021,156.000,81.708,177.000,133.083,other,0,-1,16,6
7073,107,120.520,122.855,116.707,87.558,86.834,89.983,128.000,79.667,169.000,123.667,other,0,-1,17,6
7074,90,104.172,103.737,93.443,86.910,86.101,89.905,107.000,77.083,93.000,102.583,other,0,-1,18,6
7075,79,87.501,85.313,74.381,87.117,86.253,90.005,90.000,76.958,95.000,79.889,other,0,-1,19,6
7076,61,71.243,69.203,61.303,87.136,86.210,90.066,79.000,76.292,75.000,59.111,other,0,-1,20,6
7077,46,58.229,55.849,50.910,87.183,86.196,90.134,61.000,75.708,58.000,47.306,other,0,-1,21,6
7078,36,48.005,46.630,44.711,87.260,86.213,90.207,46.000,75.208,42.000,35.306,other,0,-1,22,6
7079,33,40.971,41.537,41.304,87.423,86.320,90.299,36.000,74.958,46.000,32.556,other,0,-1,23,6
7080,65,37.693,40.507,39.998,87.485,86.321,90.369,33.000,74.417,27.000,61.343,other,0,-1,0,0
7081,50,47.861,54.277,50.711,88.376,87.211,90.822,65.000,76.000,27.000,59.743,other,0,-1,1,0
7082,46,46.063,52.061,48.758,89.049,87.875,91.230,50.000,76.958,31.000,61.829,other,0,-1,2,0
7083,66,47.757,53.253,50.423,89.606,88.419,91.614,46.000,77.583,34.000,63.543,other,0,-1,3,0
7084,69,60.139,65.794,59.500,90.410,89.219,92.049,66.000,78.917,32.000,60.000,other,0,-1,4,0
7085,63,62.343,69.162,66.212,91.286,90.093,92.500,69.000,80.458,32.000,77.171,other,0,-1,5,0
7086,54,59.258,68.545,71.435,92.076,90.877,92.932,63.000,81.750,38.000,77.686,other,0,-1,6,0
7087,85,60.290,70.555,76.228,92.648,91.436,93.319,54.000,82.417,39.000,91.543,other,0,-1,7,0
7088,83,77.432,94.173,96.142,93.654,92.446,93.796,85.000,84.333,63.000,101.114,other,0,-1,8,0
7089,123,90.395,106.558,103.930,94.284,93.065,94.195,83.000,85.167,61.000,122.829,other,0,-1,9,0
7090,119,117.881,137.261,131.411,95.522,94.314,94.721,123.000,87.750,104.000,137.200,other,0,-1,10,0
7091,129,132.777,144.097,136.137,96.080,94.858,95.105,119.000,88.375,112.000,150.314,other,0,-1,11,0
7092,192,149.361,153.623,146.284,96.666,95.433,95.495,129.000,89.083,168.000,163.229,other,0,-1,12,0
7093,197,183.308,188.198,187.655,97.354,96.112,95.906,192.000,90.083,121.000,172.800,other,0,-1,13,0
7094,146,183.940,186.969,190.048,98.795,97.571,96.474,197.000,93.250,161.000,172.257,other,0,-1,14,0
7095,182,162.630,156.629,152.771,98.918,97.666,96.767,146.000,92.625,156.000,183.343,other,0,-1,15,0
7096,173,157.980,160.474,167.535,99.635,98.375,97.184,182.000,93.708,128.000,162.143,other,0,-1,16,0
7097,143,139.553,141.722,150.911,100.627,99.369,97.659,173.000,95.583,107.000,148.800,other,0,-1,17,0
7098,106,118.061,116.239,121.960,101.489,100.228,98.106,143.000,97.083,90.000,128.829,other,0,-1,18,0
7099,97,100.703,93.895,94.759,102.061,100.788,98.493,106.000,97.750,79.000,110.171,other,0,-1,19,0
7100,87,83.800,78.259,82.220,102.662,101.377,98.886,97.000,98.500,61.000,85.143,other,0,-1,20,0
7101,71,70.256,66.828,71.844,103.379,102.086,99.303,87.000,99.583,46.000,75.143,other,0,-1,21,0
7102,55,60.886,58.832,62.787,104.081,102.781,99.717,71.000,100.625,36.000,65.229,other,0,-1,22,0
7103,61,54.927,53.690,56.045,104.696,103.385,100.113,55.000,101.417,33.000,63.543,other,0,-1,23,0
7104,70,55.536,56.626,55.639,105.442,104.124,100.536,61.000,102.583,65.000,61.694,other,0,-1,0,1
7105,67,58.504,60.952,57.169,105.689,104.401,100.863,70.000,102.792,50.000,62.000,other,0,-1,1,1
7106,62,61.326,62.776,56.297,106.109,104.858,101.227,67.000,103.500,46.000,62.222,other,0,-1,2,1
7107,50,62.531,62.907,56.852,106.514,105.300,101.588,62.000,104.167,66.000,61.389,other,0,-1,3,1
7108,50,59.919,59.794,57.510,106.457,105.262,101.852,50.000,103.500,69.000,63.583,other,0,-1,4,1
7109,78,61.618,61.736,62.295,106.355,105.179,102.106,50.000,102.708,63.000,65.139,other,0,-1,5,1
7110,77,73.098,75.233,76.178,106.747,105.606,102.464,78.000,103.333,54.000,66.417,other,0,-1,6,1
7111,81,77.088,80.590,84.645,107.254,106.152,102.846,77.000,104.292,85.000,77.639,other,0,-1,7,1
7112,90,88.443,92.844,95.842,107.370,106.294,103.146,81.000,104.125,83.000,91.833,other,0,-1,8,1
7113,113,105.870,111.375,109.774,107.645,106.601,103.480,90.000,104.417,123.000,109.944,other,0,-1,9,1
7114,117,127.470,133.589,130.158,107.674,106.653,103.762,113.000,104.000,119.000,131.361,other,0,-1,10,1
7115,141,145.217,149.388,141.374,107.819,106.825,104.068,117.000,103.917,129.000,148.500,other,0,-1,11,1
7116,134,162.534,163.727,160.326,108.167,107.207,104.417,141.000,104.417,192.000,174.389,other,0,-1,12,1
7117,128,168.265,166.123,159.478,107.501,106.539,104.554,134.000,102.000,197.000,191.778,other,0,-1,13,1
7118,193,168.375,164.303,154.675,106.675,105.707,104.657,128.000,99.125,146.000,190.222,other,0,-1,14,1
7119,211,178.994,181.345,185.193,107.530,106.613,105.112,193.000,101.083,182.000,183.056,other,0,-1,15,1
7120,155,175.240,180.761,185.562,108.124,107.250,105.512,211.000,102.292,173.000,168.806,other,0,-1,16,1
7121,141,145.500,144.506,142.134,108.037,107.182,105.770,155.000,101.542,143.000,158.750,other,0,-1,17,1
7122,164,127.622,125.258,123.703,108.182,107.354,106.076,141.000,101.458,106.000,131.639,other,0,-1,18,1
7123,124,111.027,115.015,122.461,109.196,108.425,106.564,164.000,103.875,97.000,103.944,other,0,-1,19,1
7124,102,92.099,91.525,96.883,109.761,109.032,106.958,124.000,105.000,87.000,92.389,other,0,-1,20,1
7125,66,78.569,77.612,81.653,110.152,109.459,107.315,102.000,105.625,71.000,77.389,other,0,-1,21,1
7126,65,68.997,64.971,64.373,110.254,109.585,107.613,66.000,105.417,55.000,64.944,other,0,-1,22,1
7127,64,62.254,62.052,57.981,110.573,109.937,107.955,65.000,105.833,61.000,62.889,other,0,-1,23,1
7128,75,60.597,62.426,52.985,110.790,110.184,108.277,64.000,105.958,70.000,59.639,other,0,-1,0,2
7129,50,62.655,67.609,57.435,110.739,110.191,108.343,75.000,106.167,67.000,64.167,other,0,-1,1,2
7130,72,58.899,60.198,51.509,110.370,109.869,108.343,50.000,105.458,62.000,56.194,other,0,-1,2,2
7131,63,68.044,69.388,56.197,110.391,109.951,108.424,72.000,105.875,50.000,60.528,other,0,-1,3,2
7132,68,67.129,66.725,56.724,110.456,110.078,108.514,63.000,106.417,50.000,62.444,other,0,-1,4,2
7133,81,71.113,69.370,61.884,110.594,110.280,108.620,68.000,107.167,78.000,62.833,other,0,-1,5,2
7134,56,78.591,75.487,71.070,110.514,110.257,108.680,81.000,107.292,77.000,70.472,other,0,-1,6,2
7135,72,82.272,74.397,72.675,110.086,109.875,108.667,56.000,106.417,81.000,78.639,other,0,-1,7,2
7136,97,96.998,87.594,86.701,109.833,109.672,108.691,72.000,106.042,90.000,89.639,other,0,-1,8,2
7137,118,115.559,105.749,106.517,109.811,109.709,108.764,97.000,106.333,113.000,104.833,other,0,-1,9,2
7138,133,135.487,126.199,127.218,109.760,109.716,108.830,118.000,106.542,117.000,127.694,other,0,-1,10,2
7139,116,152.907,146.076,145.487,109.868,109.888,108.929,133.000,107.208,141.000,145.361,other,0,-1,11,2
7140,161,161.402,159.110,146.803,109.383,109.446,108.905,116.000,106.167,134.000,159.222,other,0,-1,12,2
7141,183,172.945,171.844,171.950,109.651,109.783,109.037,161.000,107.292,128.000,182.222,other,0,-1,13,2
7142,154,176.925,180.275,182.013,110.324,110.539,109.255,183.000,109.583,193.000,185.000,other,0,-1,14,2
7143,182,164.909,167.222,161.067,109.636,109.887,109.188,154.000,107.958,211.000,172.750,other,0,-1,15,2
7144,165,160.231,168.797,164.509,109.093,109.384,109.151,182.000,106.750,155.000,158.694,other,0,-1,16,2
7145,120,145.255,150.972,143.921,109.114,109.466,109.233,165.000,107.167,141.000,148.139,other,0,-1,17,2
7146,135,129.807,124.854,112.371,108.687,109.084,109.220,120.000,106.292,164.000,124.722,other,0,-1,18,2
7147,107,110.600,113.332,108.748,108.143,108.581,109.183,135.000,105.083,124.000,108.833,other,0,-1,19,2
7148,73,94.947,92.848,89.606,107.774,108.259,109.183,107.000,104.375,102.000,89.361,other,0,-1,20,2
7149,86,82.940,75.227,71.155,107.230,107.756,109.146,73.000,103.167,66.000,75.500,other,0,-1,21,2
7150,46,68.531,70.235,67.940,107.397,107.988,109.258,86.000,104.000,65.000,67.139,other,0,-1,22,2
7151,70,62.481,57.104,52.001,106.998,107.636,109.252,46.000,103.208,64.000,62.722,other,0,-1,23,2
7152,58,57.896,61.596,52.553,106.962,107.658,109.321,70.000,103.458,75.000,61.389,other,0,-1,0,3
7153,60,55.535,60.382,59.478,106.388,107.116,109.021,58.000,102.750,50.000,64.194,other,0,-1,1,3
7154,70,57.209,62.176,58.495,106.205,106.980,108.802,60.000,103.167,72.000,65.056,other,0,-1,2,3
7155,68,62.529,67.119,60.534,105.848,106.664,108.548,70.000,103.083,63.000,61.583,other,0,-1,3,3
7156,57,64.336,66.953,61.800,105.593,106.452,108.314,68.000,103.292,68.000,61.250,other,0,-1,4,3
7157,76,64.344,63.846,62.752,105.106,106.001,108.032,57.000,102.833,81.000,63.500,other,0,-1,5,3
7158,85,72.816,71.750,72.496,104.706,105.639,107.768,76.000,102.625,56.000,67.778,other,0,-1,6,3
7159,99,81.780,78.246,82.613,104.798,105.788,107.608,85.000,103.833,72.000,79.889,other,0,-1,7,3
7160,87,95.295,89.602,96.802,104.862,105.906,107.441,99.000,104.958,97.000,92.417,other,0,-1,8,3
7161,91,111.276,102.442,104.324,104.389,105.470,107.162,87.000,104.542,118.000,115.000,other,0,-1,9,3
7162,139,129.976,124.844,117.928,103.671,104.778,106.831,91.000,103.417,133.000,126.583,other,0,-1,10,3
7163,137,148.676,148.606,147.734,103.430,104.582,106.601,139.000,103.667,116.000,145.861,other,0,-1,11,3
7164,186,160.139,162.030,155.926,103.406,104.610,106.416,137.000,104.542,161.000,168.111,other,0,-1,12,3
7165,194,176.022,181.345,181.258,103.441,104.699,106.243,186.000,105.583,183.000,177.472,other,0,-1,13,3
7166,168,177.703,184.875,184.785,103.272,104.577,106.027,194.000,106.042,154.000,176.694,other,0,-1,14,3
7167,157,165.955,169.092,168.160,103.148,104.501,105.821,168.000,106.625,182.000,173.972,other,0,-1,15,3
7168,182,154.247,156.431,154.157,102.458,103.839,105.497,157.000,105.583,165.000,162.111,other,0,-1,16,3
7169,152,141.464,155.401,154.786,102.376,103.808,105.300,182.000,106.292,120.000,150.028,other,0,-1,17,3
7170,122,121.300,130.101,129.627,102.512,104.001,105.148,152.000,107.625,135.000,132.389,other,0,-1,18,3
7171,111,103.693,106.746,106.582,101.996,103.520,104.860,122.000,107.083,107.000,108.528,other,0,-1,19,3
7172,92,86.101,91.087,93.054,101.726,103.293,104.623,111.000,107.250,73.000,100.083,other,0,-1,20,3
7173,65,71.827,75.405,78.958,101.674,103.292,104.432,92.000,108.042,86.000,85.306,other,0,-1,21,3
7174,70,61.729,60.433,65.338,101.042,102.690,104.120,65.000,107.167,46.000,74.778,other,0,-1,22,3
7175,75,51.782,56.992,61.363,101.062,102.764,103.944,70.000,108.167,70.000,70.444,other,0,-1,23,3
7176,53,48.221,56.649,58.365,100.807,102.552,103.710,75.000,108.375,58.000,60.917,other,0,-1,0,4
7177,63,45.162,52.556,50.170,100.449,102.188,103.334,53.000,108.167,60.000,56.972,other,0,-1,1,4
7178,47,49.446,57.873,51.083,100.207,101.944,102.982,63.000,108.292,70.000,51.583,other,0,-1,2,4
7179,74,47.730,52.886,48.438,99.589,101.309,102.551,47.000,107.333,68.000,54.556,other,0,-1,3,4
7180,37,59.404,64.851,55.893,99.390,101.110,102.208,74.000,107.583,57.000,57.139,other,0,-1,4,4
7181,49,51.745,51.959,51.616,98.815,100.521,101.787,37.000,106.750,76.000,54.694,other,0,-1,5,4
7182,63,58.462,58.193,59.586,98.139,99.827,101.344,49.000,105.625,85.000,65.167,other,0,-1,6,4
7183,57,67.928,67.520,71.058,97.535,99.207,100.916,63.000,104.708,99.000,74.667,other,0,-1,7,4
7184,81,81.479,76.669,79.160,96.641,98.288,100.428,57.000,102.958,87.000,86.667,other,0,-1,8,4
7185,90,98.118,98.198,99.714,96.269,97.909,100.049,81.000,102.708,91.000,109.861,other,0,-1,9,4
7186,111,117.319,120.774,116.585,95.969,97.605,99.684,90.000,102.667,139.000,125.222,other,0,-1,10,4
7187,130,135.546,143.505,138.181,95.278,96.896,99.239,111.000,101.500,137.000,147.361,other,0,-1,11,4
7188,150,151.488,158.331,156.153,94.891,96.501,98.856,130.000,101.208,186.000,161.111,other,0,-1,12,4
7189,163,163.615,166.825,169.872,94.084,95.672,98.386,150.000,99.708,194.000,174.694,other,0,-1,13,4
7190,178,168.992,168.609,174.813,93.350,94.918,97.931,163.000,98.417,168.000,178.167,other,0,-1,14,4
7191,151,167.738,168.664,176.154,93.210,94.779,97.600,178.000,98.833,157.000,172.583,other,0,-1,15,4
7192,130,149.809,147.563,152.400,92.837,94.399,97.221,151.000,98.583,182.000,165.472,other,0,-1,16,4
7193,161,130.033,129.048,129.562,91.799,93.330,96.703,130.000,96.417,152.000,138.861,other,0,-1,17,4
7194,124,109.770,125.306,129.388,91.644,93.176,96.369,161.000,96.792,122.000,121.333,other,0,-1,18,4
7195,115,89.400,98.778,101.367,91.387,92.917,96.014,124.000,96.875,111.000,101.944,other,0,-1,19,4
7196,70,71.329,83.793,87.747,91.160,92.687,95.665,115.000,97.042,92.000,84.222,other,0,-1,20,4
7197,68,60.604,61.808,67.269,90.556,92.068,95.237,70.000,96.125,65.000,70.889,other,0,-1,21,4
7198,64,47.561,53.474,61.025,90.314,91.824,94.885,68.000,96.250,70.000,63.889,other,0,-1,22,4
7199,58,39.364,48.274,55.602,89.942,91.444,94.506,64.000,96.000,75.000,57.111,other,0,-1,23,4
7200,40,35.397,45.021,50.991,89.410,90.900,94.093,58.000,95.292,53.000,38.722,other,0,-1,0,5
7201,38,33.559,41.511,31.916,89.194,90.631,93.852,40.000,94.750,63.000,42.139,other,0,-1,1,5
7202,33,35.112,42.558,32.022,88.804,90.182,93.575,38.000,93.708,47.000,43.389,other,0,-1,2,5
7203,39,36.380,42.194,32.629,88.573,89.897,93.331,33.000,93.125,74.000,43.528,other,0,-1,3,5
7204,40,40.644,45.553,36.561,88.038,89.298,93.023,39.000,91.667,37.000,42.111,other,0,-1,4,5
7205,44,43.587,47.133,41.151,88.053,89.269,92.831,40.000,91.792,49.000,43.028,other,0,-1,5,5
7206,40,48.280,50.936,48.157,87.952,89.119,92.614,44.000,91.583,63.000,55.167,other,0,-1,6,5
7207,49,54.900,54.953,54.397,87.591,88.700,92.343,40.000,90.625,57.000,63.917,other,0,-1,7,5
7208,86,67.500,66.711,66.173,87.447,88.506,92.117,49.000,90.292,81.000,81.722,other,0,-1,8,5
7209,83,84.500,91.919,92.159,87.492,88.506,91.930,86.000,90.500,90.000,98.167,other,0,-1,9,5
7210,108,102.468,104.559,101.391,87.362,88.327,91.707,83.000,90.208,111.000,102.556,other,0,-1,10,5
7211,140,121.727,127.335,124.596,87.290,88.208,91.497,108.000,90.083,130.000,122.722,other,0,-1,11,5
7212,167,141.395,150.839,151.540,87.407,88.283,91.325,140.000,90.500,150.000,141.028,other,0,-1,12,5
7213,145,158.009,167.842,172.996,87.625,88.463,91.175,167.000,91.208,163.000,161.333,other,0,-1,13,5
7214,167,155.560,153.592,158.073,87.337,88.119,90.919,145.000,90.458,178.000,179.778,other,0,-1,14,5
7215,151,155.040,158.309,166.156,87.149,87.880,90.684,167.000,90.000,151.000,180.472,other,0,-1,15,5
7216,120,139.711,142.205,145.821,87.121,87.805,90.482,151.000,90.000,130.000,165.833,other,0,-1,16,5
7217,155,120.760,121.050,115.498,86.948,87.581,90.250,120.000,89.583,161.000,148.556,other,0,-1,17,5
7218,104,100.903,115.841,116.163,86.833,87.417,90.030,155.000,89.333,124.000,114.861,other,0,-1,18,5
7219,92,83.452,87.559,80.614,86.515,87.042,89.768,104.000,88.500,115.000,90.528,other,0,-1,19,5
7220,52,66.755,71.099,66.690,86.154,86.623,89.497,92.000,87.542,70.000,74.972,other,0,-1,20,5
7221,49,56.611,53.715,50.655,85.865,86.279,89.241,52.000,86.792,68.000,60.444,other,0,-1,21,5
7222,47,43.918,44.822,45.938,85.562,85.920,88.982,49.000,86.000,64.000,52.389,other,0,-1,22,5
7223,48,35.758,40.493,42.570,85.287,85.590,88.729,47.000,85.292,58.000,44.139,other,0,-1,23,5
7224,31,32.546,40.426,40.594,85.114,85.366,88.497,48.000,84.875,40.000,32.472,other,0,-1,0,6
7225,20,31.610,36.272,30.833,85.234,85.428,88.579,31.000,84.500,38.000,34.500,other,0,-1,1,6
7226,28,31.309,34.919,30.217,85.224,85.355,88.634,20.000,83.750,33.000,33.361,other,0,-1,2,6
7227,31,35.686,39.703,34.074,85.402,85.476,88.729,28.000,83.542,39.000,35.222,other,0,-1,3,6
7228,37,39.124,42.455,38.272,85.536,85.553,88.814,31.000,83.208,40.000,34.028,other,0,-1,4,6
7229,38,43.402,46.460,44.598,85.743,85.704,88.915,37.000,83.083,44.000,36.611,other,0,-1,5,6
7230,47,46.577,49.508,50.910,85.906,85.811,89.006,38.000,82.833,40.000,38.694,other,0,-1,6,6
7231,29,54.066,58.088,60.827,86.258,86.113,89.137,47.000,83.125,49.000,47.194,other,0,-1,7,6
7232,55,64.706,61.766,61.914,86.218,86.009,89.186,29.000,82.292,86.000,59.167,other,0,-1,8,6
7233,72,80.682,80.339,79.101,86.020,85.741,89.202,55.000,81.000,83.000,78.778,other,0,-1,9,6
7234,109,99.464,97.325,93.953,86.111,85.773,89.279,72.000,80.542,108.000,101.278,other,0,-1,10,6
7235,115,120.250,123.344,120.209,86.375,85.984,89.391,109.000,80.583,140.000,121.778,other,0,-1,11,6
7236,97,135.483,132.531,128.505,86.263,85.806,89.425,115.000,79.542,167.000,140.833,other,0,-1,12,6
7237,133,142.272,130.983,119.748,85.500,84.953,89.323,97.000,76.625,145.000,148.472,other,0,-1,13,6
7238,110,150.021,147.152,141.672,85.576,84.970,89.396,133.000,76.125,167.000,156.639,other,0,-1,14,6
7239,146,143.705,138.331,123.532,85.001,84.312,89.334,110.000,73.750,151.000,153.306,other,0,-1,15,6
7240,132,135.964,141.605,138.511,85.178,84.434,89.428,146.000,73.542,120.000,133.083,other,0,-1,16,6
7241,106,119.075,125.300,118.751,85.603,84.810,89.574,132.000,74.042,155.000,123.667,other,0,-1,17,6
7242,105,102.634,105.371,92.794,85.143,84.272,89.536,106.000,72.000,104.000,102.583,other,0,-1,18,6
7243,72,84.573,88.853,79.161,85.408,84.484,89.648,105.000,72.042,92.000,79.889,other,0,-1,19,6
7244,78,71.180,70.527,58.903,85.368,84.381,89.697,72.000,71.208,52.000,59.111,other,0,-1,20,6
7245,32,55.980,60.011,53.849,85.995,84.967,89.886,78.000,72.292,49.000,47.306,other,0,-1,21,6
7246,30,48.935,46.781,41.430,85.999,84.909,89.944,32.000,71.583,47.000,35.306,other,0,-1,22,6
7247,43,40.792,42.153,39.241,86.003,84.851,90.002,30.000,70.875,48.000,32.556,other,0,-1,23,6
7248,67,38.568,45.040,40.596,86.181,84.972,90.097,43.000,70.667,31.000,61.343,other,0,-1,0,0
7249,60,48.456,57.117,50.331,87.043,85.831,90.544,67.000,72.167,20.000,59.743,other,0,-1,1,0
7250,70,50.188,58.831,50.325,87.962,86.751,91.003,60.000,73.833,28.000,61.829,other,0,-1,2,0
7251,52,59.984,67.853,55.775,88.911,87.700,91.469,70.000,75.583,31.000,63.543,other,0,-1,3,0
7252,51,52.364,60.098,55.563,89.555,88.334,91.871,52.000,76.458,37.000,60.000,other,0,-1,4,0
7253,69,52.833,61.314,60.815,90.098,88.864,92.252,51.000,77.042,38.000,77.171,other,0,-1,5,0
7254,68,61.764,73.082,73.174,90.888,89.648,92.684,69.000,78.333,47.000,77.686,other,0,-1,6,0
7255,86,63.668,77.873,80.913,91.532,90.282,93.086,68.000,79.208,29.000,91.543,other,0,-1,7,0
7256,102,77.369,95.961,96.568,92.698,91.456,93.597,86.000,81.583,55.000,101.114,other,0,-1,8,0
7257,105,94.815,116.107,112.582,93.719,92.480,94.077,102.000,83.542,72.000,122.829,other,0,-1,9,0
7258,134,111.694,129.923,122.221,94.537,93.295,94.515,105.000,84.917,109.000,137.200,other,0,-1,10,0
7259,163,136.769,151.932,144.494,95.240,93.989,94.929,134.000,85.958,115.000,150.314,other,0,-1,11,0
7260,176,161.367,171.181,166.674,96.275,95.028,95.413,163.000,87.958,97.000,163.229,other,0,-1,12,0
7261,172,173.464,178.423,177.151,97.760,96.532,95.990,176.000,91.250,133.000,172.800,other,0,-1,13,0
7262,182,172.130,173.329,173.513,98.665,97.436,96.447,172.000,92.875,110.000,172.257,other,0,-1,14,0
7263,185,170.149,171.591,175.594,100.048,98.835,97.003,182.000,95.875,146.000,183.343,other,0,-1,15,0
7264,195,159.106,161.874,169.584,100.953,99.739,97.459,185.000,97.500,132.000,162.143,other,0,-1,16,0
7265,117,146.195,150.563,164.387,102.206,101.003,97.988,195.000,100.125,106.000,148.800,other,0,-1,17,0
7266,124,119.087,112.059,110.017,102.706,101.488,98.360,117.000,100.583,105.000,128.829,other,0,-1,18,0
7267,84,99.786,96.115,101.721,103.321,102.092,98.756,124.000,101.375,72.000,110.171,other,0,-1,19,0
7268,81,85.455,77.240,78.583,103.835,102.591,99.131,84.000,101.875,78.000,85.143,other,0,-1,20,0
7269,77,70.919,65.890,70.443,104.219,102.956,99.478,81.000,102.000,32.000,75.143,other,0,-1,21,0
7270,74,61.556,59.851,64.402,105.211,103.950,99.953,77.000,103.875,30.000,65.229,other,0,-1,22,0
7271,65,57.948,58.557,60.723,106.188,104.929,100.424,74.000,105.708,43.000,63.543,other,0,-1,23,0
7272,52,57.046,57.630,57.109,106.847,105.579,100.829,65.000,106.625,67.000,61.694,other,0,-1,0,1
7273,71,53.699,53.975,53.893,106.804,105.556,101.096,52.000,106.000,60.000,62.000,other,0,-1,1,1
7274,62,63.342,63.973,57.491,107.137,105.922,101.442,71.000,106.458,70.000,62.222,other,0,-1,2,1
7275,48,62.760,62.414,57.069,107.195,106.004,101.730,62.000,106.125,52.000,61.389,other,0,-1,3,1
7276,53,59.543,58.707,57.378,107.311,106.146,102.030,48.000,105.958,51.000,63.583,other,0,-1,4,1
7277,71,62.770,62.510,63.323,107.514,106.378,102.348,53.000,106.042,69.000,65.139,other,0,-1,5,1
7278,49,70.633,72.260,74.546,107.717,106.610,102.667,71.000,106.125,68.000,66.417,other,0,-1,6,1
7279,78,73.196,72.890,76.597,107.616,106.527,102.922,49.000,105.333,86.000,77.639,other,0,-1,7,1
7280,92,88.149,91.875,94.909,107.674,106.609,103.210,78.000,105.000,102.000,91.833,other,0,-1,8,1
7281,103,106.217,111.449,110.602,107.703,106.661,103.492,92.000,104.583,105.000,109.944,other,0,-1,9,1
7282,154,126.215,131.736,125.704,107.848,106.833,103.798,103.000,104.500,134.000,131.361,other,0,-1,10,1
7283,144,155.269,157.832,160.182,108.312,107.335,104.171,154.000,105.333,163.000,148.500,other,0,-1,11,1
7284,159,163.452,164.380,161.991,108.210,107.252,104.426,144.000,104.542,176.000,174.389,other,0,-1,12,1
7285,188,173.966,172.943,173.274,108.138,107.199,104.687,159.000,103.833,172.000,191.778,other,0,-1,13,1
7286,171,183.506,183.628,188.487,108.544,107.641,105.047,188.000,104.500,182.000,190.222,other,0,-1,14,1
7287,163,172.278,171.446,172.562,108.558,107.678,105.327,171.000,104.042,185.000,183.056,other,0,-1,15,1
7288,163,160.871,159.289,158.263,108.414,107.550,105.572,163.000,103.125,195.000,168.806,other,0,-1,16,1
7289,126,146.490,146.060,146.441,108.124,107.272,105.788,163.000,101.792,117.000,158.750,other,0,-1,17,1
7290,118,129.226,121.745,117.442,108.428,107.609,106.127,126.000,102.167,124.000,131.639,other,0,-1,18,1
7291,107,111.134,104.136,105.052,108.515,107.721,106.422,118.000,101.917,84.000,103.944,other,0,-1,19,1
7292,102,94.046,88.115,93.164,109.022,108.267,106.803,107.000,102.875,81.000,92.389,other,0,-1,20,1
7293,85,79.615,77.245,84.317,109.501,108.784,107.179,102.000,103.750,77.000,77.389,other,0,-1,21,1
7294,72,69.784,68.503,72.407,109.790,109.106,107.516,85.000,104.083,74.000,64.944,other,0,-1,22,1
7295,66,63.676,63.725,62.661,109.935,109.278,107.822,72.000,104.000,65.000,62.889,other,0,-1,23,1
7296,59,61.623,62.924,56.456,110.124,109.495,108.138,66.000,104.042,52.000,59.639,other,0,-1,0,2
7297,43,59.456,61.752,57.629,110.102,109.532,108.210,59.000,104.333,71.000,64.167,other,0,-1,1,2
7298,27,58.193,57.902,53.392,109.573,109.044,108.176,43.000,103.167,62.000,56.194,inside,-1,0,2,2
7299,25,58.030,54.656,50.814,108.943,108.452,108.121,27.000,101.708,48.000,60.528,inside,-1,1,3,2
7300,24,60.369,55.518,52.061,108.486,108.039,108.103,25.000,100.750,53.000,62.444,inside,-1,2,4,2
7301,64,64.655,57.639,54.928,107.943,107.537,108.066,24.000,99.542,71.000,62.833,after,-1,3,5,2
7302,67,73.643,70.025,68.307,107.718,107.364,108.096,64.000,99.250,49.000,70.472,after,-1,4,6,2
7303,68,82.554,76.190,76.475,107.856,107.566,108.202,67.000,100.000,78.000,78.639,after,-1,5,7,2
7304,77,96.628,87.093,85.959,107.587,107.348,108.222,68.000,99.583,92.000,89.639,after,-1,6,8,2
7305,103,114.512,104.872,99.581,107.247,107.056,108.228,77.000,98.958,103.000,104.833,after,-1,7,9,2
7306,147,133.032,126.019,120.945,107.123,106.988,108.279,103.000,98.958,154.000,127.694,after,-1,8,10,2
7307,128,153.804,147.454,151.359,106.899,106.815,108.309,147.000,98.667,144.000,145.361,after,-1,9,11,2
7308,187,161.784,160.089,151.766,106.544,106.507,108.312,128.000,98.000,159.000,159.222,after,-1,10,12,2
7309,184,178.655,179.368,184.635,106.826,106.859,108.448,187.000,99.167,188.000,182.222,after,-1,11,13,2
7310,140,175.368,180.700,182.116,106.645,106.732,108.486,184.000,99.000,171.000,185.000,after,-1,12,14,2
7311,207,162.912,163.362,153.895,106.072,106.199,108.444,140.000,97.708,163.000,172.750,after,-1,13,15,2
7312,157,165.856,180.314,177.280,106.587,106.791,108.628,207.000,99.542,163.000,158.694,after,-1,14,16,2
7313,138,144.809,147.625,139.863,106.376,106.633,108.661,157.000,99.292,126.000,148.139,after,-1,15,17,2
7314,105,129.173,127.862,119.615,106.427,106.745,108.748,138.000,99.792,118.000,124.722,after,-1,16,18,2
7315,110,114.100,105.783,96.808,106.115,106.483,108.760,105.000,99.250,107.000,108.833,after,-1,17,19,2
7316,96,95.044,92.591,90.249,106.035,106.460,108.820,110.000,99.375,102.000,89.361,after,-1,18,20,2
7317,72,80.382,78.792,77.851,105.825,106.302,108.853,96.000,99.125,85.000,75.500,after,-1,19,21,2
7318,76,70.019,66.172,63.909,105.514,106.039,108.865,72.000,98.583,72.000,67.139,after,-1,20,22,2
7319,68,61.501,63.579,58.804,105.448,106.032,108.928,76.000,98.750,66.000,62.722,after,-1,21,23,2
7320,60,57.812,60.516,52.138,105.354,105.994,108.985,68.000,98.833,59.000,61.389,after,-1,22,0,3
7321,64,55.898,60.768,60.215,105.041,105.722,108.739,60.000,98.875,43.000,64.194,after,-1,23,1,3
7322,57,58.048,63.425,59.610,105.017,105.751,108.554,64.000,99.750,27.000,65.056,after,-1,24,2,3
7323,59,58.719,61.958,58.303,105.124,105.914,108.396,57.000,101.000,25.000,61.583,after,-1,25,3,3
7324,50,61.653,63.482,60.269,105.289,106.137,108.251,59.000,102.417,24.000,61.250,after,-1,26,4,3
7325,64,63.312,61.697,61.606,105.338,106.241,108.081,50.000,103.500,64.000,63.500,other,0,-1,5,3
7326,63,70.600,68.028,69.789,105.010,105.954,107.832,64.000,103.500,67.000,67.778,other,0,-1,6,3
7327,74,79.696,72.911,76.661,104.625,105.608,107.571,63.000,103.333,68.000,79.889,other,0,-1,7,3
7328,86,93.896,84.850,89.030,104.384,105.411,107.341,74.000,103.583,77.000,92.417,other,0,-1,8,3
7329,117,111.411,102.545,104.092,104.187,105.260,107.119,86.000,103.958,103.000,115.000,other,0,-1,9,3
7330,128,130.201,126.240,127.580,104.062,105.183,106.913,117.000,104.542,147.000,126.583,other,0,-1,10,3
7331,139,147.454,147.836,143.745,103.459,104.612,106.607,128.000,103.750,128.000,145.861,other,0,-1,11,3
7332,119,160.444,162.847,157.212,103.290,104.490,106.392,139.000,104.208,187.000,168.111,other,0,-1,12,3
7333,185,164.399,162.438,153.680,101.978,103.185,105.937,119.000,101.375,184.000,177.472,other,0,-1,13,3
7334,150,175.690,180.548,180.855,101.664,102.913,105.692,185.000,101.417,140.000,176.694,other,0,-1,14,3
7335,203,163.260,162.647,160.260,101.482,102.777,105.473,150.000,101.833,207.000,173.972,other,0,-1,15,3
7336,142,162.679,176.503,175.701,101.096,102.430,105.212,203.000,101.667,157.000,162.111,other,0,-1,16,3
7337,153,138.478,140.044,136.558,100.551,101.919,104.918,142.000,101.042,138.000,150.028,other,0,-1,17,3
7338,107,120.627,130.537,129.687,100.441,101.857,104.715,153.000,101.667,105.000,132.389,other,0,-1,18,3
7339,103,104.126,103.260,100.540,100.142,101.601,104.472,107.000,101.750,110.000,108.528,other,0,-1,19,3
7340,87,86.097,89.027,89.714,99.713,101.210,104.203,103.000,101.458,96.000,100.083,other,0,-1,20,3
7341,80,71.520,74.184,76.648,99.255,100.788,103.927,87.000,101.083,72.000,85.306,other,0,-1,21,3
7342,72,59.148,64.731,67.994,99.043,100.622,103.702,80.000,101.417,76.000,74.778,other,0,-1,22,3
7343,61,51.038,57.665,60.598,98.657,100.275,103.442,72.000,101.250,68.000,70.444,other,0,-1,23,3
7344,69,46.569,51.926,54.133,98.228,99.884,103.172,61.000,100.958,60.000,60.917,other,0,-1,0,4
7345,46,47.835,58.594,51.879,98.073,99.729,102.838,69.000,101.333,64.000,56.972,other,0,-1,1,4
7346,47,44.862,51.243,46.707,97.527,99.170,102.422,46.000,100.583,57.000,51.583,other,0,-1,2,4
7347,74,47.205,52.770,47.317,97.097,98.731,102.031,47.000,100.167,59.000,54.556,other,0,-1,3,4
7348,54,58.761,64.783,54.974,97.029,98.666,101.715,74.000,100.792,50.000,57.139,other,0,-1,4,4
7349,65,54.110,57.300,54.551,96.802,98.437,101.366,54.000,100.958,64.000,54.694,other,0,-1,5,4
7350,89,60.519,63.235,63.135,96.531,98.163,101.008,65.000,101.000,63.000,65.167,other,0,-1,6,4
7351,70,72.204,76.330,78.804,96.622,98.263,100.726,89.000,102.083,74.000,74.667,other,0,-1,7,4
7352,85,80.455,79.355,83.274,96.279,97.914,100.352,70.000,101.917,86.000,86.667,other,0,-1,8,4
7353,80,97.535,98.910,100.962,95.979,97.609,99.988,85.000,101.875,117.000,109.861,other,0,-1,9,4
7354,129,116.839,118.505,111.979,95.158,96.765,99.515,80.000,100.333,128.000,125.222,other,0,-1,10,4
7355,119,136.676,148.335,145.584,94.887,96.491,99.157,129.000,100.375,139.000,147.361,other,0,-1,11,4
7356,174,149.653,154.171,150.020,94.312,95.902,98.735,119.000,99.542,119.000,161.111,other,0,-1,12,4
7357,158,169.306,177.905,180.722,94.823,96.437,98.541,174.000,101.833,185.000,174.694,other,0,-1,13,4
7358,172,167.892,166.361,171.592,94.147,95.743,98.098,158.000,100.708,150.000,178.167,other,0,-1,14,4
7359,147,166.348,165.811,172.637,94.180,95.783,97.803,172.000,101.625,203.000,172.583,other,0,-1,15,4
7360,177,149.519,146.313,149.772,93.084,94.654,97.273,147.000,99.292,142.000,165.472,other,0,-1,16,4
7361,157,134.007,145.927,151.323,93.305,94.889,97.017,177.000,100.750,153.000,138.861,other,0,-1,17,4
7362,144,109.811,123.868,127.819,93.078,94.660,96.668,157.000,100.917,107.000,121.333,other,0,-1,18,4
7363,92,88.588,105.740,109.063,93.329,94.925,96.419,144.000,102.458,103.000,101.944,other,0,-1,19,4
7364,79,74.167,77.853,80.664,92.884,94.471,96.025,92.000,102.000,87.000,84.222,other,0,-1,20,4
7365,69,59.441,63.903,69.374,92.483,94.062,95.639,79.000,101.667,80.000,70.889,other,0,-1,21,4
7366,69,47.641,53.815,60.990,92.038,93.607,95.245,69.000,101.208,72.000,63.889,other,0,-1,22,4
7367,44,39.540,49.868,56.278,91.709,93.273,94.875,69.000,101.083,61.000,57.111,other,0,-1,23,4
7368,43,35.151,40.831,48.004,91.178,92.729,94.462,44.000,100.375,69.000,38.722,other,0,-1,0,5
7369,27,34.251,42.476,31.789,90.773,92.265,94.182,43.000,99.292,46.000,42.139,other,0,-1,1,5
7370,43,33.033,38.691,29.537,90.470,91.905,93.923,27.000,98.500,47.000,43.389,other,0,-1,2,5
7371,42,39.520,45.948,33.924,90.384,91.771,93.709,43.000,98.333,74.000,43.528,other,0,-1,3,5
7372,37,41.863,46.669,36.699,89.892,91.217,93.411,42.000,97.000,54.000,42.111,other,0,-1,4,5
7373,49,43.033,46.038,40.016,89.618,90.888,93.157,37.000,96.292,65.000,43.028,other,0,-1,5,5
7374,36,49.741,52.721,49.238,89.358,90.573,92.907,49.000,95.625,89.000,55.167,other,0,-1,6,5
7375,51,54.931,53.911,52.953,88.562,89.704,92.545,36.000,93.417,70.000,63.917,other,0,-1,7,5
7376,60,67.658,67.223,66.845,88.258,89.345,92.286,51.000,92.625,85.000,81.722,other,0,-1,8,5
7377,93,84.092,82.499,80.460,87.868,88.896,92.009,60.000,91.583,80.000,98.167,other,0,-1,9,5
7378,103,102.952,108.653,106.886,88.028,89.016,91.847,93.000,92.125,129.000,102.556,other,0,-1,10,5
7379,103,121.352,124.958,122.236,87.624,88.552,91.566,103.000,91.042,119.000,122.722,other,0,-1,11,5
7380,140,136.044,132.877,129.665,87.364,88.238,91.316,103.000,90.375,174.000,141.028,other,0,-1,12,5
7381,150,150.526,152.609,156.075,86.843,87.654,91.012,140.000,88.958,158.000,161.333,other,0,-1,13,5
7382,171,155.719,155.812,161.801,86.699,87.460,90.786,150.000,88.625,172.000,179.778,other,0,-1,14,5
7383,165,155.583,160.284,169.186,86.657,87.370,90.581,171.000,88.583,147.000,180.472,other,0,-1,15,5
7384,169,140.865,147.749,154.379,86.889,87.566,90.434,165.000,89.333,177.000,165.833,other,0,-1,16,5
7385,148,122.392,136.286,140.861,86.745,87.371,90.208,169.000,89.000,157.000,148.556,other,0,-1,17,5
7386,108,99.408,113.355,112.408,86.587,87.162,89.979,148.000,88.625,144.000,114.861,other,0,-1,18,5
7387,102,80.997,87.914,81.059,86.037,86.548,89.668,108.000,87.125,92.000,90.528,other,0,-1,19,5
7388,71,63.781,72.527,68.092,86.154,86.623,89.497,102.000,87.542,79.000,74.972,other,0,-1,20,5
7389,64,51.748,55.754,52.952,86.010,86.429,89.271,71.000,87.208,69.000,60.444,other,0,-1,21,5
7390,45,40.950,47.247,46.823,85.909,86.280,89.054,64.000,87.000,69.000,52.389,other,0,-1,22,5
7391,29,34.339,39.514,40.216,85.534,85.845,88.780,45.000,86.000,44.000,44.139,other,0,-1,23,5
7392,43,30.254,34.655,35.555,85.288,85.546,88.533,29.000,85.375,43.000,32.472,other,0,-1,0,6
7393,34,33.368,40.012,31.616,85.538,85.743,88.643,43.000,85.375,27.000,34.500,other,0,-1,1,6
7394,21,33.798,39.517,31.707,85.890,86.044,88.773,34.000,85.667,43.000,33.361,other,0,-1,2,6
7395,15,32.873,36.707,31.637,85.822,85.911,88.817,21.000,84.750,42.000,35.222,other,0,-1,3,6
7396,34,33.879,36.222,33.786,85.681,85.703,88.845,15.000,83.625,37.000,34.028,other,0,-1,4,6
7397,33,41.641,44.844,42.894,85.888,85.854,88.945,34.000,83.500,49.000,36.611,other,0,-1,5,6
7398,33,44.521,47.272,48.681,85.906,85.811,89.006,33.000,82.833,36.000,38.694,other,0,-1,6,6
7399,45,51.068,52.972,55.602,86.113,85.963,89.107,33.000,82.708,51.000,47.194,other,0,-1,7,6
7400,69,63.323,65.758,67.270,86.276,86.069,89.198,45.000,82.458,60.000,59.167,other,0,-1,8,6
7401,77,80.188,85.532,85.136,86.657,86.401,89.335,69.000,82.833,93.000,78.778,other,0,-1,9,6
7402,98,98.471,99.511,96.583,86.675,86.358,89.397,77.000,82.167,103.000,101.278,other,0,-1,10,6
7403,101,117.948,117.761,114.263,86.853,86.479,89.491,98.000,81.958,103.000,121.778,other,0,-1,11,6
7404,123,132.969,126.012,120.636,87.075,86.646,89.595,101.000,81.875,140.000,140.833,other,0,-1,12,6
7405,151,145.443,141.018,136.444,87.079,86.587,89.653,123.000,81.167,150.000,148.472,other,0,-1,13,6
7406,137,153.946,154.673,154.499,87.343,86.799,89.766,151.000,81.208,171.000,156.639,other,0,-1,14,6
7407,144,146.595,145.711,140.935,87.101,86.486,89.772,137.000,79.792,165.000,153.306,other,0,-1,15,6
7408,133,136.217,140.247,137.545,87.047,86.368,89.818,144.000,78.917,169.000,133.083,other,0,-1,16,6
7409,118,119.789,124.842,119.385,86.776,86.025,89.819,133.000,77.417,148.000,123.667,other,0,-1,17,6
7410,97,102.282,106.313,98.039,86.592,85.771,89.838,118.000,76.167,108.000,102.583,other,0,-1,18,6
7411,77,85.658,86.945,76.377,86.683,85.803,89.914,97.000,75.708,102.000,79.889,other,0,-1,19,6
7412,64,70.627,69.878,60.342,86.571,85.625,89.949,77.000,74.667,71.000,59.111,other,0,-1,20,6
7413,47,57.146,56.970,50.993,86.720,85.717,90.037,64.000,74.375,64.000,47.306,other,0,-1,21,6
7414,28,47.309,47.488,44.246,86.724,85.658,90.095,47.000,73.667,45.000,35.306,other,0,-1,22,6
7415,24,40.683,40.726,39.235,86.728,85.600,90.153,28.000,72.958,29.000,32.556,other,0,-1,23,6
7416,52,36.721,38.942,37.761,86.905,85.722,90.248,24.000,72.750,43.000,61.343,other,0,-1,0,0
7417,61,42.901,49.093,46.748,87.376,86.176,90.614,52.000,73.125,34.000,59.743,other,0,-1,1,0
7418,73,50.857,57.971,49.981,88.107,86.900,91.034,61.000,74.250,21.000,61.829,other,0,-1,2,0
7419,73,62.002,68.291,55.949,89.201,88.000,91.529,73.000,76.417,15.000,63.543,other,0,-1,3,0
7420,58,64.584,70.587,60.692,90.381,89.189,92.043,73.000,78.833,34.000,60.000,other,0,-1,4,0
7421,64,56.310,63.848,62.394,91.069,89.868,92.454,58.000,79.833,33.000,77.171,other,0,-1,5,0
7422,88,59.614,69.627,71.205,91.858,90.652,92.886,64.000,81.125,33.000,77.686,other,0,-1,6,0
7423,80,73.559,87.595,88.017,92.995,91.796,93.391,88.000,83.417,45.000,91.543,other,0,-1,7,0
7424,84,75.676,92.609,93.887,93.842,92.640,93.836,80.000,84.875,69.000,101.114,other,0,-1,8,0
7425,105,90.273,107.643,104.234,94.400,93.185,94.219,84.000,85.500,77.000,122.829,other,0,-1,9,0
7426,131,112.007,129.338,122.111,95.146,93.924,94.642,105.000,86.667,98.000,137.200,other,0,-1,10,0
7427,159,135.983,150.040,142.761,95.964,94.738,95.081,131.000,88.042,101.000,150.314,other,0,-1,11,0
7428,184,159.490,168.569,164.190,97.144,95.927,95.594,159.000,90.458,123.000,163.229,other,0,-1,12,0
7429,182,178.035,183.073,182.364,98.368,97.161,96.117,184.000,93.000,151.000,172.800,other,0,-1,13,0
7430,186,176.226,178.398,180.029,99.158,97.946,96.550,182.000,94.292,137.000,172.257,other,0,-1,14,0
7431,173,171.638,173.508,178.180,100.208,99.000,97.036,186.000,96.333,144.000,183.343,other,0,-1,15,0
7432,113,156.170,156.596,161.907,100.968,99.754,97.462,173.000,97.542,133.000,162.143,other,0,-1,16,0
7433,130,138.297,127.288,118.574,101.018,99.774,97.740,113.000,96.708,118.000,148.800,other,0,-1,17,0
7434,141,119.004,114.172,116.399,101.532,100.273,98.115,130.000,97.208,97.000,128.829,other,0,-1,18,0
7435,127,100.020,99.400,109.044,102.510,101.252,98.587,141.000,99.042,77.000,110.171,other,0,-1,19,0
7436,72,83.832,83.476,92.055,103.574,102.322,99.076,127.000,101.125,64.000,85.143,other,0,-1,20,0
7437,74,71.905,65.456,68.478,104.030,102.761,99.439,72.000,101.458,47.000,75.143,other,0,-1,21,0
7438,85,61.450,60.154,63.825,104.762,103.485,99.859,74.000,102.583,28.000,65.229,other,0,-1,22,0
7439,60,60.494,63.726,63.551,105.928,104.659,100.370,85.000,104.958,24.000,63.543,other,0,-1,23,0
7440,56,55.538,57.430,56.709,106.789,105.519,100.817,60.000,106.458,52.000,61.694,other,0,-1,0,1
7441,68,54.514,56.675,55.764,107.021,105.780,101.141,56.000,106.625,61.000,62.000,other,0,-1,1,1
7442,71,61.975,64.302,57.837,107.297,106.087,101.475,68.000,106.917,73.000,62.222,other,0,-1,2,1
7443,54,66.987,67.895,59.852,107.442,106.259,101.781,71.000,106.833,73.000,61.389,other,0,-1,3,1
7444,60,61.500,62.080,59.316,107.340,106.176,102.036,54.000,106.042,58.000,63.583,other,0,-1,4,1
7445,56,64.980,66.031,65.474,107.543,106.408,102.354,60.000,106.125,64.000,65.139,other,0,-1,5,1
7446,55,66.323,67.780,70.965,107.601,106.490,102.643,56.000,105.792,88.000,66.417,other,0,-1,6,1
7447,74,73.331,74.549,78.513,107.297,106.197,102.855,55.000,104.417,80.000,77.639,other,0,-1,7,1
7448,91,87.463,91.204,93.679,107.384,106.309,103.149,74.000,104.167,84.000,91.833,other,0,-1,8,1
7449,147,105.786,111.448,110.314,107.660,106.616,103.483,91.000,104.458,105.000,109.944,other,0,-1,9,1
7450,130,138.500,142.482,146.420,108.442,107.448,103.922,147.000,106.208,131.000,131.361,other,0,-1,10,1
7451,97,147.208,151.795,147.941,108.601,107.634,104.231,130.000,106.167,159.000,148.500,other,0,-1,11,1
7452,147,156.678,155.914,138.086,107.877,106.907,104.356,97.000,103.583,184.000,174.389,other,0,-1,12,1
7453,209,170.542,169.531,166.677,107.515,106.554,104.557,147.000,102.042,182.000,191.778,other,0,-1,13,1
7454,209,194.886,194.382,200.979,108.080,107.161,104.951,209.000,103.167,186.000,190.222,other,0,-1,14,1
7455,184,186.169,189.129,194.847,108.587,107.708,105.333,209.000,104.125,173.000,183.056,other,0,-1,15,1
7456,123,164.772,167.182,170.020,108.921,108.074,105.678,184.000,104.583,113.000,168.806,other,0,-1,16,1
7457,156,145.744,136.779,126.636,109.239,108.426,106.021,123.000,105.000,130.000,158.750,other,0,-1,17,1
7458,100,128.656,127.869,130.416,109.790,109.018,106.412,156.000,106.083,141.000,131.639,other,0,-1,18,1
7459,80,112.342,101.760,98.078,109.370,108.605,106.600,100.000,104.375,127.000,103.944,other,0,-1,19,1
7460,91,96.491,84.671,84.908,108.863,108.102,106.770,80.000,102.417,72.000,92.389,other,0,-1,20,1
7461,100,79.543,74.090,81.448,109.312,108.589,107.140,91.000,103.208,74.000,77.389,other,0,-1,21,1
7462,76,70.481,71.172,77.218,109.863,109.181,107.531,100.000,104.292,85.000,64.944,other,0,-1,22,1
7463,56,63.730,63.409,64.144,109.906,109.248,107.816,76.000,103.917,60.000,62.889,other,0,-1,23,1
7464,53,59.672,58.277,54.849,110.022,109.390,108.116,56.000,103.750,56.000,59.639,other,0,-1,0,2
7465,59,58.516,58.666,56.523,109.856,109.277,108.158,53.000,103.625,68.000,64.167,other,0,-1,1,2
7466,56,61.157,61.929,56.448,109.602,109.074,108.182,59.000,103.250,71.000,56.194,other,0,-1,2,2
7467,51,62.780,62.165,56.145,109.261,108.782,108.188,56.000,102.625,54.000,60.528,other,0,-1,3,2
7468,74,63.911,61.609,57.037,109.095,108.669,108.230,51.000,102.500,60.000,62.444,other,0,-1,4,2
7469,53,73.029,70.693,65.438,109.174,108.811,108.323,74.000,103.083,56.000,62.833,other,0,-1,5,2
7470,53,72.652,66.848,66.150,109.007,108.698,108.365,53.000,102.958,55.000,70.472,other,0,-1,6,2
7471,87,82.510,73.533,73.182,108.855,108.600,108.410,53.000,102.875,74.000,78.639,other,0,-1,7,2
7472,81,97.792,89.497,92.035,108.920,108.727,108.501,87.000,103.417,91.000,89.639,other,0,-1,8,2
7473,93,114.812,104.939,101.133,108.652,108.510,108.522,81.000,103.000,147.000,104.833,other,0,-1,9,2
7474,119,133.364,126.244,117.073,107.746,107.632,108.409,93.000,100.750,130.000,127.694,other,0,-1,10,2
7475,143,150.373,145.811,138.827,107.464,107.400,108.427,119.000,100.292,97.000,145.361,other,0,-1,11,2
7476,164,163.716,161.561,158.312,108.007,108.021,108.617,143.000,102.208,147.000,159.222,other,0,-1,12,2
7477,189,171.958,172.915,172.722,108.130,108.209,108.720,164.000,102.917,209.000,182.222,other,0,-1,13,2
7478,202,176.979,182.477,184.195,107.717,107.841,108.710,189.000,102.083,209.000,185.000,other,0,-1,14,2
7479,173,174.559,185.016,184.711,107.492,107.668,108.740,202.000,101.792,184.000,172.750,other,0,-1,15,2
7480,189,158.240,165.030,159.657,107.209,107.436,108.758,173.000,101.333,123.000,158.694,other,0,-1,16,2
7481,149,148.116,160.529,155.571,108.042,108.357,109.009,189.000,104.083,156.000,148.139,other,0,-1,17,2
7482,105,128.984,130.911,124.604,107.818,108.184,109.039,149.000,103.792,100.000,124.722,other,0,-1,18,2
7483,126,114.010,105.468,96.765,107.767,108.192,109.105,105.000,104.000,80.000,108.833,other,0,-1,19,2
7484,121,93.551,96.759,95.541,108.310,108.813,109.295,126.000,105.917,91.000,89.361,other,0,-1,20,2
7485,58,78.939,86.547,85.271,108.621,109.195,109.437,121.000,107.167,100.000,75.500,other,0,-1,21,2
7486,81,71.321,63.152,59.542,107.889,108.498,109.361,58.000,105.417,76.000,67.139,other,0,-1,22,2
7487,62,61.593,64.747,59.040,107.838,108.505,109.427,81.000,105.625,56.000,62.722,other,0,-1,23,2
7488,76,57.216,58.348,50.077,107.802,108.527,109.496,62.000,105.875,53.000,61.389,other,0,-1,0,3
7489,54,58.838,66.576,62.292,107.808,108.586,109.317,76.000,106.833,59.000,64.194,other,0,-1,1,3
7490,80,56.105,59.672,56.708,107.407,108.224,109.053,54.000,106.625,56.000,65.056,other,0,-1,2,3
7491,60,66.396,71.157,61.932,107.427,108.298,108.877,80.000,107.625,51.000,61.583,other,0,-1,3,3
7492,61,62.163,63.736,59.630,107.230,108.146,108.656,60.000,108.000,74.000,61.250,other,0,-1,4,3
7493,67,65.402,64.961,63.207,106.714,107.665,108.368,61.000,107.458,53.000,63.500,other,0,-1,5,3
7494,55,71.467,68.847,69.976,106.589,107.588,108.162,67.000,108.042,53.000,67.778,other,0,-1,6,3
7495,85,80.125,71.468,74.306,106.291,107.332,107.919,55.000,108.125,87.000,79.889,other,0,-1,7,3
7496,110,94.623,86.705,92.342,105.934,107.015,107.664,85.000,108.042,81.000,92.417,other,0,-1,8,3
7497,104,112.800,105.651,112.638,106.026,107.164,107.504,110.000,109.250,93.000,115.000,other,0,-1,9,3
7498,153,130.637,125.515,123.312,105.858,107.042,107.288,104.000,109.708,119.000,126.583,other,0,-1,10,3
7499,159,151.755,151.765,154.375,106.023,107.265,107.142,153.000,111.125,143.000,145.861,other,0,-1,11,3
7500,179,164.190,167.273,166.115,105.927,107.219,106.942,159.000,111.792,164.000,168.111,other,0,-1,12,3
7501,190,174.540,179.540,179.529,105.816,107.157,106.739,179.000,112.417,189.000,177.472,other,0,-1,13,3
7502,188,177.176,183.732,184.199,105.503,106.886,106.493,190.000,112.458,202.000,176.694,other,0,-1,14,3
7503,193,170.438,177.731,178.034,104.973,106.389,106.202,188.000,111.875,173.000,173.972,other,0,-1,15,3
7504,137,160.373,171.709,171.753,104.935,106.403,106.014,193.000,112.708,189.000,162.111,other,0,-1,16,3
7505,144,139.779,138.722,134.944,103.854,105.337,105.608,137.000,110.542,149.000,150.028,other,0,-1,17,3
7506,139,121.887,127.163,126.504,103.454,104.975,105.344,144.000,110.333,105.000,132.389,other,0,-1,18,3
7507,82,102.611,112.531,113.456,103.619,105.199,105.199,139.000,111.750,126.000,108.528,other,0,-1,19,3
7508,90,91.045,84.187,84.450,102.654,104.253,104.817,82.000,109.917,121.000,100.083,other,0,-1,20,3
7509,74,72.704,74.577,79.251,101.877,103.502,104.474,90.000,108.625,58.000,85.306,other,0,-1,21,3
7510,70,61.208,62.602,68.602,101.781,103.455,104.274,74.000,109.292,81.000,74.778,other,0,-1,22,3
7511,57,52.349,56.665,62.484,101.294,103.004,103.992,70.000,108.833,62.000,70.444,other,0,-1,23,3
7512,85,47.651,50.455,55.818,100.894,102.642,103.728,57.000,108.625,76.000,60.917,other,0,-1,0,4
7513,55,53.656,65.322,57.509,100.739,102.488,103.394,85.000,109.000,54.000,56.972,other,0,-1,1,4
7514,49,47.719,54.247,50.752,100.468,102.213,103.036,55.000,109.042,80.000,51.583,other,0,-1,2,4
7515,42,48.618,53.234,49.889,99.734,101.459,102.581,49.000,107.750,60.000,54.556,other,0,-1,3,4
7516,59,49.545,51.789,50.205,99.187,100.900,102.166,42.000,107.000,61.000,57.139,other,0,-1,4,4
7517,72,56.149,58.956,57.193,98.873,100.581,101.799,59.000,106.917,67.000,54.694,other,0,-1,5,4
7518,73,62.946,65.740,66.145,98.660,100.366,101.453,72.000,107.125,55.000,65.167,other,0,-1,6,4
7519,50,69.320,70.542,74.585,98.636,100.347,101.146,73.000,107.875,85.000,74.667,other,0,-1,7,4
7520,63,82.592,75.627,77.243,97.843,99.533,100.679,50.000,106.417,110.000,86.667,other,0,-1,8,4
7521,110,99.772,95.015,93.001,96.877,98.539,100.176,63.000,104.458,104.000,109.861,other,0,-1,9,4
7522,112,117.550,125.823,125.021,96.679,98.339,99.833,110.000,104.708,153.000,125.222,other,0,-1,10,4
7523,145,135.795,143.915,138.359,95.800,97.435,99.348,112.000,103.000,159.000,147.361,other,0,-1,11,4
7524,154,153.649,164.014,162.958,95.311,96.936,98.944,145.000,102.417,179.000,161.111,other,0,-1,12,4
7525,166,164.464,168.715,171.522,94.664,96.272,98.507,154.000,101.375,190.000,174.694,other,0,-1,13,4
7526,202,169.786,170.179,176.120,94.031,95.623,98.074,166.000,100.375,188.000,178.167,other,0,-1,14,4
7527,205,175.176,182.176,188.486,93.948,95.543,97.755,202.000,100.958,193.000,172.583,other,0,-1,15,4
7528,167,161.998,173.463,179.716,93.837,95.434,97.430,205.000,101.458,137.000,165.472,other,0,-1,16,4
7529,138,133.168,141.269,147.156,93.986,95.594,97.160,167.000,102.708,144.000,138.861,other,0,-1,17,4
7530,72,109.971,116.713,119.790,93.614,95.215,96.780,138.000,102.458,139.000,121.333,other,0,-1,18,4
7531,87,95.400,88.634,84.080,92.358,93.921,96.216,72.000,99.667,82.000,101.944,other,0,-1,19,4
7532,80,75.039,75.742,79.275,92.145,93.707,95.870,87.000,99.875,90.000,84.222,other,0,-1,20,4
7533,63,59.421,62.791,69.748,91.715,93.267,95.479,80.000,99.458,74.000,70.889,other,0,-1,21,4
7534,63,48.349,50.825,59.895,91.270,92.813,95.085,63.000,99.000,70.000,63.889,other,0,-1,22,4
7535,77,39.725,46.271,55.345,90.884,92.419,94.702,63.000,98.708,57.000,57.111,other,0,-1,23,4
7536,40,38.158,50.244,54.666,90.888,92.429,94.402,77.000,99.542,85.000,38.722,other,0,-1,0,5
7537,36,33.862,39.119,32.460,90.208,91.680,94.064,40.000,97.667,55.000,42.139,other,0,-1,1,5
7538,38,34.954,39.493,32.249,89.905,91.321,93.805,36.000,96.875,49.000,43.389,other,0,-1,2,5
7539,47,38.050,41.897,34.133,89.717,91.082,93.570,38.000,96.417,42.000,43.528,other,0,-1,3,5
7540,31,43.691,46.888,38.904,89.762,91.082,93.383,47.000,96.625,59.000,42.111,other,0,-1,4,5
7541,36,41.764,42.552,39.609,89.328,90.588,93.097,31.000,95.458,72.000,43.028,other,0,-1,5,5
7542,45,47.182,47.194,46.403,88.778,89.974,92.786,36.000,93.958,73.000,55.167,other,0,-1,6,5
7543,56,55.683,55.550,56.285,88.344,89.480,92.500,45.000,92.792,50.000,63.917,other,0,-1,7,5
7544,73,68.049,68.198,69.029,88.403,89.495,92.316,56.000,93.042,63.000,81.722,other,0,-1,8,5
7545,84,84.438,86.601,86.235,88.520,89.571,92.145,73.000,93.458,110.000,98.167,other,0,-1,9,5
7546,117,103.097,104.794,101.943,88.115,89.106,91.865,84.000,92.375,112.000,102.556,other,0,-1,10,5
7547,147,123.433,131.820,129.865,88.160,89.107,91.678,117.000,92.583,145.000,122.722,other,0,-1,11,5
7548,141,143.653,155.029,156.035,88.161,89.063,91.482,147.000,92.667,154.000,141.028,other,0,-1,12,5
7549,147,151.999,153.212,156.058,87.944,88.793,91.242,141.000,92.125,166.000,161.333,other,0,-1,13,5
7550,186,156.518,154.448,159.334,87.641,88.434,90.982,147.000,91.333,202.000,179.778,other,0,-1,14,5
7551,144,160.588,168.474,178.314,87.381,88.120,90.732,186.000,90.667,205.000,180.472,other,0,-1,15,5
7552,159,139.337,139.700,141.599,86.469,87.131,90.346,144.000,88.125,167.000,165.833,other,0,-1,16,5
7553,144,122.047,132.382,135.224,86.325,86.936,90.120,159.000,87.792,138.000,148.556,other,0,-1,17,5
7554,104,100.628,112.177,110.984,86.384,86.952,89.937,144.000,88.042,72.000,114.861,other,0,-1,18,5
7555,96,82.989,87.361,80.415,86.819,87.357,89.832,104.000,89.375,87.000,90.528,other,0,-1,19,5
7556,63,65.823,71.616,67.419,86.922,87.418,89.657,96.000,89.750,80.000,74.972,other,0,-1,20,5
7557,33,54.384,54.849,52.457,86.647,87.089,89.404,63.000,89.042,63.000,60.444,other,0,-1,21,5
7558,45,45.603,42.338,42.540,86.185,86.564,89.112,33.000,87.792,63.000,52.389,other,0,-1,22,5
7559,40,35.635,39.697,41.548,85.896,86.220,88.856,45.000,87.042,77.000,44.139,other,0,-1,23,5
7560,26,31.831,37.604,38.538,85.332,85.591,88.542,40.000,85.500,40.000,32.472,other,0,-1,0,6
7561,30,30.734,34.153,29.201,85.379,85.578,88.609,26.000,84.917,36.000,34.500,other,0,-1,1,6
7562,26,33.554,37.855,31.344,85.542,85.684,88.701,30.000,84.667,38.000,33.361,other,0,-1,2,6
7563,29,35.091,38.432,32.972,85.619,85.701,88.774,26.000,84.167,47.000,35.222,other,0,-1,3,6
7564,32,38.465,41.179,37.124,85.608,85.628,88.829,29.000,83.417,31.000,34.028,other,0,-1,4,6
7565,28,41.757,44.047,42.664,85.873,85.839,88.942,32.000,83.458,36.000,36.611,other,0,-1,5,6
7566,50,44.341,45.672,47.489,86.008,85.916,89.028,28.000,83.125,45.000,38.694,other,0,-1,6,6
7567,46,54.659,58.902,61.406,86.330,86.188,89.152,50.000,83.333,56.000,47.194,other,0,-1,7,6
7568,58,64.349,66.237,67.718,86.436,86.234,89.232,46.000,82.917,73.000,59.167,other,0,-1,8,6
7569,114,80.550,81.386,80.250,86.469,86.206,89.296,58.000,82.292,84.000,78.778,other,0,-1,9,6
7570,81,105.351,118.768,116.319,87.154,86.852,89.496,114.000,83.542,117.000,101.278,other,0,-1,10,6
7571,129,117.636,110.097,104.653,86.882,86.509,89.497,81.000,82.042,147.000,121.778,other,0,-1,11,6
7572,131,137.985,140.147,137.518,86.872,86.436,89.552,129.000,81.292,141.000,140.833,other,0,-1,12,6
7573,107,147.504,144.761,141.169,86.977,86.483,89.632,131.000,80.875,147.000,148.472,other,0,-1,13,6
7574,125,147.527,138.201,125.398,86.648,86.079,89.620,107.000,79.208,186.000,156.639,other,0,-1,14,6
7575,127,145.160,142.523,132.831,86.015,85.362,89.545,125.000,76.667,144.000,153.306,other,0,-1,15,6
7576,123,134.947,136.186,126.903,86.019,85.303,89.604,127.000,75.958,159.000,133.083,other,0,-1,16,6
7577,105,119.970,123.684,113.949,85.747,84.960,89.604,123.000,74.458,144.000,123.667,other,0,-1,17,6
7578,99,103.792,105.731,92.547,85.433,84.572,89.596,105.000,72.833,104.000,102.583,other,0,-1,18,6
7579,87,86.240,88.721,77.399,85.611,84.694,89.691,99.000,72.625,96.000,79.889,other,0,-1,19,6
7580,47,70.360,72.580,63.254,85.731,84.755,89.773,87.000,72.250,63.000,59.111,other,0,-1,20,6
7581,44,60.534,57.227,47.739,85.749,84.712,89.834,47.000,71.583,33.000,47.306,other,0,-1,21,6
7582,44,48.626,48.794,43.989,86.159,85.074,89.977,44.000,72.042,45.000,35.306,other,0,-1,22,6
7583,26,41.420,45.524,42.269,86.394,85.255,90.084,44.000,72.000,40.000,32.556,other,0,-1,23,6
7584,62,37.652,40.973,38.439,86.442,85.242,90.151,26.000,71.417,26.000,61.343,other,0,-1,0,0
7585,52,46.881,55.166,49.792,87.304,86.101,90.598,62.000,72.917,30.000,59.743,other,0,-1,1,0
7586,60,47.122,55.210,48.892,87.962,86.751,91.003,52.000,73.833,26.000,61.829,other,0,-1,2,0
7587,58,54.612,62.487,53.541,88.795,87.580,91.445,60.000,75.250,29.000,63.543,other,0,-1,3,0
7588,60,55.795,63.453,57.325,89.555,88.334,91.871,58.000,76.458,32.000,60.000,other,0,-1,4,0
7589,56,57.441,66.115,63.546,90.301,89.073,92.294,60.000,77.625,28.000,77.171,other,0,-1,5,0
7590,76,56.372,66.874,69.217,91.047,89.813,92.717,56.000,78.792,50.000,77.686,other,0,-1,6,0
7591,105,67.111,82.001,83.883,91.764,90.522,93.134,76.000,79.875,46.000,91.543,other,0,-1,7,0
7592,86,86.883,106.328,104.734,92.959,91.726,93.651,105.000,82.333,58.000,101.114,other,0,-1,8,0
7593,130,90.530,109.310,105.272,93.705,92.465,94.074,86.000,83.500,114.000,122.829,other,0,-1,9,0
7594,129,120.664,142.020,135.130,94.277,93.025,94.461,130.000,84.167,81.000,137.200,other,0,-1,10,0
7595,153,134.939,149.585,141.586,95.312,94.064,94.944,129.000,86.167,129.000,150.314,other,0,-1,11,0
7596,150,156.326,165.771,160.400,96.000,94.743,95.355,153.000,87.167,131.000,163.229,other,0,-1,12,0
7597,157,162.923,165.509,160.579,96.615,95.348,95.751,150.000,87.958,107.000,172.800,other,0,-1,13,0
7598,222,167.414,166.934,163.819,97.680,96.417,96.241,157.000,90.042,125.000,172.257,other,0,-1,14,0
7599,182,192.148,196.216,202.494,99.425,98.190,96.873,222.000,94.083,127.000,183.343,other,0,-1,15,0
7600,206,158.160,160.794,167.564,100.562,99.334,97.378,182.000,96.375,123.000,162.143,other,0,-1,16,0
7601,156,151.421,155.930,171.180,102.105,100.898,97.967,206.000,99.833,105.000,148.800,other,0,-1,17,0
7602,123,118.731,119.224,127.962,103.184,101.982,98.460,156.000,101.958,99.000,128.829,other,0,-1,18,0
7603,146,99.042,95.981,100.270,103.872,102.662,98.871,123.000,102.958,87.000,110.171,other,0,-1,19,0
7604,86,86.506,86.934,96.800,105.066,103.866,99.388,146.000,105.417,47.000,85.143,other,0,-1,20,0
7605,83,69.911,66.802,69.731,105.972,104.770,99.844,86.000,107.042,44.000,75.143,other,0,-1,21,0
7606,70,61.569,61.545,63.625,106.877,105.674,100.301,83.000,108.667,44.000,65.229,other,0,-1,22,0
7607,49,56.898,57.760,57.390,107.594,106.383,100.718,70.000,109.750,26.000,63.543,other,0,-1,23,0
7608,48,53.051,52.912,51.461,108.267,107.048,101.126,49.000,110.708,62.000,61.694,other,0,-1,0,1
7609,68,52.774,53.083,50.797,108.238,107.040,101.396,48.000,110.125,52.000,62.000,other,0,-1,1,1
7610,57,62.118,63.116,54.468,108.644,107.481,101.756,68.000,110.792,60.000,62.222,other,0,-1,2,1
7611,71,60.811,60.782,53.854,108.774,107.638,102.060,57.000,110.667,58.000,61.389,other,0,-1,3,1
7612,66,69.135,68.279,60.219,109.137,108.035,102.411,71.000,111.208,60.000,63.583,other,0,-1,4,1
7613,59,67.557,67.689,64.433,109.397,108.327,102.742,66.000,111.458,56.000,65.139,other,0,-1,5,1
7614,85,67.352,68.304,69.702,109.615,108.574,103.063,59.000,111.583,76.000,66.417,other,0,-1,6,1
7615,53,80.101,83.328,85.906,109.919,108.911,103.403,85.000,111.958,105.000,77.639,other,0,-1,7,1
7616,83,87.284,87.365,85.719,109.340,108.333,103.558,53.000,109.792,86.000,91.833,other,0,-1,8,1
7617,85,105.914,110.007,106.547,109.470,108.490,103.861,83.000,109.667,130.000,109.944,other,0,-1,9,1
7618,136,125.301,129.575,117.817,108.992,108.017,104.037,85.000,107.792,129.000,131.361,other,0,-1,10,1
7619,158,150.413,152.869,151.181,109.268,108.324,104.371,136.000,108.083,153.000,148.500,other,0,-1,11,1
7620,166,169.089,168.341,170.165,109.514,108.601,104.698,158.000,108.292,150.000,174.389,other,0,-1,12,1
7621,158,177.301,175.220,177.923,109.920,109.043,105.059,166.000,108.958,157.000,191.778,other,0,-1,13,1
7622,191,175.174,171.820,171.888,110.108,109.260,105.374,158.000,109.000,222.000,190.222,other,0,-1,14,1
7623,130,179.081,179.785,184.479,109.833,108.997,105.593,191.000,107.708,182.000,183.056,other,0,-1,15,1
7624,122,158.053,150.482,140.877,109.254,108.419,105.748,130.000,105.542,206.000,168.806,other,0,-1,16,1
7625,148,145.623,136.669,126.021,108.211,107.362,105.806,122.000,102.042,156.000,158.750,other,0,-1,17,1
7626,137,128.065,126.429,126.829,108.269,107.444,106.094,148.000,101.708,123.000,131.639,other,0,-1,18,1
7627,85,109.547,107.879,111.632,108.646,107.855,106.449,137.000,102.292,146.000,103.944,other,0,-1,19,1
7628,79,96.645,86.015,86.078,107.936,107.143,106.577,85.000,99.750,86.000,92.389,other,0,-1,20,1
7629,69,81.148,73.848,77.578,108.008,107.240,106.868,79.000,99.458,83.000,77.389,other,0,-1,21,1
7630,59,69.887,65.510,67.872,107.980,107.232,107.138,69.000,98.875,70.000,64.944,other,0,-1,22,1
7631,69,62.700,60.729,58.994,107.994,107.269,107.417,59.000,98.417,49.000,62.889,other,0,-1,23,1
7632,39,61.840,64.284,56.762,108.458,107.771,107.790,69.000,99.250,48.000,59.639,other,0,-1,0,2
7633,83,57.223,56.204,53.822,108.204,107.568,107.813,39.000,98.875,68.000,64.167,other,0,-1,1,2
7634,59,68.932,72.810,61.174,108.298,107.725,107.910,83.000,99.500,57.000,56.194,other,0,-1,2,2
7635,61,63.253,64.455,56.599,108.204,107.687,107.967,59.000,99.583,71.000,60.528,other,0,-1,3,2
7636,69,66.138,65.990,58.814,107.936,107.469,107.988,61.000,99.167,66.000,62.444,other,0,-1,4,2
7637,45,70.875,69.647,64.152,107.856,107.447,108.048,69.000,99.292,59.000,62.833,other,0,-1,5,2
7638,60,71.497,65.694,64.120,107.530,107.169,108.057,45.000,98.708,85.000,70.472,other,0,-1,6,2
7639,78,81.786,74.887,74.701,107.044,106.726,108.032,60.000,97.667,53.000,78.639,other,0,-1,7,2
7640,78,96.199,88.218,89.083,107.283,107.033,108.159,78.000,98.708,83.000,89.639,other,0,-1,8,2
7641,117,113.975,104.865,99.936,107.087,106.891,108.195,78.000,98.500,85.000,104.833,other,0,-1,9,2
7642,141,133.208,126.163,126.291,107.428,107.303,108.343,117.000,99.833,136.000,127.694,other,0,-1,10,2
7643,147,151.804,146.677,148.056,107.377,107.310,108.409,141.000,100.042,158.000,145.361,other,0,-1,11,2
7644,152,163.478,161.819,159.610,107.094,107.077,108.427,147.000,99.583,166.000,159.222,other,0,-1,12,2
7645,185,169.072,169.956,166.225,106.768,106.799,108.435,152.000,99.000,158.000,182.222,other,0,-1,13,2
7646,182,175.093,180.879,181.597,107.036,107.136,108.568,185.000,100.125,191.000,185.000,other,0,-1,14,2
7647,192,168.236,176.473,173.936,106.782,106.934,108.592,182.000,99.750,130.000,172.750,other,0,-1,15,2
7648,208,161.508,172.985,169.279,107.557,107.795,108.831,192.000,102.333,122.000,158.694,other,0,-1,16,2
7649,134,152.882,171.033,165.302,108.680,109.017,109.142,208.000,105.917,148.000,148.139,other,0,-1,17,2
7650,146,129.589,127.017,118.002,108.354,108.739,109.151,134.000,105.333,137.000,124.722,other,0,-1,18,2
7651,72,110.631,115.944,112.599,108.361,108.806,109.229,146.000,105.708,85.000,108.833,other,0,-1,19,2
7652,101,100.170,87.018,77.093,108.049,108.544,109.241,72.000,105.167,79.000,89.361,other,0,-1,20,2
7653,101,79.950,79.852,78.440,108.244,108.806,109.358,101.000,106.083,69.000,75.500,other,0,-1,21,2
7654,61,68.762,74.076,70.849,108.585,109.217,109.506,101.000,107.417,59.000,67.139,other,0,-1,22,2
7655,57,61.815,59.436,54.208,108.490,109.180,109.563,61.000,107.500,69.000,62.722,other,0,-1,23,2
7656,66,57.199,57.012,48.628,108.193,108.932,109.578,57.000,107.000,39.000,61.389,other,0,-1,0,3
7657,64,56.963,62.654,59.968,108.257,109.050,109.411,66.000,108.125,83.000,64.194,other,0,-1,1,3
7658,59,58.294,63.169,58.194,107.654,108.479,109.105,64.000,107.333,59.000,65.056,other,0,-1,2,3
7659,62,59.438,62.459,57.369,107.326,108.193,108.856,59.000,107.333,61.000,61.583,other,0,-1,3,3
7660,50,62.662,64.382,59.701,107.013,107.921,108.611,62.000,107.375,69.000,61.250,other,0,-1,4,3
7661,41,63.518,61.580,60.599,106.410,107.350,108.305,50.000,106.583,45.000,63.500,other,0,-1,5,3
7662,54,69.489,62.610,63.739,106.024,107.003,108.044,41.000,106.417,60.000,67.778,other,0,-1,6,3
7663,90,80.145,71.353,73.899,105.610,106.627,107.777,54.000,106.167,78.000,79.889,other,0,-1,7,3
7664,76,94.802,87.722,93.869,105.456,106.521,107.565,90.000,106.667,78.000,92.417,other,0,-1,8,3
7665,114,112.518,102.146,101.063,105.099,106.204,107.310,76.000,106.583,117.000,115.000,other,0,-1,9,3
7666,131,130.988,126.219,127.117,104.728,105.873,107.052,114.000,106.458,141.000,126.583,other,0,-1,10,3
7667,147,148.693,148.436,145.893,104.255,105.436,106.773,131.000,106.042,147.000,145.861,other,0,-1,11,3
7668,148,162.517,164.569,161.659,103.928,105.150,106.525,147.000,106.042,152.000,168.111,other,0,-1,12,3
7669,186,168.622,169.577,166.764,103.542,104.804,106.264,148.000,105.875,185.000,177.472,other,0,-1,13,3
7670,177,176.717,181.736,182.816,103.229,104.532,106.018,186.000,105.917,182.000,176.694,other,0,-1,14,3
7671,166,168.451,172.749,173.370,102.829,104.171,105.754,177.000,105.708,192.000,173.972,other,0,-1,15,3
7672,193,155.585,159.597,158.916,102.125,103.495,105.427,166.000,104.625,208.000,162.111,other,0,-1,16,3
7673,151,143.631,161.060,160.114,101.580,102.983,105.133,193.000,104.000,134.000,150.028,other,0,-1,17,3
7674,89,121.164,129.519,128.923,101.498,102.952,104.936,151.000,104.708,146.000,132.389,other,0,-1,18,3
7675,117,106.966,99.715,94.438,100.345,101.811,104.515,89.000,102.333,72.000,108.528,other,0,-1,19,3
7676,85,85.039,93.034,94.463,100.669,102.199,104.402,117.000,104.208,101.000,100.083,other,0,-1,20,3
7677,87,72.381,73.239,76.213,100.109,101.673,104.105,85.000,103.542,101.000,85.306,other,0,-1,21,3
7678,80,59.086,66.547,69.912,99.579,101.176,103.814,87.000,102.958,61.000,74.778,other,0,-1,22,3
7679,53,51.415,60.052,62.665,99.527,101.175,103.623,80.000,103.750,57.000,70.444,other,0,-1,23,3
7680,56,46.840,49.390,52.845,99.141,100.828,103.362,53.000,103.583,66.000,60.917,other,0,-1,0,4
7681,71,45.428,53.260,49.735,98.711,100.389,102.971,56.000,103.167,64.000,56.972,other,0,-1,1,4
7682,43,51.710,60.966,51.700,98.527,100.205,102.631,71.000,103.458,59.000,51.583,other,0,-1,2,4
7683,45,46.612,51.158,46.900,98.010,99.675,102.221,43.000,102.792,62.000,54.556,other,0,-1,3,4
7684,55,49.434,52.849,49.134,97.478,99.131,101.809,45.000,102.083,50.000,57.139,other,0,-1,4,4
7685,80,54.553,57.515,54.925,97.265,98.917,101.463,55.000,102.292,41.000,54.694,other,0,-1,5,4
7686,63,65.151,69.005,67.339,97.545,99.212,101.220,80.000,103.917,54.000,65.167,other,0,-1,6,4
7687,66,67.807,67.498,70.934,97.390,99.058,100.886,63.000,104.292,90.000,74.667,other,0,-1,7,4
7688,112,80.873,78.468,82.060,96.757,98.408,100.452,66.000,103.292,76.000,86.667,other,0,-1,8,4
7689,106,99.594,107.028,112.129,96.993,98.659,100.200,112.000,104.792,114.000,109.861,other,0,-1,9,4
7690,134,117.273,124.397,123.202,96.592,98.249,99.815,106.000,104.458,131.000,125.222,other,0,-1,10,4
7691,148,137.665,150.491,148.243,96.350,98.005,99.463,134.000,104.583,147.000,147.361,other,0,-1,11,4
7692,144,154.255,164.975,163.912,96.079,97.731,99.104,148.000,104.625,148.000,161.111,other,0,-1,12,4
7693,185,162.736,164.492,166.232,95.736,97.381,98.731,144.000,104.458,186.000,174.694,other,0,-1,13,4
7694,161,175.086,179.931,185.333,95.436,97.077,98.367,185.000,104.417,177.000,178.167,other,0,-1,14,4
7695,172,164.336,161.124,167.121,94.919,96.548,97.957,161.000,103.750,166.000,172.583,other,0,-1,15,4
7696,178,153.383,156.075,162.280,94.721,96.348,97.614,172.000,104.000,193.000,165.472,other,0,-1,16,4
7697,110,134.451,146.431,151.976,94.218,95.834,97.208,178.000,103.375,151.000,138.861,other,0,-1,17,4
7698,110,111.502,110.607,108.730,93.339,94.930,96.723,110.000,101.667,89.000,121.333,other,0,-1,18,4
7699,116,91.553,95.562,97.063,93.358,94.955,96.425,110.000,102.542,117.000,101.944,other,0,-1,19,4
7700,107,72.089,84.322,89.023,93.058,94.651,96.061,116.000,102.500,85.000,84.222,other,0,-1,20,4
7701,79,57.367,72.437,78.050,93.091,94.691,95.766,107.000,103.417,87.000,70.889,other,0,-1,21,4
7702,69,47.569,56.775,64.642,92.690,94.282,95.381,79.000,103.083,80.000,63.889,other,0,-1,22,4
7703,62,40.263,49.867,57.794,92.245,93.828,94.987,69.000,102.625,53.000,57.111,other,0,-1,23,4
7704,37,36.633,46.396,52.961,92.090,93.673,94.653,62.000,103.000,56.000,38.722,other,0,-1,0,5
7705,26,34.149,40.383,32.633,91.787,93.314,94.394,37.000,102.208,71.000,42.139,other,0,-1,1,5
7706,58,33.786,38.247,31.100,91.107,92.565,94.056,26.000,100.333,43.000,43.389,other,0,-1,2,5
7707,65,46.033,52.480,38.647,91.296,92.716,93.900,58.000,100.958,45.000,43.528,other,0,-1,3,5
7708,45,52.402,57.066,43.620,91.558,92.941,93.758,65.000,101.792,55.000,42.111,other,0,-1,4,5
7709,33,45.994,49.102,43.459,91.385,92.717,93.526,45.000,101.375,80.000,43.028,other,0,-1,5,5
7710,45,47.296,47.567,46.048,90.676,91.938,93.183,33.000,99.417,63.000,55.167,other,0,-1,6,5
7711,67,56.122,56.584,56.649,90.387,91.593,92.926,45.000,98.667,66.000,63.917,other,0,-1,7,5
7712,66,68.989,72.576,73.565,90.373,91.534,92.728,67.000,98.708,112.000,81.722,other,0,-1,8,5
7713,98,84.482,84.587,83.214,89.679,90.770,92.387,66.000,96.792,106.000,98.167,other,0,-1,9,5
7714,100,103.578,111.029,109.334,89.535,90.576,92.161,98.000,96.458,134.000,102.556,other,0,-1,10,5
7715,567,121.525,123.719,120.071,89.014,89.991,91.857,100.000,95.042,148.000,122.722,inside,1,0,11,5
7716,615,379.263,420.427,401.212,95.056,96.198,92.922,567.000,112.500,144.000,141.028,inside,1,1,12,5
7717,463,385.299,433.111,415.967,101.851,103.184,94.146,615.000,132.125,185.000,161.333,inside,1,2,13,5
7718,454,369.694,403.761,365.821,105.850,107.278,94.785,463.000,143.708,161.000,179.778,inside,1,3,14,5
7719,621,362.916,394.835,358.247,110.066,111.595,95.470,454.000,155.917,172.000,180.472,inside,1,4,15,5
7720,492,379.986,428.091,413.648,116.542,118.252,96.626,621.000,174.625,178.000,165.833,inside,1,5,16,5
7721,140,354.538,378.281,355.869,121.063,122.885,97.375,492.000,187.708,110.000,148.556,after,1,6,17,5
7722,106,118.200,94.570,114.063,121.469,123.260,97.264,140.000,188.958,110.000,114.861,after,1,7,18,5
7723,79,98.807,69.393,86.675,121.383,123.126,97.050,106.000,188.792,116.000,90.528,after,1,8,19,5
7724,71,81.004,50.947,70.875,120.819,122.496,96.736,79.000,187.250,107.000,74.972,after,1,9,20,5
7725,35,63.568,39.088,64.156,120.270,121.882,96.426,71.000,185.750,79.000,60.444,after,1,10,21,5
7726,37,53.081,28.328,55.693,119.604,121.148,96.091,35.000,183.917,69.000,52.389,after,1,11,22,5
7727,39,43.406,24.117,53.746,119.112,120.594,95.792,37.000,182.583,62.000,44.139,after,1,12,23,5
7728,26,39.411,23.031,52.152,118.751,120.175,95.521,39.000,181.625,37.000,32.472,after,1,13,0,6
7729,30,37.614,18.050,37.462,118.842,120.207,95.598,26.000,181.167,26.000,34.500,after,1,14,1,6
7730,29,40.571,20.538,38.101,119.150,120.463,95.719,30.000,181.333,58.000,33.361,after,1,15,2,6
7731,33,43.118,22.602,38.847,118.980,120.225,95.741,29.000,180.125,65.000,35.222,after,1,16,3,6
7732,32,47.194,26.249,41.466,118.767,119.942,95.754,33.000,178.792,45.000,34.028,after,1,17,4,6
7733,36,49.938,29.193,44.771,118.829,119.944,95.824,32.000,178.250,33.000,36.611,after,1,18,5,6
7734,34,55.244,34.764,50.789,119.123,120.185,95.943,36.000,178.375,45.000,38.694,after,1,19,6,6
7735,61,62.864,41.181,56.935,119.214,120.217,96.020,34.000,177.917,67.000,47.194,after,1,20,7,6
7736,45,77.663,58.943,73.979,119.377,120.324,96.111,61.000,177.667,66.000,59.167,after,1,21,8,6
7737,71,96.232,66.320,76.631,119.323,120.205,96.157,45.000,176.792,98.000,78.778,after,1,22,9,6
7738,116,116.682,86.749,96.060,119.182,119.997,96.185,71.000,175.667,100.000,101.278,after,1,23,10,6
7739,117,137.589,118.593,128.171,119.664,120.434,96.343,116.000,176.333,567.000,121.778,after,1,24,11,6
7740,137,150.168,125.939,134.538,113.396,113.884,95.091,117.000,157.583,615.000,140.833,after,1,25,12,6
7741,154,157.285,142.219,150.104,106.722,106.915,93.755,137.000,137.667,463.000,148.472,after,1,26,13,6
7742,160,160.121,151.943,160.508,102.496,102.480,92.930,154.000,124.792,454.000,156.639,after,1,27,14,6
7743,136,153.009,151.134,158.967,98.487,98.269,92.150,160.000,112.542,621.000,153.306,after,1,28,15,6
7744,132,134.584,136.126,133.152,91.712,91.195,90.793,136.000,92.333,492.000,133.083,after,1,29,16,6
7745,146,121.071,123.977,118.889,86.747,85.995,89.813,132.000,77.333,140.000,123.667,other,0,-1,17,6
7746,93,102.820,111.353,111.452,87.084,86.281,89.941,146.000,77.583,106.000,102.583,other,0,-1,18,6
7747,100,87.123,85.749,74.934,87.146,86.283,90.011,93.000,77.042,79.000,79.889,other,0,-1,19,6
7748,56,69.085,71.976,66.247,87.701,86.794,90.184,100.000,77.917,71.000,59.111,other,0,-1,20,6
7749,41,58.871,55.663,49.014,87.734,86.766,90.249,56.000,77.292,35.000,47.306,other,0,-1,21,6
7750,37,48.514,46.353,42.935,88.071,87.052,90.377,41.000,77.542,37.000,35.306,other,0,-1,22,6
7751,24,41.078,42.216,40.485,88.321,87.249,90.486,37.000,77.542,39.000,32.556,other,0,-1,23,6
7752,65,37.267,38.842,37.507,88.354,87.221,90.550,24.000,76.917,26.000,61.343,other,0,-1,0,0
7753,59,48.021,54.799,49.112,89.259,88.125,91.007,65.000,78.542,30.000,59.743,other,0,-1,1,0
7754,69,50.117,56.945,49.190,90.020,88.879,91.433,59.000,79.750,29.000,61.829,other,0,-1,2,0
7755,59,59.688,65.855,54.503,90.939,89.798,91.892,69.000,81.417,33.000,63.543,other,0,-1,3,0
7756,76,56.328,62.458,56.407,91.656,90.508,92.309,59.000,82.500,32.000,60.000,other,0,-1,4,0
7757,77,66.930,73.675,67.192,92.634,91.487,92.781,76.000,84.333,36.000,77.171,other,0,-1,5,0
7758,60,66.758,76.447,75.082,93.568,92.421,93.243,77.000,86.042,34.000,77.686,other,0,-1,6,0
7759,93,61.876,73.383,77.582,94.285,93.130,93.660,60.000,87.125,61.000,91.543,other,0,-1,7,0
7760,112,80.884,98.450,99.055,95.088,93.930,94.096,93.000,88.458,45.000,101.114,other,0,-1,8,0
7761,109,99.744,120.373,117.131,96.399,95.254,94.637,112.000,91.250,71.000,122.829,other,0,-1,9,0
7762,142,113.532,131.020,124.199,97.290,96.143,95.090,109.000,92.833,116.000,137.200,other,0,-1,10,0
7763,148,140.751,155.609,149.191,98.007,96.852,95.507,142.000,93.917,117.000,150.314,other,0,-1,11,0
7764,163,155.182,162.735,157.677,98.796,97.636,95.939,148.000,95.208,137.000,163.229,other,0,-1,12,0
7765,195,168.206,171.288,169.038,99.513,98.346,96.356,163.000,96.292,154.000,172.800,other,0,-1,13,0
7766,142,183.140,186.245,188.872,100.447,99.280,96.819,195.000,98.000,160.000,172.257,other,0,-1,14,0
7767,145,161.886,156.177,150.513,100.526,99.330,97.103,142.000,97.250,136.000,183.343,other,0,-1,15,0
7768,160,152.104,148.237,144.982,100.997,99.784,97.468,145.000,97.625,132.000,162.143,other,0,-1,16,0
7769,148,137.572,138.973,143.456,101.743,100.523,97.892,160.000,98.792,146.000,148.800,other,0,-1,17,0
7770,114,118.275,119.105,124.827,102.112,100.873,98.236,148.000,98.875,93.000,128.829,other,0,-1,18,0
7771,115,100.360,96.703,98.048,102.756,101.507,98.638,114.000,99.750,100.000,110.171,other,0,-1,19,0
7772,83,83.370,82.631,88.234,103.314,102.052,99.022,115.000,100.375,56.000,85.143,other,0,-1,20,0
7773,83,70.963,68.263,71.132,104.045,102.776,99.442,83.000,101.500,41.000,75.143,other,0,-1,21,0
7774,58,62.056,63.519,65.979,104.994,103.725,99.907,83.000,103.250,37.000,65.229,other,0,-1,22,0
7775,60,55.703,56.411,57.115,105.638,104.360,100.309,58.000,104.125,24.000,63.543,other,0,-1,23,0
7776,43,55.722,58.321,56.011,106.500,105.219,100.757,60.000,105.625,65.000,61.694,other,0,-1,0,1
7777,50,51.986,53.133,52.193,106.355,105.091,101.002,43.000,104.708,59.000,62.000,other,0,-1,1,1
7778,62,55.561,57.600,53.135,106.398,105.158,101.287,50.000,104.333,69.000,62.222,other,0,-1,2,1
7779,54,62.804,64.280,56.895,106.471,105.255,101.579,62.000,104.042,59.000,61.389,other,0,-1,3,1
7780,45,61.557,62.529,58.390,106.573,105.382,101.876,54.000,103.833,76.000,63.583,other,0,-1,4,1
7781,46,60.506,61.164,61.127,106.297,105.119,102.094,45.000,102.542,77.000,65.139,other,0,-1,5,1
7782,71,64.415,65.238,67.585,106.022,104.856,102.313,46.000,101.250,60.000,66.417,other,0,-1,6,1
7783,80,75.375,79.320,82.502,106.356,105.223,102.658,71.000,101.708,93.000,77.639,other,0,-1,7,1
7784,78,87.906,93.027,95.159,106.341,105.230,102.931,80.000,101.167,112.000,91.833,other,0,-1,8,1
7785,136,104.725,109.629,104.812,106.023,104.922,103.141,78.000,99.750,109.000,109.944,other,0,-1,9,1
7786,108,133.305,139.030,140.721,106.588,105.529,103.535,136.000,100.875,142.000,131.361,other,0,-1,10,1
7787,142,143.706,148.122,136.964,106.269,105.221,103.744,108.000,99.458,148.000,148.500,other,0,-1,11,1
7788,145,162.429,163.964,160.900,106.356,105.333,104.039,142.000,99.208,163.000,174.389,other,0,-1,12,1
7789,150,169.992,168.842,165.534,106.269,105.265,104.297,145.000,98.458,195.000,191.778,other,0,-1,13,1
7790,158,171.827,169.840,166.705,105.791,104.792,104.473,150.000,96.583,142.000,190.222,other,0,-1,14,1
7791,157,168.946,167.467,165.117,106.197,105.234,104.833,158.000,97.250,145.000,183.056,other,0,-1,15,1
7792,146,159.405,158.066,154.766,106.545,105.616,105.182,157.000,97.750,160.000,168.806,other,0,-1,16,1
7793,157,144.782,142.252,137.310,106.516,105.608,105.452,146.000,97.167,148.000,158.750,other,0,-1,17,1
7794,132,127.888,129.258,130.635,106.820,105.945,105.792,157.000,97.542,114.000,131.639,other,0,-1,18,1
7795,123,109.158,107.447,109.080,107.255,106.416,106.158,132.000,98.292,115.000,103.944,other,0,-1,19,1
7796,121,92.200,91.937,97.089,107.545,106.738,106.495,123.000,98.625,83.000,92.389,other,0,-1,20,1
7797,89,79.533,83.170,88.383,108.269,107.510,106.922,121.000,100.208,83.000,77.389,other,0,-1,21,1
7798,58,69.176,70.901,71.376,108.530,107.802,107.253,89.000,100.458,58.000,64.944,other,0,-1,22,1
7799,65,62.265,61.663,57.403,108.704,108.003,107.565,58.000,100.458,60.000,62.889,other,0,-1,23,1
7800,63,60.873,64.180,54.240,108.950,108.280,107.893,65.000,100.667,43.000,59.639,other,0,-1,0,2
7801,58,59.639,64.332,56.470,109.117,108.512,108.004,63.000,101.500,50.000,64.167,other,0,-1,1,2
7802,65,60.457,63.924,54.382,109.109,108.564,108.079,58.000,101.833,62.000,56.194,other,0,-1,2,2
7803,53,65.037,67.615,56.142,109.030,108.542,108.139,65.000,101.958,54.000,60.528,other,0,-1,3,2
7804,68,63.862,64.062,55.868,108.892,108.459,108.188,53.000,101.917,45.000,62.444,other,0,-1,4,2
7805,49,70.559,69.987,62.834,109.102,108.736,108.308,68.000,102.875,46.000,62.833,other,0,-1,5,2
7806,60,71.650,67.017,64.245,109.022,108.713,108.368,49.000,103.000,71.000,70.472,other,0,-1,6,2
7807,59,81.862,75.284,74.219,108.739,108.480,108.386,60.000,102.542,80.000,78.639,other,0,-1,7,2
7808,90,96.563,86.577,83.128,108.312,108.098,108.374,59.000,101.667,78.000,89.639,other,0,-1,8,2
7809,121,114.198,105.262,104.057,108.362,108.210,108.461,90.000,102.167,136.000,104.833,other,0,-1,9,2
7810,131,134.806,126.241,128.225,108.022,107.917,108.467,121.000,101.542,108.000,127.694,other,0,-1,10,2
7811,144,151.462,145.891,144.311,108.232,108.194,108.587,131.000,102.500,142.000,145.361,other,0,-1,11,2
7812,165,164.102,161.312,159.123,108.137,108.156,108.644,144.000,102.583,145.000,159.222,other,0,-1,12,2
7813,177,172.725,172.821,173.564,108.304,108.388,108.756,165.000,103.417,150.000,182.222,other,0,-1,13,2
7814,182,174.066,178.131,178.563,108.571,108.725,108.889,177.000,104.542,158.000,185.000,other,0,-1,14,2
7815,187,169.390,176.518,174.880,108.796,109.017,109.012,182.000,105.542,157.000,172.750,other,0,-1,15,2
7816,224,161.213,170.753,167.167,109.107,109.399,109.154,187.000,106.792,146.000,158.694,other,0,-1,16,2
7817,141,160.236,181.603,173.785,110.114,110.501,109.441,224.000,110.042,157.000,148.139,other,0,-1,17,2
7818,143,129.334,128.792,120.813,109.759,110.193,109.444,141.000,109.375,132.000,124.722,other,0,-1,18,2
7819,123,110.830,114.997,110.883,109.795,110.290,109.528,143.000,109.833,123.000,108.833,other,0,-1,19,2
7820,81,93.882,96.170,93.705,109.671,110.222,109.579,123.000,109.833,121.000,89.361,other,0,-1,20,2
7821,90,82.117,75.644,71.692,108.969,109.555,109.510,81.000,108.167,89.000,75.500,other,0,-1,21,2
7822,81,68.791,70.582,66.788,108.860,109.502,109.564,90.000,108.208,58.000,67.139,other,0,-1,22,2
7823,59,61.806,65.117,58.042,109.070,109.779,109.684,81.000,109.167,65.000,62.722,other,0,-1,23,2
7824,63,57.275,57.844,48.269,108.860,109.622,109.717,59.000,108.917,63.000,61.389,other,0,-1,0,3
7825,70,56.474,61.842,58.667,108.532,109.335,109.469,63.000,108.917,58.000,64.194,other,0,-1,1,3
7826,37,59.815,65.788,58.716,108.378,109.229,109.256,70.000,109.417,65.000,65.056,other,0,-1,2,3
7827,59,55.701,55.603,52.679,107.645,108.522,108.923,37.000,108.250,53.000,61.583,other,0,-1,3,3
7828,57,61.882,63.520,58.518,107.404,108.326,108.692,59.000,108.500,68.000,61.250,other,0,-1,4,3
7829,58,64.595,63.821,61.615,106.917,107.875,108.410,57.000,108.042,49.000,63.500,other,0,-1,5,3
7830,59,70.270,66.483,67.292,106.720,107.723,108.189,58.000,108.417,60.000,67.778,other,0,-1,6,3
7831,75,80.163,72.259,75.010,106.377,107.422,107.937,59.000,108.375,59.000,79.889,other,0,-1,7,3
7832,76,94.587,85.127,89.242,106.282,107.375,107.737,75.000,109.042,90.000,92.417,other,0,-1,8,3
7833,113,112.662,102.162,101.186,105.751,106.879,107.446,76.000,108.458,121.000,115.000,other,0,-1,9,3
7834,149,131.291,126.162,127.059,105.307,106.472,107.173,113.000,108.125,131.000,126.583,other,0,-1,10,3
7835,145,151.737,151.183,153.517,105.241,106.456,106.979,149.000,108.875,144.000,145.861,other,0,-1,11,3
7836,164,162.572,164.305,161.304,104.927,106.184,106.733,145.000,108.917,165.000,168.111,other,0,-1,12,3
7837,174,171.921,174.369,174.011,104.585,105.883,106.482,164.000,108.875,177.000,177.472,other,0,-1,13,3
7838,178,173.963,176.958,177.854,104.214,105.552,106.224,174.000,108.750,182.000,176.694,other,0,-1,14,3
7839,171,169.026,173.265,174.206,103.828,105.205,105.963,178.000,108.583,187.000,173.972,other,0,-1,15,3
7840,130,156.638,161.612,161.574,103.269,104.679,105.666,171.000,107.917,224.000,162.111,other,0,-1,16,3
7841,134,139.010,136.835,131.694,101.580,102.983,105.133,130.000,104.000,141.000,150.028,other,0,-1,17,3
7842,143,121.652,124.044,121.987,101.150,102.592,104.863,134.000,103.708,143.000,132.389,other,0,-1,18,3
7843,96,101.643,114.260,114.719,100.823,102.305,104.615,143.000,103.708,123.000,108.528,other,0,-1,19,3
7844,104,88.109,87.077,88.426,100.104,101.614,104.284,96.000,102.583,81.000,100.083,other,0,-1,20,3
7845,95,70.310,79.805,82.949,100.109,101.673,104.105,104.000,103.542,90.000,85.306,other,0,-1,21,3
7846,64,58.824,70.313,73.524,99.854,101.461,103.872,95.000,103.750,81.000,74.778,other,0,-1,22,3
7847,50,52.062,55.477,60.661,99.280,100.920,103.572,64.000,103.042,59.000,70.444,other,0,-1,23,3
7848,63,47.130,49.159,53.909,98.822,100.499,103.296,50.000,102.667,63.000,60.917,other,0,-1,0,4
7849,53,46.888,56.659,52.644,98.537,100.209,102.935,63.000,102.667,70.000,56.972,other,0,-1,1,4
7850,58,46.703,54.250,49.804,98.005,99.665,102.522,53.000,101.958,37.000,51.583,other,0,-1,2,4
7851,44,50.460,57.470,51.111,98.024,99.690,102.224,58.000,102.833,59.000,54.556,other,0,-1,3,4
7852,66,49.355,53.001,50.143,97.522,99.176,101.818,44.000,102.208,57.000,57.139,other,0,-1,4,4
7853,57,57.678,62.129,58.426,97.367,99.022,101.484,66.000,102.583,58.000,54.694,other,0,-1,5,4
7854,57,59.246,60.698,61.896,97.067,98.717,101.120,57.000,102.542,59.000,65.167,other,0,-1,6,4
7855,72,67.439,66.002,69.512,96.753,98.398,100.753,57.000,102.458,75.000,74.667,other,0,-1,7,4
7856,100,80.706,79.871,84.146,96.424,98.064,100.383,72.000,102.333,76.000,86.667,other,0,-1,8,4
7857,92,97.974,102.995,106.970,96.486,98.134,100.094,100.000,103.333,113.000,109.861,other,0,-1,9,4
7858,105,116.973,121.007,116.844,95.897,97.530,99.669,92.000,102.458,149.000,125.222,other,0,-1,10,4
7859,108,134.935,141.668,134.667,94.974,96.581,99.175,105.000,100.625,145.000,147.361,other,0,-1,11,4
7860,147,149.000,151.231,145.157,94.153,95.737,98.702,108.000,99.083,164.000,161.111,other,0,-1,12,4
7861,172,162.632,165.171,167.438,93.621,95.193,98.289,147.000,98.375,174.000,174.694,other,0,-1,13,4
7862,186,170.918,172.622,178.537,93.307,94.873,97.922,172.000,98.292,178.000,178.167,other,0,-1,14,4
7863,170,169.611,172.637,179.603,93.137,94.704,97.585,186.000,98.625,171.000,172.583,other,0,-1,15,4
7864,141,152.452,155.007,161.232,92.837,94.399,97.221,170.000,98.583,130.000,165.472,other,0,-1,16,4
7865,152,130.287,132.227,134.602,92.711,94.275,96.893,141.000,99.042,134.000,138.861,other,0,-1,17,4
7866,115,109.357,121.863,125.492,92.687,94.255,96.587,152.000,99.792,143.000,121.333,other,0,-1,18,4
7867,116,89.842,96.421,98.017,91.996,93.546,96.141,115.000,98.625,96.000,101.944,other,0,-1,19,4
7868,85,70.935,84.074,87.803,92.000,93.557,95.840,116.000,99.458,104.000,84.222,other,0,-1,20,4
7869,70,58.005,65.034,70.635,91.440,92.982,95.422,85.000,98.667,95.000,70.889,other,0,-1,21,4
7870,63,46.890,53.601,60.962,90.792,92.318,94.985,70.000,97.625,64.000,63.889,other,0,-1,22,4
7871,66,39.033,47.498,54.859,90.492,92.014,94.621,63.000,97.583,50.000,57.111,other,0,-1,23,4
7872,39,35.981,47.445,51.998,90.439,91.964,94.308,66.000,98.250,63.000,38.722,other,0,-1,0,5
7873,36,33.080,40.617,31.617,90.063,91.530,94.034,39.000,97.250,53.000,42.139,other,0,-1,1,5
7874,50,34.434,41.305,31.583,89.789,91.201,93.781,36.000,96.542,58.000,43.389,other,0,-1,2,5
7875,29,41.781,48.559,35.825,89.645,91.007,93.555,50.000,96.208,44.000,43.528,other,0,-1,3,5
7876,33,37.786,41.516,34.554,89.399,90.707,93.308,29.000,95.583,66.000,42.111,other,0,-1,4,5
7877,35,41.713,44.329,39.497,88.893,90.138,93.006,33.000,94.208,57.000,43.028,other,0,-1,5,5
7878,48,46.487,47.748,45.684,88.546,89.734,92.738,35.000,93.292,57.000,55.167,other,0,-1,6,5
7879,61,55.442,57.129,56.937,88.388,89.525,92.509,48.000,92.917,72.000,63.917,other,0,-1,7,5
7880,65,67.632,70.191,70.753,88.201,89.285,92.274,61.000,92.458,100.000,81.722,other,0,-1,8,5
7881,91,83.544,84.005,82.598,87.665,88.686,91.967,65.000,91.000,92.000,98.167,other,0,-1,9,5
7882,121,102.506,107.749,105.688,87.623,88.597,91.762,91.000,90.958,105.000,102.556,other,0,-1,10,5
7883,158,123.416,133.918,132.516,87.826,88.762,91.609,121.000,91.625,108.000,122.722,other,0,-1,11,5
7884,162,146.801,162.004,163.572,88.523,89.437,91.558,158.000,93.708,147.000,141.028,other,0,-1,12,5
7885,178,156.769,164.831,170.018,88.712,89.588,91.402,162.000,94.333,172.000,161.333,other,0,-1,13,5
7886,163,164.095,170.989,179.794,88.771,89.603,91.218,178.000,94.583,186.000,179.778,other,0,-1,14,5
7887,185,154.899,156.281,164.014,88.409,89.184,90.947,163.000,93.625,170.000,180.472,other,0,-1,15,5
7888,178,146.453,157.098,166.496,88.599,89.334,90.791,185.000,94.250,141.000,165.833,other,0,-1,16,5
7889,109,125.367,139.680,146.307,89.106,89.815,90.701,178.000,95.792,152.000,148.556,other,0,-1,17,5
7890,90,102.903,103.396,96.072,88.455,89.096,90.369,109.000,94.000,115.000,114.861,other,0,-1,18,5
7891,88,85.780,84.527,76.186,88.065,88.647,90.092,90.000,92.958,116.000,90.528,other,0,-1,19,5
7892,86,67.782,69.375,65.836,87.631,88.152,89.806,88.000,91.792,85.000,74.972,other,0,-1,20,5
7893,57,52.636,58.075,58.404,87.618,88.093,89.607,86.000,91.833,70.000,60.444,other,0,-1,21,5
7894,47,43.525,45.213,47.837,87.401,87.824,89.366,57.000,91.292,63.000,52.389,other,0,-1,22,5
7895,53,36.212,39.402,43.053,87.142,87.509,89.116,47.000,90.625,66.000,44.139,other,0,-1,23,5
7896,24,33.597,40.873,41.919,86.925,87.240,88.875,53.000,90.083,39.000,32.472,other,0,-1,0,6
7897,32,30.958,32.670,30.485,86.958,87.212,88.939,24.000,89.458,36.000,34.500,other,0,-1,1,6
7898,21,34.545,37.701,33.327,87.150,87.348,89.037,32.000,89.292,50.000,33.361,other,0,-1,2,6
7899,16,34.243,35.780,33.476,86.981,87.110,89.059,21.000,88.083,29.000,35.222,other,0,-1,3,6
7900,22,35.504,35.786,35.687,87.043,87.112,89.129,16.000,87.542,33.000,34.028,other,0,-1,4,6
7901,32,39.650,39.774,41.379,87.133,87.144,89.205,22.000,87.083,35.000,36.611,other,0,-1,5,6
7902,39,45.652,46.368,49.610,87.340,87.295,89.306,32.000,86.958,48.000,38.694,other,0,-1,6,6
7903,34,53.276,54.390,58.440,87.460,87.357,89.388,39.000,86.583,61.000,47.194,other,0,-1,7,6
7904,75,65.029,62.182,63.891,87.319,87.149,89.416,34.000,85.458,65.000,59.167,other,0,-1,8,6
7905,68,82.218,87.515,88.139,87.714,87.495,89.556,75.000,85.875,91.000,78.778,other,0,-1,9,6
7906,93,100.250,95.330,92.207,87.632,87.347,89.596,68.000,84.917,121.000,101.278,other,0,-1,10,6
7907,96,119.140,114.791,111.273,87.476,87.124,89.621,93.000,83.750,158.000,121.778,other,0,-1,11,6
7908,153,133.612,123.408,117.421,86.828,86.391,89.543,96.000,81.167,162.000,140.833,other,0,-1,12,6
7909,130,153.086,155.942,156.269,86.948,86.453,89.626,153.000,80.792,178.000,148.472,other,0,-1,13,6
7910,134,150.284,145.481,140.042,86.503,85.930,89.590,130.000,78.792,163.000,156.639,other,0,-1,14,6
7911,168,146.695,144.469,138.744,86.333,85.691,89.612,134.000,77.583,185.000,153.306,other,0,-1,15,6
7912,143,140.216,148.819,153.025,86.337,85.633,89.670,168.000,76.875,178.000,133.083,other,0,-1,16,6
7913,115,120.461,126.992,125.030,86.081,85.305,89.674,143.000,75.417,109.000,123.667,other,0,-1,17,6
7914,116,102.448,105.299,96.631,86.418,85.592,89.802,115.000,75.667,90.000,102.583,other,0,-1,18,6
7915,81,83.867,88.889,82.766,87.045,86.178,89.990,116.000,76.750,88.000,79.889,other,0,-1,19,6
7916,54,69.855,69.780,60.829,87.194,86.270,90.079,81.000,76.458,86.000,59.111,other,0,-1,20,6
7917,54,58.085,55.507,48.346,86.980,85.986,90.091,54.000,75.125,57.000,47.306,other,0,-1,21,6
7918,45,46.727,48.246,44.884,87.187,86.138,90.192,54.000,75.000,47.000,35.306,other,0,-1,22,6
7919,35,40.452,43.883,41.520,87.408,86.305,90.296,45.000,74.917,53.000,32.556,other,0,-1,23,6
7920,52,37.403,41.515,38.999,87.398,86.231,90.351,35.000,74.167,24.000,61.343,other,0,-1,0,0
7921,59,42.803,48.943,46.446,88.144,86.971,90.774,52.000,75.333,32.000,59.743,other,0,-1,1,0
7922,57,49.810,56.758,49.245,88.875,87.695,91.194,59.000,76.458,21.000,61.829,other,0,-1,2,0
7923,64,52.718,59.102,51.680,89.737,88.554,91.641,57.000,77.958,16.000,63.543,other,0,-1,3,0
7924,46,58.884,65.033,57.872,90.772,89.593,92.125,64.000,79.958,22.000,60.000,other,0,-1,4,0
7925,74,50.984,57.740,58.823,91.460,90.273,92.536,46.000,80.958,32.000,77.171,other,0,-1,5,0
7926,64,64.739,74.594,74.169,92.409,91.222,93.001,74.000,82.708,39.000,77.686,other,0,-1,6,0
7927,66,62.688,75.008,79.028,93.111,91.916,93.415,64.000,83.750,34.000,91.543,other,0,-1,7,0
7928,86,72.399,86.310,88.265,93.915,92.715,93.851,66.000,85.083,75.000,101.114,other,0,-1,8,0
7929,79,90.689,107.857,105.030,94.414,93.200,94.222,86.000,85.542,68.000,122.829,other,0,-1,9,0
7930,137,108.389,119.081,109.723,94.914,93.684,94.594,79.000,86.000,93.000,137.200,other,0,-1,10,0
7931,125,138.464,152.509,146.276,95.892,94.663,95.065,137.000,87.833,96.000,150.314,other,0,-1,11,0
7932,177,148.296,151.812,144.212,96.652,95.418,95.492,125.000,89.042,153.000,163.229,other,0,-1,12,0
7933,174,174.555,178.624,178.060,97.340,96.097,95.903,177.000,90.042,130.000,172.800,other,0,-1,13,0
7934,198,173.186,173.868,175.033,98.317,97.076,96.374,174.000,91.875,134.000,172.257,other,0,-1,14,0
7935,174,177.208,179.761,186.288,99.585,98.355,96.906,198.000,94.542,168.000,183.343,other,0,-1,15,0
7936,148,156.064,156.609,162.434,100.012,98.765,97.263,174.000,94.792,143.000,162.143,other,0,-1,16,0
7937,160,136.490,133.737,136.468,100.424,99.159,97.616,148.000,95.000,115.000,148.800,other,0,-1,17,0
7938,116,118.837,119.757,130.160,101.416,100.153,98.091,160.000,96.875,116.000,128.829,other,0,-1,18,0
7939,94,99.293,94.355,98.246,101.757,100.473,98.429,116.000,96.875,81.000,110.171,other,0,-1,19,0
7940,101,83.393,77.280,81.120,102.285,100.987,98.807,94.000,97.417,54.000,85.143,other,0,-1,20,0
7941,76,69.829,68.825,75.252,103.306,102.011,99.288,101.000,99.375,54.000,75.143,other,0,-1,21,0
7942,69,60.476,59.473,63.717,103.965,102.661,99.692,76.000,100.292,45.000,65.229,other,0,-1,22,0
7943,70,56.055,57.165,58.901,104.653,103.340,100.103,69.000,101.292,35.000,63.543,other,0,-1,23,0
7944,62,57.704,59.869,57.658,105.500,104.184,100.548,70.000,102.750,52.000,61.694,other,0,-1,0,1
7945,54,55.541,57.868,55.639,105.819,104.536,100.890,62.000,103.167,59.000,62.000,other,0,-1,1,1
7946,44,56.124,57.544,53.716,105.920,104.663,101.188,54.000,102.958,57.000,62.222,other,0,-1,2,1
7947,60,55.661,55.859,53.189,105.906,104.670,101.461,44.000,102.417,64.000,61.389,other,0,-1,3,1
7948,53,63.409,63.581,59.566,106.022,104.812,101.761,60.000,102.250,46.000,63.583,other,0,-1,4,1
7949,59,62.288,62.652,62.992,106.297,105.119,102.094,53.000,102.542,74.000,65.139,other,0,-1,5,1
7950,78,66.682,68.061,70.977,106.254,105.096,102.361,59.000,101.917,64.000,66.417,other,0,-1,6,1
7951,90,77.235,80.673,84.768,106.631,105.508,102.716,78.000,102.500,66.000,77.639,other,0,-1,7,1
7952,98,90.278,95.077,98.879,107.152,106.069,103.101,90.000,103.500,86.000,91.833,other,0,-1,8,1
7953,91,107.084,112.807,112.876,107.500,106.451,103.450,98.000,104.000,79.000,109.944,other,0,-1,9,1
7954,147,125.189,130.464,120.468,107.848,106.833,103.798,91.000,104.500,137.000,131.361,other,0,-1,10,1
7955,171,152.844,155.862,156.598,108.167,107.185,104.141,147.000,104.917,125.000,148.500,other,0,-1,11,1
7956,152,172.855,172.938,176.937,109.007,108.076,104.592,171.000,106.833,177.000,174.389,other,0,-1,12,1
7957,218,172.118,170.840,169.561,108.819,107.903,104.829,152.000,105.792,174.000,191.778,other,0,-1,13,1
7958,136,200.538,199.384,206.525,109.630,108.765,105.274,218.000,107.625,198.000,190.222,other,0,-1,14,1
7959,199,167.208,160.836,153.342,108.906,108.037,105.399,136.000,105.042,174.000,183.056,other,0,-1,15,1
7960,144,169.253,173.950,178.588,109.442,108.614,105.787,199.000,106.083,148.000,168.806,other,0,-1,16,1
7961,147,146.004,140.894,136.674,109.558,108.756,106.087,144.000,105.917,160.000,158.750,other,0,-1,17,1
7962,123,128.719,125.757,126.620,109.544,108.763,106.360,147.000,105.375,116.000,131.639,other,0,-1,18,1
7963,102,110.983,104.799,106.573,109.819,109.070,106.694,123.000,105.667,94.000,103.944,other,0,-1,19,1
7964,98,94.851,87.369,91.218,110.109,109.392,107.030,102.000,106.000,101.000,92.389,other,0,-1,20,1
7965,72,80.028,76.310,82.792,110.239,109.549,107.334,98.000,105.875,76.000,77.389,other,0,-1,21,1
7966,49,70.251,65.602,68.533,110.355,109.690,107.634,72.000,105.708,69.000,64.944,other,0,-1,22,1
7967,48,63.385,58.183,56.697,110.240,109.593,107.886,49.000,104.875,70.000,62.889,other,0,-1,23,1
7968,54,59.463,57.293,51.561,110.095,109.465,108.131,48.000,103.958,62.000,59.639,other,0,-1,0,2
7969,53,59.022,59.863,56.208,109.856,109.277,108.158,54.000,103.625,54.000,64.167,other,0,-1,1,2
7970,52,60.092,60.727,54.798,109.718,109.194,108.206,53.000,103.583,44.000,56.194,other,0,-1,2,2
7971,51,62.004,61.584,54.897,109.710,109.246,108.282,52.000,103.917,60.000,60.528,other,0,-1,3,2
7972,47,64.083,62.286,56.486,109.457,109.044,108.306,51.000,103.542,53.000,62.444,other,0,-1,4,2
7973,64,66.462,62.638,59.127,109.247,108.886,108.338,47.000,103.292,59.000,62.833,other,0,-1,5,2
7974,62,74.081,69.992,68.178,109.196,108.893,108.405,64.000,103.500,78.000,70.472,other,0,-1,6,2
7975,86,82.549,75.238,75.020,108.841,108.585,108.407,62.000,102.833,90.000,78.639,other,0,-1,7,2
7976,83,97.273,89.424,91.354,108.659,108.458,108.446,86.000,102.667,98.000,89.639,other,0,-1,8,2
7977,92,114.519,105.025,101.628,108.319,108.165,108.452,83.000,102.042,91.000,104.833,other,0,-1,9,2
7978,132,133.206,126.438,116.746,108.210,108.112,108.506,92.000,102.083,147.000,127.694,other,0,-1,10,2
7979,158,151.339,146.310,144.618,107.869,107.819,108.512,132.000,101.458,171.000,145.361,other,0,-1,11,2
7980,150,166.552,163.624,165.561,107.558,107.557,108.523,158.000,100.917,152.000,159.222,other,0,-1,12,2
7981,169,169.551,169.755,166.156,107.405,107.459,108.569,150.000,100.833,218.000,182.222,other,0,-1,13,2
7982,158,171.952,175.512,174.161,106.572,106.657,108.471,169.000,98.792,136.000,185.000,other,0,-1,14,2
7983,146,164.955,168.299,162.554,106.768,106.919,108.589,158.000,99.708,199.000,172.750,other,0,-1,15,2
7984,157,155.535,156.667,146.446,105.877,106.056,108.480,146.000,97.500,144.000,158.694,other,0,-1,16,2
7985,127,144.281,148.086,139.847,105.942,106.183,108.570,157.000,98.042,147.000,148.139,other,0,-1,17,2
7986,127,129.323,126.018,115.237,105.529,105.816,108.561,127.000,97.208,123.000,124.722,other,0,-1,18,2
7987,99,111.138,111.003,105.489,105.463,105.808,108.624,127.000,97.375,102.000,108.833,other,0,-1,19,2
7988,92,96.116,91.265,86.840,105.297,105.695,108.666,99.000,97.250,98.000,89.361,other,0,-1,20,2
7989,82,80.492,78.780,76.967,105.086,105.537,108.699,92.000,97.000,72.000,75.500,other,0,-1,21,2
7990,44,68.801,69.445,66.934,105.108,105.620,108.780,82.000,97.417,49.000,67.139,other,0,-1,22,2
7991,64,62.932,57.177,51.867,104.912,105.477,108.816,44.000,97.208,48.000,62.722,other,0,-1,23,2
7992,85,57.202,60.214,51.672,105.021,105.649,108.915,64.000,97.875,54.000,61.389,other,0,-1,0,3
7993,58,61.015,71.271,65.874,105.142,105.827,108.761,85.000,99.167,53.000,64.194,other,0,-1,1,3
7994,59,56.606,61.882,58.879,104.887,105.616,108.527,58.000,99.375,52.000,65.056,other,0,-1,2,3
7995,48,59.043,63.233,59.029,104.661,105.434,108.300,59.000,99.667,51.000,61.583,other,0,-1,3,3
7996,51,59.195,60.220,58.276,104.289,105.103,108.042,48.000,99.542,47.000,61.250,other,0,-1,4,3
7997,48,63.106,62.248,61.927,104.020,104.876,107.805,51.000,99.708,64.000,63.500,other,0,-1,5,3
7998,78,68.862,64.192,66.040,103.460,104.350,107.508,48.000,99.042,62.000,67.778,other,0,-1,6,3
7999,83,80.168,76.304,80.735,103.364,104.304,107.308,78.000,99.708,86.000,79.889,other,0,-1,7,3
8000,89,93.279,86.120,91.623,102.993,103.972,107.050,83.000,99.583,83.000,92.417,other,0,-1,8,3
8001,95,110.660,102.521,104.801,102.752,103.776,106.820,89.000,99.833,92.000,115.000,other,0,-1,9,3
8002,169,129.383,124.830,119.057,102.468,103.534,106.580,95.000,99.958,132.000,126.583,other,0,-1,10,3
8003,151,154.550,154.910,159.590,102.676,103.802,106.444,169.000,101.500,158.000,145.861,other,0,-1,11,3
8004,169,161.347,164.762,161.171,102.247,103.411,106.174,151.000,101.208,150.000,168.111,other,0,-1,12,3
8005,135,170.677,175.429,173.444,102.195,103.409,105.983,169.000,102.000,169.000,177.472,other,0,-1,13,3
8006,173,165.876,164.025,158.365,101.375,102.613,105.631,135.000,100.583,158.000,176.694,other,0,-1,14,3
8007,168,166.150,170.821,169.641,101.264,102.552,105.428,173.000,101.208,146.000,173.972,other,0,-1,15,3
8008,162,155.046,160.311,158.902,101.255,102.595,105.246,168.000,102.125,157.000,162.111,other,0,-1,16,3
8009,151,139.383,146.703,145.372,101.000,102.384,105.012,162.000,102.333,127.000,150.028,other,0,-1,17,3
8010,103,120.850,129.814,129.094,101.020,102.457,104.836,151.000,103.333,127.000,132.389,other,0,-1,18,3
8011,107,105.385,102.578,99.738,100.345,101.811,104.515,103.000,102.333,99.000,108.528,other,0,-1,19,3
8012,96,86.329,90.356,91.937,100.133,101.644,104.290,107.000,102.667,92.000,100.083,other,0,-1,20,3
8013,75,71.163,77.197,80.398,99.863,101.418,104.054,96.000,102.833,82.000,85.306,other,0,-1,21,3
8014,85,60.463,63.590,68.005,99.434,101.026,103.784,75.000,102.542,44.000,74.778,other,0,-1,22,3
8015,49,51.697,62.821,65.122,99.700,101.355,103.659,85.000,104.250,64.000,70.444,other,0,-1,23,3
8016,59,47.224,49.163,53.157,99.155,100.843,103.365,49.000,103.625,85.000,60.917,other,0,-1,0,4
8017,51,46.265,55.128,51.256,98.493,100.164,102.926,59.000,102.542,58.000,56.972,other,0,-1,1,4
8018,56,46.411,53.512,48.795,98.107,99.770,102.543,51.000,102.250,59.000,51.583,other,0,-1,2,4
8019,45,49.983,56.611,50.120,97.778,99.436,102.173,56.000,102.125,48.000,54.556,other,0,-1,3,4
8020,68,49.650,53.388,49.814,97.449,99.101,101.803,45.000,102.000,51.000,57.139,other,0,-1,4,4
8021,47,58.429,62.956,58.561,97.410,99.067,101.493,68.000,102.708,48.000,54.694,other,0,-1,5,4
8022,51,58.126,57.852,59.152,97.110,98.762,101.129,47.000,102.667,78.000,65.167,other,0,-1,6,4
8023,68,67.334,64.658,67.618,96.434,98.068,100.686,51.000,101.542,83.000,74.667,other,0,-1,7,4
8024,71,80.658,78.940,82.684,95.931,97.554,100.280,68.000,100.917,89.000,86.667,other,0,-1,8,4
8025,116,98.307,96.134,95.638,95.385,96.995,99.864,71.000,100.167,95.000,109.861,other,0,-1,9,4
8026,147,117.371,127.200,127.265,95.404,97.020,99.566,116.000,101.042,169.000,125.222,other,0,-1,10,4
8027,133,139.544,155.461,154.125,94.800,96.401,99.139,147.000,100.125,151.000,147.361,other,0,-1,11,4
8028,188,151.363,159.132,156.421,94.254,95.842,98.723,133.000,99.375,169.000,161.111,other,0,-1,12,4
8029,183,174.099,186.063,187.789,94.244,95.837,98.420,188.000,100.167,135.000,174.694,other,0,-1,13,4
8030,169,174.070,179.190,184.646,94.654,96.267,98.204,183.000,102.167,173.000,178.167,other,0,-1,14,4
8031,127,165.858,164.784,171.404,94.311,95.918,97.830,169.000,102.000,168.000,172.583,other,0,-1,15,4
8032,155,149.044,140.382,140.899,93.431,95.014,97.345,127.000,100.292,162.000,165.472,other,0,-1,16,4
8033,144,132.064,136.728,140.831,93.045,94.620,96.963,155.000,100.000,151.000,138.861,other,0,-1,17,4
8034,143,110.476,118.918,122.422,92.658,94.225,96.581,144.000,99.708,103.000,121.333,other,0,-1,18,4
8035,96,89.432,105.117,109.353,92.952,94.536,96.341,143.000,101.375,107.000,101.944,other,0,-1,19,4
8036,94,75.212,78.585,83.125,92.507,94.081,95.946,96.000,100.917,96.000,84.222,other,0,-1,20,4
8037,78,58.962,67.906,75.012,92.193,93.762,95.579,94.000,100.833,75.000,70.889,other,0,-1,21,4
8038,51,48.133,56.572,65.162,91.951,93.518,95.227,78.000,100.958,85.000,63.889,other,0,-1,22,4
8039,63,41.448,44.894,55.057,91.173,92.718,94.763,51.000,99.542,49.000,57.111,other,0,-1,23,4
8040,54,36.933,47.060,54.061,91.091,92.639,94.444,63.000,100.125,59.000,38.722,other,0,-1,0,5
8041,32,37.764,47.145,35.897,90.990,92.490,94.227,54.000,99.917,51.000,42.139,other,0,-1,1,5
8042,42,35.080,40.825,32.497,90.687,92.130,93.968,32.000,99.125,56.000,43.389,other,0,-1,2,5
8043,39,40.003,46.032,35.694,90.456,91.846,93.724,42.000,98.542,45.000,43.528,other,0,-1,3,5
8044,40,41.660,45.932,37.828,90.341,91.682,93.504,39.000,98.292,68.000,42.111,other,0,-1,4,5
8045,33,44.591,47.445,42.174,89.907,91.188,93.218,40.000,97.125,47.000,43.028,other,0,-1,5,5
8046,51,47.546,47.702,45.983,89.676,90.903,92.974,33.000,96.542,51.000,55.167,other,0,-1,6,5
8047,50,56.969,58.490,58.522,89.648,90.829,92.772,51.000,96.542,68.000,63.917,other,0,-1,7,5
8048,79,68.706,67.169,66.944,89.359,90.485,92.516,50.000,95.792,71.000,81.722,other,0,-1,8,5
8049,95,84.954,89.219,89.071,89.447,90.530,92.339,79.000,96.125,116.000,98.167,other,0,-1,9,5
8050,85,103.679,109.657,107.711,89.115,90.141,92.073,95.000,95.250,147.000,102.556,other,0,-1,10,5
8051,98,121.386,117.457,111.840,88.189,89.137,91.684,85.000,92.667,133.000,122.722,other,0,-1,11,5
8052,107,136.306,130.920,126.263,87.653,88.538,91.377,98.000,91.208,188.000,141.028,other,0,-1,12,5
8053,139,145.541,138.771,135.441,86.452,87.249,90.930,107.000,87.833,183.000,161.333,other,0,-1,13,5
8054,207,152.750,151.078,154.201,85.787,86.515,90.595,139.000,86.000,169.000,179.778,other,0,-1,14,5
8055,149,169.719,182.254,192.187,86.309,87.010,90.508,207.000,87.583,127.000,180.472,other,0,-1,15,5
8056,179,137.821,141.780,144.912,86.599,87.266,90.373,149.000,88.500,155.000,165.833,other,0,-1,16,5
8057,184,124.077,140.967,146.477,86.919,87.551,90.244,179.000,89.500,144.000,148.556,other,0,-1,17,5
8058,89,104.744,127.462,130.214,87.470,88.076,90.164,184.000,91.167,143.000,114.861,other,0,-1,18,5
8059,101,81.086,85.346,74.247,86.660,87.192,89.799,89.000,88.917,96.000,90.528,other,0,-1,19,5
8060,69,62.628,72.471,67.099,86.704,87.193,89.612,101.000,89.125,94.000,74.972,other,0,-1,20,5
8061,53,50.601,55.396,51.596,86.314,86.744,89.335,69.000,88.083,78.000,60.444,other,0,-1,21,5
8062,40,40.455,44.774,43.656,85.924,86.295,89.057,53.000,87.042,51.000,52.389,other,0,-1,22,5
8063,42,33.440,38.121,38.194,85.736,86.055,88.822,40.000,86.583,63.000,44.139,other,0,-1,23,5
8064,25,30.151,37.796,36.264,85.404,85.666,88.557,42.000,85.708,54.000,32.472,other,0,-1,0,6
8065,23,28.847,33.354,27.270,85.234,85.428,88.579,25.000,84.500,32.000,34.500,other,0,-1,1,6
8066,30,30.388,34.925,28.346,85.354,85.489,88.662,23.000,84.125,42.000,33.361,other,0,-1,2,6
8067,36,35.076,39.512,32.154,85.431,85.506,88.735,30.000,83.625,39.000,35.222,other,0,-1,3,6
8068,31,39.840,43.620,37.300,85.637,85.658,88.835,36.000,83.500,40.000,34.028,other,0,-1,4,6
8069,26,40.280,43.306,41.200,85.757,85.719,88.918,31.000,83.125,33.000,36.611,other,0,-1,5,6
8070,49,42.533,44.701,45.988,85.906,85.811,89.006,26.000,82.833,51.000,38.694,other,0,-1,6,6
8071,66,53.251,58.263,60.326,86.127,85.978,89.110,49.000,82.750,50.000,47.194,other,0,-1,7,6
8072,77,65.637,73.568,75.154,86.610,86.414,89.268,66.000,83.417,79.000,59.167,other,0,-1,8,6
8073,93,80.623,89.115,88.652,86.831,86.581,89.372,77.000,83.333,95.000,78.778,other,0,-1,9,6
8074,104,99.636,107.270,104.785,87.052,86.747,89.475,93.000,83.250,85.000,101.278,other,0,-1,10,6
8075,104,118.451,121.216,117.731,87.578,87.229,89.642,104.000,84.042,98.000,121.778,other,0,-1,11,6
8076,139,132.874,127.828,122.465,87.915,87.515,89.770,104.000,84.292,107.000,140.833,other,0,-1,12,6
8077,144,149.176,148.805,147.019,88.629,88.192,89.977,139.000,85.625,139.000,148.472,other,0,-1,13,6
8078,202,153.026,151.583,149.770,88.951,88.463,90.101,144.000,85.833,207.000,156.639,other,0,-1,14,6
8079,150,167.698,177.917,186.697,89.129,88.585,90.196,202.000,85.625,149.000,153.306,other,0,-1,15,6
8080,147,137.828,141.879,141.538,89.394,88.796,90.309,150.000,85.667,179.000,133.083,other,0,-1,16,6
8081,112,121.173,127.951,127.400,89.181,88.513,90.321,147.000,84.333,184.000,123.667,other,0,-1,17,6
8082,105,103.527,104.811,95.578,88.388,87.630,90.213,112.000,81.333,89.000,102.583,other,0,-1,18,6
8083,104,85.385,87.121,79.234,88.870,88.067,90.371,105.000,82.000,101.000,79.889,other,0,-1,19,6
8084,62,68.604,72.290,67.668,89.164,88.308,90.490,104.000,82.125,69.000,59.111,other,0,-1,20,6
8085,60,57.535,55.852,50.610,89.313,88.400,90.578,62.000,81.833,53.000,47.306,other,0,-1,21,6
8086,34,47.010,48.755,46.806,89.664,88.701,90.709,60.000,82.125,40.000,35.306,other,0,-1,22,6
8087,26,40.761,40.885,40.597,89.828,88.808,90.801,34.000,81.875,42.000,32.556,other,0,-1,23,6
8088,48,37.166,38.466,38.451,89.846,88.765,90.862,26.000,81.208,25.000,61.343,other,0,-1,0,0
8089,60,42.238,46.406,46.056,90.520,89.429,91.270,48.000,82.167,23.000,59.743,other,0,-1,1,0
8090,63,51.001,56.333,49.852,91.396,90.303,91.720,60.000,83.708,30.000,61.829,other,0,-1,2,0
8091,61,56.629,61.423,53.369,92.214,91.118,92.159,63.000,85.083,36.000,63.543,other,0,-1,3,0
8092,56,57.832,62.557,57.177,92.916,91.812,92.573,61.000,86.125,31.000,60.000,other,0,-1,4,0
8093,55,55.941,61.759,61.525,93.619,92.506,92.987,56.000,87.167,26.000,77.171,other,0,-1,5,0
8094,69,56.522,64.319,68.097,94.379,93.261,93.413,55.000,88.375,49.000,77.686,other,0,-1,6,0
8095,72,64.975,76.649,80.603,95.009,93.880,93.812,69.000,89.208,66.000,91.543,other,0,-1,7,0
8096,86,74.101,88.050,90.383,95.436,94.289,94.168,72.000,89.458,77.000,101.114,other,0,-1,8,0
8097,105,91.241,107.350,104.904,95.907,94.744,94.534,86.000,89.833,93.000,122.829,other,0,-1,9,0
8098,130,112.604,128.352,122.072,96.421,95.243,94.909,105.000,90.333,104.000,137.200,other,0,-1,10,0
8099,119,136.248,148.732,142.365,97.137,95.953,95.326,130.000,91.417,104.000,150.314,other,0,-1,11,0
8100,133,147.623,149.279,140.947,97.695,96.497,95.709,119.000,92.042,139.000,163.229,other,0,-1,12,0
8101,138,159.691,157.500,150.850,97.948,96.727,96.030,133.000,91.792,144.000,172.800,other,0,-1,13,0
8102,182,163.815,159.032,152.571,98.201,96.956,96.350,138.000,91.542,202.000,172.257,other,0,-1,14,0
8103,183,169.851,172.229,175.621,98.252,96.976,96.628,182.000,90.708,150.000,183.343,other,0,-1,15,0
8104,160,157.925,161.762,168.050,99.070,97.790,97.066,183.000,92.083,147.000,162.143,other,0,-1,16,0
8105,172,136.405,138.625,142.972,99.599,98.305,97.444,160.000,92.625,112.000,148.800,other,0,-1,17,0
8106,128,120.326,124.721,135.984,100.808,99.524,97.964,172.000,95.125,105.000,128.829,other,0,-1,18,0
8107,107,97.617,97.756,101.792,101.481,100.188,98.372,128.000,96.083,104.000,110.171,other,0,-1,19,0
8108,104,81.488,80.512,83.754,101.865,100.553,98.719,107.000,96.208,62.000,85.143,other,0,-1,20,0
8109,65,69.355,70.999,74.524,102.814,101.502,99.185,104.000,97.958,60.000,75.143,other,0,-1,21,0
8110,85,59.511,58.725,59.415,103.226,101.896,99.538,65.000,98.167,34.000,65.229,other,0,-1,22,0
8111,62,59.458,63.827,60.781,104.305,102.980,100.031,85.000,100.292,26.000,63.543,other,0,-1,23,0
8112,63,55.029,58.264,54.353,105.167,103.840,100.478,62.000,101.792,48.000,61.694,other,0,-1,0,1
8113,53,55.601,59.382,54.100,105.558,104.266,100.836,63.000,102.417,60.000,62.000,other,0,-1,1,1
8114,51,55.575,58.242,51.849,105.631,104.363,101.127,53.000,102.125,63.000,62.222,other,0,-1,2,1
8115,65,57.699,59.444,52.987,105.631,104.385,101.403,51.000,101.625,61.000,61.389,other,0,-1,3,1
8116,66,65.457,66.606,59.298,105.863,104.647,101.728,65.000,101.792,56.000,63.583,other,0,-1,4,1
8117,69,66.780,68.487,64.868,106.182,104.999,102.070,66.000,102.208,55.000,65.139,other,0,-1,5,1
8118,74,69.498,72.429,72.754,106.558,105.411,102.425,69.000,102.792,69.000,66.417,other,0,-1,6,1
8119,83,76.027,80.159,82.933,106.805,105.688,102.752,74.000,103.000,72.000,77.639,other,0,-1,7,1
8120,79,88.642,93.843,96.012,107.138,106.054,103.098,83.000,103.458,86.000,91.833,other,0,-1,8,1
8121,125,104.780,110.048,105.230,107.210,106.151,103.389,79.000,103.167,105.000,109.944,other,0,-1,9,1
8122,138,130.939,136.399,135.695,107.674,106.653,103.762,125.000,104.000,130.000,131.361,other,0,-1,10,1
8123,158,150.434,153.789,152.073,107.964,106.975,104.098,138.000,104.333,119.000,148.500,other,0,-1,11,1
8124,163,168.384,168.659,169.905,108.703,107.761,104.529,158.000,105.958,133.000,174.389,other,0,-1,12,1
8125,162,175.555,174.505,175.918,109.311,108.413,104.932,163.000,107.208,138.000,191.778,other,0,-1,13,1
8126,149,175.514,173.559,173.886,109.833,108.975,105.317,162.000,108.208,182.000,190.222,other,0,-1,14,1
8127,162,168.273,164.669,160.517,109.529,108.682,105.529,149.000,106.833,183.000,183.056,other,0,-1,15,1
8128,174,160.516,159.637,157.797,109.399,108.569,105.778,162.000,105.958,160.000,168.806,other,0,-1,16,1
8129,136,147.856,150.417,151.943,109.775,108.981,106.133,174.000,106.542,172.000,158.750,other,0,-1,17,1
8130,115,128.368,124.435,121.591,109.428,108.643,106.336,136.000,105.042,128.000,131.639,other,0,-1,18,1
8131,107,111.135,104.802,103.620,109.413,108.650,106.609,115.000,104.500,107.000,103.944,other,0,-1,19,1
8132,75,93.904,89.186,93.028,109.587,108.852,106.921,107.000,104.500,104.000,92.389,other,0,-1,20,1
8133,61,81.792,74.103,76.227,109.341,108.619,107.146,75.000,103.292,65.000,77.389,other,0,-1,21,1
8134,58,70.791,64.804,65.735,109.457,108.761,107.446,61.000,103.125,85.000,64.944,other,0,-1,22,1
8135,61,63.065,60.804,58.271,109.240,108.558,107.677,58.000,102.000,62.000,62.889,other,0,-1,23,1
8136,55,60.787,61.655,54.090,109.399,108.745,107.986,61.000,101.958,63.000,59.639,other,0,-1,0,2
8137,185,58.881,60.667,55.868,109.160,108.557,108.013,55.000,101.625,53.000,64.167,inside,1,0,1,2
8138,130,151.215,131.503,88.101,110.949,110.468,108.464,185.000,107.125,51.000,56.194,inside,1,1,2,2
8139,132,105.625,98.450,72.731,111.970,111.585,108.754,130.000,110.417,65.000,60.528,inside,1,2,3,2
8140,173,111.369,100.155,76.080,112.818,112.521,109.007,132.000,113.208,66.000,62.444,inside,1,3,4,2
8141,167,158.668,125.686,94.060,114.244,114.058,109.382,173.000,117.667,69.000,62.833,inside,1,4,5,2
8142,212,153.704,120.303,100.163,115.541,115.459,109.730,167.000,121.750,74.000,70.472,inside,1,5,6,2
8143,75,208.985,150.367,128.341,117.416,117.460,110.198,212.000,127.500,83.000,78.639,after,1,6,7,2
8144,74,97.073,88.620,89.773,117.177,117.272,110.225,75.000,127.167,79.000,89.639,after,1,7,8,2
8145,124,114.700,105.527,99.769,116.981,117.129,110.261,74.000,126.958,125.000,104.833,after,1,8,9,2
8146,105,135.407,126.574,129.584,116.844,117.047,110.309,124.000,126.917,138.000,127.694,after,1,9,10,2
8147,144,149.262,145.947,132.268,116.242,116.484,110.260,105.000,125.542,158.000,145.361,after,1,10,11,2
8148,190,164.051,160.794,157.000,115.916,116.207,110.269,144.000,124.958,163.000,159.222,after,1,11,12,2
8149,138,181.020,178.931,182.967,116.184,116.543,110.402,190.000,126.083,162.000,182.222,after,1,12,13,2
8150,148,166.948,167.532,157.247,115.713,116.116,110.380,138.000,125.083,149.000,185.000,after,1,13,14,2
8151,172,163.454,166.125,156.427,115.575,116.033,110.428,148.000,125.042,162.000,172.750,after,1,14,15,2
8152,155,158.145,166.042,159.136,115.597,116.115,110.510,172.000,125.458,174.000,158.694,after,1,15,16,2
8153,163,144.270,149.603,140.340,115.198,115.763,110.503,155.000,124.667,136.000,148.139,after,1,16,17,2
8154,142,128.365,139.285,133.536,115.466,116.100,110.636,163.000,125.792,115.000,124.722,after,1,17,18,2
8155,123,110.166,118.269,114.404,115.734,116.437,110.769,142.000,126.917,107.000,108.833,after,1,18,19,2
8156,87,93.346,99.761,98.032,115.843,116.609,110.868,123.000,127.583,75.000,89.361,after,1,19,20,2
8157,82,80.995,80.107,77.394,115.893,116.721,110.956,87.000,128.083,61.000,75.500,after,1,20,21,2
8158,50,68.802,71.550,68.770,116.074,116.968,111.070,82.000,128.958,58.000,67.139,after,1,21,22,2
8159,66,62.158,59.940,54.284,115.835,116.780,111.097,50.000,128.625,61.000,62.722,after,1,22,23,2
8160,55,57.807,62.363,53.327,115.784,116.787,111.163,66.000,128.833,55.000,61.389,after,1,23,0,3
8161,55,55.551,61.029,59.879,115.456,116.501,110.915,55.000,128.833,185.000,64.194,after,1,24,1,3
8162,75,56.937,61.729,58.206,113.245,114.266,110.273,55.000,123.417,130.000,65.056,after,1,25,2,3
8163,56,66.570,70.314,62.334,112.121,113.155,109.858,75.000,121.125,132.000,61.583,after,1,26,3,3
8164,87,62.167,63.482,59.765,110.692,111.729,109.379,56.000,117.958,173.000,61.250,after,1,27,4,3
8165,69,76.080,75.734,70.148,109.119,110.153,108.870,87.000,114.375,167.000,63.500,after,1,28,5,3
8166,60,71.979,69.950,70.900,107.372,108.398,108.325,69.000,110.292,212.000,67.778,after,1,29,6,3
8167,83,79.373,72.466,75.449,104.842,105.833,107.617,60.000,103.958,75.000,79.889,other,0,-1,7,3
8168,84,93.693,86.191,91.561,104.630,105.666,107.392,83.000,104.292,74.000,92.417,other,0,-1,8,3
8169,111,111.251,102.190,103.371,104.447,105.530,107.174,84.000,104.708,124.000,115.000,other,0,-1,9,3
8170,122,130.010,125.356,125.395,103.931,105.048,106.886,111.000,104.167,105.000,126.583,other,0,-1,10,3
8171,134,147.053,146.914,141.409,103.850,105.017,106.689,122.000,104.875,144.000,145.861,other,0,-1,11,3
8172,199,159.990,161.446,155.171,103.377,104.580,106.410,134.000,104.458,190.000,168.111,other,0,-1,12,3
8173,178,182.443,186.480,187.476,103.180,104.429,106.188,199.000,104.833,138.000,177.472,other,0,-1,13,3
8174,220,173.794,178.060,178.168,103.432,104.742,106.061,178.000,106.500,148.000,176.694,other,0,-1,14,3
8175,159,182.180,194.634,193.699,104.147,105.535,106.030,220.000,109.500,172.000,173.972,other,0,-1,15,3
8176,160,155.029,157.183,155.909,103.631,105.054,105.742,159.000,108.958,155.000,162.111,other,0,-1,16,3
8177,160,140.208,145.899,145.069,103.376,104.842,105.508,160.000,109.167,163.000,150.028,other,0,-1,17,3
8178,130,121.594,133.143,133.057,103.005,104.511,105.251,160.000,109.042,142.000,132.389,other,0,-1,18,3
8179,117,103.142,108.873,109.392,102.503,104.044,104.966,130.000,108.542,123.000,108.528,other,0,-1,19,3
8180,87,85.550,92.666,94.778,102.089,103.668,104.699,117.000,108.292,87.000,100.083,other,0,-1,20,3
8181,27,72.581,73.366,77.253,101.761,103.382,104.450,87.000,108.292,82.000,85.306,inside,-1,0,21,3
8182,21,67.902,54.191,56.813,100.636,102.271,104.035,27.000,106.000,50.000,74.778,inside,-1,1,22,3
8183,30,57.127,46.295,51.217,99.889,101.550,103.699,21.000,104.792,66.000,70.444,inside,-1,2,23,3
8184,29,48.250,43.686,49.280,99.039,100.723,103.341,30.000,103.292,55.000,60.917,after,-1,3,0,4
8185,44,43.310,44.385,45.830,98.378,100.044,102.901,29.000,102.208,55.000,56.972,after,-1,4,1,4
8186,68,44.994,49.767,47.316,97.933,99.590,102.507,44.000,101.750,75.000,51.583,after,-1,5,2,4
8187,66,54.149,60.432,52.089,97.546,99.196,102.125,68.000,101.458,56.000,54.556,after,-1,6,3,4
8188,40,55.928,60.489,53.766,97.406,99.056,101.794,66.000,101.875,87.000,57.139,after,-1,7,4,4
8189,53,52.114,52.234,51.883,96.439,98.062,101.290,40.000,99.917,69.000,54.694,after,-1,8,5,4
8190,51,58.956,58.908,60.219,95.922,97.533,100.881,53.000,99.250,60.000,65.167,after,-1,9,6,4
8191,73,67.686,64.269,67.393,95.507,97.109,100.493,51.000,98.875,83.000,74.667,after,-1,10,7,4
8192,77,81.127,80.044,84.377,95.077,96.669,100.101,73.000,98.458,84.000,86.667,after,-1,11,8,4
8193,99,98.555,97.435,98.256,94.690,96.275,99.719,77.000,98.167,111.000,109.861,after,-1,12,9,4
8194,132,117.419,122.950,120.629,94.231,95.806,99.321,99.000,97.667,122.000,125.222,after,-1,13,10,4
8195,137,137.479,150.349,148.080,94.090,95.666,98.991,132.000,98.083,134.000,147.361,after,-1,14,11,4
8196,177,152.667,161.231,159.635,93.848,95.422,98.639,137.000,98.208,199.000,161.111,after,-1,15,12,4
8197,189,170.287,180.312,183.423,93.244,94.803,98.211,177.000,97.292,178.000,174.694,after,-1,16,13,4
8198,173,176.234,182.748,188.537,93.118,94.678,97.883,189.000,97.750,220.000,178.167,after,-1,17,14,4
8199,160,166.626,166.589,173.657,92.152,93.684,97.380,173.000,95.792,159.000,172.583,after,-1,18,15,4
8200,160,151.673,150.986,156.794,91.881,93.410,97.022,160.000,95.833,160.000,165.472,after,-1,19,16,4
8201,112,132.468,138.409,143.520,91.596,93.121,96.660,160.000,95.833,160.000,138.861,after,-1,20,17,4
8202,124,111.957,110.267,109.390,90.615,92.112,96.154,112.000,93.833,130.000,121.333,after,-1,21,18,4
8203,120,90.640,98.156,101.890,90.243,91.732,95.775,124.000,93.583,117.000,101.944,after,-1,22,19,4
8204,75,71.981,84.568,90.130,90.001,91.488,95.423,120.000,93.708,87.000,84.222,after,-1,23,20,4
8205,45,61.137,62.009,69.585,89.542,91.019,95.025,75.000,93.208,27.000,70.889,after,-1,24,21,4
8206,55,51.809,47.984,57.509,89.517,90.999,94.719,45.000,93.958,21.000,63.889,after,-1,25,22,4
8207,62,40.688,44.934,55.322,89.725,91.219,94.460,55.000,95.375,30.000,57.111,after,-1,26,23,4
8208,49,36.520,45.718,53.373,89.903,91.410,94.196,62.000,96.708,29.000,38.722,other,0,-1,0,5
8209,33,36.166,43.970,34.929,90.165,91.635,94.055,49.000,97.542,44.000,42.139,other,0,-1,1,5
8210,45,34.829,40.030,32.631,89.977,91.396,93.820,33.000,97.083,68.000,43.389,other,0,-1,2,5
8211,43,40.646,46.162,36.222,89.616,90.977,93.549,45.000,96.125,66.000,43.528,other,0,-1,3,5
8212,46,42.618,46.532,38.607,89.255,90.557,93.277,43.000,95.167,40.000,42.111,other,0,-1,4,5
8213,44,46.081,48.947,43.614,89.313,90.573,93.094,46.000,95.417,53.000,43.028,other,0,-1,5,5
8214,41,49.026,50.588,48.948,89.155,90.364,92.865,44.000,95.042,51.000,55.167,other,0,-1,6,5
8215,54,55.851,55.045,55.293,88.982,90.139,92.633,41.000,94.625,73.000,63.917,other,0,-1,7,5
8216,66,68.406,67.971,68.372,88.679,89.780,92.374,54.000,93.833,77.000,81.722,other,0,-1,8,5
8217,101,84.789,84.368,83.090,88.491,89.541,92.139,66.000,93.375,99.000,98.167,other,0,-1,9,5
8218,125,104.036,112.333,110.803,88.492,89.496,91.943,101.000,93.458,132.000,102.556,other,0,-1,10,5
8219,142,124.533,136.187,134.504,88.362,89.317,91.720,125.000,93.167,137.000,122.722,other,0,-1,11,5
8220,178,142.366,152.101,152.572,88.407,89.317,91.534,142.000,93.375,177.000,141.028,other,0,-1,12,5
8221,158,162.230,175.234,180.114,88.393,89.258,91.335,178.000,93.417,189.000,161.333,other,0,-1,13,5
8222,170,158.477,159.801,165.997,87.916,88.719,91.040,158.000,92.125,173.000,179.778,other,0,-1,14,5
8223,146,156.220,159.765,167.926,87.844,88.599,90.829,170.000,92.000,160.000,180.472,other,0,-1,15,5
8224,161,140.125,140.312,142.888,87.613,88.315,90.585,146.000,91.417,160.000,165.833,other,0,-1,16,5
8225,120,122.779,133.019,136.494,87.600,88.256,90.386,161.000,91.458,112.000,148.556,other,0,-1,17,5
8226,132,102.225,106.034,100.623,87.688,88.301,90.209,120.000,91.792,124.000,114.861,other,0,-1,18,5
8227,89,81.722,93.292,90.957,87.775,88.347,90.031,132.000,92.125,120.000,90.528,other,0,-1,19,5
8228,64,67.834,70.292,66.101,87.298,87.808,89.736,89.000,90.833,75.000,74.972,other,0,-1,20,5
8229,64,55.411,54.950,53.449,87.111,87.568,89.501,64.000,90.375,45.000,60.444,other,0,-1,21,5
8230,57,43.180,47.653,49.133,87.358,87.779,89.357,64.000,91.167,55.000,52.389,other,0,-1,22,5
8231,32,36.349,43.122,44.756,87.359,87.734,89.161,57.000,91.250,62.000,44.139,other,0,-1,23,5
8232,33,32.238,35.893,38.497,86.896,87.210,88.869,32.000,90.000,49.000,32.472,other,0,-1,0,6
8233,30,32.548,36.899,31.482,86.915,87.167,88.930,33.000,89.333,33.000,34.500,other,0,-1,1,6
8234,31,34.084,38.400,32.423,87.121,87.318,89.031,30.000,89.208,45.000,33.361,other,0,-1,2,6
8235,30,37.077,40.873,35.009,87.169,87.305,89.098,31.000,88.625,43.000,35.222,other,0,-1,3,6
8236,31,39.253,42.042,38.308,87.231,87.307,89.168,30.000,88.083,46.000,34.028,other,0,-1,4,6
8237,39,41.948,44.043,43.231,87.264,87.278,89.233,31.000,87.458,44.000,36.611,other,0,-1,5,6
8238,46,47.299,49.817,51.345,87.442,87.400,89.327,39.000,87.250,41.000,38.694,other,0,-1,6,6
8239,45,54.346,57.614,60.592,87.764,87.672,89.452,46.000,87.458,54.000,47.194,other,0,-1,7,6
8240,38,64.988,66.023,67.771,87.884,87.733,89.534,45.000,87.083,66.000,59.167,other,0,-1,8,6
8241,81,82.229,75.270,72.368,87.729,87.510,89.559,38.000,85.917,101.000,78.778,other,0,-1,9,6
8242,117,100.192,101.021,98.616,87.689,87.407,89.608,81.000,85.083,125.000,101.278,other,0,-1,10,6
8243,116,122.022,127.723,125.266,87.824,87.484,89.694,117.000,84.750,142.000,121.778,other,0,-1,11,6
8244,96,136.038,132.910,129.461,87.698,87.290,89.725,116.000,83.667,178.000,140.833,other,0,-1,12,6
8245,136,142.375,130.550,119.501,86.760,86.258,89.586,96.000,80.250,158.000,148.472,other,0,-1,13,6
8246,159,150.538,148.338,143.984,86.692,86.124,89.629,136.000,79.333,170.000,156.639,other,0,-1,14,6
8247,131,150.247,154.549,155.437,86.782,86.156,89.706,159.000,78.875,146.000,153.306,other,0,-1,15,6
8248,138,135.144,136.661,129.484,86.815,86.128,89.770,131.000,78.250,161.000,133.083,other,0,-1,16,6
8249,130,119.839,126.343,122.244,86.733,85.980,89.810,138.000,77.292,120.000,123.667,other,0,-1,17,6
8250,112,101.496,108.748,103.511,87.128,86.326,89.950,130.000,77.708,132.000,102.583,other,0,-1,18,6
8251,84,84.080,89.119,81.530,87.088,86.223,89.999,112.000,76.875,89.000,79.889,other,0,-1,19,6
8252,68,69.583,70.930,61.783,87.266,86.345,90.094,84.000,76.667,64.000,59.111,other,0,-1,20,6
8253,35,56.693,57.918,51.373,87.574,86.601,90.215,68.000,76.833,64.000,47.306,other,0,-1,21,6
8254,44,48.444,46.416,41.579,87.404,86.363,90.237,35.000,75.625,57.000,35.306,other,0,-1,22,6
8255,22,40.701,44.372,41.194,87.466,86.365,90.308,44.000,75.083,32.000,32.556,other,0,-1,23,6
8256,55,36.818,38.995,36.783,87.572,86.411,90.387,22.000,74.667,33.000,61.343,other,0,-1,0,0
8257,67,43.918,50.899,46.688,88.231,87.061,90.792,55.000,75.583,30.000,59.743,other,0,-1,1,0
8258,82,53.909,61.673,50.763,89.107,87.935,91.242,67.000,77.125,31.000,61.829,other,0,-1,2,0
8259,60,68.119,74.315,57.744,90.186,89.019,91.735,82.000,79.250,30.000,63.543,other,0,-1,3,0
8260,61,56.670,63.632,56.622,90.961,89.788,92.164,60.000,80.500,31.000,60.000,other,0,-1,4,0
8261,74,57.817,65.803,62.741,91.735,90.557,92.593,61.000,81.750,39.000,77.171,other,0,-1,5,0
8262,63,64.753,75.289,74.050,92.583,91.402,93.038,74.000,83.208,46.000,77.686,other,0,-1,6,0
8263,105,62.328,75.161,78.567,93.169,91.976,93.428,63.000,83.917,45.000,91.543,other,0,-1,7,0
8264,93,87.263,105.678,104.280,94.378,93.195,93.947,105.000,86.417,38.000,101.114,other,0,-1,8,0
8265,80,92.394,111.757,108.219,95.515,94.339,94.452,93.000,88.708,81.000,122.829,other,0,-1,9,0
8266,121,108.369,120.317,110.203,95.841,94.644,94.788,80.000,88.667,117.000,137.200,other,0,-1,10,0
8267,163,132.893,145.558,137.337,96.239,95.023,95.138,121.000,88.833,116.000,150.314,other,0,-1,11,0
8268,192,161.885,171.020,166.845,97.260,96.047,95.619,163.000,90.792,96.000,163.229,other,0,-1,12,0
8269,132,183.698,188.291,187.854,98.991,97.806,96.248,192.000,94.792,136.000,172.800,other,0,-1,13,0
8270,170,163.396,157.008,148.866,99.273,98.066,96.574,132.000,94.625,159.000,172.257,other,0,-1,14,0
8271,186,166.375,166.526,167.871,99.773,98.550,96.945,170.000,95.083,131.000,183.343,other,0,-1,15,0
8272,137,159.290,162.931,170.201,100.910,99.694,97.450,186.000,97.375,138.000,162.143,other,0,-1,16,0
8273,136,136.094,132.461,130.687,101.236,99.999,97.786,137.000,97.333,130.000,148.800,other,0,-1,17,0
8274,116,117.760,115.985,118.867,101.663,100.408,98.142,136.000,97.583,112.000,128.829,other,0,-1,18,0
8275,95,99.755,96.107,98.962,102.061,100.788,98.493,116.000,97.750,84.000,110.171,other,0,-1,19,0
8276,83,83.954,79.152,82.197,102.560,101.272,98.864,95.000,98.208,68.000,85.143,other,0,-1,20,0
8277,86,70.409,67.257,71.421,103.118,101.817,99.248,83.000,98.833,35.000,75.143,other,0,-1,21,0
8278,74,61.807,63.279,67.132,104.197,102.901,99.741,86.000,100.958,44.000,65.229,other,0,-1,22,0
8279,46,57.402,59.984,61.199,104.972,103.670,100.170,74.000,102.208,22.000,63.543,other,0,-1,23,0
8280,63,52.278,52.950,53.709,105.659,104.349,100.581,46.000,103.208,55.000,61.694,other,0,-1,0,1
8281,77,56.143,59.118,56.864,105.949,104.671,100.918,63.000,103.542,67.000,62.000,other,0,-1,1,1
8282,61,66.119,68.127,59.512,106.268,105.023,101.260,77.000,103.958,82.000,62.222,other,0,-1,2,1
8283,71,62.133,63.257,57.435,106.138,104.910,101.509,61.000,103.083,60.000,61.389,other,0,-1,3,1
8284,56,68.909,69.131,62.942,106.471,105.277,101.855,71.000,103.542,61.000,63.583,other,0,-1,4,1
8285,67,63.429,64.524,64.475,106.573,105.404,102.152,56.000,103.333,74.000,65.139,other,0,-1,5,1
8286,60,69.041,71.605,73.843,106.645,105.501,102.443,67.000,103.042,63.000,66.417,other,0,-1,6,1
8287,75,73.581,76.067,80.036,106.776,105.658,102.746,60.000,102.917,105.000,77.639,other,0,-1,7,1
8288,90,87.293,91.654,94.080,106.515,105.410,102.968,75.000,101.667,93.000,91.833,other,0,-1,8,1
8289,83,105.456,111.448,109.941,106.645,105.567,103.271,90.000,101.542,80.000,109.944,other,0,-1,9,1
8290,121,124.517,129.766,117.135,106.863,105.814,103.592,83.000,101.667,121.000,131.361,other,0,-1,10,1
8291,137,145.438,150.014,143.337,107.037,106.015,103.905,121.000,101.667,163.000,148.500,other,0,-1,11,1
8292,170,161.322,162.737,158.159,106.834,105.828,104.138,137.000,100.583,192.000,174.389,other,0,-1,12,1
8293,216,177.243,176.891,179.321,106.689,105.700,104.384,170.000,99.667,132.000,191.778,other,0,-1,13,1
8294,196,199.451,198.218,205.030,108.080,107.161,104.951,216.000,103.167,170.000,190.222,other,0,-1,14,1
8295,186,179.743,182.057,187.057,108.631,107.752,105.342,196.000,104.250,186.000,183.056,other,0,-1,15,1
8296,171,165.238,167.562,171.155,108.805,107.954,105.654,186.000,104.250,137.000,168.806,other,0,-1,16,1
8297,150,147.870,147.820,150.496,109.471,108.666,106.069,171.000,105.667,136.000,158.750,other,0,-1,17,1
8298,122,128.781,125.286,127.764,109.848,109.078,106.424,150.000,106.250,116.000,131.639,other,0,-1,18,1
8299,123,110.710,103.101,105.753,110.109,109.370,106.754,122.000,106.500,95.000,103.944,other,0,-1,19,1
8300,98,92.947,89.182,97.472,110.688,109.991,107.151,123.000,107.667,83.000,92.389,other,0,-1,20,1
8301,98,79.382,74.728,81.750,111.080,110.418,107.509,98.000,108.292,86.000,77.389,other,0,-1,21,1
8302,57,70.259,70.369,74.477,111.427,110.800,107.858,98.000,108.792,74.000,64.944,other,0,-1,22,1
8303,61,62.387,58.413,57.653,111.355,110.747,108.119,57.000,108.083,46.000,62.889,other,0,-1,23,1
8304,51,60.324,59.897,54.185,111.746,111.174,108.476,61.000,108.708,63.000,59.639,other,0,-1,0,2
8305,49,58.278,58.228,54.854,111.449,110.926,108.491,51.000,108.208,77.000,64.167,other,0,-1,1,2
8306,66,59.050,58.792,53.288,110.920,110.438,108.457,49.000,107.042,61.000,56.194,other,0,-1,2,2
8307,66,65.957,66.062,56.749,110.869,110.446,108.524,66.000,107.250,71.000,60.528,other,0,-1,3,2
8308,67,68.346,66.969,58.740,110.674,110.303,108.560,66.000,107.042,56.000,62.444,other,0,-1,4,2
8309,75,71.017,68.273,62.764,110.710,110.400,108.644,67.000,107.500,67.000,62.833,other,0,-1,5,2
8310,84,76.994,72.893,70.371,110.702,110.452,108.719,75.000,107.833,60.000,70.472,other,0,-1,6,2
8311,87,86.097,79.929,80.743,110.927,110.744,108.843,84.000,108.833,75.000,78.639,other,0,-1,7,2
8312,98,98.442,89.506,91.699,110.977,110.856,108.930,87.000,109.333,90.000,89.639,other,0,-1,8,2
8313,101,115.862,105.885,107.083,110.970,110.908,109.006,98.000,109.667,83.000,104.833,other,0,-1,9,2
8314,136,134.116,126.217,120.586,111.107,111.110,109.111,101.000,110.417,121.000,127.694,other,0,-1,10,2
8315,137,152.920,146.676,146.853,111.201,111.267,109.208,136.000,111.042,137.000,145.361,other,0,-1,11,2
8316,169,163.748,161.057,156.266,111.078,111.200,109.259,137.000,111.042,170.000,159.222,other,0,-1,12,2
8317,187,174.207,174.210,175.879,110.940,111.117,109.307,169.000,111.000,216.000,182.222,other,0,-1,13,2
8318,199,177.547,181.780,183.794,110.397,110.614,109.270,187.000,109.792,196.000,185.000,other,0,-1,14,2
8319,230,174.741,183.766,183.728,110.317,110.591,109.330,199.000,109.917,186.000,172.750,other,0,-1,15,2
8320,174,177.744,194.226,189.978,110.831,111.183,109.514,230.000,111.750,171.000,158.694,other,0,-1,16,2
8321,190,146.877,154.062,148.404,110.751,111.160,109.574,174.000,111.875,150.000,148.139,other,0,-1,17,2
8322,117,132.487,149.213,143.490,111.207,111.692,109.747,190.000,113.542,122.000,124.722,other,0,-1,18,2
8323,107,112.899,107.927,100.738,111.012,111.550,109.782,117.000,113.333,123.000,108.833,other,0,-1,19,2
8324,107,95.573,91.660,88.232,110.656,111.242,109.785,107.000,112.667,98.000,89.361,other,0,-1,20,2
8325,60,79.732,81.325,79.876,110.664,111.309,109.863,107.000,113.042,98.000,75.500,other,0,-1,21,2
8326,87,71.249,63.361,59.026,109.990,110.672,109.800,60.000,111.458,57.000,67.139,other,0,-1,22,2
8327,67,62.493,66.362,59.605,110.301,111.053,109.941,87.000,112.708,61.000,62.722,other,0,-1,23,2
8328,55,58.111,59.458,50.121,110.265,111.076,110.011,67.000,112.958,51.000,61.389,other,0,-1,0,3
8329,76,55.720,58.593,57.262,109.995,110.849,109.774,55.000,113.125,49.000,64.194,other,0,-1,1,3
8330,57,62.254,67.692,60.056,110.058,110.967,109.607,76.000,114.250,66.000,65.056,other,0,-1,2,3
8331,64,59.441,61.529,56.557,109.600,110.546,109.331,57.000,113.875,66.000,61.583,other,0,-1,3,3
8332,77,63.844,64.969,59.740,109.244,110.230,109.077,64.000,113.792,67.000,61.250,other,0,-1,4,3
8333,59,70.598,70.659,66.312,109.061,110.093,108.858,77.000,114.208,75.000,63.500,other,0,-1,5,3
8334,68,70.898,66.619,67.732,108.501,109.567,108.561,59.000,113.542,84.000,67.778,other,0,-1,6,3
8335,81,80.882,74.021,77.553,107.942,109.041,108.264,68.000,112.875,87.000,79.889,other,0,-1,7,3
8336,92,95.098,86.138,91.189,107.527,108.664,107.997,81.000,112.625,98.000,92.417,other,0,-1,8,3
8337,114,112.666,103.375,106.679,107.113,108.288,107.730,92.000,112.375,101.000,115.000,other,0,-1,9,3
8338,103,131.742,126.413,127.571,106.973,108.196,107.521,114.000,112.917,136.000,126.583,other,0,-1,10,3
8339,154,147.740,146.760,135.755,106.168,107.415,107.173,103.000,111.542,137.000,145.861,other,0,-1,11,3
8340,162,164.493,166.173,165.200,106.086,107.384,106.975,154.000,112.250,169.000,168.111,other,0,-1,12,3
8341,155,171.831,173.618,173.324,105.657,106.992,106.706,162.000,111.958,187.000,177.472,other,0,-1,13,3
8342,146,170.377,169.946,169.507,104.866,106.226,106.360,155.000,110.625,199.000,176.694,other,0,-1,14,3
8343,169,163.305,161.530,159.469,103.770,105.145,105.951,146.000,108.417,230.000,173.972,other,0,-1,15,3
8344,176,155.697,160.600,159.874,102.559,103.944,105.518,169.000,105.875,174.000,162.111,other,0,-1,16,3
8345,149,141.011,152.541,151.970,102.260,103.688,105.275,176.000,105.958,190.000,150.028,other,0,-1,17,3
8346,125,120.623,129.182,128.082,101.339,102.787,104.903,149.000,104.250,117.000,132.389,other,0,-1,18,3
8347,110,102.511,108.078,107.367,101.127,102.620,104.678,125.000,104.583,107.000,108.528,other,0,-1,19,3
8348,80,85.407,91.406,92.249,100.843,102.379,104.439,110.000,104.708,107.000,100.083,other,0,-1,20,3
8349,64,72.775,72.787,74.896,100.124,101.688,104.108,80.000,103.583,60.000,85.306,other,0,-1,21,3
8350,54,61.188,60.907,64.255,99.854,101.461,103.872,64.000,103.750,87.000,74.778,other,0,-1,22,3
8351,65,52.250,53.087,56.746,99.048,100.680,103.523,54.000,102.375,67.000,70.444,other,0,-1,23,3
8352,52,46.846,53.602,55.035,98.692,100.364,103.269,65.000,102.292,55.000,60.917,other,0,-1,0,4
8353,64,44.598,52.561,48.689,98.363,100.029,102.898,52.000,102.167,76.000,56.972,other,0,-1,1,4
8354,57,49.315,58.541,50.017,97.904,99.560,102.501,64.000,101.667,57.000,51.583,other,0,-1,2,4
8355,57,49.971,56.945,49.181,97.619,99.271,102.140,57.000,101.667,64.000,54.556,other,0,-1,3,4
8356,62,52.422,57.748,51.257,97.232,98.876,101.757,57.000,101.375,77.000,57.139,other,0,-1,4,4
8357,48,56.315,60.461,56.263,96.729,98.362,101.351,62.000,100.750,59.000,54.694,other,0,-1,5,4
8358,49,57.835,58.017,58.703,96.285,97.908,100.957,48.000,100.292,68.000,65.167,other,0,-1,6,4
8359,88,66.981,64.127,66.606,95.724,97.334,100.538,49.000,99.500,81.000,74.667,other,0,-1,7,4
8360,86,81.294,84.297,89.440,95.540,97.149,100.198,88.000,99.792,92.000,86.667,other,0,-1,8,4
8361,103,97.458,99.138,101.358,95.168,96.770,99.819,86.000,99.542,114.000,109.861,other,0,-1,9,4
8362,145,116.690,123.384,121.688,94.723,96.316,99.424,103.000,99.083,103.000,125.222,other,0,-1,10,4
8363,151,139.213,154.544,153.139,95.046,96.656,99.190,145.000,100.833,154.000,147.361,other,0,-1,11,4
8364,166,154.501,166.089,164.952,94.717,96.321,98.820,151.000,100.708,162.000,161.111,other,0,-1,12,4
8365,161,166.931,174.095,176.488,94.490,96.092,98.471,166.000,100.875,155.000,174.694,other,0,-1,13,4
8366,212,168.567,167.980,173.048,94.292,95.893,98.128,161.000,101.125,146.000,178.167,other,0,-1,14,4
8367,174,179.395,188.889,193.851,94.962,96.593,97.967,212.000,103.875,169.000,172.583,other,0,-1,15,4
8368,158,154.063,157.007,163.832,94.750,96.378,97.621,174.000,104.083,176.000,165.472,other,0,-1,16,4
8369,147,132.504,137.839,142.723,94.203,95.819,97.205,158.000,103.333,149.000,138.861,other,0,-1,17,4
8370,113,110.467,119.825,123.816,93.889,95.500,96.838,147.000,103.250,125.000,121.333,other,0,-1,18,4
8371,115,91.641,95.619,98.043,93.430,95.030,96.440,113.000,102.750,110.000,101.944,other,0,-1,19,4
8372,87,72.512,83.261,88.478,93.217,94.816,96.094,115.000,102.958,80.000,84.222,other,0,-1,20,4
8373,89,59.456,65.229,72.385,93.033,94.631,95.754,87.000,103.250,64.000,70.889,other,0,-1,21,4
8374,60,47.373,59.388,66.760,93.110,94.717,95.469,89.000,104.292,54.000,63.889,other,0,-1,22,4
8375,61,40.649,46.567,55.808,92.912,94.517,95.126,60.000,104.542,65.000,57.111,other,0,-1,23,4
8376,40,36.743,45.485,52.605,92.568,94.168,94.753,61.000,104.375,52.000,38.722,other,0,-1,0,5
8377,41,34.796,40.725,32.992,92.366,93.914,94.515,40.000,103.875,64.000,42.139,other,0,-1,1,5
8378,44,37.025,42.898,33.571,92.005,93.495,94.243,41.000,102.917,57.000,43.389,other,0,-1,2,5
8379,41,40.692,45.735,35.665,91.789,93.225,94.002,44.000,102.375,57.000,43.528,other,0,-1,3,5
8380,50,42.331,45.758,37.901,91.529,92.911,93.752,41.000,101.708,62.000,42.111,other,0,-1,4,5
8381,39,47.776,50.593,44.368,91.327,92.657,93.514,50.000,101.208,48.000,43.028,other,0,-1,5,5
8382,46,48.386,49.010,47.458,91.168,92.447,93.285,39.000,100.833,49.000,55.167,other,0,-1,6,5
8383,45,56.463,56.594,56.866,91.097,92.328,93.075,46.000,100.708,88.000,63.917,other,0,-1,7,5
8384,62,68.711,65.618,65.152,90.446,91.609,92.743,45.000,98.917,86.000,81.722,other,0,-1,8,5
8385,95,84.984,83.121,81.576,90.070,91.175,92.469,62.000,97.917,103.000,98.167,other,0,-1,9,5
8386,114,103.787,109.555,108.028,89.926,90.980,92.243,95.000,97.583,145.000,102.556,other,0,-1,10,5
8387,133,123.119,130.313,128.631,89.449,90.441,91.947,114.000,96.292,151.000,122.722,other,0,-1,11,5
8388,147,140.582,147.032,147.783,89.160,90.097,91.691,133.000,95.542,166.000,141.028,other,0,-1,12,5
8389,155,152.899,156.281,160.579,88.857,89.738,91.432,147.000,94.750,161.000,161.333,other,0,-1,13,5
8390,154,157.808,158.241,165.062,88.742,89.573,91.212,155.000,94.500,212.000,179.778,other,0,-1,14,5
8391,152,152.475,152.375,158.387,87.873,88.629,90.835,154.000,92.083,174.000,180.472,other,0,-1,15,5
8392,127,139.450,142.654,146.413,87.527,88.225,90.567,152.000,91.167,158.000,165.833,other,0,-1,16,5
8393,151,120.336,122.855,118.807,87.049,87.686,90.271,127.000,89.875,147.000,148.556,other,0,-1,17,5
8394,114,100.400,114.763,114.220,87.079,87.672,90.082,151.000,90.042,113.000,114.861,other,0,-1,18,5
8395,94,81.895,89.692,83.947,87.066,87.612,89.883,114.000,90.083,115.000,90.528,other,0,-1,19,5
8396,84,66.070,71.771,66.987,86.733,87.223,89.618,94.000,89.208,87.000,74.972,other,0,-1,20,5
8397,70,51.994,59.194,57.314,86.662,87.104,89.407,84.000,89.083,89.000,60.444,other,0,-1,21,5
8398,45,41.987,49.683,49.584,86.358,86.744,89.148,70.000,88.292,60.000,52.389,other,0,-1,22,5
8399,38,35.592,40.573,41.892,86.113,86.445,88.901,45.000,87.667,61.000,44.139,other,0,-1,23,5
8400,31,31.634,38.050,38.610,85.752,86.026,88.630,38.000,86.708,40.000,32.472,other,0,-1,0,6
8401,26,31.450,37.005,30.822,85.872,86.087,88.712,31.000,86.333,41.000,34.500,other,0,-1,1,6
8402,26,32.425,37.691,31.347,85.905,86.059,88.777,26.000,85.708,44.000,33.361,other,0,-1,2,6
8403,24,34.943,39.638,33.680,85.894,85.986,88.832,26.000,84.958,41.000,35.222,other,0,-1,3,6
8404,35,36.834,40.366,36.687,85.898,85.928,88.890,24.000,84.250,50.000,34.028,other,0,-1,4,6
8405,29,42.553,46.164,44.006,85.931,85.899,88.954,35.000,83.625,39.000,36.611,other,0,-1,5,6
8406,34,44.385,46.687,48.254,86.037,85.946,89.034,29.000,83.208,46.000,38.694,other,0,-1,6,6
8407,44,51.975,53.887,56.426,86.113,85.963,89.107,34.000,82.708,45.000,47.194,other,0,-1,7,6
8408,53,64.147,65.946,67.231,86.349,86.144,89.214,44.000,82.667,62.000,59.167,other,0,-1,8,6
8409,91,80.470,79.956,78.320,86.469,86.206,89.296,53.000,82.292,95.000,78.778,other,0,-1,9,6
8410,90,100.295,106.098,103.744,86.661,86.343,89.394,91.000,82.125,114.000,101.278,other,0,-1,10,6
8411,118,117.773,113.999,109.674,86.564,86.179,89.431,90.000,81.125,133.000,121.778,other,0,-1,11,6
8412,166,135.525,134.181,130.771,86.597,86.151,89.495,118.000,80.500,147.000,140.833,other,0,-1,12,6
8413,117,157.580,164.225,165.576,87.122,86.632,89.662,166.000,81.292,155.000,148.472,other,0,-1,13,6
8414,137,148.724,141.000,131.803,86.822,86.259,89.657,117.000,79.708,154.000,156.639,other,0,-1,14,6
8415,164,147.161,145.637,140.780,86.826,86.201,89.715,137.000,79.000,152.000,153.306,other,0,-1,15,6
8416,127,139.600,147.225,150.479,87.250,86.578,89.861,164.000,79.500,127.000,133.083,other,0,-1,16,6
8417,140,120.324,123.039,116.148,87.500,86.774,89.970,127.000,79.500,151.000,123.667,other,0,-1,17,6
8418,83,102.279,110.225,108.339,87.591,86.806,90.047,140.000,79.042,114.000,102.583,other,0,-1,18,6
8419,81,88.124,85.276,71.752,87.392,86.538,90.063,83.000,77.750,94.000,79.889,other,0,-1,19,6
8420,66,70.903,70.014,61.345,87.454,86.539,90.133,81.000,77.208,84.000,59.111,other,0,-1,20,6
8421,52,57.725,57.080,51.364,87.444,86.466,90.188,66.000,76.458,70.000,47.306,other,0,-1,21,6
8422,32,47.737,48.239,45.087,87.433,86.393,90.243,52.000,75.708,45.000,35.306,other,0,-1,22,6
8423,37,41.271,41.492,39.853,87.495,86.395,90.314,32.000,75.167,38.000,32.556,other,0,-1,23,6
8424,39,38.304,42.285,39.855,87.731,86.576,90.420,37.000,75.125,31.000,61.343,other,0,-1,0,0
8425,74,39.669,44.090,44.173,88.187,87.016,90.783,39.000,75.458,26.000,59.743,other,0,-1,1,0
8426,51,57.948,64.799,53.135,89.223,88.055,91.267,74.000,77.458,26.000,61.829,other,0,-1,2,0
8427,79,50.047,56.163,50.671,89.925,88.749,91.681,51.000,78.500,24.000,63.543,other,0,-1,3,0
8428,69,68.665,73.958,62.330,91.062,89.893,92.185,79.000,80.792,35.000,60.000,other,0,-1,4,0
8429,53,62.390,69.613,65.586,91.895,90.722,92.627,69.000,82.208,29.000,77.171,other,0,-1,5,0
8430,58,55.372,64.282,67.847,92.583,91.402,93.038,53.000,83.208,34.000,77.686,other,0,-1,6,0
8431,80,61.227,72.584,77.189,93.270,92.081,93.449,58.000,84.208,44.000,91.543,other,0,-1,7,0
8432,84,75.797,92.180,93.865,94.132,92.940,93.896,80.000,85.708,53.000,101.114,other,0,-1,8,0
8433,116,90.566,107.273,104.254,94.921,93.725,94.328,84.000,87.000,91.000,122.829,other,0,-1,9,0
8434,123,115.312,133.920,127.732,95.624,94.419,94.742,116.000,88.042,90.000,137.200,other,0,-1,10,0
8435,135,133.742,145.951,138.389,96.442,95.233,95.180,123.000,89.417,118.000,150.314,other,0,-1,11,0
8436,158,150.757,156.297,149.875,97.028,95.808,95.570,135.000,90.125,166.000,163.229,other,0,-1,12,0
8437,199,165.957,168.714,165.793,97.253,96.007,95.884,158.000,89.792,117.000,172.800,other,0,-1,13,0
8438,192,185.557,188.529,191.497,98.781,97.556,96.471,199.000,93.208,137.000,172.257,other,0,-1,14,0
8439,178,174.238,176.531,182.222,99.918,98.700,96.976,192.000,95.500,164.000,183.343,other,0,-1,15,0
8440,195,157.126,158.496,165.011,100.461,99.229,97.357,178.000,96.083,127.000,162.143,other,0,-1,16,0
8441,150,146.239,150.190,164.131,101.786,100.568,97.901,195.000,98.917,140.000,148.800,other,0,-1,17,0
8442,106,118.140,117.195,125.195,102.271,101.038,98.269,150.000,99.333,83.000,128.829,other,0,-1,18,0
8443,91,100.015,93.246,94.312,102.944,101.702,98.677,106.000,100.292,81.000,110.171,other,0,-1,19,0
8444,94,83.660,76.878,79.957,103.430,102.172,99.046,91.000,100.708,66.000,85.143,other,0,-1,20,0
8445,78,69.762,67.061,73.049,104.175,102.911,99.469,94.000,101.875,52.000,75.143,other,0,-1,21,0
8446,53,60.827,59.372,63.737,104.892,103.620,99.886,78.000,102.958,32.000,65.229,other,0,-1,22,0
8447,67,54.415,52.281,55.075,105.537,104.255,100.288,53.000,103.833,37.000,63.543,other,0,-1,23,0
8448,59,57.077,57.746,56.318,106.311,105.024,100.717,67.000,105.083,39.000,61.694,other,0,-1,0,1
8449,59,54.985,55.948,54.468,106.775,105.526,101.090,59.000,105.917,74.000,62.000,other,0,-1,1,1
8450,57,58.131,58.625,54.035,106.732,105.503,101.357,59.000,105.292,51.000,62.222,other,0,-1,2,1
8451,34,60.423,60.015,55.193,106.993,105.794,101.687,57.000,105.542,79.000,61.389,other,0,-1,3,1
8452,65,55.507,53.672,53.660,106.515,105.322,101.864,34.000,103.667,69.000,63.583,other,0,-1,4,1
8453,50,66.658,66.569,65.172,106.631,105.464,102.164,65.000,103.500,53.000,65.139,other,0,-1,5,1
8454,71,65.075,64.888,68.241,106.761,105.621,102.467,50.000,103.375,58.000,66.417,other,0,-1,6,1
8455,76,75.760,78.107,82.287,107.123,106.017,102.819,71.000,103.917,80.000,77.639,other,0,-1,7,1
8456,93,88.019,91.154,93.704,107.239,106.159,103.119,76.000,103.750,84.000,91.833,other,0,-1,8,1
8457,120,106.578,111.526,110.676,107.544,106.496,103.459,93.000,104.125,116.000,109.944,other,0,-1,9,1
8458,144,129.433,134.731,133.255,107.776,106.758,103.783,120.000,104.292,123.000,131.361,other,0,-1,10,1
8459,148,151.946,154.927,154.982,108.254,107.275,104.159,144.000,105.167,135.000,148.500,other,0,-1,11,1
8460,140,164.780,165.441,164.261,108.616,107.671,104.511,148.000,105.708,158.000,174.389,other,0,-1,12,1
8461,191,169.952,167.383,162.970,108.529,107.604,104.768,140.000,104.958,199.000,191.778,other,0,-1,13,1
8462,170,185.125,185.044,190.363,108.587,107.686,105.057,191.000,104.625,192.000,190.222,other,0,-1,14,1
8463,169,172.155,171.214,172.015,108.442,107.558,105.302,170.000,103.708,178.000,183.056,other,0,-1,15,1
8464,180,161.816,161.451,161.455,108.486,107.625,105.587,169.000,103.333,195.000,168.806,other,0,-1,16,1
8465,127,148.871,151.984,155.070,108.443,107.602,105.854,180.000,102.708,150.000,158.750,other,0,-1,17,1
8466,109,128.937,122.116,117.585,108.283,107.459,106.097,127.000,101.750,106.000,131.639,other,0,-1,18,1
8467,79,111.735,103.224,101.143,108.501,107.706,106.419,109.000,101.875,91.000,103.944,other,0,-1,19,1
8468,94,97.239,85.511,83.959,108.501,107.728,106.695,79.000,101.375,94.000,92.389,other,0,-1,20,1
8469,72,79.828,75.500,81.555,108.675,107.929,107.007,94.000,101.375,78.000,77.389,other,0,-1,21,1
8470,67,69.855,65.377,68.346,108.762,108.041,107.301,72.000,101.125,53.000,64.944,other,0,-1,22,1
8471,48,63.255,61.786,61.096,109.139,108.453,107.656,67.000,101.708,67.000,62.889,other,0,-1,23,1
8472,49,59.198,56.939,51.914,109.037,108.370,107.911,48.000,100.917,59.000,59.639,other,0,-1,0,2
8473,54,58.218,58.052,54.951,108.769,108.153,107.931,49.000,100.500,59.000,64.167,other,0,-1,1,2
8474,46,60.036,60.665,54.693,108.573,108.010,107.967,54.000,100.292,57.000,56.194,other,0,-1,2,2
8475,67,60.468,59.314,53.512,108.291,107.777,107.985,46.000,99.833,34.000,60.528,other,0,-1,3,2
8476,54,68.365,67.470,59.585,108.646,108.204,108.136,67.000,101.208,65.000,62.444,other,0,-1,4,2
8477,61,67.360,64.344,60.520,108.363,107.971,108.154,54.000,100.750,50.000,62.833,other,0,-1,5,2
8478,64,73.398,69.065,67.523,108.399,108.068,108.238,61.000,101.208,71.000,70.472,other,0,-1,6,2
8479,73,82.468,75.543,75.626,108.174,107.896,108.268,64.000,100.917,76.000,78.639,other,0,-1,7,2
8480,111,96.653,87.618,87.456,108.007,107.783,108.310,73.000,100.792,93.000,89.639,other,0,-1,8,2
8481,104,115.971,107.324,111.584,108.145,107.985,108.416,111.000,101.542,120.000,104.833,other,0,-1,9,2
8482,138,133.182,126.022,121.234,107.790,107.677,108.418,104.000,100.875,144.000,127.694,other,0,-1,10,2
8483,152,152.152,146.528,146.972,107.580,107.520,108.451,138.000,100.625,148.000,145.361,other,0,-1,11,2
8484,145,165.079,162.591,162.307,107.514,107.512,108.514,152.000,100.792,140.000,159.222,other,0,-1,12,2
8485,180,168.684,168.743,163.330,107.463,107.519,108.581,145.000,101.000,191.000,182.222,other,0,-1,13,2
8486,215,174.317,179.161,179.361,107.181,107.286,108.598,180.000,100.542,170.000,185.000,other,0,-1,14,2
8487,161,179.893,191.556,191.565,107.709,107.893,108.786,215.000,102.417,169.000,172.750,other,0,-1,15,2
8488,187,157.312,161.019,153.804,107.470,107.705,108.812,161.000,102.083,180.000,158.694,other,0,-1,16,2
8489,162,147.330,159.721,154.566,107.448,107.742,108.885,187.000,102.375,127.000,148.139,other,0,-1,17,2
8490,132,128.929,135.760,130.445,107.832,108.199,109.042,162.000,103.833,109.000,124.722,other,0,-1,18,2
8491,96,111.383,111.656,106.952,108.042,108.476,109.162,132.000,104.792,79.000,108.833,other,0,-1,19,2
8492,94,96.796,89.990,84.848,108.165,108.663,109.265,96.000,105.500,94.000,89.361,other,0,-1,20,2
8493,106,80.624,78.297,76.305,108.042,108.596,109.316,94.000,105.500,72.000,75.500,other,0,-1,21,2
8494,62,69.003,76.130,72.404,108.411,109.038,109.470,106.000,106.917,67.000,67.139,other,0,-1,22,2
8495,64,61.788,59.838,54.514,108.215,108.895,109.506,62.000,106.708,48.000,62.722,other,0,-1,23,2
8496,59,57.680,59.283,50.381,108.324,109.067,109.605,64.000,107.375,49.000,61.389,other,0,-1,0,3
8497,75,56.034,60.478,59.022,108.141,108.930,109.387,59.000,107.792,54.000,64.194,other,0,-1,1,3
8498,83,61.496,67.860,60.832,108.117,108.959,109.202,75.000,108.667,46.000,65.056,other,0,-1,2,3
8499,46,67.777,72.630,62.719,108.326,109.227,109.065,83.000,110.208,67.000,61.583,other,0,-1,3,3
8500,73,59.465,59.249,56.920,107.694,108.626,108.753,46.000,109.333,54.000,61.250,other,0,-1,4,3
8501,81,68.673,69.375,66.036,107.641,108.624,108.562,73.000,110.125,61.000,63.500,other,0,-1,5,3
8502,80,74.687,73.563,73.660,107.603,108.637,108.373,81.000,110.958,64.000,67.778,other,0,-1,6,3
8503,84,81.589,76.975,81.214,107.507,108.591,108.173,80.000,111.625,73.000,79.889,other,0,-1,7,3
8504,83,94.636,86.575,92.237,107.339,108.469,107.958,84.000,112.083,111.000,92.417,other,0,-1,8,3
8505,108,112.159,102.436,103.405,106.606,107.763,107.625,83.000,110.917,104.000,115.000,other,0,-1,9,3
8506,113,130.749,125.617,124.765,106.336,107.537,107.388,108.000,111.083,138.000,126.583,other,0,-1,10,3
8507,120,147.398,146.742,138.661,105.646,106.876,107.064,113.000,110.042,152.000,145.861,other,0,-1,11,3
8508,180,159.433,159.619,150.547,104.855,106.109,106.718,120.000,108.708,145.000,168.111,other,0,-1,12,3
8509,171,175.719,179.210,180.071,105.034,106.348,106.575,180.000,110.167,180.000,177.472,other,0,-1,13,3
8510,169,172.869,175.276,175.678,104.576,105.926,106.300,171.000,109.792,215.000,176.694,other,0,-1,14,3
8511,219,166.530,169.171,169.004,103.582,104.950,105.912,169.000,107.875,161.000,173.972,other,0,-1,15,3
8512,161,170.041,186.283,184.492,104.095,105.533,105.839,219.000,110.292,187.000,162.111,other,0,-1,16,3
8513,155,140.034,146.325,145.391,103.390,104.857,105.511,161.000,109.208,162.000,150.028,other,0,-1,17,3
8514,118,121.230,131.274,130.701,102.961,104.466,105.241,155.000,108.917,132.000,132.389,other,0,-1,18,3
8515,103,103.485,105.590,104.507,102.431,103.969,104.950,118.000,108.333,96.000,108.528,other,0,-1,19,3
8516,111,86.422,88.638,89.460,102.204,103.788,104.723,103.000,108.625,94.000,100.083,other,0,-1,20,3
8517,93,69.387,82.291,83.372,102.123,103.756,104.526,111.000,109.333,106.000,85.306,other,0,-1,21,3
8518,69,58.540,68.821,70.877,101.607,103.275,104.238,93.000,108.792,62.000,74.778,other,0,-1,22,3
8519,65,51.254,56.341,59.504,101.381,103.094,104.010,69.000,109.083,64.000,70.444,other,0,-1,23,3
8520,69,46.926,52.908,54.583,101.068,102.822,103.765,65.000,109.125,59.000,60.917,other,0,-1,0,4
8521,49,47.941,58.386,51.577,100.927,102.683,103.434,69.000,109.542,75.000,56.972,other,0,-1,1,4
8522,53,45.479,52.111,47.021,100.265,102.004,102.994,49.000,108.458,83.000,51.583,other,0,-1,2,4
8523,41,48.889,54.854,48.218,99.545,101.264,102.542,53.000,107.208,46.000,54.556,other,0,-1,3,4
8524,55,48.526,51.515,47.937,99.187,100.900,102.166,41.000,107.000,73.000,57.139,other,0,-1,4,4
8525,75,54.626,57.541,54.548,98.641,100.341,101.750,55.000,106.250,81.000,54.694,other,0,-1,5,4
8526,48,63.641,66.954,65.607,98.269,99.962,101.371,75.000,106.000,80.000,65.167,other,0,-1,6,4
8527,72,67.235,63.765,66.402,97.520,99.192,100.913,48.000,104.667,84.000,74.667,other,0,-1,7,4
8528,83,80.833,79.827,84.015,97.061,98.723,100.516,72.000,104.167,83.000,86.667,other,0,-1,8,4
8529,97,98.025,98.608,100.613,96.776,98.434,100.155,83.000,104.167,108.000,109.861,other,0,-1,9,4
8530,108,117.180,122.208,119.856,96.331,97.980,99.760,97.000,103.708,113.000,125.222,other,0,-1,10,4
8531,138,135.445,142.592,137.182,95.973,97.615,99.384,108.000,103.500,120.000,147.361,other,0,-1,11,4
8532,131,152.835,161.158,160.274,95.949,97.596,99.077,138.000,104.250,180.000,161.111,other,0,-1,12,4
8533,147,160.611,159.521,161.199,94.954,96.572,98.568,131.000,102.208,171.000,174.694,other,0,-1,13,4
8534,198,166.011,161.850,167.376,94.321,95.923,98.134,147.000,101.208,169.000,178.167,other,0,-1,14,4
8535,181,174.604,179.582,186.818,94.455,96.068,97.861,198.000,102.417,219.000,172.583,other,0,-1,15,4
8536,132,155.023,160.090,167.117,93.620,95.209,97.385,181.000,100.833,161.000,165.472,other,0,-1,16,4
8537,114,129.783,129.685,130.667,92.914,94.485,96.936,132.000,99.625,155.000,138.861,other,0,-1,17,4
8538,104,110.065,111.199,109.864,92.035,93.581,96.451,114.000,97.917,118.000,121.333,other,0,-1,18,4
8539,98,91.087,94.072,94.383,91.547,93.081,96.047,104.000,97.333,103.000,101.944,other,0,-1,19,4
8540,76,73.004,79.069,82.642,91.189,92.717,95.671,98.000,97.125,111.000,84.222,other,0,-1,20,4
8541,71,59.437,62.919,68.953,90.397,91.903,95.204,76.000,95.667,93.000,70.889,other,0,-1,21,4
8542,61,47.101,53.830,61.902,89.793,91.284,94.776,71.000,94.750,69.000,63.889,other,0,-1,22,4
8543,58,39.328,46.726,55.239,89.392,90.875,94.391,61.000,94.417,65.000,57.111,other,0,-1,23,4
8544,42,35.363,44.269,51.279,89.005,90.480,94.008,58.000,94.125,69.000,38.722,other,0,-1,0,5
8545,42,33.897,41.111,32.990,88.586,90.001,93.725,42.000,93.000,49.000,42.139,other,0,-1,1,5
8546,27,36.155,43.009,33.549,88.456,89.822,93.502,42.000,92.708,53.000,43.389,other,0,-1,2,5
8547,28,34.993,39.100,32.328,88.051,89.358,93.222,27.000,91.625,41.000,43.528,other,0,-1,3,5
8548,22,37.733,40.747,35.078,87.835,89.088,92.981,28.000,91.083,55.000,42.111,other,0,-1,4,5
8549,37,39.851,40.591,37.642,87.329,88.519,92.679,22.000,89.708,75.000,43.028,other,0,-1,5,5
8550,49,46.952,48.123,46.645,86.750,87.875,92.363,37.000,88.125,48.000,55.167,other,0,-1,6,5
8551,59,55.675,57.308,57.529,86.737,87.816,92.164,49.000,88.167,72.000,63.917,other,0,-1,7,5
8552,67,67.610,69.469,70.017,86.520,87.546,91.923,59.000,87.625,83.000,81.722,other,0,-1,8,5
8553,120,83.720,84.678,83.276,86.260,87.232,91.673,67.000,86.958,97.000,98.167,other,0,-1,9,5
8554,102,106.338,122.286,121.181,86.565,87.502,91.541,120.000,87.917,108.000,102.556,other,0,-1,10,5
8555,128,121.376,124.572,120.657,86.450,87.338,91.321,102.000,87.667,138.000,122.722,other,0,-1,11,5
8556,175,139.054,144.359,143.408,86.277,87.114,91.089,128.000,87.250,131.000,141.028,other,0,-1,12,5
8557,176,160.787,173.083,177.837,86.887,87.699,91.021,175.000,89.083,147.000,161.333,other,0,-1,13,5
8558,147,163.224,169.733,177.781,87.279,88.059,90.907,176.000,90.292,198.000,179.778,other,0,-1,14,5
8559,144,152.453,149.426,153.481,86.512,87.220,90.551,147.000,88.167,181.000,180.472,other,0,-1,15,5
8560,141,139.929,139.702,141.367,85.948,86.591,90.237,144.000,86.625,132.000,165.833,other,0,-1,16,5
8561,133,121.669,126.400,125.744,86.050,86.652,90.063,141.000,87.000,114.000,148.556,other,0,-1,17,5
8562,96,101.365,109.193,106.136,86.297,86.862,89.919,133.000,87.792,104.000,114.861,other,0,-1,18,5
8563,109,85.072,86.172,78.208,86.153,86.668,89.693,96.000,87.458,98.000,90.528,other,0,-1,19,5
8564,69,65.338,74.444,71.938,86.284,86.758,89.524,109.000,87.917,76.000,74.972,other,0,-1,20,5
8565,60,54.399,55.978,54.720,86.155,86.579,89.301,69.000,87.625,71.000,60.444,other,0,-1,21,5
8566,32,43.149,46.981,48.585,85.967,86.340,89.066,60.000,87.167,61.000,52.389,other,0,-1,22,5
8567,42,36.839,37.412,40.767,85.519,85.830,88.777,32.000,85.958,58.000,44.139,other,0,-1,23,5
8568,39,32.318,38.725,40.274,85.259,85.516,88.527,42.000,85.292,42.000,32.472,other,0,-1,0,6
8569,23,33.591,39.229,32.872,85.466,85.668,88.628,39.000,85.167,42.000,34.500,other,0,-1,1,6
8570,18,32.221,36.103,31.381,85.441,85.579,88.680,23.000,84.375,27.000,33.361,other,0,-1,2,6
8571,33,33.383,36.239,32.633,85.561,85.641,88.762,18.000,84.000,28.000,35.222,other,0,-1,3,6
8572,33,40.081,43.445,39.209,85.884,85.913,88.887,33.000,84.208,22.000,34.028,other,0,-1,4,6
8573,27,42.352,45.011,43.956,86.293,86.274,89.030,33.000,84.667,37.000,36.611,other,0,-1,5,6
8574,34,44.501,45.778,48.050,86.399,86.321,89.109,27.000,84.250,49.000,38.694,other,0,-1,6,6
8575,43,52.491,53.692,56.672,86.432,86.292,89.173,34.000,83.625,59.000,47.194,other,0,-1,7,6
8576,69,64.691,65.429,66.987,86.450,86.249,89.235,43.000,82.958,67.000,59.167,other,0,-1,8,6
8577,75,81.373,85.652,85.301,86.729,86.476,89.350,69.000,83.042,120.000,78.778,other,0,-1,9,6
8578,102,99.685,98.531,95.480,86.328,85.998,89.324,75.000,81.167,102.000,101.278,other,0,-1,10,6
8579,120,119.528,119.619,116.230,86.578,86.194,89.434,102.000,81.167,128.000,121.778,other,0,-1,11,6
8580,111,136.639,135.016,131.759,86.712,86.271,89.519,120.000,80.833,175.000,140.833,other,0,-1,12,6
8581,145,144.357,136.052,128.341,86.036,85.508,89.435,111.000,78.167,176.000,148.472,other,0,-1,13,6
8582,192,152.336,152.184,149.823,85.837,85.240,89.451,145.000,76.875,147.000,156.639,other,0,-1,14,6
8583,160,161.745,171.490,178.921,86.739,86.111,89.697,192.000,78.750,144.000,153.306,other,0,-1,15,6
8584,171,139.070,145.336,147.812,87.221,86.548,89.855,160.000,79.417,141.000,133.083,other,0,-1,16,6
8585,124,124.082,135.468,141.764,87.906,87.194,90.055,171.000,80.667,133.000,123.667,other,0,-1,17,6
8586,100,101.878,106.111,100.455,88.026,87.256,90.138,124.000,80.292,96.000,102.583,other,0,-1,18,6
8587,70,84.837,85.901,76.786,88.334,87.512,90.259,100.000,80.458,109.000,79.889,other,0,-1,19,6
8588,60,70.842,67.865,57.940,88.019,87.124,90.251,70.000,78.833,69.000,59.111,other,0,-1,20,6
8589,53,57.060,54.961,49.448,88.139,87.186,90.333,60.000,78.458,60.000,47.306,other,0,-1,21,6
8590,35,46.682,46.802,44.587,88.288,87.277,90.422,53.000,78.167,32.000,35.306,other,0,-1,22,6
8591,26,40.324,40.418,39.768,88.582,87.519,90.541,35.000,78.292,42.000,32.556,other,0,-1,23,6
8592,78,36.788,37.809,37.431,88.600,87.476,90.602,26.000,77.625,39.000,61.343,other,0,-1,0,0
8593,77,54.127,59.352,51.860,89.505,88.380,91.058,78.000,79.250,23.000,59.743,other,0,-1,1,0
8594,47,59.786,64.943,53.537,90.628,89.509,91.560,77.000,81.500,18.000,61.829,other,0,-1,2,0
8595,49,48.255,52.760,49.498,91.388,90.263,91.986,47.000,82.708,33.000,63.543,other,0,-1,3,0
8596,64,51.317,55.866,54.080,91.960,90.823,92.373,49.000,83.375,33.000,60.000,other,0,-1,4,0
8597,58,59.570,65.424,63.829,92.749,91.607,92.805,64.000,84.667,27.000,77.171,other,0,-1,5,0
8598,59,57.267,65.325,69.159,93.539,92.391,93.237,58.000,85.958,34.000,77.686,other,0,-1,6,0
8599,94,61.548,71.948,77.408,94.241,93.085,93.651,59.000,87.000,43.000,91.543,other,0,-1,7,0
8600,113,81.484,98.174,99.639,95.320,94.170,94.144,94.000,89.125,69.000,101.114,other,0,-1,8,0
8601,119,100.429,120.225,117.706,96.298,95.149,94.616,113.000,90.958,75.000,122.829,other,0,-1,9,0
8602,121,116.904,135.201,129.401,97.275,96.128,95.087,119.000,92.792,102.000,137.200,other,0,-1,10,0
8603,151,133.665,145.029,137.412,97.891,96.732,95.483,121.000,93.583,120.000,150.314,other,0,-1,11,0
8604,148,156.659,163.971,159.537,98.680,97.516,95.915,151.000,94.875,111.000,163.229,other,0,-1,12,0
8605,161,163.671,163.773,159.763,99.556,98.391,96.365,148.000,96.417,145.000,172.800,other,0,-1,13,0
8606,174,169.470,167.996,166.711,100.128,98.950,96.752,161.000,97.083,192.000,172.257,other,0,-1,14,0
8607,172,167.743,168.233,170.474,100.208,99.000,97.036,174.000,96.333,160.000,183.343,other,0,-1,15,0
8608,138,155.521,157.059,161.316,100.722,99.499,97.411,172.000,96.833,171.000,162.143,other,0,-1,16,0
8609,147,136.012,133.227,131.415,100.584,99.324,97.650,138.000,95.458,124.000,148.800,other,0,-1,17,0
8610,114,117.793,118.685,124.432,101.257,99.988,98.058,147.000,96.417,100.000,128.829,other,0,-1,18,0
8611,81,99.665,96.471,98.338,101.800,100.518,98.438,114.000,97.000,70.000,110.171,other,0,-1,19,0
8612,94,85.227,78.603,78.277,102.300,101.002,98.810,81.000,97.458,60.000,85.143,other,0,-1,20,0
8613,77,70.114,69.392,74.437,103.132,101.832,99.251,94.000,98.875,53.000,75.143,other,0,-1,21,0
8614,62,61.146,61.360,64.904,103.820,102.511,99.662,77.000,99.875,35.000,65.229,other,0,-1,22,0
8615,56,55.692,56.594,58.375,104.552,103.235,100.082,62.000,101.000,26.000,63.543,other,0,-1,23,0
8616,70,54.452,56.041,55.559,105.326,104.004,100.511,56.000,102.250,78.000,61.694,other,0,-1,0,1
8617,42,58.582,61.837,57.911,105.384,104.086,100.800,70.000,101.917,77.000,62.000,other,0,-1,1,1
8618,59,53.205,54.057,51.689,105.051,103.764,101.006,42.000,100.458,47.000,62.222,other,0,-1,2,1
8619,73,61.315,62.309,56.516,105.399,104.145,101.355,59.000,100.958,49.000,61.389,other,0,-1,3,1
8620,61,69.821,69.929,62.972,105.921,104.707,101.740,73.000,101.958,64.000,63.583,other,0,-1,4,1
8621,47,65.160,66.359,65.264,106.051,104.864,102.043,61.000,101.833,58.000,65.139,other,0,-1,5,1
8622,76,64.428,65.260,68.334,106.066,104.901,102.322,47.000,101.375,59.000,66.417,other,0,-1,6,1
8623,99,76.579,80.769,84.558,106.486,105.358,102.686,76.000,102.083,94.000,77.639,other,0,-1,7,1
8624,92,92.424,98.473,102.431,106.732,105.635,103.013,99.000,102.292,113.000,91.833,other,0,-1,8,1
8625,94,105.692,112.110,110.580,106.602,105.522,103.262,92.000,101.417,119.000,109.944,other,0,-1,9,1
8626,137,124.809,131.063,121.676,106.414,105.349,103.499,94.000,100.375,121.000,131.361,other,0,-1,10,1
8627,175,148.999,153.448,151.250,106.820,105.791,103.859,137.000,101.042,151.000,148.500,other,0,-1,11,1
8628,146,174.616,174.541,178.834,107.341,106.352,104.244,175.000,102.042,148.000,174.389,other,0,-1,12,1
8629,135,170.275,169.218,165.892,107.486,106.524,104.551,146.000,101.958,161.000,191.778,other,0,-1,13,1
8630,161,169.861,165.745,158.383,107.283,106.336,104.784,135.000,100.875,174.000,190.222,other,0,-1,14,1
8631,148,169.550,168.594,166.756,107.269,106.343,105.057,161.000,100.333,172.000,183.056,other,0,-1,15,1
8632,173,158.559,155.825,150.155,107.095,106.185,105.297,148.000,99.333,138.000,168.806,other,0,-1,16,1
8633,166,147.207,150.384,151.557,107.776,106.912,105.715,173.000,100.792,147.000,158.750,other,0,-1,17,1
8634,160,128.813,132.161,135.437,108.225,107.399,106.085,166.000,101.583,114.000,131.639,other,0,-1,18,1
8635,74,110.371,114.554,120.936,109.066,108.290,106.537,160.000,103.500,81.000,103.944,other,0,-1,19,1
8636,88,97.569,86.721,81.254,109.138,108.387,106.828,74.000,103.208,94.000,92.389,other,0,-1,20,1
8637,85,79.972,76.235,78.248,109.225,108.499,107.122,88.000,102.958,77.000,77.389,other,0,-1,21,1
8638,56,69.472,69.870,70.083,109.515,108.821,107.458,85.000,103.292,62.000,64.944,other,0,-1,22,1
8639,56,62.750,61.221,56.304,109.602,108.933,107.753,56.000,103.042,56.000,62.889,other,0,-1,23,1
8640,49,59.833,61.117,51.545,109.776,109.135,108.065,56.000,103.042,70.000,59.639,other,0,-1,0,2
8641,62,57.995,59.619,53.123,109.349,108.752,108.052,49.000,102.167,42.000,64.167,other,0,-1,1,2
8642,46,61.772,64.925,54.517,109.515,108.984,108.164,62.000,103.000,59.000,56.194,other,0,-1,2,2
8643,64,60.292,60.698,51.897,109.203,108.722,108.176,46.000,102.458,73.000,60.528,other,0,-1,3,2
8644,68,67.251,67.519,57.420,108.950,108.519,108.200,64.000,102.083,61.000,62.444,other,0,-1,4,2
8645,61,70.706,69.701,62.260,108.928,108.556,108.272,68.000,102.375,47.000,62.833,other,0,-1,5,2
8646,71,73.191,69.757,66.546,109.007,108.698,108.365,61.000,102.958,76.000,70.472,other,0,-1,6,2
8647,59,82.786,77.374,76.822,108.812,108.555,108.401,71.000,102.750,99.000,78.639,other,0,-1,7,2
8648,88,96.708,86.612,82.887,108.109,107.888,108.331,59.000,101.083,92.000,89.639,other,0,-1,8,2
8649,110,114.182,105.184,103.203,107.928,107.760,108.370,88.000,100.917,94.000,104.833,other,0,-1,9,2
8650,139,133.489,125.938,123.728,108.036,107.932,108.470,110.000,101.583,137.000,127.694,other,0,-1,10,2
8651,149,152.754,146.439,147.724,107.942,107.894,108.527,139.000,101.667,175.000,145.361,other,0,-1,11,2
8652,203,165.240,161.905,161.295,107.442,107.437,108.499,149.000,100.583,146.000,159.222,other,0,-1,12,2
8653,175,186.980,184.719,192.443,108.144,108.224,108.723,203.000,102.958,135.000,182.222,other,0,-1,13,2
8654,153,173.484,177.652,177.482,108.600,108.755,108.895,175.000,104.625,161.000,185.000,other,0,-1,14,2
8655,177,164.515,166.929,160.292,108.361,108.568,108.922,153.000,104.292,148.000,172.750,other,0,-1,15,2
8656,149,159.310,166.628,161.999,108.658,108.935,109.061,177.000,105.500,173.000,158.694,other,0,-1,16,2
8657,140,144.846,145.451,136.358,108.187,108.507,109.039,149.000,104.500,166.000,148.139,other,0,-1,17,2
8658,119,129.223,128.703,120.916,107.687,108.049,109.011,140.000,103.417,160.000,124.722,other,0,-1,18,2
8659,107,112.821,108.639,102.906,106.970,107.367,108.938,119.000,101.708,74.000,108.833,other,0,-1,19,2
8660,80,95.806,92.348,90.064,107.325,107.794,109.089,107.000,103.083,88.000,89.361,other,0,-1,20,2
8661,87,82.984,75.994,73.953,107.086,107.606,109.116,80.000,102.750,85.000,75.500,other,0,-1,21,2
8662,95,69.152,70.309,68.982,106.991,107.568,109.173,87.000,102.833,56.000,67.139,other,0,-1,22,2
8663,60,63.121,70.774,64.960,107.433,108.085,109.342,95.000,104.458,56.000,62.722,other,0,-1,23,2
8664,58,57.523,58.736,51.886,107.367,108.077,109.406,60.000,104.625,49.000,61.389,other,0,-1,0,3
8665,53,55.951,60.621,61.315,107.170,107.926,109.184,58.000,105.000,62.000,64.194,other,0,-1,1,3
8666,63,56.189,59.948,58.883,106.712,107.505,108.908,53.000,104.625,46.000,65.056,other,0,-1,2,3
8667,62,60.455,64.584,60.728,106.631,107.473,108.711,63.000,105.333,64.000,61.583,other,0,-1,3,3
8668,57,62.586,64.871,61.928,106.274,107.157,108.456,62.000,105.250,68.000,61.250,other,0,-1,4,3
8669,42,64.445,63.986,63.890,105.787,106.705,108.174,57.000,104.792,61.000,63.500,other,0,-1,5,3
8670,58,69.337,62.970,65.233,105.184,106.134,107.868,42.000,104.000,71.000,67.778,other,0,-1,6,3
8671,65,79.654,72.055,75.690,104.668,105.653,107.580,58.000,103.458,59.000,79.889,other,0,-1,7,3
8672,123,94.230,83.802,86.521,104.427,105.456,107.350,65.000,103.708,88.000,92.417,other,0,-1,8,3
8673,89,113.078,108.220,117.017,104.607,105.694,107.207,123.000,105.167,110.000,115.000,other,0,-1,9,3
8674,142,130.113,125.246,117.260,103.975,105.093,106.895,89.000,104.292,139.000,126.583,other,0,-1,10,3
8675,150,148.436,149.674,149.095,103.691,104.852,106.655,142.000,104.417,149.000,145.861,other,0,-1,11,3
8676,187,161.457,165.077,161.478,103.377,104.580,106.410,150.000,104.458,203.000,168.111,other,0,-1,12,3
8677,200,176.095,182.130,182.052,102.818,104.054,106.113,187.000,103.792,175.000,177.472,other,0,-1,13,3
8678,177,179.487,188.166,188.022,102.852,104.142,105.940,200.000,104.833,153.000,176.694,other,0,-1,14,3
8679,210,167.379,172.936,172.617,102.872,104.216,105.764,177.000,105.833,177.000,173.972,other,0,-1,15,3
8680,174,164.368,181.025,179.837,103.023,104.424,105.615,210.000,107.208,149.000,162.111,other,0,-1,16,3
8681,153,141.252,151.568,151.481,103.057,104.512,105.442,174.000,108.250,140.000,150.028,other,0,-1,17,3
8682,122,121.823,130.086,130.075,102.918,104.421,105.232,153.000,108.792,119.000,132.389,other,0,-1,18,3
8683,99,104.157,106.156,106.359,102.634,104.179,104.993,122.000,108.917,107.000,108.528,other,0,-1,19,3
8684,86,88.122,87.006,88.792,102.190,103.773,104.720,99.000,108.583,80.000,100.083,other,0,-1,20,3
8685,75,73.020,72.975,76.897,101.949,103.576,104.489,86.000,108.833,87.000,85.306,other,0,-1,21,3
8686,72,60.842,62.300,67.420,101.448,103.110,104.205,75.000,108.333,95.000,74.778,other,0,-1,22,3
8687,48,52.085,56.693,61.357,100.787,102.479,103.886,72.000,107.375,60.000,70.444,other,0,-1,23,3
8688,49,47.528,47.530,52.497,100.285,102.013,103.601,48.000,106.875,58.000,60.917,other,0,-1,0,4
8689,53,44.973,50.197,49.145,99.870,101.588,103.213,49.000,106.500,53.000,56.972,other,0,-1,1,4
8690,64,47.017,52.962,48.911,99.584,101.299,102.852,53.000,106.500,63.000,51.583,other,0,-1,2,4
8691,61,52.740,58.750,51.399,99.313,101.025,102.494,64.000,106.542,62.000,54.556,other,0,-1,3,4
8692,56,54.189,58.462,52.849,99.014,100.720,102.130,61.000,106.500,57.000,57.139,other,0,-1,4,4
8693,52,55.279,57.561,55.554,98.714,100.416,101.765,56.000,106.458,42.000,54.694,other,0,-1,5,4
8694,73,59.112,58.754,60.288,98.573,100.276,101.435,52.000,106.875,58.000,65.167,other,0,-1,6,4
8695,75,69.398,70.427,74.121,98.505,100.212,101.119,73.000,107.500,65.000,74.667,other,0,-1,7,4
8696,78,81.503,80.711,85.401,98.365,100.072,100.788,75.000,107.917,123.000,86.667,other,0,-1,8,4
8697,89,98.752,97.721,98.851,97.428,99.108,100.291,78.000,106.042,89.000,109.861,other,0,-1,9,4
8698,115,117.884,120.780,116.544,97.142,98.819,99.930,89.000,106.042,142.000,125.222,other,0,-1,10,4
8699,181,136.309,144.848,140.448,96.466,98.125,99.487,115.000,104.917,150.000,147.361,other,0,-1,11,4
8700,169,164.107,181.966,181.642,96.630,98.300,99.219,181.000,106.208,187.000,161.111,other,0,-1,12,4
8701,201,168.380,176.202,179.719,96.084,97.741,98.804,169.000,105.458,200.000,174.694,other,0,-1,13,4
8702,168,181.209,190.091,194.992,95.813,97.467,98.446,201.000,105.500,177.000,178.167,other,0,-1,14,4
8703,148,166.282,164.434,171.797,95.397,97.042,98.057,168.000,105.125,210.000,172.583,other,0,-1,15,4
8704,183,150.653,146.691,150.967,94.214,95.823,97.509,148.000,102.542,174.000,165.472,other,0,-1,16,4
8705,141,135.528,148.678,154.669,94.059,95.669,97.175,183.000,102.917,153.000,138.861,other,0,-1,17,4
8706,133,110.723,117.742,121.251,93.599,95.200,96.777,141.000,102.417,122.000,121.333,other,0,-1,18,4
8707,81,90.145,101.127,105.364,93.474,95.075,96.449,133.000,102.875,99.000,101.944,other,0,-1,19,4
8708,64,77.531,75.065,78.460,92.927,94.516,96.034,81.000,102.125,86.000,84.222,other,0,-1,20,4
8709,66,63.320,60.227,67.024,92.323,93.897,95.606,64.000,101.208,75.000,70.889,other,0,-1,21,4
8710,65,49.197,52.318,61.945,91.908,93.473,95.218,66.000,100.833,72.000,63.889,other,0,-1,22,4
8711,41,40.526,47.810,57.274,91.521,93.078,94.835,65.000,100.542,48.000,57.111,other,0,-1,23,4
8712,52,36.167,39.363,49.436,91.134,92.684,94.453,41.000,100.250,49.000,38.722,other,0,-1,0,5
8713,33,36.978,44.866,35.062,91.150,92.654,94.261,52.000,100.375,53.000,42.139,other,0,-1,1,5
8714,39,34.947,39.855,32.205,90.832,92.280,93.998,33.000,99.542,64.000,43.389,other,0,-1,2,5
8715,34,38.891,43.548,34.651,90.442,91.831,93.721,39.000,98.500,61.000,43.528,other,0,-1,3,5
8716,50,40.094,42.935,36.322,90.022,91.352,93.438,34.000,97.375,56.000,42.111,other,0,-1,4,5
8717,38,47.605,50.370,44.242,89.907,91.188,93.218,50.000,97.125,52.000,43.028,other,0,-1,5,5
8718,40,48.123,48.520,47.037,89.676,90.903,92.974,38.000,96.542,73.000,55.167,other,0,-1,6,5
8719,43,56.035,54.650,54.778,89.170,90.334,92.672,40.000,95.167,75.000,63.917,other,0,-1,7,5
8720,293,68.972,64.910,64.250,88.679,89.780,92.374,43.000,93.833,78.000,81.722,inside,1,0,8,5
8721,361,260.952,264.668,228.084,91.765,92.929,92.823,293.000,102.792,89.000,98.167,inside,1,1,9,5
8722,503,307.499,327.781,290.851,95.677,96.932,93.444,361.000,114.125,115.000,102.556,inside,1,2,10,5
8723,127,362.078,396.602,376.738,101.270,102.674,94.416,503.000,130.292,181.000,122.722,after,1,3,11,5
8724,137,143.044,145.715,140.821,100.459,101.790,94.051,127.000,128.042,169.000,141.028,after,1,4,12,5
8725,197,154.330,153.101,150.574,99.968,101.236,93.752,137.000,126.708,201.000,161.333,after,1,5,13,5
8726,147,171.117,184.992,189.350,99.882,101.101,93.539,197.000,126.542,168.000,179.778,after,1,6,14,5
8727,155,156.071,151.650,151.770,99.549,100.712,93.273,147.000,125.667,148.000,180.472,after,1,7,15,5
8728,137,145.130,146.087,147.309,99.623,100.743,93.093,155.000,125.958,183.000,165.833,after,1,8,16,5
8729,142,127.024,129.229,125.014,98.928,99.979,92.752,137.000,124.042,141.000,148.556,after,1,9,17,5
8730,102,107.551,116.392,113.956,98.914,99.919,92.553,142.000,124.083,133.000,114.861,after,1,10,18,5
8731,100,91.801,95.027,86.491,98.437,99.380,92.258,102.000,122.792,81.000,90.528,after,1,11,19,5
8732,74,74.753,80.674,77.920,98.684,99.590,92.114,100.000,123.583,64.000,74.972,after,1,12,20,5
8733,55,63.053,66.106,65.735,98.801,99.666,91.942,74.000,124.000,66.000,60.444,after,1,13,21,5
8734,39,53.522,55.057,58.250,98.614,99.427,91.707,55.000,123.542,65.000,52.389,after,1,14,22,5
8735,63,46.737,47.025,52.651,98.209,98.962,91.427,39.000,122.458,41.000,44.139,after,1,15,23,5
8736,31,45.210,50.353,55.606,98.500,99.218,91.292,63.000,123.375,52.000,32.472,after,1,16,0,6
8737,23,43.356,42.671,37.741,98.446,99.100,91.338,31.000,122.500,33.000,34.500,after,1,17,1,6
8738,30,43.528,41.726,37.013,98.551,99.146,91.418,23.000,122.083,39.000,33.361,after,1,18,2,6
8739,27,47.185,45.221,40.118,98.671,99.208,91.500,30.000,121.708,34.000,35.222,after,1,19,3,6
8740,37,48.354,45.744,42.153,98.820,99.299,91.588,27.000,121.417,50.000,34.028,after,1,20,4,6
8741,34,52.881,50.968,48.604,98.882,99.301,91.659,37.000,120.875,38.000,36.611,after,1,21,5,6
8742,46,54.933,53.325,52.902,99.074,99.438,91.756,34.000,120.708,40.000,38.694,after,1,22,6,6
8743,48,62.333,62.855,62.905,99.411,99.724,91.884,46.000,120.958,43.000,47.194,after,1,23,7,6
8744,55,72.769,72.691,70.523,99.734,99.996,92.009,48.000,121.167,293.000,59.167,after,1,24,8,6
8745,70,87.463,84.376,80.058,96.537,96.625,91.398,55.000,111.250,361.000,78.778,after,1,25,9,6
8746,109,103.591,98.033,93.379,92.571,92.459,90.628,70.000,99.125,503.000,101.278,after,1,26,10,6
8747,123,120.147,123.390,120.391,87.114,86.749,89.546,109.000,82.708,127.000,121.778,other,0,-1,11,6
8748,128,136.917,136.695,133.734,87.306,86.886,89.643,123.000,82.542,137.000,140.833,other,0,-1,12,6
8749,123,147.286,143.149,139.252,87.426,86.947,89.726,128.000,82.167,197.000,148.472,other,0,-1,13,6
8750,135,148.902,143.416,135.358,86.605,86.035,89.611,123.000,79.083,147.000,156.639,other,0,-1,14,6
8751,155,146.578,145.330,139.316,86.681,86.051,89.685,135.000,78.583,155.000,153.306,other,0,-1,15,6
8752,156,137.800,144.283,144.490,86.931,86.248,89.794,155.000,78.583,137.000,133.083,other,0,-1,16,6
8753,128,121.287,131.346,132.686,87.457,86.729,89.961,156.000,79.375,142.000,123.667,other,0,-1,17,6
8754,135,101.837,108.207,102.592,87.504,86.716,90.029,128.000,78.792,102.000,102.583,other,0,-1,18,6
8755,72,83.753,93.096,90.002,88.233,87.407,90.238,135.000,80.167,100.000,79.889,other,0,-1,19,6
8756,62,71.270,69.813,58.251,88.077,87.184,90.263,72.000,79.000,74.000,59.111,other,0,-1,20,6
8757,42,57.566,57.166,49.551,88.154,87.201,90.336,62.000,78.500,55.000,47.306,other,0,-1,21,6
8758,37,48.049,47.313,42.188,88.216,87.202,90.407,42.000,77.958,39.000,35.306,other,0,-1,22,6
8759,24,40.838,42.973,39.449,88.437,87.369,90.510,37.000,77.875,63.000,32.556,other,0,-1,23,6
